timestamp_utc,demand_mw,predicted_demand_mw,error_mw,absolute_error_mw,percentage_error
2025-01-01 00:00:00,33978.0,32543.482,1434.517578125,1434.517578125,4.221901165827888
2025-01-01 01:00:00,34048.0,32905.207,1142.79296875,1142.79296875,3.356417318932096
2025-01-01 02:00:00,33484.0,32785.473,698.52734375,698.52734375,2.0861526214012662
2025-01-01 03:00:00,32983.0,32460.498,522.501953125,522.501953125,1.5841553319134098
2025-01-01 04:00:00,32449.0,31893.797,555.203125,555.203125,1.711002265092915
2025-01-01 05:00:00,31892.0,31237.898,654.1015625,654.1015625,2.05098947228145
2025-01-01 06:00:00,31478.0,30392.158,1085.841796875,1085.841796875,3.449526008243853
2025-01-01 07:00:00,31201.0,30427.734,773.265625,773.265625,2.4783360308964455
2025-01-01 08:00:00,30983.0,30014.936,968.064453125,968.064453125,3.1245019950456703
2025-01-01 09:00:00,30925.0,29947.191,977.80859375,977.80859375,3.161870957962813
2025-01-01 10:00:00,30941.0,29971.896,969.103515625,969.103515625,3.1321014693287226
2025-01-01 11:00:00,31283.0,30697.62,585.380859375,585.380859375,1.8712427176901192
2025-01-01 12:00:00,31825.0,31277.812,547.1875,547.1875,1.7193637077769048
2025-01-01 13:00:00,32490.0,33220.8,-730.80078125,730.80078125,2.2493098838104033
2025-01-01 14:00:00,33037.0,33832.49,-795.48828125,795.48828125,2.407870815297999
2025-01-01 15:00:00,33190.0,33650.582,-460.58203125,460.58203125,1.3877132607713167
2025-01-01 16:00:00,32902.0,33618.676,-716.67578125,716.67578125,2.178213425475655
2025-01-01 17:00:00,32373.0,33464.14,-1091.140625,1091.140625,3.370526750687301
2025-01-01 18:00:00,31898.0,33283.004,-1385.00390625,1385.00390625,4.341977259546053
2025-01-01 19:00:00,31260.0,33026.19,-1766.19140625,1766.19140625,5.6500044985604605
2025-01-01 20:00:00,30598.0,32315.012,-1717.01171875,1717.01171875,5.611516173442708
2025-01-01 21:00:00,30127.0,31933.607,-1806.607421875,1806.607421875,5.996638967952335
2025-01-01 22:00:00,30131.0,32117.42,-1986.419921875,1986.419921875,6.592612000514421
2025-01-01 23:00:00,30753.0,32804.93,-2051.9296875,2051.9296875,6.6722911179397135
2025-01-02 00:00:00,32458.0,33310.21,-852.2109375,852.2109375,2.6255805579518143
2025-01-02 01:00:00,33508.0,33474.215,33.78515625,33.78515625,0.10082713456488002
2025-01-02 02:00:00,33645.0,33136.41,508.58984375,508.58984375,1.5116357371080398
2025-01-02 03:00:00,33660.0,33014.09,645.91015625,645.91015625,1.9189250037136067
2025-01-02 04:00:00,33229.0,32563.82,665.1796875,665.1796875,2.0018047112462005
2025-01-02 05:00:00,32488.0,31570.234,917.765625,917.765625,2.8249372845358285
2025-01-02 06:00:00,31732.0,31172.959,559.041015625,559.041015625,1.7617578962088745
2025-01-02 07:00:00,31326.0,30715.467,610.533203125,610.533203125,1.9489663638032304
2025-01-02 08:00:00,31077.0,30643.285,433.71484375,433.71484375,1.3956136169836213
2025-01-02 09:00:00,31081.0,30679.492,401.5078125,401.5078125,1.2918111145072553
2025-01-02 10:00:00,31179.0,30498.336,680.6640625,680.6640625,2.183084969049681
2025-01-02 11:00:00,31708.0,30488.658,1219.341796875,1219.341796875,3.845533609420335
2025-01-02 12:00:00,32883.0,31110.85,1772.150390625,1772.150390625,5.389260075494937
2025-01-02 13:00:00,34483.0,32207.455,2275.544921875,2275.544921875,6.599034080198939
2025-01-02 14:00:00,35905.0,32850.547,3054.453125,3054.453125,8.507041150257624
2025-01-02 15:00:00,36125.0,33012.816,3112.18359375,3112.18359375,8.615041089965397
2025-01-02 16:00:00,35627.0,32593.47,3033.529296875,3033.529296875,8.51469193834732
2025-01-02 17:00:00,35142.0,32068.363,3073.63671875,3073.63671875,8.74633406963178
2025-01-02 18:00:00,34524.0,31446.139,3077.861328125,3077.861328125,8.915135349684277
2025-01-02 19:00:00,33875.0,30783.428,3091.572265625,3091.572265625,9.126412592250922
2025-01-02 20:00:00,33454.0,30111.967,3342.033203125,3342.033203125,9.989936040906917
2025-01-02 21:00:00,32936.0,29957.994,2978.005859375,2978.005859375,9.041795783868716
2025-01-02 22:00:00,32707.0,30184.402,2522.59765625,2522.59765625,7.71271488137096
2025-01-02 23:00:00,32890.0,30936.12,1953.880859375,1953.880859375,5.9406532665703855
2025-01-03 00:00:00,33981.0,32285.459,1695.541015625,1695.541015625,4.989673687133987
2025-01-03 01:00:00,34649.0,33012.72,1636.28125,1636.28125,4.722448699818176
2025-01-03 02:00:00,34617.0,33165.48,1451.51953125,1451.51953125,4.19308296862813
2025-01-03 03:00:00,34382.0,33352.05,1029.94921875,1029.94921875,2.9956058947996045
2025-01-03 04:00:00,33828.0,32830.348,997.65234375,997.65234375,2.9491910362717277
2025-01-03 05:00:00,33016.0,31828.336,1187.6640625,1187.6640625,3.597237892234068
2025-01-03 06:00:00,32170.0,31101.44,1068.560546875,1068.560546875,3.3216056788156667
2025-01-03 07:00:00,31654.0,30842.1,811.900390625,811.900390625,2.564921939170405
2025-01-03 08:00:00,31340.0,30846.203,493.796875,493.796875,1.5756122367581367
2025-01-03 09:00:00,31355.0,31026.79,328.2109375,328.2109375,1.0467578934779143
2025-01-03 10:00:00,31539.0,31364.035,174.96484375,174.96484375,0.5547571062811123
2025-01-03 11:00:00,32192.0,31607.48,584.51953125,584.51953125,1.8157291601950794
2025-01-03 12:00:00,33392.0,32689.174,702.826171875,702.826171875,2.104774113185793
2025-01-03 13:00:00,35115.0,34081.242,1033.7578125,1033.7578125,2.94392086715079
2025-01-03 14:00:00,36463.0,35293.633,1169.3671875,1169.3671875,3.20699664728629
2025-01-03 15:00:00,36743.0,35248.344,1494.65625,1494.65625,4.067866668481071
2025-01-03 16:00:00,36202.0,34911.723,1290.27734375,1290.27734375,3.564105142671676
2025-01-03 17:00:00,35611.0,34650.125,960.875,960.875,2.6982533486843954
2025-01-03 18:00:00,34885.0,33856.902,1028.09765625,1028.09765625,2.94710522072524
2025-01-03 19:00:00,34333.0,33210.28,1122.71875,1122.71875,3.2700863600617485
2025-01-03 20:00:00,33773.0,33004.33,768.671875,768.671875,2.2759952476830603
2025-01-03 21:00:00,33221.0,32454.912,766.087890625,766.087890625,2.3060350098582223
2025-01-03 22:00:00,33069.0,32417.2,651.80078125,651.80078125,1.9710326325259306
2025-01-03 23:00:00,33290.0,32579.148,710.8515625,710.8515625,2.1353306173024933
2025-01-04 00:00:00,34250.0,32571.93,1678.0703125,1678.0703125,4.899475364963504
2025-01-04 01:00:00,35062.0,32993.38,2068.62109375,2068.62109375,5.899894740031943
2025-01-04 02:00:00,35035.0,33021.793,2013.20703125,2013.20703125,5.746273815470244
2025-01-04 03:00:00,34948.0,32859.863,2088.13671875,2088.13671875,5.97498202686849
2025-01-04 04:00:00,34465.0,32196.309,2268.69140625,2268.69140625,6.582595114609023
2025-01-04 05:00:00,33887.0,31396.822,2490.177734375,2490.177734375,7.348475032829699
2025-01-04 06:00:00,33010.0,30543.11,2466.890625,2466.890625,7.473161541956983
2025-01-04 07:00:00,32362.0,30391.783,1970.216796875,1970.216796875,6.088056352743959
2025-01-04 08:00:00,31924.0,29817.328,2106.671875,2106.671875,6.5990222873073545
2025-01-04 09:00:00,31671.0,29788.857,1882.142578125,1882.142578125,5.942794916879795
2025-01-04 10:00:00,31529.0,29752.547,1776.453125,1776.453125,5.63434655396619
2025-01-04 11:00:00,31662.0,30135.098,1526.90234375,1526.90234375,4.822507560324679
2025-01-04 12:00:00,32210.0,30654.812,1555.1875,1555.1875,4.828275380316672
2025-01-04 13:00:00,33055.0,32149.846,905.154296875,905.154296875,2.7383279288307367
2025-01-04 14:00:00,33922.0,33295.816,626.18359375,626.18359375,1.84595128161665
2025-01-04 15:00:00,34664.0,33523.85,1140.1484375,1140.1484375,3.2891427345372724
2025-01-04 16:00:00,35214.0,33382.22,1831.78125,1831.78125,5.201855086045323
2025-01-04 17:00:00,35562.0,33043.207,2518.79296875,2518.79296875,7.082821463219166
2025-01-04 18:00:00,35638.0,32522.115,3115.884765625,3115.884765625,8.743152717955553
2025-01-04 19:00:00,35421.0,32288.904,3132.095703125,3132.095703125,8.842482434502132
2025-01-04 20:00:00,35191.0,31859.24,3331.759765625,3331.759765625,9.467647312167884
2025-01-04 21:00:00,34969.0,31638.45,3330.55078125,3330.55078125,9.524295179301667
2025-01-04 22:00:00,34961.0,31473.395,3487.60546875,3487.60546875,9.975702836732358
2025-01-04 23:00:00,35332.0,31574.213,3757.787109375,3757.787109375,10.635647881170044
2025-01-05 00:00:00,36276.0,32657.955,3618.044921875,3618.044921875,9.973660055890948
2025-01-05 01:00:00,36412.0,33066.055,3345.9453125,3345.9453125,9.189128069043173
2025-01-05 02:00:00,35989.0,33186.6,2802.3984375,2802.3984375,7.78681941009753
2025-01-05 03:00:00,35405.0,32922.758,2482.2421875,2482.2421875,7.01099332721367
2025-01-05 04:00:00,34765.0,32589.877,2175.123046875,2175.123046875,6.2566461868977425
2025-01-05 05:00:00,33946.0,32137.846,1808.154296875,1808.154296875,5.3265607048694985
2025-01-05 06:00:00,33140.0,31365.873,1774.126953125,1774.126953125,5.353430757770066
2025-01-05 07:00:00,32539.0,30596.379,1942.62109375,1942.62109375,5.970131515258613
2025-01-05 08:00:00,32153.0,30424.752,1728.248046875,1728.248046875,5.37507556643237
2025-01-05 09:00:00,31997.0,30221.553,1775.447265625,1775.447265625,5.548792904412913
2025-01-05 10:00:00,31962.0,30212.396,1749.603515625,1749.603515625,5.474011374835743
2025-01-05 11:00:00,32121.0,31100.021,1020.978515625,1020.978515625,3.1785390106939384
2025-01-05 12:00:00,32544.0,31625.275,918.724609375,918.724609375,2.8230230130746063
2025-01-05 13:00:00,33299.0,33558.695,-259.6953125,259.6953125,0.779889223400102
2025-01-05 14:00:00,34229.0,34507.918,-278.91796875,278.91796875,0.8148586542113413
2025-01-05 15:00:00,35152.0,35316.254,-164.25390625,164.25390625,0.4672675985719163
2025-01-05 16:00:00,35867.0,35732.117,134.8828125,134.8828125,0.37606382607968325
2025-01-05 17:00:00,36363.0,35725.62,637.37890625,637.37890625,1.7528226665841653
2025-01-05 18:00:00,36740.0,35750.215,989.78515625,989.78515625,2.694026010479042
2025-01-05 19:00:00,37039.0,35568.594,1470.40625,1470.40625,3.969886471017036
2025-01-05 20:00:00,37159.0,35491.2,1667.80078125,1667.80078125,4.488282196103232
2025-01-05 21:00:00,37312.0,35076.105,2235.89453125,2235.89453125,5.992427452964194
2025-01-05 22:00:00,37681.0,35064.293,2616.70703125,2616.70703125,6.944367270640376
2025-01-05 23:00:00,38418.0,35638.086,2779.9140625,2779.9140625,7.235967677911395
2025-01-06 00:00:00,40021.0,37424.992,2596.0078125,2596.0078125,6.486614058869093
2025-01-06 01:00:00,40799.0,37543.19,3255.80859375,3255.80859375,7.980118615039585
2025-01-06 02:00:00,40757.0,37470.93,3286.0703125,3286.0703125,8.06259124199524
2025-01-06 03:00:00,40577.0,37201.918,3375.08203125,3375.08203125,8.317721939152722
2025-01-06 04:00:00,40066.0,36958.918,3107.08203125,3107.08203125,7.754909477487145
2025-01-06 05:00:00,39237.0,36285.547,2951.453125,2951.453125,7.522117198052857
2025-01-06 06:00:00,38411.0,35122.152,3288.84765625,3288.84765625,8.562254708937544
2025-01-06 07:00:00,37985.0,34549.957,3435.04296875,3435.04296875,9.043156426879031
2025-01-06 08:00:00,37819.0,34401.906,3417.09375,3417.09375,9.035388957931199
2025-01-06 09:00:00,37853.0,34263.742,3589.2578125,3589.2578125,9.482096035981296
2025-01-06 10:00:00,38050.0,34306.062,3743.9375,3743.9375,9.839520367936926
2025-01-06 11:00:00,38648.0,35228.69,3419.30859375,3419.30859375,8.84731058204823
2025-01-06 12:00:00,39801.0,36614.496,3186.50390625,3186.50390625,8.006090063691868
2025-01-06 13:00:00,41402.0,37681.13,3720.87109375,3720.87109375,8.987177174411865
2025-01-06 14:00:00,42569.0,39372.34,3196.66015625,3196.66015625,7.509361639338485
2025-01-06 15:00:00,42365.0,39978.676,2386.32421875,2386.32421875,5.632772852000472
2025-01-06 16:00:00,41624.0,39007.61,2616.390625,2616.390625,6.2857741327118966
2025-01-06 17:00:00,40806.0,38786.777,2019.22265625,2019.22265625,4.948347439714748
2025-01-06 18:00:00,40046.0,38572.258,1473.7421875,1473.7421875,3.6801233269240377
2025-01-06 19:00:00,39264.0,38622.223,641.77734375,641.77734375,1.6345184997707825
2025-01-06 20:00:00,38540.0,38417.777,122.22265625,122.22265625,0.3171319570576025
2025-01-06 21:00:00,37958.0,38251.93,-293.9296875,293.9296875,0.7743550437325465
2025-01-06 22:00:00,37636.0,38216.215,-580.21484375,580.21484375,1.541648537968966
2025-01-06 23:00:00,38263.0,38661.008,-398.0078125,398.0078125,1.0401897721035989
2025-01-07 00:00:00,40113.0,39568.99,544.01171875,544.01171875,1.3561980374192906
2025-01-07 01:00:00,41096.0,39637.32,1458.6796875,1458.6796875,3.5494444410648236
2025-01-07 02:00:00,41099.0,39637.32,1461.6796875,1461.6796875,3.556484798900217
2025-01-07 03:00:00,40908.0,39671.312,1236.6875,1236.6875,3.0230945047423488
2025-01-07 04:00:00,40232.0,39051.875,1180.125,1180.125,2.933299363690595
2025-01-07 05:00:00,39200.0,37973.043,1226.95703125,1226.95703125,3.129992426658163
2025-01-07 06:00:00,38404.0,37762.81,641.19140625,641.19140625,1.6695953709249038
2025-01-07 07:00:00,37980.0,37020.965,959.03515625,959.03515625,2.5251057299894684
2025-01-07 08:00:00,37758.0,36974.723,783.27734375,783.27734375,2.074467248662535
2025-01-07 09:00:00,37834.0,36808.12,1025.87890625,1025.87890625,2.711526421340593
2025-01-07 10:00:00,38045.0,36923.848,1121.15234375,1121.15234375,2.946911141411486
2025-01-07 11:00:00,38597.0,37522.773,1074.2265625,1074.2265625,2.7831866790165036
2025-01-07 12:00:00,39805.0,38766.64,1038.359375,1038.359375,2.6086154377590756
2025-01-07 13:00:00,41702.0,39087.844,2614.15625,2614.15625,6.26865917701789
2025-01-07 14:00:00,42955.0,40080.34,2874.66015625,2874.66015625,6.6922597049237575
2025-01-07 15:00:00,42757.0,39649.57,3107.4296875,3107.4296875,7.267651349486634
2025-01-07 16:00:00,42106.0,39535.66,2570.33984375,2570.33984375,6.104450301025982
2025-01-07 17:00:00,41206.0,38623.168,2582.83203125,2582.83203125,6.268096954933748
2025-01-07 18:00:00,40210.0,38569.45,1640.55078125,1640.55078125,4.079957177940811
2025-01-07 19:00:00,39255.0,38411.85,843.1484375,843.1484375,2.1478752706661575
2025-01-07 20:00:00,38565.0,37854.832,710.16796875,710.16796875,1.841483129132633
2025-01-07 21:00:00,37831.0,37260.492,570.5078125,570.5078125,1.508043172266131
2025-01-07 22:00:00,37805.0,37099.703,705.296875,705.296875,1.8656179738129879
2025-01-07 23:00:00,38539.0,36833.152,1705.84765625,1705.84765625,4.426289359480007
2025-01-08 00:00:00,40256.0,37997.68,2258.3203125,2258.3203125,5.609897437649046
2025-01-08 01:00:00,41191.0,38955.414,2235.5859375,2235.5859375,5.4273650494039964
2025-01-08 02:00:00,41147.0,38966.188,2180.8125,2180.8125,5.30005225168299
2025-01-08 03:00:00,41016.0,39058.258,1957.7421875,1957.7421875,4.773118264823484
2025-01-08 04:00:00,40419.0,38343.773,2075.2265625,2075.2265625,5.134284773250204
2025-01-08 05:00:00,39449.0,37497.89,1951.109375,1951.109375,4.945903254835357
2025-01-08 06:00:00,38483.0,37198.25,1284.75,1284.75,3.3384871241847054
2025-01-08 07:00:00,38013.0,36528.727,1484.2734375,1484.2734375,3.9046469299976323
2025-01-08 08:00:00,37768.0,36534.94,1233.05859375,1233.05859375,3.2648236436930733
2025-01-08 09:00:00,37836.0,36549.78,1286.21875,1286.21875,3.399457527222751
2025-01-08 10:00:00,38079.0,36624.266,1454.734375,1454.734375,3.8203061398671183
2025-01-08 11:00:00,38741.0,37216.17,1524.828125,1524.828125,3.9359544797501353
2025-01-08 12:00:00,40052.0,37716.848,2335.15234375,2335.15234375,5.830301467467292
2025-01-08 13:00:00,42048.0,39017.547,3030.453125,3030.453125,7.20712786577245
2025-01-08 14:00:00,43294.0,39578.453,3715.546875,3715.546875,8.582128874670856
2025-01-08 15:00:00,43012.0,39526.266,3485.734375,3485.734375,8.10409740305031
2025-01-08 16:00:00,41813.0,39439.56,2373.44140625,2373.44140625,5.676324124674145
2025-01-08 17:00:00,40678.0,38653.617,2024.3828125,2024.3828125,4.976603600226166
2025-01-08 18:00:00,39563.0,38316.625,1246.375,1246.375,3.1503551297929886
2025-01-08 19:00:00,38447.0,37561.656,885.34375,885.34375,2.3027641948656594
2025-01-08 20:00:00,37631.0,37206.855,424.14453125,424.14453125,1.127114695995323
2025-01-08 21:00:00,36900.0,36777.758,122.2421875,122.2421875,0.3312796409214092
2025-01-08 22:00:00,36605.0,36620.754,-15.75390625,15.75390625,0.04303758024859992
2025-01-08 23:00:00,37362.0,37177.523,184.4765625,184.4765625,0.4937545166211659
2025-01-09 00:00:00,39009.0,38051.395,957.60546875,957.60546875,2.4548321380963367
2025-01-09 01:00:00,40332.0,38600.223,1731.77734375,1731.77734375,4.2938047797034615
2025-01-09 02:00:00,40578.0,38509.832,2068.16796875,2068.16796875,5.096771572650204
2025-01-09 03:00:00,40446.0,38503.69,1942.30859375,1942.30859375,4.802226657147802
2025-01-09 04:00:00,39863.0,38345.027,1517.97265625,1517.97265625,3.807973951408574
2025-01-09 05:00:00,38937.0,36747.777,2189.22265625,2189.22265625,5.62247388409482
2025-01-09 06:00:00,38059.0,36506.53,1552.46875,1552.46875,4.079110722825088
2025-01-09 07:00:00,37410.0,35828.883,1581.1171875,1581.1171875,4.226455994386527
2025-01-09 08:00:00,37201.0,35972.08,1228.921875,1228.921875,3.3034646246068653
2025-01-09 09:00:00,37055.0,35515.406,1539.59375,1539.59375,4.154888004317906
2025-01-09 10:00:00,37034.0,35782.34,1251.66015625,1251.66015625,3.3797595621590975
2025-01-09 11:00:00,37362.0,35788.43,1573.5703125,1573.5703125,4.2116865063433435
2025-01-09 12:00:00,38302.0,36984.2,1317.80078125,1317.80078125,3.44055344694794
2025-01-09 13:00:00,39936.0,38653.43,1282.5703125,1282.5703125,3.211564284104567
2025-01-09 14:00:00,41095.0,39610.95,1484.05078125,1484.05078125,3.611268478525368
2025-01-09 15:00:00,41098.0,38864.57,2233.4296875,2233.4296875,5.434399940386394
2025-01-09 16:00:00,40647.0,38588.434,2058.56640625,2058.56640625,5.064497764287648
2025-01-09 17:00:00,40396.0,37810.89,2585.109375,2585.109375,6.399419187543322
2025-01-09 18:00:00,40130.0,37550.004,2579.99609375,2579.99609375,6.429095673436332
2025-01-09 19:00:00,39924.0,36463.88,3460.12109375,3460.12109375,8.666769596608557
2025-01-09 20:00:00,39582.0,35790.77,3791.23046875,3791.23046875,9.578168027765145
2025-01-09 21:00:00,39173.0,35381.867,3791.1328125,3791.1328125,9.677923091159728
2025-01-09 22:00:00,39136.0,35378.34,3757.66015625,3757.66015625,9.601543735307645
2025-01-09 23:00:00,39394.0,36052.54,3341.4609375,3341.4609375,8.482157022643042
2025-01-10 00:00:00,40223.0,36525.734,3697.265625,3697.265625,9.191919113442557
2025-01-10 01:00:00,40455.0,37028.453,3426.546875,3426.546875,8.470020702014585
2025-01-10 02:00:00,40017.0,37091.8,2925.19921875,2925.19921875,7.309891343054202
2025-01-10 03:00:00,39452.0,37174.78,2277.21875,2277.21875,5.772124987326372
2025-01-10 04:00:00,38508.0,36785.117,1722.8828125,1722.8828125,4.474090611041862
2025-01-10 05:00:00,37324.0,35449.645,1874.35546875,1874.35546875,5.021850468197407
2025-01-10 06:00:00,36271.0,34704.51,1566.48828125,1566.48828125,4.318845031154366
2025-01-10 07:00:00,35601.0,34663.34,937.66015625,937.66015625,2.633802860172467
2025-01-10 08:00:00,35075.0,34560.098,514.90234375,514.90234375,1.468003831076265
2025-01-10 09:00:00,34940.0,34543.168,396.83203125,396.83203125,1.1357528083858042
2025-01-10 10:00:00,35001.0,34412.89,588.109375,588.109375,1.6802644924430732
2025-01-10 11:00:00,35414.0,34910.08,503.921875,503.921875,1.4229453747105665
2025-01-10 12:00:00,36300.0,35189.598,1110.40234375,1110.40234375,3.0589596246556474
2025-01-10 13:00:00,37612.0,37129.438,482.5625,482.5625,1.2830014357120068
2025-01-10 14:00:00,38860.0,38115.426,744.57421875,744.57421875,1.916042765697375
2025-01-10 15:00:00,39219.0,38406.45,812.55078125,812.55078125,2.07182942260129
2025-01-10 16:00:00,39000.0,38055.02,944.98046875,944.98046875,2.423026842948718
2025-01-10 17:00:00,38586.0,38045.867,540.1328125,540.1328125,1.3998155095112217
2025-01-10 18:00:00,38034.0,37999.902,34.09765625,34.09765625,0.0896504607719409
2025-01-10 19:00:00,37563.0,37932.582,-369.58203125,369.58203125,0.9838991327902457
2025-01-10 20:00:00,37182.0,37717.58,-535.578125,535.578125,1.4404231214028294
2025-01-10 21:00:00,36802.0,37045.598,-243.59765625,243.59765625,0.6619141792565622
2025-01-10 22:00:00,36509.0,36807.625,-298.625,298.625,0.8179489988769892
2025-01-10 23:00:00,36677.0,36880.19,-203.19140625,203.19140625,0.5540022527742182
2025-01-11 00:00:00,37819.0,36804.555,1014.4453125,1014.4453125,2.682369476982469
2025-01-11 01:00:00,38552.0,37117.332,1434.66796875,1434.66796875,3.721384023526665
2025-01-11 02:00:00,38409.0,37378.152,1030.84765625,1030.84765625,2.683870072769403
2025-01-11 03:00:00,38302.0,36430.94,1871.05859375,1871.05859375,4.885015387577672
2025-01-11 04:00:00,37917.0,36054.52,1862.48046875,1862.48046875,4.9119932187409345
2025-01-11 05:00:00,37243.0,35494.73,1748.26953125,1748.26953125,4.694223159385656
2025-01-11 06:00:00,36551.0,34150.043,2400.95703125,2400.95703125,6.568786165221198
2025-01-11 07:00:00,36052.0,33945.51,2106.48828125,2106.48828125,5.842916568428936
2025-01-11 08:00:00,35810.0,33623.496,2186.50390625,2186.50390625,6.105847266824909
2025-01-11 09:00:00,35777.0,33777.75,1999.25,1999.25,5.588087318668418
2025-01-11 10:00:00,35819.0,33121.445,2697.5546875,2697.5546875,7.531072021831989
2025-01-11 11:00:00,36100.0,33688.844,2411.15625,2411.15625,6.679103185595568
2025-01-11 12:00:00,36586.0,33943.07,2642.9296875,2642.9296875,7.223882598534958
2025-01-11 13:00:00,37416.0,35564.805,1851.1953125,1851.1953125,4.947603465095146
2025-01-11 14:00:00,38333.0,35968.48,2364.51953125,2364.51953125,6.1683654586126835
2025-01-11 15:00:00,38569.0,36125.145,2443.85546875,2443.85546875,6.3363205391635775
2025-01-11 16:00:00,37895.0,35585.95,2309.05078125,2309.05078125,6.093286136033778
2025-01-11 17:00:00,37131.0,35124.53,2006.46875,2006.46875,5.403756295278877
2025-01-11 18:00:00,36243.0,34387.195,1855.8046875,1855.8046875,5.120449983445079
2025-01-11 19:00:00,35317.0,33883.297,1433.703125,1433.703125,4.0595269275419765
2025-01-11 20:00:00,34296.0,33092.54,1203.4609375,1203.4609375,3.509041688535106
2025-01-11 21:00:00,33632.0,32707.96,924.0390625,924.0390625,2.747499591163178
2025-01-11 22:00:00,33346.0,32768.582,577.41796875,577.41796875,1.731595899808073
2025-01-11 23:00:00,33795.0,33131.504,663.49609375,663.49609375,1.963296623021157
2025-01-12 00:00:00,35113.0,34671.703,441.296875,441.296875,1.2567905761398912
2025-01-12 01:00:00,35988.0,35088.617,899.3828125,899.3828125,2.4991186298210515
2025-01-12 02:00:00,36011.0,35127.56,883.44140625,883.44140625,2.4532543007692094
2025-01-12 03:00:00,35880.0,34575.54,1304.4609375,1304.4609375,3.635621341973244
2025-01-12 04:00:00,35507.0,34516.28,990.71875,990.71875,2.790206860619033
2025-01-12 05:00:00,34834.0,33988.04,845.9609375,845.9609375,2.428549513406442
2025-01-12 06:00:00,34109.0,32638.387,1470.61328125,1470.61328125,4.311510983171598
2025-01-12 07:00:00,33645.0,32771.938,873.0625,873.0625,2.59492495170159
2025-01-12 08:00:00,33484.0,32658.523,825.4765625,825.4765625,2.4652865921036913
2025-01-12 09:00:00,33363.0,32722.525,640.474609375,640.474609375,1.9197152815244434
2025-01-12 10:00:00,33435.0,32724.506,710.494140625,710.494140625,2.125001168311649
2025-01-12 11:00:00,33724.0,33258.855,465.14453125,465.14453125,1.3792685661546673
2025-01-12 12:00:00,34215.0,32892.758,1322.2421875,1322.2421875,3.86451026596522
2025-01-12 13:00:00,35009.0,34420.88,588.12109375,588.12109375,1.6799140042560483
2025-01-12 14:00:00,35930.0,34595.996,1334.00390625,1334.00390625,3.7127857118007235
2025-01-12 15:00:00,36253.0,35149.594,1103.40625,1103.40625,3.0436274239373295
2025-01-12 16:00:00,35915.0,34529.36,1385.640625,1385.640625,3.858111165251288
2025-01-12 17:00:00,35128.0,34021.758,1106.2421875,1106.2421875,3.1491749814962424
2025-01-12 18:00:00,34618.0,33598.97,1019.03125,1019.03125,2.943645646773355
2025-01-12 19:00:00,34099.0,33414.902,684.09765625,684.09765625,2.0062103177512536
2025-01-12 20:00:00,33686.0,32680.9,1005.099609375,1005.099609375,2.983730954625067
2025-01-12 21:00:00,33326.0,32210.61,1115.390625,1115.390625,3.3469081948028565
2025-01-12 22:00:00,33366.0,32207.498,1158.501953125,1158.501953125,3.472103198240724
2025-01-12 23:00:00,33990.0,32619.049,1370.951171875,1370.951171875,4.033395621874081
2025-01-13 00:00:00,35596.0,34760.37,835.62890625,835.62890625,2.3475359766546804
2025-01-13 01:00:00,36878.0,35417.914,1460.0859375,1460.0859375,3.9592329776560553
2025-01-13 02:00:00,37159.0,35652.836,1506.1640625,1506.1640625,4.0532954667779
2025-01-13 03:00:00,37178.0,35558.86,1619.140625,1619.140625,4.355104161062994
2025-01-13 04:00:00,36657.0,35276.992,1380.0078125,1380.0078125,3.7646501691354994
2025-01-13 05:00:00,35828.0,34584.93,1243.0703125,1243.0703125,3.4695498283465445
2025-01-13 06:00:00,35085.0,33962.266,1122.734375,1122.734375,3.200040971925324
2025-01-13 07:00:00,34798.0,33643.19,1154.80859375,1154.80859375,3.3186062237772282
2025-01-13 08:00:00,34822.0,33660.3,1161.69921875,1161.69921875,3.336107112601229
2025-01-13 09:00:00,35088.0,33973.195,1114.8046875,1114.8046875,3.1771679420314634
2025-01-13 10:00:00,35514.0,34294.305,1219.6953125,1219.6953125,3.434407029622121
2025-01-13 11:00:00,36338.0,34569.74,1768.26171875,1768.26171875,4.866150362568111
2025-01-13 12:00:00,37878.0,35599.605,2278.39453125,2278.39453125,6.015086676302867
2025-01-13 13:00:00,40177.0,36568.734,3608.265625,3608.265625,8.980923476118177
2025-01-13 14:00:00,41584.0,37309.47,4274.53125,4274.53125,10.279269069834552
2025-01-13 15:00:00,41324.0,37208.324,4115.67578125,4115.67578125,9.959529041840092
2025-01-13 16:00:00,40192.0,36980.47,3211.53125,3211.53125,7.990473850517516
2025-01-13 17:00:00,39123.0,36352.01,2770.98828125,2770.98828125,7.082760220969762
2025-01-13 18:00:00,37940.0,35739.78,2200.21875,2200.21875,5.79920598313126
2025-01-13 19:00:00,36919.0,35327.29,1591.7109375,1591.7109375,4.311359835044286
2025-01-13 20:00:00,36165.0,34851.35,1313.6484375,1313.6484375,3.632375051845707
2025-01-13 21:00:00,35356.0,34553.492,802.5078125,802.5078125,2.2697924326846928
2025-01-13 22:00:00,35040.0,34608.617,431.3828125,431.3828125,1.2311153324771689
2025-01-13 23:00:00,35592.0,35042.54,549.4609375,549.4609375,1.5437765157900651
2025-01-14 00:00:00,37102.0,35746.34,1355.66015625,1355.66015625,3.6538735277074013
2025-01-14 01:00:00,38454.0,36498.76,1955.23828125,1955.23828125,5.084616116008737
2025-01-14 02:00:00,38684.0,36693.195,1990.8046875,1990.8046875,5.146325838848102
2025-01-14 03:00:00,38648.0,36827.67,1820.328125,1820.328125,4.710018953115297
2025-01-14 04:00:00,38142.0,36081.312,2060.6875,2060.6875,5.402672906507262
2025-01-14 05:00:00,37193.0,34951.926,2241.07421875,2241.07421875,6.025526896862313
2025-01-14 06:00:00,36246.0,34292.883,1953.1171875,1953.1171875,5.388504076311869
2025-01-14 07:00:00,35735.0,34184.84,1550.16015625,1550.16015625,4.337932436686722
2025-01-14 08:00:00,35553.0,34065.867,1487.1328125,1487.1328125,4.182861678339381
2025-01-14 09:00:00,35541.0,34438.902,1102.09765625,1102.09765625,3.1009190969584424
2025-01-14 10:00:00,35751.0,34676.69,1074.30859375,1074.30859375,3.0049749482531958
2025-01-14 11:00:00,36378.0,35392.793,985.20703125,985.20703125,2.708249577354445
2025-01-14 12:00:00,37629.0,36071.984,1557.015625,1557.015625,4.137807608493449
2025-01-14 13:00:00,39614.0,37809.164,1804.8359375,1804.8359375,4.5560557820467515
2025-01-14 14:00:00,40938.0,38872.918,2065.08203125,2065.08203125,5.0444135796814695
2025-01-14 15:00:00,40502.0,38318.18,2183.8203125,2183.8203125,5.391882653943015
2025-01-14 16:00:00,39237.0,37826.91,1410.08984375,1410.08984375,3.5937758843693457
2025-01-14 17:00:00,38095.0,37532.04,562.9609375,562.9609375,1.4777816970731068
2025-01-14 18:00:00,36974.0,36483.24,490.76171875,490.76171875,1.3273157320008655
2025-01-14 19:00:00,36022.0,35911.383,110.6171875,110.6171875,0.30708230386985735
2025-01-14 20:00:00,35189.0,35769.99,-580.98828125,580.98828125,1.651050843303305
2025-01-14 21:00:00,34669.0,35298.383,-629.3828125,629.3828125,1.8154051530185469
2025-01-14 22:00:00,34490.0,35101.59,-611.58984375,611.58984375,1.7732381668599595
2025-01-14 23:00:00,35086.0,35533.76,-447.76171875,447.76171875,1.2761834314256397
2025-01-15 00:00:00,36469.0,36534.91,-65.91015625,65.91015625,0.18072926663741806
2025-01-15 01:00:00,37767.0,37065.293,701.70703125,701.70703125,1.8579898621812692
2025-01-15 02:00:00,37937.0,37183.754,753.24609375,753.24609375,1.985518342910615
2025-01-15 03:00:00,37887.0,37229.184,657.81640625,657.81640625,1.7362588915723072
2025-01-15 04:00:00,37429.0,36405.074,1023.92578125,1023.92578125,2.7356482440086562
2025-01-15 05:00:00,36486.0,35759.62,726.37890625,726.37890625,1.9908428061448227
2025-01-15 06:00:00,35607.0,34971.355,635.64453125,635.64453125,1.7851673301598001
2025-01-15 07:00:00,35259.0,34946.637,312.36328125,312.36328125,0.8859107780992087
2025-01-15 08:00:00,35115.0,35508.85,-393.8515625,393.8515625,1.1216049053111206
2025-01-15 09:00:00,35198.0,34869.57,328.4296875,328.4296875,0.9330919015284959
2025-01-15 10:00:00,35410.0,35559.79,-149.7890625,149.7890625,0.4230134495905111
2025-01-15 11:00:00,36022.0,35062.59,959.41015625,959.41015625,2.663400578118927
2025-01-15 12:00:00,37355.0,35933.27,1421.73046875,1421.73046875,3.8059977747289517
2025-01-15 13:00:00,39453.0,37588.63,1864.37109375,1864.37109375,4.7255496255037635
2025-01-15 14:00:00,40739.0,38502.383,2236.6171875,2236.6171875,5.490113128697318
2025-01-15 15:00:00,40467.0,38199.82,2267.1796875,2267.1796875,5.6025395692786715
2025-01-15 16:00:00,39211.0,37386.926,1824.07421875,1824.07421875,4.6519451652597485
2025-01-15 17:00:00,37748.0,36260.613,1487.38671875,1487.38671875,3.9403060261470806
2025-01-15 18:00:00,36338.0,35704.45,633.55078125,633.55078125,1.74349381157466
2025-01-15 19:00:00,35216.0,35251.066,-35.06640625,35.06640625,0.09957521084166289
2025-01-15 20:00:00,34381.0,34637.668,-256.66796875,256.66796875,0.7465401493557489
2025-01-15 21:00:00,33742.0,34027.832,-285.83203125,285.83203125,0.847110518789639
2025-01-15 22:00:00,33450.0,33798.38,-348.37890625,348.37890625,1.0414914985052317
2025-01-15 23:00:00,33780.0,34332.156,-552.15625,552.15625,1.6345655713439906
2025-01-16 00:00:00,35157.0,35114.12,42.87890625,42.87890625,0.12196406476661832
2025-01-16 01:00:00,36416.0,35818.57,597.4296875,597.4296875,1.6405692209468365
2025-01-16 02:00:00,36654.0,35897.65,756.3515625,756.3515625,2.063489830577836
2025-01-16 03:00:00,36686.0,35800.97,885.03125,885.03125,2.4124495720438315
2025-01-16 04:00:00,36159.0,35606.035,552.96484375,552.96484375,1.5292592266102492
2025-01-16 05:00:00,34990.0,34579.72,410.28125,410.28125,1.172567162046299
2025-01-16 06:00:00,34042.0,33847.027,194.97265625,194.97265625,0.5727414847835027
2025-01-16 07:00:00,33558.0,33601.246,-43.24609375,43.24609375,0.1288696994755349
2025-01-16 08:00:00,33351.0,33321.035,29.96484375,29.96484375,0.08984691238643519
2025-01-16 09:00:00,33347.0,33357.004,-10.00390625,10.00390625,0.02999941898821483
2025-01-16 10:00:00,33495.0,33553.766,-58.765625,58.765625,0.17544596208389313
2025-01-16 11:00:00,34085.0,33862.457,222.54296875,222.54296875,0.6529058786856388
2025-01-16 12:00:00,35346.0,34799.78,546.21875,546.21875,1.5453481299156906
2025-01-16 13:00:00,37473.0,36212.55,1260.44921875,1260.44921875,3.363619722867131
2025-01-16 14:00:00,38676.0,37021.75,1654.25,1654.25,4.277200330954598
2025-01-16 15:00:00,38132.0,36858.742,1273.2578125,1273.2578125,3.3390795460505616
2025-01-16 16:00:00,36592.0,35505.086,1086.9140625,1086.9140625,2.970359812254044
2025-01-16 17:00:00,35321.0,34764.9,556.1015625,556.1015625,1.5744219090625973
2025-01-16 18:00:00,34351.0,33890.21,460.7890625,460.7890625,1.3414138234694768
2025-01-16 19:00:00,33364.0,33374.78,-10.78125,10.78125,0.03231402110058746
2025-01-16 20:00:00,32522.0,32179.916,342.083984375,342.083984375,1.0518540814679294
2025-01-16 21:00:00,31952.0,32114.346,-162.345703125,162.345703125,0.5080924609570605
2025-01-16 22:00:00,31550.0,32090.51,-540.509765625,540.509765625,1.7131846770998413
2025-01-16 23:00:00,31814.0,32641.594,-827.59375,827.59375,2.601350820393537
2025-01-17 00:00:00,33127.0,33955.16,-828.16015625,828.16015625,2.499955191384671
2025-01-17 01:00:00,34428.0,34721.773,-293.7734375,293.7734375,0.8532980059835018
2025-01-17 02:00:00,34749.0,35089.055,-340.0546875,340.0546875,0.9786028015194681
2025-01-17 03:00:00,34847.0,35000.133,-153.1328125,153.1328125,0.43944331649783336
2025-01-17 04:00:00,34427.0,34657.293,-230.29296875,230.29296875,0.668931271240596
2025-01-17 05:00:00,33513.0,33234.82,278.1796875,278.1796875,0.8300650120848626
2025-01-17 06:00:00,32634.0,32698.787,-64.787109375,64.787109375,0.19852641225409084
2025-01-17 07:00:00,32169.0,32304.188,-135.1875,135.1875,0.4202415368833349
2025-01-17 08:00:00,31926.0,32268.768,-342.767578125,342.767578125,1.073631454378876
2025-01-17 09:00:00,31911.0,32193.62,-282.619140625,282.619140625,0.8856480230171415
2025-01-17 10:00:00,32086.0,31987.547,98.453125,98.453125,0.30684137941781464
2025-01-17 11:00:00,32629.0,32270.838,358.162109375,358.162109375,1.0976803131416837
2025-01-17 12:00:00,33879.0,33418.566,460.43359375,460.43359375,1.3590530822928657
2025-01-17 13:00:00,35873.0,34817.848,1055.15234375,1055.15234375,2.941355180079726
2025-01-17 14:00:00,37063.0,35377.418,1685.58203125,1685.58203125,4.5478834180989125
2025-01-17 15:00:00,36880.0,34729.215,2150.78515625,2150.78515625,5.831846952955531
2025-01-17 16:00:00,36058.0,33857.453,2200.546875,2200.546875,6.1027979227910585
2025-01-17 17:00:00,35265.0,33332.82,1932.1796875,1932.1796875,5.4790293137671915
2025-01-17 18:00:00,34630.0,32511.912,2118.087890625,2118.087890625,6.1163381190441815
2025-01-17 19:00:00,34194.0,32202.98,1991.01953125,1991.01953125,5.822716064952916
2025-01-17 20:00:00,33977.0,31327.525,2649.474609375,2649.474609375,7.797847394928922
2025-01-17 21:00:00,33707.0,30976.85,2730.150390625,2730.150390625,8.099654049974783
2025-01-17 22:00:00,33365.0,30890.555,2474.4453125,2474.4453125,7.416290461561517
2025-01-17 23:00:00,33739.0,31635.092,2103.908203125,2103.908203125,6.235834503467797
2025-01-18 00:00:00,34511.0,31569.268,2941.732421875,2941.732421875,8.524042832357798
2025-01-18 01:00:00,35106.0,32217.441,2888.55859375,2888.55859375,8.22810514940466
2025-01-18 02:00:00,34965.0,32675.906,2289.09375,2289.09375,6.546814671814671
2025-01-18 03:00:00,34896.0,32826.008,2069.9921875,2069.9921875,5.931889579034847
2025-01-18 04:00:00,34471.0,32694.752,1776.248046875,1776.248046875,5.152876466812683
2025-01-18 05:00:00,33849.0,32117.188,1731.8125,1731.8125,5.116288516647463
2025-01-18 06:00:00,33158.0,31271.072,1886.927734375,1886.927734375,5.690716371237711
2025-01-18 07:00:00,32743.0,31350.617,1392.3828125,1392.3828125,4.252459495159271
2025-01-18 08:00:00,32529.0,31494.605,1034.39453125,1034.39453125,3.1799149412831627
2025-01-18 09:00:00,32552.0,31823.625,728.375,728.375,2.2375737281887442
2025-01-18 10:00:00,32789.0,32265.086,523.9140625,523.9140625,1.597834830278447
2025-01-18 11:00:00,33315.0,32613.807,701.193359375,701.193359375,2.104737683851118
2025-01-18 12:00:00,34210.0,33432.71,777.2890625,777.2890625,2.272110676702719
2025-01-18 13:00:00,35451.0,35073.25,377.75,377.75,1.0655552734760656
2025-01-18 14:00:00,36672.0,36010.055,661.9453125,661.9453125,1.8050428460405759
2025-01-18 15:00:00,37384.0,36273.527,1110.47265625,1110.47265625,2.970449005590627
2025-01-18 16:00:00,37605.0,35884.63,1720.37109375,1720.37109375,4.574846679297965
2025-01-18 17:00:00,37460.0,35432.754,2027.24609375,2027.24609375,5.411762129604912
2025-01-18 18:00:00,37020.0,34559.734,2460.265625,2460.265625,6.645774243652081
2025-01-18 19:00:00,36603.0,34773.33,1829.671875,1829.671875,4.998693754610278
2025-01-18 20:00:00,36307.0,35329.965,977.03515625,977.03515625,2.691037971327843
2025-01-18 21:00:00,36292.0,34957.676,1334.32421875,1334.32421875,3.6766345716686875
2025-01-18 22:00:00,36656.0,34974.523,1681.4765625,1681.4765625,4.587179622708424
2025-01-18 23:00:00,37367.0,35167.01,2199.98828125,2199.98828125,5.887516475098349
2025-01-19 00:00:00,38859.0,36038.656,2820.34375,2820.34375,7.257890707429425
2025-01-19 01:00:00,39783.0,36229.438,3553.5625,3553.5625,8.932364326471106
2025-01-19 02:00:00,39951.0,35549.09,4401.91015625,4401.91015625,11.018272774774099
2025-01-19 03:00:00,39812.0,36427.645,3384.35546875,3384.35546875,8.50084263224656
2025-01-19 04:00:00,39557.0,36231.43,3325.5703125,3325.5703125,8.407033679247668
2025-01-19 05:00:00,39022.0,35497.902,3524.09765625,3524.09765625,9.03105339616114
2025-01-19 06:00:00,38478.0,35209.387,3268.61328125,3268.61328125,8.494758774494517
2025-01-19 07:00:00,38166.0,35163.453,3002.546875,3002.546875,7.867072459780957
2025-01-19 08:00:00,38150.0,35313.277,2836.72265625,2836.72265625,7.435708142201834
2025-01-19 09:00:00,38249.0,35717.21,2531.7890625,2531.7890625,6.619229424298674
2025-01-19 10:00:00,38524.0,35714.387,2809.61328125,2809.61328125,7.293150454911224
2025-01-19 11:00:00,38984.0,36044.742,2939.2578125,2939.2578125,7.539651684024215
2025-01-19 12:00:00,39698.0,36704.95,2993.05078125,2993.05078125,7.539550559851882
2025-01-19 13:00:00,40657.0,37162.78,3494.21875,3494.21875,8.594384115896402
2025-01-19 14:00:00,41596.0,37628.6,3967.3984375,3967.3984375,9.53793258366189
2025-01-19 15:00:00,41865.0,38788.566,3076.43359375,3076.43359375,7.348461946136391
2025-01-19 16:00:00,41380.0,38892.926,2487.07421875,2487.07421875,6.010329189826003
2025-01-19 17:00:00,40597.0,37671.406,2925.59375,2925.59375,7.206428430672217
2025-01-19 18:00:00,39741.0,37566.754,2174.24609375,2174.24609375,5.471040219798193
2025-01-19 19:00:00,39087.0,36688.742,2398.2578125,2398.2578125,6.1356916941694175
2025-01-19 20:00:00,38452.0,36466.926,1985.07421875,1985.07421875,5.162473262119006
2025-01-19 21:00:00,37855.0,36326.586,1528.4140625,1528.4140625,4.037548705587109
2025-01-19 22:00:00,37801.0,36194.707,1606.29296875,1606.29296875,4.249339881881432
2025-01-19 23:00:00,38385.0,37083.84,1301.16015625,1301.16015625,3.389762032695063
2025-01-20 00:00:00,40330.0,38639.06,1690.94140625,1690.94140625,4.192763219067692
2025-01-20 01:00:00,41765.0,39149.953,2615.046875,2615.046875,6.26133574763558
2025-01-20 02:00:00,42107.0,39250.637,2856.36328125,2856.36328125,6.78358297017123
2025-01-20 03:00:00,42108.0,39143.31,2964.69140625,2964.69140625,7.040684445354802
2025-01-20 04:00:00,41763.0,38720.91,3042.08984375,3042.08984375,7.284174613294065
2025-01-20 05:00:00,40952.0,38345.67,2606.328125,2606.328125,6.364348810802892
2025-01-20 06:00:00,40373.0,37836.098,2536.90234375,2536.90234375,6.283660723131796
2025-01-20 07:00:00,40084.0,37145.54,2938.4609375,2938.4609375,7.330757752469813
2025-01-20 08:00:00,40009.0,37278.98,2730.01953125,2730.01953125,6.8235135375790446
2025-01-20 09:00:00,40018.0,37088.156,2929.84375,2929.84375,7.321314783347494
2025-01-20 10:00:00,40161.0,37357.773,2803.2265625,2803.2265625,6.979972018874032
2025-01-20 11:00:00,40524.0,37656.29,2867.7109375,2867.7109375,7.076574221449018
2025-01-20 12:00:00,41605.0,38853.324,2751.67578125,2751.67578125,6.613810314265112
2025-01-20 13:00:00,43152.0,39344.105,3807.89453125,3807.89453125,8.824375535896365
2025-01-20 14:00:00,44484.0,40562.07,3921.9296875,3921.9296875,8.816495116221562
2025-01-20 15:00:00,44667.0,40587.203,4079.796875,4079.796875,9.133805438019118
2025-01-20 16:00:00,44324.0,40076.375,4247.625,4247.625,9.583126522876997
2025-01-20 17:00:00,43544.0,39854.113,3689.88671875,3689.88671875,8.473926875688958
2025-01-20 18:00:00,42748.0,39235.992,3512.0078125,3512.0078125,8.215607309113878
2025-01-20 19:00:00,42068.0,38999.105,3068.89453125,3068.89453125,7.295080658101169
2025-01-20 20:00:00,41425.0,39174.83,2250.171875,2250.171875,5.431917622208811
2025-01-20 21:00:00,41075.0,39078.703,1996.296875,1996.296875,4.860126293365794
2025-01-20 22:00:00,41148.0,39161.9,1986.1015625,1986.1015625,4.826726845776222
2025-01-20 23:00:00,41868.0,39696.336,2171.6640625,2171.6640625,5.186930501815229
2025-01-21 00:00:00,43181.0,40867.65,2313.3515625,2313.3515625,5.357336704800723
2025-01-21 01:00:00,44190.0,41539.164,2650.8359375,2650.8359375,5.998723551708531
2025-01-21 02:00:00,44031.0,42149.68,1881.3203125,1881.3203125,4.272717659149236
2025-01-21 03:00:00,43959.0,42033.465,1925.53515625,1925.53515625,4.38029790543461
2025-01-21 04:00:00,43220.0,41755.504,1464.49609375,1464.49609375,3.3884685186256362
2025-01-21 05:00:00,42226.0,40614.695,1611.3046875,1611.3046875,3.815906520863923
2025-01-21 06:00:00,41458.0,39769.426,1688.57421875,1688.57421875,4.0729755867383854
2025-01-21 07:00:00,41058.0,39690.758,1367.2421875,1367.2421875,3.3300262738077837
2025-01-21 08:00:00,41001.0,41499.36,-498.359375,498.359375,1.2154810248530523
2025-01-21 09:00:00,41231.0,41579.344,-348.34375,348.34375,0.844858844073634
2025-01-21 10:00:00,41620.0,41350.395,269.60546875,269.60546875,0.6477786370735223
2025-01-21 11:00:00,42295.0,41185.27,1109.73046875,1109.73046875,2.6237864257004375
2025-01-21 12:00:00,43712.0,41818.18,1893.8203125,1893.8203125,4.332495224423499
2025-01-21 13:00:00,45727.0,42871.04,2855.9609375,2855.9609375,6.245677471734424
2025-01-21 14:00:00,47017.0,42397.86,4619.140625,4619.140625,9.824405268307208
2025-01-21 15:00:00,46730.0,43177.74,3552.26171875,3552.26171875,7.6016728413224905
2025-01-21 16:00:00,45812.0,43022.25,2789.75,2789.75,6.089561686894263
2025-01-21 17:00:00,44710.0,41545.723,3164.27734375,3164.27734375,7.077336935249385
2025-01-21 18:00:00,43487.0,40700.21,2786.7890625,2786.7890625,6.408326770069215
2025-01-21 19:00:00,42463.0,40554.55,1908.44921875,1908.44921875,4.494381505663754
2025-01-21 20:00:00,41500.0,40137.22,1362.78125,1362.78125,3.2838102409638554
2025-01-21 21:00:00,40566.0,39399.688,1166.3125,1166.3125,2.875098604742888
2025-01-21 22:00:00,40081.0,39549.492,531.5078125,531.5078125,1.3260842107232853
2025-01-21 23:00:00,40581.0,39949.457,631.54296875,631.54296875,1.556252849239792
2025-01-22 00:00:00,42027.0,40632.938,1394.0625,1394.0625,3.3170640302662577
2025-01-22 01:00:00,43380.0,41167.188,2212.8125,2212.8125,5.1009970032272935
2025-01-22 02:00:00,43423.0,41307.727,2115.2734375,2115.2734375,4.871320354420469
2025-01-22 03:00:00,43212.0,41342.47,1869.53125,1869.53125,4.326416851800426
2025-01-22 04:00:00,42491.0,40530.12,1960.87890625,1960.87890625,4.614809974465181
2025-01-22 05:00:00,41397.0,39568.484,1828.515625,1828.515625,4.417024482450419
2025-01-22 06:00:00,40361.0,38908.516,1452.484375,1452.484375,3.5987323777904416
2025-01-22 07:00:00,39675.0,38131.36,1543.640625,1543.640625,3.8907136105860114
2025-01-22 08:00:00,39316.0,38214.902,1101.09765625,1101.09765625,2.800634999109777
2025-01-22 09:00:00,39130.0,37767.14,1362.859375,1362.859375,3.4829015461282906
2025-01-22 10:00:00,39202.0,38038.35,1163.6484375,1163.6484375,2.9683394660986684
2025-01-22 11:00:00,39575.0,38470.86,1104.140625,1104.140625,2.789995262160455
2025-01-22 12:00:00,40653.0,39415.035,1237.96484375,1237.96484375,3.0451992319140038
2025-01-22 13:00:00,42571.0,41073.79,1497.2109375,1497.2109375,3.516973849568955
2025-01-22 14:00:00,43657.0,41906.12,1750.87890625,1750.87890625,4.01053417836773
2025-01-22 15:00:00,43181.0,42115.19,1065.80859375,1065.80859375,2.4682350889280005
2025-01-22 16:00:00,42020.0,41910.14,109.859375,109.859375,0.2614454426463589
2025-01-22 17:00:00,40775.0,40509.35,265.6484375,265.6484375,0.6514983139178419
2025-01-22 18:00:00,39549.0,39308.3,240.69921875,240.69921875,0.6086101260461706
2025-01-22 19:00:00,38434.0,38445.26,-11.26171875,11.26171875,0.029301448587188424
2025-01-22 20:00:00,37516.0,37761.777,-245.77734375,245.77734375,0.6551267292621814
2025-01-22 21:00:00,36855.0,37087.543,-232.54296875,232.54296875,0.6309672195088861
2025-01-22 22:00:00,36424.0,37150.684,-726.68359375,726.68359375,1.9950680698166043
2025-01-22 23:00:00,36884.0,37410.67,-526.671875,526.671875,1.4279142039908903
2025-01-23 00:00:00,38051.0,37909.47,141.53125,141.53125,0.3719514598827889
2025-01-23 01:00:00,39339.0,38574.016,764.984375,764.984375,1.9445953760898853
2025-01-23 02:00:00,39544.0,38803.633,740.3671875,740.3671875,1.8722617527311347
2025-01-23 03:00:00,39357.0,38747.047,609.953125,609.953125,1.5497957796580024
2025-01-23 04:00:00,38776.0,38176.992,599.0078125,599.0078125,1.5447901085723128
2025-01-23 05:00:00,37805.0,37431.355,373.64453125,373.64453125,0.9883468621875413
2025-01-23 06:00:00,37015.0,36683.52,331.48046875,331.48046875,0.8955301060380927
2025-01-23 07:00:00,36556.0,36652.39,-96.390625,96.390625,0.2636793549622497
2025-01-23 08:00:00,36425.0,36278.81,146.19140625,146.19140625,0.4013490905971174
2025-01-23 09:00:00,36478.0,36456.35,21.6484375,21.6484375,0.05934655819946269
2025-01-23 10:00:00,36947.0,36615.87,331.12890625,331.12890625,0.8962267741629902
2025-01-23 11:00:00,37633.0,37344.035,288.96484375,288.96484375,0.7678496100496904
2025-01-23 12:00:00,38976.0,37577.91,1398.08984375,1398.08984375,3.587053170540846
2025-01-23 13:00:00,41258.0,39427.95,1830.05078125,1830.05078125,4.435626499709147
2025-01-23 14:00:00,42496.0,40448.887,2047.11328125,2047.11328125,4.817190514989647
2025-01-23 15:00:00,42038.0,39960.836,2077.1640625,2077.1640625,4.941158148579857
2025-01-23 16:00:00,40670.0,39221.12,1448.87890625,1448.87890625,3.562524972338333
2025-01-23 17:00:00,39542.0,38220.484,1321.515625,1321.515625,3.3420555991098078
2025-01-23 18:00:00,38595.0,38001.582,593.41796875,593.41796875,1.5375514153387746
2025-01-23 19:00:00,37809.0,37118.293,690.70703125,690.70703125,1.8268323183633528
2025-01-23 20:00:00,37132.0,36364.07,767.9296875,767.9296875,2.068107528546806
2025-01-23 21:00:00,36560.0,35892.453,667.546875,667.546875,1.825894078227571
2025-01-23 22:00:00,36467.0,35724.832,742.16796875,742.16796875,2.035176923657005
2025-01-23 23:00:00,37031.0,35976.094,1054.90625,1054.90625,2.8487112149280334
2025-01-24 00:00:00,38308.0,36530.574,1777.42578125,1777.42578125,4.639829229534301
2025-01-24 01:00:00,39716.0,37336.17,2379.828125,2379.828125,5.992114324201833
2025-01-24 02:00:00,40127.0,37831.766,2295.234375,2295.234375,5.7199251750691555
2025-01-24 03:00:00,40263.0,37550.496,2712.50390625,2712.50390625,6.736964225840102
2025-01-24 04:00:00,39763.0,37155.348,2607.65234375,2607.65234375,6.557986931946785
2025-01-24 05:00:00,38949.0,36488.863,2460.13671875,2460.13671875,6.316302648976866
2025-01-24 06:00:00,38245.0,35713.594,2531.40625,2531.40625,6.61892077395738
2025-01-24 07:00:00,37943.0,35549.89,2393.109375,2393.109375,6.307116925388081
2025-01-24 08:00:00,37876.0,35634.42,2241.578125,2241.578125,5.918201829654662
2025-01-24 09:00:00,37943.0,35591.605,2351.39453125,2351.39453125,6.197176109559075
2025-01-24 10:00:00,38188.0,35737.438,2450.5625,2450.5625,6.417100921755525
2025-01-24 11:00:00,38822.0,36115.992,2706.0078125,2706.0078125,6.970294710473443
2025-01-24 12:00:00,40100.0,36430.695,3669.3046875,3669.3046875,9.150385754364091
2025-01-24 13:00:00,42070.0,38336.39,3733.609375,3733.609375,8.874754872830996
2025-01-24 14:00:00,43241.0,39515.453,3725.546875,3725.546875,8.615774091718507
2025-01-24 15:00:00,42635.0,39099.93,3535.0703125,3535.0703125,8.29147487392987
2025-01-24 16:00:00,41163.0,37831.395,3331.60546875,3331.60546875,8.093689645434006
2025-01-24 17:00:00,39624.0,37001.957,2622.04296875,2622.04296875,6.6173101371643455
2025-01-24 18:00:00,38145.0,35830.31,2314.69140625,2314.69140625,6.06813843557478
2025-01-24 19:00:00,36789.0,34388.33,2400.671875,2400.671875,6.525515439397646
2025-01-24 20:00:00,35636.0,33984.11,1651.890625,1651.890625,4.635454666629251
2025-01-24 21:00:00,34788.0,33420.332,1367.66796875,1367.66796875,3.9314360375704265
2025-01-24 22:00:00,34221.0,33343.02,877.98046875,877.98046875,2.5656189729990357
2025-01-24 23:00:00,34410.0,34816.492,-406.4921875,406.4921875,1.1813199287997673
2025-01-25 00:00:00,35271.0,34163.934,1107.06640625,1107.06640625,3.138744028380256
2025-01-25 01:00:00,36418.0,35499.06,918.94140625,918.94140625,2.5233165090065355
2025-01-25 02:00:00,36536.0,36276.973,259.02734375,259.02734375,0.7089647026220715
2025-01-25 03:00:00,36435.0,36100.934,334.06640625,334.06640625,0.9168832338410868
2025-01-25 04:00:00,36145.0,35752.426,392.57421875,392.57421875,1.0861093339327708
2025-01-25 05:00:00,35390.0,34417.668,972.33203125,972.33203125,2.747476776631817
2025-01-25 06:00:00,34636.0,33699.195,936.8046875,936.8046875,2.704713845420949
2025-01-25 07:00:00,34107.0,33661.887,445.11328125,445.11328125,1.3050496415691792
2025-01-25 08:00:00,33865.0,33606.066,258.93359375,258.93359375,0.7646053262955854
2025-01-25 09:00:00,33827.0,33633.523,193.4765625,193.4765625,0.5719589750790789
2025-01-25 10:00:00,33952.0,33489.926,462.07421875,462.07421875,1.3609631796359565
2025-01-25 11:00:00,34294.0,34001.055,292.9453125,292.9453125,0.8542173922552051
2025-01-25 12:00:00,35081.0,34870.84,210.16015625,210.16015625,0.599071167441065
2025-01-25 13:00:00,36057.0,36266.805,-209.8046875,209.8046875,0.5818695052278338
2025-01-25 14:00:00,36844.0,37218.277,-374.27734375,374.27734375,1.0158434039463684
2025-01-25 15:00:00,37148.0,37009.62,138.37890625,138.37890625,0.3725070158554969
2025-01-25 16:00:00,36499.0,35873.414,625.5859375,625.5859375,1.7139810337269512
2025-01-25 17:00:00,35619.0,35012.168,606.83203125,606.83203125,1.7036750926471826
2025-01-25 18:00:00,34780.0,33646.06,1133.94140625,1133.94140625,3.260326067423807
2025-01-25 19:00:00,33926.0,33063.637,862.36328125,862.36328125,2.5418949515121145
2025-01-25 20:00:00,33393.0,32559.318,833.681640625,833.681640625,2.496576050744168
2025-01-25 21:00:00,32946.0,31922.08,1023.919921875,1023.919921875,3.1078732528228006
2025-01-25 22:00:00,32857.0,31811.623,1045.376953125,1045.376953125,3.1815958642754967
2025-01-25 23:00:00,33237.0,31988.371,1248.62890625,1248.62890625,3.7567437080663115
2025-01-26 00:00:00,34300.0,33170.03,1129.96875,1129.96875,3.294369533527697
2025-01-26 01:00:00,35182.0,33632.383,1549.6171875,1549.6171875,4.40457389432096
2025-01-26 02:00:00,35162.0,33811.97,1350.03125,1350.03125,3.8394609237244754
2025-01-26 03:00:00,35017.0,34025.18,991.8203125,991.8203125,2.83239658594397
2025-01-26 04:00:00,34570.0,33954.05,615.94921875,615.94921875,1.781744919728088
2025-01-26 05:00:00,33870.0,33127.1,742.8984375,742.8984375,2.1933818644818426
2025-01-26 06:00:00,33245.0,32390.295,854.705078125,854.705078125,2.570928194089337
2025-01-26 07:00:00,32765.0,32553.355,211.64453125,211.64453125,0.6459469899282771
2025-01-26 08:00:00,32527.0,32543.617,-16.6171875,16.6171875,0.051087365880653
2025-01-26 09:00:00,32425.0,32363.219,61.78125,61.78125,0.19053585196607556
2025-01-26 10:00:00,32524.0,32550.4,-26.400390625,26.400390625,0.08117202873262822
2025-01-26 11:00:00,32802.0,32823.39,-21.390625,21.390625,0.06521134382049876
2025-01-26 12:00:00,33344.0,33535.88,-191.87890625,191.87890625,0.5754525739263436
2025-01-26 13:00:00,34153.0,34379.53,-226.53125,226.53125,0.663283606125377
2025-01-26 14:00:00,35148.0,34827.047,320.953125,320.953125,0.9131476186411744
2025-01-26 15:00:00,35847.0,34588.824,1258.17578125,1258.17578125,3.509849586436801
2025-01-26 16:00:00,35906.0,34176.645,1729.35546875,1729.35546875,4.816341192976104
2025-01-26 17:00:00,35410.0,33773.516,1636.484375,1636.484375,4.621531700084722
2025-01-26 18:00:00,34914.0,33176.465,1737.53515625,1737.53515625,4.976614413272613
2025-01-26 19:00:00,34644.0,32886.97,1757.03125,1757.03125,5.071675470499942
2025-01-26 20:00:00,34241.0,32618.74,1622.259765625,1622.259765625,4.737769824552437
2025-01-26 21:00:00,33898.0,31771.908,2126.091796875,2126.091796875,6.272027249026491
2025-01-26 22:00:00,33655.0,31919.633,1735.3671875,1735.3671875,5.156342853959293
2025-01-26 23:00:00,34075.0,32442.055,1632.9453125,1632.9453125,4.792209280997799
2025-01-27 00:00:00,35319.0,33863.777,1455.22265625,1455.22265625,4.120226099974518
2025-01-27 01:00:00,36270.0,34801.664,1468.3359375,1468.3359375,4.048348325062035
2025-01-27 02:00:00,36548.0,35113.18,1434.8203125,1434.8203125,3.925851790795666
2025-01-27 03:00:00,36377.0,34741.164,1635.8359375,1635.8359375,4.496896218764604
2025-01-27 04:00:00,36143.0,34288.094,1854.90625,1854.90625,5.13213139473757
2025-01-27 05:00:00,35245.0,33626.113,1618.88671875,1618.88671875,4.593237959285005
2025-01-27 06:00:00,34359.0,33439.527,919.47265625,919.47265625,2.676075136790943
2025-01-27 07:00:00,33980.0,33164.137,815.86328125,815.86328125,2.401010244997057
2025-01-27 08:00:00,33958.0,33041.023,916.9765625,916.9765625,2.7003255860180224
2025-01-27 09:00:00,34082.0,32996.145,1085.85546875,1085.85546875,3.186008651927704
2025-01-27 10:00:00,34550.0,33035.176,1514.82421875,1514.82421875,4.384440575253256
2025-01-27 11:00:00,35274.0,33604.324,1669.67578125,1669.67578125,4.733446111158361
2025-01-27 12:00:00,36774.0,34422.016,2351.984375,2351.984375,6.395780646652527
2025-01-27 13:00:00,39078.0,35460.87,3617.12890625,3617.12890625,9.256177148907312
2025-01-27 14:00:00,40476.0,36303.07,4172.9296875,4172.9296875,10.309639508597687
2025-01-27 15:00:00,39942.0,36299.29,3642.7109375,3642.7109375,9.120001345701267
2025-01-27 16:00:00,38526.0,35890.168,2635.83203125,2635.83203125,6.841696597752167
2025-01-27 17:00:00,37276.0,35368.78,1907.21875,1907.21875,5.116479101834961
2025-01-27 18:00:00,36142.0,34152.527,1989.47265625,1989.47265625,5.504600343782857
2025-01-27 19:00:00,35084.0,33647.863,1436.13671875,1436.13671875,4.093423551333942
2025-01-27 20:00:00,34246.0,33099.004,1146.99609375,1146.99609375,3.349284861735677
2025-01-27 21:00:00,33522.0,33057.645,464.35546875,464.35546875,1.3852260269375336
2025-01-27 22:00:00,32959.0,33084.664,-125.6640625,125.6640625,0.3812738933220061
2025-01-27 23:00:00,33145.0,33739.703,-594.703125,594.703125,1.7942468698144518
2025-01-28 00:00:00,34208.0,34622.582,-414.58203125,414.58203125,1.2119446657214685
2025-01-28 01:00:00,35715.0,35129.344,585.65625,585.65625,1.639804703905922
2025-01-28 02:00:00,36032.0,35477.758,554.2421875,554.2421875,1.5381943480794849
2025-01-28 03:00:00,36008.0,35399.445,608.5546875,608.5546875,1.690054119917796
2025-01-28 04:00:00,35361.0,34813.734,547.265625,547.265625,1.547653134809536
2025-01-28 05:00:00,34286.0,34273.414,12.5859375,12.5859375,0.03670867846934609
2025-01-28 06:00:00,33398.0,32983.055,414.9453125,414.9453125,1.2424256317743578
2025-01-28 07:00:00,32787.0,32566.615,220.384765625,220.384765625,0.6721711825571111
2025-01-28 08:00:00,32745.0,32803.33,-58.328125,58.328125,0.17812834020461138
2025-01-28 09:00:00,32797.0,32671.264,125.736328125,125.736328125,0.383377528813611
2025-01-28 10:00:00,32981.0,33244.625,-263.625,263.625,0.7993238531275583
2025-01-28 11:00:00,33636.0,33675.254,-39.25390625,39.25390625,0.1167020640088001
2025-01-28 12:00:00,35019.0,34470.957,548.04296875,548.04296875,1.5649874889345783
2025-01-28 13:00:00,37152.0,36142.555,1009.4453125,1009.4453125,2.7170685629306632
2025-01-28 14:00:00,38416.0,37456.184,959.81640625,959.81640625,2.498480857585381
2025-01-28 15:00:00,37833.0,36903.887,929.11328125,929.11328125,2.45582766698385
2025-01-28 16:00:00,36574.0,35373.836,1200.1640625,1200.1640625,3.281467880188112
2025-01-28 17:00:00,35438.0,34520.73,917.26953125,917.26953125,2.5883783826683224
2025-01-28 18:00:00,34522.0,33738.01,783.98828125,783.98828125,2.2709816385203636
2025-01-28 19:00:00,33599.0,33013.5,585.5,585.5,1.742611387243668
2025-01-28 20:00:00,32952.0,32233.3,718.69921875,718.69921875,2.18104885515295
2025-01-28 21:00:00,32312.0,32055.076,256.923828125,256.923828125,0.7951344024665759
2025-01-28 22:00:00,32008.0,31673.895,334.10546875,334.10546875,1.0438186351849539
2025-01-28 23:00:00,32252.0,32057.63,194.369140625,194.369140625,0.6026576355729878
2025-01-29 00:00:00,33104.0,32841.668,262.33203125,262.33203125,0.7924481369320928
2025-01-29 01:00:00,34261.0,33924.8,336.19921875,336.19921875,0.981288400075888
2025-01-29 02:00:00,34291.0,34397.953,-106.953125,106.953125,0.31189853022659003
2025-01-29 03:00:00,34023.0,34424.934,-401.93359375,401.93359375,1.1813584744143668
2025-01-29 04:00:00,33365.0,33799.445,-434.4453125,434.4453125,1.3020989435036716
2025-01-29 05:00:00,32273.0,32696.6,-423.599609375,423.599609375,1.312551077913426
2025-01-29 06:00:00,31172.0,32084.76,-912.759765625,912.759765625,2.928139887158347
2025-01-29 07:00:00,30731.0,31411.562,-680.5625,680.5625,2.214579740327357
2025-01-29 08:00:00,30530.0,31247.82,-717.8203125,717.8203125,2.351196568948575
2025-01-29 09:00:00,30489.0,31259.496,-770.49609375,770.49609375,2.527128124077536
2025-01-29 10:00:00,30713.0,31625.559,-912.55859375,912.55859375,2.971245380620584
2025-01-29 11:00:00,31276.0,32022.0,-746.0,746.0,2.385215500703415
2025-01-29 12:00:00,32524.0,33035.277,-511.27734375,511.27734375,1.572000196009101
2025-01-29 13:00:00,34658.0,34854.125,-196.125,196.125,0.5658866639736857
2025-01-29 14:00:00,35869.0,35418.375,450.625,450.625,1.256307675151245
2025-01-29 15:00:00,35672.0,35441.4,230.6015625,230.6015625,0.6464497715294909
2025-01-29 16:00:00,34968.0,33825.8,1142.19921875,1142.19921875,3.26641277382178
2025-01-29 17:00:00,34266.0,33316.555,949.4453125,949.4453125,2.7708087097998013
2025-01-29 18:00:00,33628.0,32669.861,958.138671875,958.138671875,2.849228832743547
2025-01-29 19:00:00,33124.0,32133.273,990.7265625,990.7265625,2.990962934730105
2025-01-29 20:00:00,32679.0,31542.352,1136.6484375,1136.6484375,3.4782228265858803
2025-01-29 21:00:00,32225.0,31147.941,1077.05859375,1077.05859375,3.342307505818464
2025-01-29 22:00:00,32092.0,31096.283,995.716796875,995.716796875,3.102694742848685
2025-01-29 23:00:00,32324.0,31129.086,1194.9140625,1194.9140625,3.6966775847667366
2025-01-30 00:00:00,33103.0,32102.293,1000.70703125,1000.70703125,3.0230100934960578
2025-01-30 01:00:00,33832.0,32839.82,992.1796875,992.1796875,2.932666373551667
2025-01-30 02:00:00,33750.0,33111.617,638.3828125,638.3828125,1.8915046296296298
2025-01-30 03:00:00,33392.0,32835.977,556.0234375,556.0234375,1.6651396666866314
2025-01-30 04:00:00,32501.0,32232.361,268.638671875,268.638671875,0.8265550963816499
2025-01-30 05:00:00,31441.0,31189.32,251.6796875,251.6796875,0.8004824512579117
2025-01-30 06:00:00,30361.0,30258.69,102.310546875,102.310546875,0.336980161638286
2025-01-30 07:00:00,29648.0,29795.596,-147.595703125,147.595703125,0.4978268454027253
2025-01-30 08:00:00,29224.0,29687.902,-463.90234375,463.90234375,1.587401942752532
2025-01-30 09:00:00,29068.0,29615.314,-547.314453125,547.314453125,1.8828761976228154
2025-01-30 10:00:00,29138.0,29805.604,-667.603515625,667.603515625,2.2911782401846383
2025-01-30 11:00:00,29555.0,30132.01,-577.009765625,577.009765625,1.9523253785315515
2025-01-30 12:00:00,30667.0,31112.111,-445.111328125,445.111328125,1.4514342065575374
2025-01-30 13:00:00,32597.0,32609.426,-12.42578125,12.42578125,0.03811940132527533
2025-01-30 14:00:00,33849.0,33538.883,310.1171875,310.1171875,0.9161782844397176
2025-01-30 15:00:00,33978.0,33581.008,396.9921875,396.9921875,1.1683800915298133
2025-01-30 16:00:00,33870.0,33010.316,859.68359375,859.68359375,2.5381859868615293
2025-01-30 17:00:00,33651.0,32493.102,1157.8984375,1157.8984375,3.4409035021247507
2025-01-30 18:00:00,33290.0,32059.613,1230.38671875,1230.38671875,3.695964910633824
2025-01-30 19:00:00,32811.0,31839.324,971.67578125,971.67578125,2.9614329988418517
2025-01-30 20:00:00,32445.0,31457.275,987.724609375,987.724609375,3.044304544228695
2025-01-30 21:00:00,31992.0,31028.592,963.408203125,963.408203125,3.011403485637034
2025-01-30 22:00:00,31767.0,31186.06,580.939453125,580.939453125,1.8287513870526018
2025-01-30 23:00:00,31904.0,31338.436,565.564453125,565.564453125,1.7727070371270062
2025-01-31 00:00:00,32572.0,32204.756,367.244140625,367.244140625,1.1274841600914898
2025-01-31 01:00:00,33337.0,32473.346,863.654296875,863.654296875,2.590677916054234
2025-01-31 02:00:00,33266.0,32619.371,646.62890625,646.62890625,1.943813221457344
2025-01-31 03:00:00,32943.0,32601.11,341.890625,341.890625,1.0378248034483806
2025-01-31 04:00:00,32283.0,31649.729,633.271484375,633.271484375,1.9616252652324755
2025-01-31 05:00:00,31162.0,30673.178,488.822265625,488.822265625,1.5686485643572299
2025-01-31 06:00:00,30323.0,29651.973,671.02734375,671.02734375,2.2129319122448305
2025-01-31 07:00:00,29790.0,29299.93,490.0703125,490.0703125,1.6450832913729438
2025-01-31 08:00:00,29684.0,29105.438,578.5625,578.5625,1.9490718905807842
2025-01-31 09:00:00,29750.0,29160.06,589.939453125,589.939453125,1.9829897584033613
2025-01-31 10:00:00,29969.0,29063.934,905.06640625,905.06640625,3.0200086964863693
2025-01-31 11:00:00,30650.0,29487.744,1162.255859375,1162.255859375,3.7920256423327894
2025-01-31 12:00:00,31899.0,30505.45,1393.55078125,1393.55078125,4.368634694661274
2025-01-31 13:00:00,33958.0,31984.541,1973.458984375,1973.458984375,5.811470005227045
2025-01-31 14:00:00,35343.0,33050.5,2292.5,2292.5,6.486432957021192
2025-01-31 15:00:00,35285.0,33232.9,2052.1015625,2052.1015625,5.8157901728779935
2025-01-31 16:00:00,34862.0,33165.76,1696.23828125,1696.23828125,4.865579373673341
2025-01-31 17:00:00,34416.0,32872.973,1543.02734375,1543.02734375,4.483459274029522
2025-01-31 18:00:00,33802.0,32495.588,1306.412109375,1306.412109375,3.8648958918850957
2025-01-31 19:00:00,33235.0,31825.582,1409.41796875,1409.41796875,4.240764160523545
2025-01-31 20:00:00,32745.0,31441.809,1303.19140625,1303.19140625,3.9798180065658877
2025-01-31 21:00:00,32146.0,31142.658,1003.341796875,1003.341796875,3.121202628243016
2025-01-31 22:00:00,31690.0,30743.271,946.728515625,946.728515625,2.9874677047175764
2025-01-31 23:00:00,31567.0,30850.33,716.669921875,716.669921875,2.270313687949441
2025-02-01 00:00:00,32006.0,30633.893,1372.107421875,1372.107421875,4.287031874882834
2025-02-01 01:00:00,32986.0,31376.887,1609.11328125,1609.11328125,4.878170379100225
2025-02-01 02:00:00,33078.0,31795.06,1282.939453125,1282.939453125,3.8785278829584615
2025-02-01 03:00:00,32979.0,31277.957,1701.04296875,1701.04296875,5.157957999787744
2025-02-01 04:00:00,32718.0,30965.473,1752.52734375,1752.52734375,5.356462325783972
2025-02-01 05:00:00,32134.0,30086.668,2047.33203125,2047.33203125,6.371233059220763
2025-02-01 06:00:00,31582.0,29602.555,1979.4453125,1979.4453125,6.267637617946932
2025-02-01 07:00:00,31278.0,29330.21,1947.7890625,1947.7890625,6.227345298612443
2025-02-01 08:00:00,31122.0,29754.195,1367.8046875,1367.8046875,4.394976825075509
2025-02-01 09:00:00,31158.0,29858.977,1299.0234375,1299.0234375,4.169148974581167
2025-02-01 10:00:00,31307.0,29682.098,1624.90234375,1624.90234375,5.1902205377391635
2025-02-01 11:00:00,31640.0,29832.945,1807.0546875,1807.0546875,5.711298000948166
2025-02-01 12:00:00,32325.0,30985.078,1339.921875,1339.921875,4.145156612529003
2025-02-01 13:00:00,33183.0,32345.826,837.173828125,837.173828125,2.5228997623029863
2025-02-01 14:00:00,34107.0,32859.62,1247.37890625,1247.37890625,3.6572519021022076
2025-02-01 15:00:00,34500.0,32561.508,1938.4921875,1938.4921875,5.618817934782609
2025-02-01 16:00:00,34248.0,31899.297,2348.703125,2348.703125,6.857927835202056
2025-02-01 17:00:00,33641.0,31426.656,2214.34375,2214.34375,6.582276834814661
2025-02-01 18:00:00,32897.0,30960.277,1936.72265625,1936.72265625,5.887231833449859
2025-02-01 19:00:00,32124.0,30826.258,1297.7421875,1297.7421875,4.0397901491097
2025-02-01 20:00:00,31385.0,30138.088,1246.912109375,1246.912109375,3.9729555818862514
2025-02-01 21:00:00,30832.0,29681.752,1150.248046875,1150.248046875,3.7306955334555005
2025-02-01 22:00:00,30531.0,29291.016,1239.984375,1239.984375,4.061394566178638
2025-02-01 23:00:00,30665.0,29470.797,1194.203125,1194.203125,3.89435227458014
2025-02-02 00:00:00,31296.0,30016.773,1279.2265625,1279.2265625,4.087508187947342
2025-02-02 01:00:00,32049.0,30719.309,1329.69140625,1329.69140625,4.148932591500515
2025-02-02 02:00:00,31906.0,30758.303,1147.697265625,1147.697265625,3.5971204965367014
2025-02-02 03:00:00,31601.0,30800.752,800.248046875,800.248046875,2.5323503904148605
2025-02-02 04:00:00,31198.0,30265.666,932.333984375,932.333984375,2.988441516683762
2025-02-02 05:00:00,30553.0,29853.238,699.76171875,699.76171875,2.290320815468203
2025-02-02 06:00:00,29801.0,29308.947,492.052734375,492.052734375,1.6511282654105568
2025-02-02 07:00:00,29304.0,28984.842,319.158203125,319.158203125,1.0891284572925197
2025-02-02 08:00:00,28972.0,28748.809,223.19140625,223.19140625,0.7703693436766533
2025-02-02 09:00:00,28820.0,28732.773,87.2265625,87.2265625,0.30265982824427484
2025-02-02 10:00:00,28826.0,28846.47,-20.470703125,20.470703125,0.07101471978422258
2025-02-02 11:00:00,29093.0,29282.47,-189.470703125,189.470703125,0.6512587327707696
2025-02-02 12:00:00,29672.0,29682.143,-10.142578125,10.142578125,0.03418232045362631
2025-02-02 13:00:00,30521.0,30536.045,-15.044921875,15.044921875,0.04929367279905639
2025-02-02 14:00:00,31457.0,31071.043,385.95703125,385.95703125,1.2269352807006388
2025-02-02 15:00:00,31778.0,31088.35,689.650390625,689.650390625,2.170213325649821
2025-02-02 16:00:00,31288.0,30810.885,477.115234375,477.115234375,1.524914454023907
2025-02-02 17:00:00,30458.0,30342.652,115.34765625,115.34765625,0.3787105399238295
2025-02-02 18:00:00,29765.0,29756.182,8.818359375,8.818359375,0.029626606332941376
2025-02-02 19:00:00,29439.0,29433.47,5.529296875,5.529296875,0.01878221704201909
2025-02-02 20:00:00,29083.0,29093.514,-10.513671875,10.513671875,0.03615057550802874
2025-02-02 21:00:00,28860.0,28679.717,180.283203125,180.283203125,0.6246819235100485
2025-02-02 22:00:00,28927.0,28596.555,330.4453125,330.4453125,1.1423421457461886
2025-02-02 23:00:00,29342.0,28790.664,551.3359375,551.3359375,1.878999173539636
2025-02-03 00:00:00,30265.0,30316.13,-51.130859375,51.130859375,0.16894386048240542
2025-02-03 01:00:00,31252.0,30964.768,287.232421875,287.232421875,0.9190849285645718
2025-02-03 02:00:00,31306.0,30692.41,613.58984375,613.58984375,1.959975224397879
2025-02-03 03:00:00,31010.0,30530.344,479.65625,479.65625,1.5467792647533054
2025-02-03 04:00:00,30407.0,30116.662,290.337890625,290.337890625,0.9548389864998192
2025-02-03 05:00:00,29383.0,29496.156,-113.15625,113.15625,0.3851078855120308
2025-02-03 06:00:00,28500.0,28982.246,-482.24609375,482.24609375,1.6920915570175439
2025-02-03 07:00:00,27961.0,28691.176,-730.17578125,730.17578125,2.611407965559172
2025-02-03 08:00:00,27656.0,28452.012,-796.01171875,796.01171875,2.87826048145068
2025-02-03 09:00:00,27594.0,28327.498,-733.498046875,733.498046875,2.6581794842175834
2025-02-03 10:00:00,27752.0,28331.97,-579.970703125,579.970703125,2.089833897106515
2025-02-03 11:00:00,28396.0,28943.318,-547.318359375,547.318359375,1.9274487934040005
2025-02-03 12:00:00,29718.0,29886.195,-168.1953125,168.1953125,0.5659711706709738
2025-02-03 13:00:00,31922.0,30534.023,1387.9765625,1387.9765625,4.348025068917988
2025-02-03 14:00:00,33195.0,31437.23,1757.76953125,1757.76953125,5.2952840224431394
2025-02-03 15:00:00,33143.0,31720.629,1422.37109375,1422.37109375,4.291618422442145
2025-02-03 16:00:00,32677.0,31343.965,1333.03515625,1333.03515625,4.079429434311596
2025-02-03 17:00:00,32323.0,30975.7,1347.30078125,1347.30078125,4.1682417512297745
2025-02-03 18:00:00,32280.0,30763.701,1516.298828125,1516.298828125,4.697332181304213
2025-02-03 19:00:00,32248.0,30744.285,1503.71484375,1503.71484375,4.66297086253411
2025-02-03 20:00:00,32250.0,30548.658,1701.341796875,1701.341796875,5.27547843992248
2025-02-03 21:00:00,32259.0,30516.639,1742.361328125,1742.361328125,5.40116348344648
2025-02-03 22:00:00,32362.0,30674.947,1687.052734375,1687.052734375,5.2130669747697915
2025-02-03 23:00:00,32713.0,30835.182,1877.818359375,1877.818359375,5.7402817209519155
2025-02-04 00:00:00,33304.0,31141.71,2162.2890625,2162.2890625,6.492580658479461
2025-02-04 01:00:00,34133.0,31971.867,2161.1328125,2161.1328125,6.331505617730642
2025-02-04 02:00:00,33990.0,31996.705,1993.294921875,1993.294921875,5.864356934024713
2025-02-04 03:00:00,33506.0,32107.24,1398.759765625,1398.759765625,4.174654586118904
2025-02-04 04:00:00,32739.0,31400.734,1338.265625,1338.265625,4.087680213201381
2025-02-04 05:00:00,31702.0,30471.17,1230.830078125,1230.830078125,3.8824997732792883
2025-02-04 06:00:00,30744.0,29808.703,935.296875,935.296875,3.042209455503513
2025-02-04 07:00:00,30160.0,29487.643,672.357421875,672.357421875,2.2293017966677717
2025-02-04 08:00:00,29998.0,29499.793,498.20703125,498.20703125,1.6608008242216148
2025-02-04 09:00:00,30021.0,29486.385,534.615234375,534.615234375,1.780804218297192
2025-02-04 10:00:00,30312.0,29607.836,704.1640625,704.1640625,2.32305378233043
2025-02-04 11:00:00,30977.0,30159.646,817.353515625,817.353515625,2.638581901491429
2025-02-04 12:00:00,32314.0,31347.818,966.181640625,966.181640625,2.9899784632821684
2025-02-04 13:00:00,34395.0,33064.754,1330.24609375,1330.24609375,3.8675566034307316
2025-02-04 14:00:00,35916.0,34034.44,1881.55859375,1881.55859375,5.238775458709211
2025-02-04 15:00:00,36261.0,34441.02,1819.98046875,1819.98046875,5.01911273475635
2025-02-04 16:00:00,36256.0,33574.97,2681.03125,2681.03125,7.394724321491615
2025-02-04 17:00:00,36189.0,33835.63,2353.37109375,2353.37109375,6.50300117093592
2025-02-04 18:00:00,36056.0,33712.492,2343.5078125,2343.5078125,6.499633382793432
2025-02-04 19:00:00,35764.0,33667.89,2096.109375,2096.109375,5.860947810647579
2025-02-04 20:00:00,35602.0,33541.746,2060.25390625,2060.25390625,5.786904966715353
2025-02-04 21:00:00,35396.0,33413.652,1982.34765625,1982.34765625,5.600484959458695
2025-02-04 22:00:00,35360.0,33484.62,1875.37890625,1875.37890625,5.303673377403846
2025-02-04 23:00:00,35628.0,33223.07,2404.9296875,2404.9296875,6.750111394128214
2025-02-05 00:00:00,36242.0,33652.78,2589.21875,2589.21875,7.1442490756580765
2025-02-05 01:00:00,36879.0,34155.203,2723.796875,2723.796875,7.385766628704683
2025-02-05 02:00:00,36736.0,33994.637,2741.36328125,2741.36328125,7.46233471594621
2025-02-05 03:00:00,36184.0,33839.848,2344.15234375,2344.15234375,6.478422351730047
2025-02-05 04:00:00,35275.0,32875.008,2399.9921875,2399.9921875,6.803663182140326
2025-02-05 05:00:00,34051.0,31938.174,2112.826171875,2112.826171875,6.20488729222343
2025-02-05 06:00:00,32921.0,31185.236,1735.763671875,1735.763671875,5.27251198892804
2025-02-05 07:00:00,32210.0,30799.078,1410.921875,1410.921875,4.380384585532443
2025-02-05 08:00:00,31845.0,30663.984,1181.015625,1181.015625,3.7086375412152615
2025-02-05 09:00:00,31689.0,30669.979,1019.021484375,1019.021484375,3.215694671258165
2025-02-05 10:00:00,31819.0,30737.213,1081.787109375,1081.787109375,3.3998149199377727
2025-02-05 11:00:00,32283.0,31043.088,1239.912109375,1239.912109375,3.84075863263947
2025-02-05 12:00:00,33379.0,31854.287,1524.712890625,1524.712890625,4.567880675349771
2025-02-05 13:00:00,35259.0,33645.664,1613.3359375,1613.3359375,4.575671282509431
2025-02-05 14:00:00,36547.0,35189.777,1357.22265625,1357.22265625,3.7136362936766356
2025-02-05 15:00:00,36668.0,35273.832,1394.16796875,1394.16796875,3.8021380188447695
2025-02-05 16:00:00,36633.0,35296.22,1336.78125,1336.78125,3.64911759888625
2025-02-05 17:00:00,36516.0,35277.703,1238.296875,1238.296875,3.3911076651330925
2025-02-05 18:00:00,36411.0,35249.582,1161.41796875,1161.41796875,3.189744771497624
2025-02-05 19:00:00,36064.0,34605.867,1458.1328125,1458.1328125,4.043181046195652
2025-02-05 20:00:00,35710.0,34354.137,1355.86328125,1355.86328125,3.796872812237469
2025-02-05 21:00:00,35443.0,34231.656,1211.34375,1211.34375,3.4177235279180658
2025-02-05 22:00:00,35217.0,34205.617,1011.3828125,1011.3828125,2.871859648749184
2025-02-05 23:00:00,35233.0,34238.08,994.921875,994.921875,2.8238352538813043
2025-02-06 00:00:00,35417.0,34388.547,1028.453125,1028.453125,2.9038403167970186
2025-02-06 01:00:00,35718.0,34820.652,897.34765625,897.34765625,2.5123121570356686
2025-02-06 02:00:00,35309.0,34660.22,648.78125,648.78125,1.837438754991645
2025-02-06 03:00:00,34726.0,34438.812,287.1875,287.1875,0.8270100213096815
2025-02-06 04:00:00,33729.0,33729.227,-0.2265625,0.2265625,0.0006717142518307688
2025-02-06 05:00:00,32474.0,32483.121,-9.12109375,9.12109375,0.02808737374514997
2025-02-06 06:00:00,31400.0,31353.717,46.283203125,46.283203125,0.14739873606687898
2025-02-06 07:00:00,30622.0,31005.922,-383.921875,383.921875,1.2537452648422702
2025-02-06 08:00:00,30265.0,30616.562,-351.5625,351.5625,1.1616140756649596
2025-02-06 09:00:00,30153.0,30632.56,-479.560546875,479.560546875,1.590423993881206
2025-02-06 10:00:00,30307.0,30938.303,-631.302734375,631.302734375,2.0830261470122413
2025-02-06 11:00:00,30676.0,31344.371,-668.37109375,668.37109375,2.178807842450124
2025-02-06 12:00:00,31937.0,32273.2,-336.19921875,336.19921875,1.0526950519773304
2025-02-06 13:00:00,34040.0,34034.332,5.66796875,5.66796875,0.016650907021151587
2025-02-06 14:00:00,35338.0,34863.207,474.79296875,474.79296875,1.3435762316769482
2025-02-06 15:00:00,35506.0,34912.492,593.5078125,593.5078125,1.6715704740043937
2025-02-06 16:00:00,35122.0,34509.965,612.03515625,612.03515625,1.7425976773816982
2025-02-06 17:00:00,34801.0,34639.65,161.3515625,161.3515625,0.4636405922243614
2025-02-06 18:00:00,34309.0,34498.492,-189.4921875,189.4921875,0.5523104360371913
2025-02-06 19:00:00,33911.0,34313.934,-402.93359375,402.93359375,1.1882091172480906
2025-02-06 20:00:00,33678.0,33690.242,-12.2421875,12.2421875,0.036350696300255364
2025-02-06 21:00:00,33456.0,33489.316,-33.31640625,33.31640625,0.09958275421449068
2025-02-06 22:00:00,33218.0,33407.2,-189.19921875,189.19921875,0.5695683627852369
2025-02-06 23:00:00,33301.0,33864.01,-563.01171875,563.01171875,1.6906751111077745
2025-02-07 00:00:00,33821.0,34140.914,-319.9140625,319.9140625,0.9459036175748794
2025-02-07 01:00:00,34878.0,34347.71,530.2890625,530.2890625,1.520411326624233
2025-02-07 02:00:00,35165.0,34400.266,764.734375,764.734375,2.1747031849850704
2025-02-07 03:00:00,34993.0,33808.61,1184.390625,1184.390625,3.384650144314577
2025-02-07 04:00:00,34389.0,33093.52,1295.48046875,1295.48046875,3.767136202710169
2025-02-07 05:00:00,33321.0,31996.357,1324.642578125,1324.642578125,3.9753986318687913
2025-02-07 06:00:00,32353.0,31083.354,1269.646484375,1269.646484375,3.924354725605044
2025-02-07 07:00:00,31661.0,30595.979,1065.021484375,1065.021484375,3.363827688244212
2025-02-07 08:00:00,31289.0,30467.018,821.982421875,821.982421875,2.6270651726645147
2025-02-07 09:00:00,31162.0,30352.352,809.6484375,809.6484375,2.598191507284513
2025-02-07 10:00:00,31286.0,30577.664,708.3359375,708.3359375,2.2640667950521
2025-02-07 11:00:00,31730.0,30648.855,1081.14453125,1081.14453125,3.4073259730538923
2025-02-07 12:00:00,32872.0,31543.588,1328.412109375,1328.412109375,4.041166066485155
2025-02-07 13:00:00,34738.0,33459.703,1278.296875,1278.296875,3.6798228884794746
2025-02-07 14:00:00,35965.0,34724.633,1240.3671875,1240.3671875,3.448817426664813
2025-02-07 15:00:00,36012.0,34873.023,1138.9765625,1138.9765625,3.162769528212818
2025-02-07 16:00:00,35772.0,34434.87,1337.12890625,1337.12890625,3.7379204580398078
2025-02-07 17:00:00,35551.0,33972.668,1578.33203125,1578.33203125,4.439627665185228
2025-02-07 18:00:00,35163.0,33537.203,1625.796875,1625.796875,4.623601157466655
2025-02-07 19:00:00,34712.0,33292.477,1419.5234375,1419.5234375,4.089431428612583
2025-02-07 20:00:00,34373.0,33003.96,1369.0390625,1369.0390625,3.982890822738778
2025-02-07 21:00:00,34003.0,32716.652,1286.34765625,1286.34765625,3.7830416617651386
2025-02-07 22:00:00,33868.0,32622.729,1245.271484375,1245.271484375,3.676837972053266
2025-02-07 23:00:00,33973.0,32880.42,1092.578125,1092.578125,3.216018970947517
2025-02-08 00:00:00,34216.0,32046.65,2169.349609375,2169.349609375,6.340161355433131
2025-02-08 01:00:00,34606.0,32521.35,2084.650390625,2084.650390625,6.0239565122377625
2025-02-08 02:00:00,34379.0,32983.734,1395.265625,1395.265625,4.058482285697664
2025-02-08 03:00:00,33827.0,32578.018,1248.982421875,1248.982421875,3.6922648235876667
2025-02-08 04:00:00,33190.0,32288.82,901.1796875,901.1796875,2.715214484784574
2025-02-08 05:00:00,32158.0,31315.604,842.396484375,842.396484375,2.619554961051682
2025-02-08 06:00:00,31195.0,30022.854,1172.146484375,1172.146484375,3.7574819181759893
2025-02-08 07:00:00,30404.0,29539.03,864.970703125,864.970703125,2.844924033433101
2025-02-08 08:00:00,29844.0,29235.094,608.90625,608.90625,2.0402970446320867
2025-02-08 09:00:00,29514.0,29279.232,234.767578125,234.767578125,0.7954447995019314
2025-02-08 10:00:00,29509.0,29279.906,229.09375,229.09375,0.7763521298586872
2025-02-08 11:00:00,29742.0,29554.814,187.185546875,187.185546875,0.629364356381548
2025-02-08 12:00:00,30134.0,30126.154,7.845703125,7.845703125,0.02603604939603106
2025-02-08 13:00:00,30966.0,31778.49,-812.490234375,812.490234375,2.623813971371827
2025-02-08 14:00:00,31864.0,33078.957,-1214.95703125,1214.95703125,3.8129457420600055
2025-02-08 15:00:00,32706.0,33631.33,-925.328125,925.328125,2.829230492875925
2025-02-08 16:00:00,33357.0,32957.957,399.04296875,399.04296875,1.1962795477710826
2025-02-08 17:00:00,33558.0,32362.451,1195.548828125,1195.548828125,3.5626343289975564
2025-02-08 18:00:00,33349.0,32369.094,979.90625,979.90625,2.9383377312663046
2025-02-08 19:00:00,33083.0,31683.95,1399.05078125,1399.05078125,4.228911468881299
2025-02-08 20:00:00,32606.0,31429.967,1176.033203125,1176.033203125,3.606799985048764
2025-02-08 21:00:00,32142.0,31236.947,905.052734375,905.052734375,2.81579470591438
2025-02-08 22:00:00,31924.0,31400.568,523.431640625,523.431640625,1.6396179696309985
2025-02-08 23:00:00,32131.0,32027.021,103.978515625,103.978515625,0.323608090706794
2025-02-09 00:00:00,32788.0,32489.098,298.90234375,298.90234375,0.9116211533182872
2025-02-09 01:00:00,33864.0,32770.117,1093.8828125,1093.8828125,3.2302232828372315
2025-02-09 02:00:00,34088.0,32748.121,1339.87890625,1339.87890625,3.9306468735332083
2025-02-09 03:00:00,33994.0,32611.736,1382.263671875,1382.263671875,4.066198952388657
2025-02-09 04:00:00,33664.0,32170.988,1493.01171875,1493.01171875,4.4350395637773286
2025-02-09 05:00:00,33097.0,31628.676,1468.32421875,1468.32421875,4.436426923135027
2025-02-09 06:00:00,32441.0,31242.613,1198.38671875,1198.38671875,3.69404987130483
2025-02-09 07:00:00,32142.0,31448.432,693.568359375,693.568359375,2.1578257711872317
2025-02-09 08:00:00,31904.0,30757.55,1146.44921875,1146.44921875,3.593434110926529
2025-02-09 09:00:00,31812.0,30829.646,982.353515625,982.353515625,3.0879967170407396
2025-02-09 10:00:00,31880.0,30729.107,1150.892578125,1150.892578125,3.6100770957496864
2025-02-09 11:00:00,32007.0,31211.66,795.33984375,795.33984375,2.4848934412784702
2025-02-09 12:00:00,32500.0,32006.941,493.05859375,493.05859375,1.5171033653846153
2025-02-09 13:00:00,33296.0,32713.873,582.126953125,582.126953125,1.7483389990539402
2025-02-09 14:00:00,34215.0,32985.43,1229.5703125,1229.5703125,3.5936586657898584
2025-02-09 15:00:00,34892.0,32383.354,2508.646484375,2508.646484375,7.189746888613435
2025-02-09 16:00:00,35008.0,32337.252,2670.748046875,2670.748046875,7.628964941941842
2025-02-09 17:00:00,34604.0,32173.152,2430.84765625,2430.84765625,7.024759149953763
2025-02-09 18:00:00,34131.0,32034.033,2096.966796875,2096.966796875,6.143877404339164
2025-02-09 19:00:00,33726.0,31343.836,2382.1640625,2382.1640625,7.06328667052126
2025-02-09 20:00:00,33324.0,30623.365,2700.634765625,2700.634765625,8.104173465445324
2025-02-09 21:00:00,32890.0,30042.865,2847.134765625,2847.134765625,8.656536228716934
2025-02-09 22:00:00,32661.0,29874.629,2786.37109375,2786.37109375,8.531187329689844
2025-02-09 23:00:00,32898.0,30793.615,2104.384765625,2104.384765625,6.396695135342574
2025-02-10 00:00:00,33167.0,32302.543,864.45703125,864.45703125,2.6063769145536226
2025-02-10 01:00:00,33746.0,32968.055,777.9453125,777.9453125,2.305296368458484
2025-02-10 02:00:00,33943.0,33428.633,514.3671875,514.3671875,1.5153851677812804
2025-02-10 03:00:00,34124.0,33434.676,689.32421875,689.32421875,2.0200569064294926
2025-02-10 04:00:00,34128.0,32970.98,1157.01953125,1157.01953125,3.3902353822374587
2025-02-10 05:00:00,33721.0,32377.562,1343.4375,1343.4375,3.9839788262507043
2025-02-10 06:00:00,32840.0,31803.87,1036.130859375,1036.130859375,3.155087878730207
2025-02-10 07:00:00,32347.0,31419.293,927.70703125,927.70703125,2.8679847628837294
2025-02-10 08:00:00,32243.0,31294.49,948.509765625,948.509765625,2.9417540725893994
2025-02-10 09:00:00,32381.0,31420.904,960.095703125,960.095703125,2.9649970758315063
2025-02-10 10:00:00,32697.0,31645.414,1051.5859375,1051.5859375,3.216154196103618
2025-02-10 11:00:00,33313.0,32189.27,1123.73046875,1123.73046875,3.3732490881937984
2025-02-10 12:00:00,34673.0,32770.92,1902.078125,1902.078125,5.485761615666369
2025-02-10 13:00:00,36880.0,34432.984,2447.015625,2447.015625,6.635074905097614
2025-02-10 14:00:00,38154.0,35083.77,3070.23046875,3070.23046875,8.046942571552131
2025-02-10 15:00:00,38298.0,35682.2,2615.80078125,2615.80078125,6.830123717295942
2025-02-10 16:00:00,38182.0,35564.66,2617.33984375,2617.33984375,6.8549050436069345
2025-02-10 17:00:00,37883.0,35642.395,2240.60546875,2240.60546875,5.914540740569649
2025-02-10 18:00:00,37473.0,34832.918,2640.08203125,2640.08203125,7.045291359779041
2025-02-10 19:00:00,37018.0,34692.625,2325.375,2325.375,6.281741315035928
2025-02-10 20:00:00,36589.0,34449.54,2139.4609375,2139.4609375,5.847279066112766
2025-02-10 21:00:00,36295.0,33664.0,2631.0,2631.0,7.248932359829177
2025-02-10 22:00:00,36155.0,33568.934,2586.06640625,2586.06640625,7.152721355967364
2025-02-10 23:00:00,36580.0,33896.363,2683.63671875,2683.63671875,7.3363496958720615
2025-02-11 00:00:00,37266.0,33583.234,3682.765625,3682.765625,9.882374349272796
2025-02-11 01:00:00,38021.0,33963.105,4057.89453125,4057.89453125,10.67277170839799
2025-02-11 02:00:00,37991.0,34029.918,3961.08203125,3961.08203125,10.426369485536048
2025-02-11 03:00:00,37575.0,34427.105,3147.89453125,3147.89453125,8.377630156353959
2025-02-11 04:00:00,36764.0,33962.78,2801.21875,2801.21875,7.619461293656839
2025-02-11 05:00:00,35567.0,33190.11,2376.890625,2376.890625,6.682853839232997
2025-02-11 06:00:00,34530.0,32175.91,2354.08984375,2354.08984375,6.817520543730089
2025-02-11 07:00:00,33841.0,31932.236,1908.763671875,1908.763671875,5.640387907789368
2025-02-11 08:00:00,33546.0,32059.707,1486.29296875,1486.29296875,4.430611604215107
2025-02-11 09:00:00,33519.0,31996.496,1522.50390625,1522.50390625,4.542211600137236
2025-02-11 10:00:00,33649.0,32342.936,1306.064453125,1306.064453125,3.8814361589497457
2025-02-11 11:00:00,34254.0,32962.797,1291.203125,1291.203125,3.769495898289251
2025-02-11 12:00:00,35610.0,34308.137,1301.86328125,1301.86328125,3.655892393288402
2025-02-11 13:00:00,37682.0,36345.645,1336.35546875,1336.35546875,3.546402708853033
2025-02-11 14:00:00,39080.0,37471.223,1608.77734375,1608.77734375,4.116625751663254
2025-02-11 15:00:00,39392.0,37573.406,1818.59375,1818.59375,4.616657570064988
2025-02-11 16:00:00,39370.0,37230.82,2139.1796875,2139.1796875,5.433527273304547
2025-02-11 17:00:00,39274.0,37221.73,2052.26953125,2052.26953125,5.225516960966543
2025-02-11 18:00:00,38853.0,37269.44,1583.55859375,1583.55859375,4.075769165186729
2025-02-11 19:00:00,38499.0,36801.84,1697.16015625,1697.16015625,4.408322699940259
2025-02-11 20:00:00,38253.0,36255.75,1997.25,1997.25,5.221159124774528
2025-02-11 21:00:00,38000.0,36069.27,1930.73046875,1930.73046875,5.080869654605263
2025-02-11 22:00:00,38054.0,36116.207,1937.79296875,1937.79296875,5.092218869895412
2025-02-11 23:00:00,38524.0,36573.12,1950.87890625,1950.87890625,5.064061120989513
2025-02-12 00:00:00,39145.0,37219.26,1925.73828125,1925.73828125,4.919500015966279
2025-02-12 01:00:00,39878.0,37170.125,2707.875,2707.875,6.790398214554391
2025-02-12 02:00:00,39721.0,37368.316,2352.68359375,2352.68359375,5.9230220632662824
2025-02-12 03:00:00,39283.0,37187.62,2095.37890625,2095.37890625,5.334060296438663
2025-02-12 04:00:00,38383.0,36384.11,1998.890625,1998.890625,5.207749850194096
2025-02-12 05:00:00,37188.0,35534.13,1653.87109375,1653.87109375,4.447324657819727
2025-02-12 06:00:00,36122.0,34382.35,1739.6484375,1739.6484375,4.816035760755218
2025-02-12 07:00:00,35522.0,34008.88,1513.12109375,1513.12109375,4.259673142700299
2025-02-12 08:00:00,35298.0,33842.043,1455.95703125,1455.95703125,4.124757865176497
2025-02-12 09:00:00,35262.0,34183.305,1078.6953125,1078.6953125,3.0590871547274685
2025-02-12 10:00:00,35438.0,34415.28,1022.71875,1022.71875,2.8859381172752414
2025-02-12 11:00:00,35908.0,34881.297,1026.703125,1026.703125,2.859260123092347
2025-02-12 12:00:00,37102.0,36067.94,1034.05859375,1034.05859375,2.787069682901191
2025-02-12 13:00:00,38687.0,37636.727,1050.2734375,1050.2734375,2.7147967986662187
2025-02-12 14:00:00,39847.0,38869.5,977.5,977.5,2.453133234622431
2025-02-12 15:00:00,40367.0,39347.453,1019.546875,1019.546875,2.5256939455495826
2025-02-12 16:00:00,40685.0,39314.285,1370.71484375,1370.71484375,3.369091418827578
2025-02-12 17:00:00,40796.0,39092.49,1703.51171875,1703.51171875,4.175683201171684
2025-02-12 18:00:00,40661.0,38935.22,1725.78125,1725.78125,4.244315806300878
2025-02-12 19:00:00,40336.0,38882.06,1453.94140625,1453.94140625,3.6045750849117417
2025-02-12 20:00:00,40046.0,38777.855,1268.14453125,1268.14453125,3.1667196005843277
2025-02-12 21:00:00,39792.0,38686.848,1105.15234375,1105.15234375,2.7773229386560114
2025-02-12 22:00:00,39759.0,38659.45,1099.55078125,1099.55078125,2.7655393275736313
2025-02-12 23:00:00,40133.0,38991.867,1141.1328125,1141.1328125,2.8433778000647845
2025-02-13 00:00:00,40901.0,39150.914,1750.0859375,1750.0859375,4.278834105523092
2025-02-13 01:00:00,42016.0,39396.65,2619.3515625,2619.3515625,6.234176414937167
2025-02-13 02:00:00,42200.0,39375.36,2824.640625,2824.640625,6.693461196682464
2025-02-13 03:00:00,41944.0,39573.7,2370.30078125,2370.30078125,5.651108099489796
2025-02-13 04:00:00,41266.0,39186.004,2079.99609375,2079.99609375,5.040459685334174
2025-02-13 05:00:00,40229.0,38270.27,1958.73046875,1958.73046875,4.868951424967063
2025-02-13 06:00:00,39431.0,37870.02,1560.98046875,1560.98046875,3.9587645982856126
2025-02-13 07:00:00,38998.0,37253.05,1744.94921875,1744.94921875,4.474458225421817
2025-02-13 08:00:00,38913.0,37625.406,1287.59375,1287.59375,3.3089038367640633
2025-02-13 09:00:00,38999.0,37531.074,1467.92578125,1467.92578125,3.764008772660837
2025-02-13 10:00:00,39274.0,37542.34,1731.66015625,1731.66015625,4.409176952309416
2025-02-13 11:00:00,39998.0,37634.656,2363.34375,2363.34375,5.908654807740387
2025-02-13 12:00:00,41317.0,38200.016,3116.984375,3116.984375,7.54407235520488
2025-02-13 13:00:00,43208.0,39212.457,3995.54296875,3995.54296875,9.247229607364376
2025-02-13 14:00:00,44348.0,39423.195,4924.8046875,4924.8046875,11.10490819766393
2025-02-13 15:00:00,44015.0,38659.234,5355.765625,5355.765625,12.168046404634783
2025-02-13 16:00:00,42970.0,38673.277,4296.72265625,4296.72265625,9.999354564230858
2025-02-13 17:00:00,41816.0,38645.11,3170.890625,3170.890625,7.582960170748039
2025-02-13 18:00:00,40600.0,38583.723,2016.27734375,2016.27734375,4.96620035406404
2025-02-13 19:00:00,39615.0,38472.543,1142.45703125,1142.45703125,2.8839001167487064
2025-02-13 20:00:00,38577.0,38451.586,125.4140625,125.4140625,0.3251006104673769
2025-02-13 21:00:00,37593.0,38134.965,-541.96484375,541.96484375,1.4416642559785067
2025-02-13 22:00:00,36940.0,37715.207,-775.20703125,775.20703125,2.0985572042501355
2025-02-13 23:00:00,37104.0,38179.375,-1075.375,1075.375,2.898272423458387
2025-02-14 00:00:00,38175.0,38603.883,-428.8828125,428.8828125,1.1234651277013752
2025-02-14 01:00:00,39892.0,39311.91,580.08984375,580.08984375,1.4541508165797654
2025-02-14 02:00:00,40476.0,39458.98,1017.01953125,1017.01953125,2.5126483131979445
2025-02-14 03:00:00,40470.0,39077.81,1392.19140625,1392.19140625,3.440057836051396
2025-02-14 04:00:00,39993.0,38861.83,1131.171875,1131.171875,2.8284246618158178
2025-02-14 05:00:00,39136.0,37592.688,1543.3125,1543.3125,3.943459985690924
2025-02-14 06:00:00,38275.0,37407.246,867.75390625,867.75390625,2.2671558621815806
2025-02-14 07:00:00,37742.0,36974.055,767.9453125,767.9453125,2.034723418207832
2025-02-14 08:00:00,37521.0,36227.863,1293.13671875,1293.13671875,3.4464345799685514
2025-02-14 09:00:00,37461.0,36486.055,974.9453125,974.9453125,2.6025608299297938
2025-02-14 10:00:00,37518.0,36866.68,651.3203125,651.3203125,1.7360208766458767
2025-02-14 11:00:00,37840.0,37269.926,570.07421875,570.07421875,1.5065386330602537
2025-02-14 12:00:00,38839.0,38080.11,758.890625,758.890625,1.9539396611653235
2025-02-14 13:00:00,40398.0,39585.867,812.1328125,812.1328125,2.0103292551611465
2025-02-14 14:00:00,41268.0,40642.473,625.52734375,625.52734375,1.5157684979887565
2025-02-14 15:00:00,41291.0,39758.73,1532.26953125,1532.26953125,3.710904388970962
2025-02-14 16:00:00,40840.0,38549.684,2290.31640625,2290.31640625,5.608022542238002
2025-02-14 17:00:00,40121.0,37933.92,2187.078125,2187.078125,5.451205416116248
2025-02-14 18:00:00,39149.0,37222.26,1926.73828125,1926.73828125,4.921551715880355
2025-02-14 19:00:00,38062.0,36899.316,1162.68359375,1162.68359375,3.0547096677788868
2025-02-14 20:00:00,37235.0,35751.363,1483.63671875,1483.63671875,3.9845218712233113
2025-02-14 21:00:00,36529.0,35250.555,1278.4453125,1278.4453125,3.499809226915601
2025-02-14 22:00:00,35994.0,34871.098,1122.90234375,1122.90234375,3.119693125937656
2025-02-14 23:00:00,35881.0,34763.703,1117.296875,1117.296875,3.1138955854073185
2025-02-15 00:00:00,36071.0,34286.746,1784.25390625,1784.25390625,4.946505243131601
2025-02-15 01:00:00,36573.0,35752.09,820.91015625,820.91015625,2.2445797617094576
2025-02-15 02:00:00,36279.0,36017.613,261.38671875,261.38671875,0.7204904180104192
2025-02-15 03:00:00,35760.0,35999.656,-239.65625,239.65625,0.6701796700223713
2025-02-15 04:00:00,35024.0,35565.688,-541.6875,541.6875,1.546618033348561
2025-02-15 05:00:00,34093.0,34240.21,-147.2109375,147.2109375,0.43179226674097326
2025-02-15 06:00:00,33167.0,33272.055,-105.0546875,105.0546875,0.31674461814454125
2025-02-15 07:00:00,32370.0,33158.395,-788.39453125,788.39453125,2.4355716133765832
2025-02-15 08:00:00,31957.0,32990.426,-1033.42578125,1033.42578125,3.233800986481835
2025-02-15 09:00:00,31707.0,32827.28,-1120.28125,1120.28125,3.5332300438389
2025-02-15 10:00:00,31587.0,32747.02,-1160.01953125,1160.01953125,3.672458705321809
2025-02-15 11:00:00,31711.0,32847.51,-1136.51171875,1136.51171875,3.58396682144997
2025-02-15 12:00:00,32190.0,33313.32,-1123.3203125,1123.3203125,3.4896561432121773
2025-02-15 13:00:00,32861.0,34838.984,-1977.984375,1977.984375,6.019245838531998
2025-02-15 14:00:00,33653.0,35697.25,-2044.25,2044.25,6.0744955873176245
2025-02-15 15:00:00,34270.0,36399.5,-2129.5,2129.5,6.21388969944558
2025-02-15 16:00:00,34867.0,36201.305,-1334.3046875,1334.3046875,3.826841103335532
2025-02-15 17:00:00,35121.0,36087.633,-966.6328125,966.6328125,2.752292965746989
2025-02-15 18:00:00,35213.0,35363.082,-150.08203125,150.08203125,0.4262119991196433
2025-02-15 19:00:00,35024.0,34688.676,335.32421875,335.32421875,0.9574126848732298
2025-02-15 20:00:00,34848.0,34799.23,48.76953125,48.76953125,0.13994929766414144
2025-02-15 21:00:00,34832.0,33951.816,880.18359375,880.18359375,2.5269395778307304
2025-02-15 22:00:00,35000.0,34052.62,947.37890625,947.37890625,2.706796875
2025-02-15 23:00:00,35496.0,34159.902,1336.09765625,1336.09765625,3.764079491351138
2025-02-16 00:00:00,36284.0,34764.695,1519.3046875,1519.3046875,4.187257985613494
2025-02-16 01:00:00,37153.0,35021.1,2131.8984375,2131.8984375,5.738159603531344
2025-02-16 02:00:00,37373.0,35112.99,2260.01171875,2260.01171875,6.047177691782838
2025-02-16 03:00:00,37302.0,35048.496,2253.50390625,2253.50390625,6.041241505147177
2025-02-16 04:00:00,37022.0,34766.74,2255.26171875,2255.26171875,6.091679862649236
2025-02-16 05:00:00,36530.0,34660.04,1869.9609375,1869.9609375,5.11897327539009
2025-02-16 06:00:00,36049.0,33781.645,2267.35546875,2267.35546875,6.289648724652556
2025-02-16 07:00:00,35720.0,33619.316,2100.68359375,2100.68359375,5.880973106802911
2025-02-16 08:00:00,35688.0,33660.89,2027.109375,2027.109375,5.680086793880296
2025-02-16 09:00:00,35848.0,33720.137,2127.86328125,2127.86328125,5.935793576350145
2025-02-16 10:00:00,36091.0,33763.406,2327.59375,2327.59375,6.449235959103378
2025-02-16 11:00:00,36561.0,33868.65,2692.3515625,2692.3515625,7.363998693963512
2025-02-16 12:00:00,37147.0,34013.977,3133.0234375,3133.0234375,8.434122371927746
2025-02-16 13:00:00,38110.0,34872.88,3237.12109375,3237.12109375,8.49415138743112
2025-02-16 14:00:00,39043.0,36165.773,2877.2265625,2877.2265625,7.369378793893912
2025-02-16 15:00:00,39493.0,36429.59,3063.41015625,3063.41015625,7.756843380472489
2025-02-16 16:00:00,39291.0,36335.062,2955.9375,2955.9375,7.523192334122318
2025-02-16 17:00:00,38608.0,36477.902,2130.09765625,2130.09765625,5.517244240183381
2025-02-16 18:00:00,37827.0,36230.766,1596.234375,1596.234375,4.2198280989769215
2025-02-16 19:00:00,37088.0,35286.9,1801.1015625,1801.1015625,4.856291961011648
2025-02-16 20:00:00,36346.0,34491.848,1854.15234375,1854.15234375,5.101393120976174
2025-02-16 21:00:00,35596.0,34463.0,1133.0,1133.0,3.1829419035846724
2025-02-16 22:00:00,35258.0,34691.89,566.109375,566.109375,1.6056196466050259
2025-02-16 23:00:00,35626.0,35382.32,243.6796875,243.6796875,0.683993958064335
2025-02-17 00:00:00,36998.0,36784.63,213.37109375,213.37109375,0.5767098052597438
2025-02-17 01:00:00,38759.0,37019.695,1739.3046875,1739.3046875,4.487485971000284
2025-02-17 02:00:00,39485.0,37182.766,2302.234375,2302.234375,5.830655628719767
2025-02-17 03:00:00,39458.0,37214.82,2243.1796875,2243.1796875,5.684980707334381
2025-02-17 04:00:00,39166.0,36503.24,2662.76171875,2662.76171875,6.798656280319665
2025-02-17 05:00:00,38384.0,35898.582,2485.41796875,2485.41796875,6.475140602204044
2025-02-17 06:00:00,37722.0,35496.44,2225.55859375,2225.55859375,5.8998955350988815
2025-02-17 07:00:00,37406.0,35832.734,1573.265625,1573.265625,4.2059178340373204
2025-02-17 08:00:00,37299.0,35460.6,1838.3984375,1838.3984375,4.928814277862678
2025-02-17 09:00:00,37388.0,35472.668,1915.33203125,1915.33203125,5.122852335642452
2025-02-17 10:00:00,37598.0,35688.027,1909.97265625,1909.97265625,5.079984723256556
2025-02-17 11:00:00,38202.0,36349.805,1852.1953125,1852.1953125,4.848424984294017
2025-02-17 12:00:00,39465.0,37118.477,2346.5234375,2346.5234375,5.945834125174205
2025-02-17 13:00:00,41211.0,38067.176,3143.82421875,3143.82421875,7.628604544296426
2025-02-17 14:00:00,42390.0,39441.05,2948.94921875,2948.94921875,6.956709645553197
2025-02-17 15:00:00,42468.0,39344.79,3123.2109375,3123.2109375,7.354268949562023
2025-02-17 16:00:00,41780.0,39002.363,2777.63671875,2777.63671875,6.64824489887506
2025-02-17 17:00:00,40903.0,38551.61,2351.390625,2351.390625,5.748699667506051
2025-02-17 18:00:00,40101.0,37712.855,2388.14453125,2388.14453125,5.955324134684921
2025-02-17 19:00:00,39169.0,37423.51,1745.48828125,1745.48828125,4.456300342745538
2025-02-17 20:00:00,38445.0,37228.195,1216.8046875,1216.8046875,3.165053160358954
2025-02-17 21:00:00,37883.0,36452.574,1430.42578125,1430.42578125,3.7759041819549664
2025-02-17 22:00:00,37811.0,36714.54,1096.4609375,1096.4609375,2.899846440189363
2025-02-17 23:00:00,38095.0,36743.93,1351.0703125,1351.0703125,3.546581736448353
2025-02-18 00:00:00,38843.0,37255.812,1587.1875,1587.1875,4.086160955641943
2025-02-18 01:00:00,40049.0,37805.426,2243.57421875,2243.57421875,5.602073007440885
2025-02-18 02:00:00,40268.0,38515.875,1752.125,1752.125,4.351159729810272
2025-02-18 03:00:00,40125.0,38677.656,1447.34375,1447.34375,3.6070872274143304
2025-02-18 04:00:00,39646.0,38495.96,1150.0390625,1150.0390625,2.900769466024315
2025-02-18 05:00:00,38914.0,37741.28,1172.71875,1172.71875,3.013616564732487
2025-02-18 06:00:00,38176.0,37588.992,587.0078125,587.0078125,1.5376357200859179
2025-02-20 07:00:00,43486.0,41221.508,2264.4921875,2264.4921875,5.207405113139861
2025-02-20 08:00:00,43424.0,40501.652,2922.34765625,2922.34765625,6.729798397775423
2025-02-20 09:00:00,43582.0,41191.977,2390.0234375,2390.0234375,5.483969155844156
2025-02-20 10:00:00,43777.0,42657.24,1119.76171875,1119.76171875,2.557876781757544
2025-02-20 11:00:00,44313.0,42602.28,1710.71875,1710.71875,3.860534718931239
2025-02-20 12:00:00,45499.0,43225.43,2273.5703125,2273.5703125,4.996967653135234
2025-02-20 13:00:00,47177.0,43684.355,3492.64453125,3492.64453125,7.4032781466604485
2025-02-20 14:00:00,47946.0,44464.734,3481.265625,3481.265625,7.2608051245150795
2025-02-20 15:00:00,47338.0,44151.746,3186.25390625,3186.25390625,6.730858731357473
2025-02-20 16:00:00,46249.0,43734.742,2514.2578125,2514.2578125,5.436350650824882
2025-02-20 17:00:00,45027.0,43199.5,1827.5,1827.5,4.05867590556777
2025-02-20 18:00:00,43820.0,41958.64,1861.359375,1861.359375,4.247739331355546
2025-02-20 19:00:00,42609.0,41693.76,915.23828125,915.23828125,2.147992868290737
2025-02-20 20:00:00,41475.0,41669.69,-194.69140625,194.69140625,0.4694187010247137
2025-02-20 21:00:00,40557.0,41981.477,-1424.4765625,1424.4765625,3.5122828673225337
2025-02-20 22:00:00,39951.0,42055.348,-2104.34765625,2104.34765625,5.267321609596756
2025-02-20 23:00:00,40119.0,41977.49,-1858.48828125,1858.48828125,4.632439196515366
2025-02-21 00:00:00,41354.0,41771.496,-417.49609375,417.49609375,1.0095664113507763
2025-02-21 01:00:00,43303.0,41653.137,1649.86328125,1649.86328125,3.810043833568113
2025-02-21 02:00:00,44035.0,42256.863,1778.13671875,1778.13671875,4.038007763710684
2025-02-21 03:00:00,44097.0,42643.523,1453.4765625,1453.4765625,3.2960894448601943
2025-02-21 04:00:00,43659.0,42067.848,1591.15234375,1591.15234375,3.6445002032799647
2025-02-21 05:00:00,42810.0,41128.996,1681.00390625,1681.00390625,3.926661775870124
2025-02-21 06:00:00,42147.0,41045.637,1101.36328125,1101.36328125,2.6131475104989677
2025-02-21 07:00:00,41755.0,39953.277,1801.72265625,1801.72265625,4.31498660340079
2025-02-21 08:00:00,41590.0,39783.754,1806.24609375,1806.24609375,4.342981711348882
2025-02-21 09:00:00,41692.0,40291.395,1400.60546875,1400.60546875,3.359410603353161
2025-02-21 10:00:00,41834.0,39804.867,2029.1328125,2029.1328125,4.850439385428121
2025-02-21 11:00:00,42329.0,40802.13,1526.87109375,1526.87109375,3.6071513471851446
2025-02-21 12:00:00,43362.0,41805.754,1556.24609375,1556.24609375,3.588962902426087
2025-02-21 13:00:00,45227.0,43000.35,2226.6484375,2226.6484375,4.923272464457072
2025-02-21 14:00:00,46021.0,43535.625,2485.375,2485.375,5.4005236739749245
2025-02-21 15:00:00,45276.0,43311.457,1964.54296875,1964.54296875,4.339038273588656
2025-02-21 16:00:00,43911.0,42833.082,1077.91796875,1077.91796875,2.4547789135979596
2025-02-21 17:00:00,42648.0,41725.77,922.23046875,922.23046875,2.1624237215109736
2025-02-21 18:00:00,41391.0,41051.293,339.70703125,339.70703125,0.8207268035321689
2025-02-21 19:00:00,40337.0,39731.855,605.14453125,605.14453125,1.5002219581277736
2025-02-21 20:00:00,39523.0,38921.42,601.578125,601.578125,1.5220963110087797
2025-02-21 21:00:00,38705.0,38356.918,348.08203125,348.08203125,0.8993205819661543
2025-02-21 22:00:00,38260.0,38269.45,-9.44921875,9.44921875,0.024697383037114478
2025-02-21 23:00:00,38382.0,38197.992,184.0078125,184.0078125,0.4794117359699859
2025-02-22 00:00:00,38885.0,38244.24,640.76171875,640.76171875,1.6478377748489135
2025-02-22 01:00:00,39926.0,39028.668,897.33203125,897.33203125,2.247487930796974
2025-02-22 02:00:00,40195.0,39402.15,792.8515625,792.8515625,1.972512905834059
2025-02-22 03:00:00,40026.0,39580.223,445.77734375,445.77734375,1.1137194417378704
2025-02-22 04:00:00,39602.0,38854.14,747.859375,747.859375,1.888438399575779
2025-02-22 05:00:00,38777.0,38001.348,775.65234375,775.65234375,2.00028971748717
2025-02-22 06:00:00,37941.0,37545.96,395.0390625,395.0390625,1.041193069502649
2025-02-22 07:00:00,37422.0,37591.438,-169.4375,169.4375,0.4527751055528833
2025-02-22 08:00:00,36975.0,37583.273,-608.2734375,608.2734375,1.645093813387424
2025-02-22 09:00:00,36884.0,37605.773,-721.7734375,721.7734375,1.9568740849690922
2025-02-22 10:00:00,36849.0,37440.746,-591.74609375,591.74609375,1.6058674421286872
2025-02-22 11:00:00,37167.0,37419.023,-252.0234375,252.0234375,0.6780838848978933
2025-02-22 12:00:00,37832.0,37628.637,203.36328125,203.36328125,0.5375430356576444
2025-02-22 13:00:00,38755.0,39163.96,-408.9609375,408.9609375,1.0552469036253387
2025-02-22 14:00:00,39278.0,40229.22,-951.21875,951.21875,2.4217596364377005
2025-02-22 15:00:00,38652.0,38565.33,86.671875,86.671875,0.2242364560695436
2025-02-22 16:00:00,37539.0,37580.86,-41.859375,41.859375,0.1115090306081675
2025-02-22 17:00:00,36307.0,36831.766,-524.765625,524.765625,1.4453566116726804
2025-02-22 18:00:00,35034.0,35765.99,-731.98828125,731.98828125,2.089365420020551
2025-02-22 19:00:00,33837.0,34973.824,-1136.82421875,1136.82421875,3.3597074762833588
2025-02-22 20:00:00,32774.0,34825.734,-2051.734375,2051.734375,6.260250122047966
2025-02-22 21:00:00,31920.0,33734.113,-1814.11328125,1814.11328125,5.683312284617795
2025-02-22 22:00:00,31436.0,33357.945,-1921.9453125,1921.9453125,6.113835451393307
2025-02-22 23:00:00,31509.0,33781.906,-2272.90625,2272.90625,7.213514392713193
2025-02-23 00:00:00,32210.0,34856.07,-2646.0703125,2646.0703125,8.215058405774604
2025-02-23 01:00:00,33586.0,35627.203,-2041.203125,2041.203125,6.077541609599238
2025-02-23 02:00:00,34221.0,35739.305,-1518.3046875,1518.3046875,4.436763062154817
2025-02-23 03:00:00,34332.0,35713.41,-1381.41015625,1381.41015625,4.02368098639753
2025-02-23 04:00:00,34219.0,35777.56,-1558.55859375,1558.55859375,4.554658504778048
2025-02-23 05:00:00,33673.0,34711.926,-1038.92578125,1038.92578125,3.085337752056544
2025-02-23 06:00:00,33139.0,34009.16,-870.16015625,870.16015625,2.6257888175563537
2025-02-23 07:00:00,32779.0,33991.01,-1212.01171875,1212.01171875,3.6975249969492663
2025-02-23 08:00:00,32604.0,33542.43,-938.4296875,938.4296875,2.8782655119003806
2025-02-23 09:00:00,32622.0,33559.363,-937.36328125,937.36328125,2.873408378548219
2025-02-23 10:00:00,32680.0,33419.02,-739.01953125,739.01953125,2.2613816745716036
2025-02-23 11:00:00,32966.0,33591.023,-625.0234375,625.0234375,1.8959638339501304
2025-02-23 12:00:00,33448.0,34141.06,-693.05859375,693.05859375,2.0720479363489597
2025-02-23 13:00:00,34292.0,34677.438,-385.4375,385.4375,1.1239866441152455
2025-02-23 14:00:00,34869.0,34711.14,157.859375,157.859375,0.45272125670366226
2025-02-23 15:00:00,34555.0,33908.723,646.27734375,646.27734375,1.8702860476052672
2025-02-23 16:00:00,33685.0,33189.617,495.3828125,495.3828125,1.4706332566424225
2025-02-23 17:00:00,32724.0,32200.814,523.185546875,523.185546875,1.5987823825785354
2025-02-23 18:00:00,31875.0,31341.578,533.421875,533.421875,1.6734803921568626
2025-02-23 19:00:00,31228.0,30599.045,628.955078125,628.955078125,2.014074158207378
2025-02-23 20:00:00,30613.0,29857.361,755.638671875,755.638671875,2.46835877527521
2025-02-23 21:00:00,30155.0,29389.35,765.650390625,765.650390625,2.5390495460951747
2025-02-23 22:00:00,29821.0,29078.998,742.001953125,742.001953125,2.488186020338017
2025-02-23 23:00:00,30093.0,29237.006,855.994140625,855.994140625,2.844495864902137
2025-02-24 00:00:00,30860.0,30875.195,-15.1953125,15.1953125,0.049239509073233954
2025-02-24 01:00:00,32076.0,32177.895,-101.89453125,101.89453125,0.317665953516648
2025-02-24 02:00:00,32700.0,32451.951,248.048828125,248.048828125,0.758559107415902
2025-02-24 03:00:00,32566.0,32507.553,58.447265625,58.447265625,0.17947327158693116
2025-02-24 04:00:00,32101.0,32659.637,-558.63671875,558.63671875,1.7402470912121117
2025-02-24 05:00:00,31198.0,32145.875,-947.875,947.875,3.038255657413937
2025-02-24 06:00:00,30349.0,31417.154,-1068.154296875,1068.154296875,3.5195699920096213
2025-02-24 07:00:00,29794.0,30977.768,-1183.767578125,1183.767578125,3.9731743912364905
2025-02-24 08:00:00,29632.0,30860.309,-1228.30859375,1228.30859375,4.145209887115281
2025-02-24 09:00:00,29583.0,30710.398,-1127.3984375,1127.3984375,3.8109672362505496
2025-02-24 10:00:00,29843.0,30905.121,-1062.12109375,1062.12109375,3.5590292321482426
2025-02-24 11:00:00,30578.0,31456.125,-878.125,878.125,2.871754202367715
2025-02-24 12:00:00,31973.0,32503.758,-530.7578125,530.7578125,1.660018804929159
2025-02-24 13:00:00,34313.0,33132.113,1180.88671875,1180.88671875,3.441514058082942
2025-02-24 14:00:00,35369.0,33591.31,1777.69140625,1777.69140625,5.026128548305013
2025-02-24 15:00:00,34782.0,33242.44,1539.55859375,1539.55859375,4.426308417428555
2025-02-24 16:00:00,33886.0,32732.023,1153.9765625,1153.9765625,3.40546704391194
2025-02-24 17:00:00,32983.0,31900.523,1082.4765625,1082.4765625,3.2819226950247096
2025-02-24 18:00:00,32178.0,31392.783,785.216796875,785.216796875,2.4402287179905526
2025-02-24 19:00:00,31620.0,31377.377,242.623046875,242.623046875,0.7673088136464263
2025-02-24 20:00:00,31165.0,31584.389,-419.388671875,419.388671875,1.345704065056955
2025-02-24 21:00:00,30721.0,30950.145,-229.14453125,229.14453125,0.7458889074248886
2025-02-24 22:00:00,30393.0,30481.303,-88.302734375,88.302734375,0.2905364208041325
2025-02-24 23:00:00,30611.0,30402.93,208.0703125,208.0703125,0.6797239962758486
2025-02-25 00:00:00,30937.0,30445.475,491.525390625,491.525390625,1.588794616882697
2025-02-25 01:00:00,31696.0,31617.465,78.53515625,78.53515625,0.24777623753785968
2025-02-25 02:00:00,32004.0,31916.236,87.763671875,87.763671875,0.27422719620984876
2025-02-25 03:00:00,31683.0,31812.035,-129.03515625,129.03515625,0.40726937553262005
2025-02-25 04:00:00,31065.0,31243.627,-178.626953125,178.626953125,0.5750103110413649
2025-02-25 05:00:00,30028.0,30472.994,-444.994140625,444.994140625,1.4819306667943253
2025-02-25 06:00:00,29062.0,29703.033,-641.033203125,641.033203125,2.2057435934381666
2025-02-26 07:00:00,27606.0,28519.18,-913.1796875,913.1796875,3.3079029468231544
2025-02-26 08:00:00,27360.0,28676.486,-1316.486328125,1316.486328125,4.8117190355445905
2025-02-26 09:00:00,27220.0,28550.418,-1330.41796875,1330.41796875,4.887648672850845
2025-02-26 10:00:00,27339.0,28597.805,-1258.8046875,1258.8046875,4.60442842642379
2025-02-26 11:00:00,27918.0,29064.209,-1146.208984375,1146.208984375,4.10562713795759
2025-02-26 12:00:00,29302.0,30308.912,-1006.912109375,1006.912109375,3.4363255387857485
2025-02-26 13:00:00,31546.0,31851.037,-305.037109375,305.037109375,0.9669597076491473
2025-02-26 14:00:00,32645.0,32359.398,285.6015625,285.6015625,0.8748707688773166
2025-02-26 15:00:00,32236.0,31967.654,268.345703125,268.345703125,0.8324410693789552
2025-02-26 16:00:00,31555.0,31196.578,358.421875,358.421875,1.1358639676754874
2025-02-26 17:00:00,31146.0,30663.748,482.251953125,482.251953125,1.5483591893822641
2025-02-26 18:00:00,30855.0,30487.748,367.251953125,367.251953125,1.190251022929833
2025-02-26 19:00:00,30748.0,30149.982,598.017578125,598.017578125,1.9448991092916614
2025-02-26 20:00:00,30709.0,30146.611,562.388671875,562.388671875,1.8313480473965287
2025-02-26 21:00:00,30526.0,29939.035,586.96484375,586.96484375,1.9228357588612985
2025-02-26 22:00:00,30523.0,29971.33,551.669921875,551.669921875,1.8073908917046162
2025-02-26 23:00:00,30590.0,30117.57,472.4296875,472.4296875,1.544392571101667
2025-02-27 00:00:00,30811.0,30310.332,500.66796875,500.66796875,1.6249650084385447
2025-02-27 01:00:00,31518.0,30681.643,836.357421875,836.357421875,2.6535865913922203
2025-02-27 02:00:00,31854.0,31032.637,821.36328125,821.36328125,2.5785247731839016
2025-02-27 03:00:00,31561.0,30676.758,884.2421875,884.2421875,2.8016925556858148
2025-02-27 04:00:00,30877.0,29839.908,1037.091796875,1037.091796875,3.3587841981895914
2025-02-27 05:00:00,29861.0,29017.266,843.734375,843.734375,2.825539583403101
2025-02-27 06:00:00,28972.0,28239.928,732.072265625,732.072265625,2.5268268177032995
2025-02-27 07:00:00,28382.0,27681.902,700.09765625,700.09765625,2.466695991297301
2025-02-27 08:00:00,28151.0,27643.342,507.658203125,507.658203125,1.803339856932258
2025-02-27 09:00:00,28162.0,27748.492,413.5078125,413.5078125,1.468318345643065
2025-02-27 10:00:00,28377.0,27888.414,488.5859375,488.5859375,1.7217674084646015
2025-02-27 11:00:00,29002.0,28482.629,519.37109375,519.37109375,1.7908113018067722
2025-02-27 12:00:00,30367.0,29549.096,817.904296875,817.904296875,2.6933984156321005
2025-02-27 13:00:00,32576.0,31036.129,1539.87109375,1539.87109375,4.727010970499754
2025-02-27 14:00:00,33580.0,31645.68,1934.3203125,1934.3203125,5.760334462477665
2025-02-27 15:00:00,32961.0,31237.523,1723.4765625,1723.4765625,5.228835783198325
2025-02-27 16:00:00,32026.0,30491.662,1534.337890625,1534.337890625,4.790913291154062
2025-02-27 17:00:00,31431.0,30197.662,1233.337890625,1233.337890625,3.9239537101110367
2025-02-27 18:00:00,30977.0,29900.088,1076.912109375,1076.912109375,3.476489361058204
2025-02-27 19:00:00,30606.0,29908.836,697.1640625,697.1640625,2.277867289093642
2025-02-27 20:00:00,30421.0,29893.53,527.470703125,527.470703125,1.7339032350185728
2025-02-27 21:00:00,30128.0,29701.219,426.78125,426.78125,1.4165601765799258
2025-02-27 22:00:00,29941.0,29747.488,193.51171875,193.51171875,0.6463101391069103
2025-02-27 23:00:00,30029.0,29838.527,190.47265625,190.47265625,0.6342957016550668
2025-02-28 00:00:00,30243.0,29920.264,322.736328125,322.736328125,1.067143894868234
2025-02-28 01:00:00,31021.0,30413.297,607.703125,607.703125,1.9590055929853971
2025-02-28 02:00:00,31555.0,31031.168,523.83203125,523.83203125,1.6600603113611154
2025-02-28 03:00:00,31459.0,30816.174,642.826171875,642.826171875,2.043377640341397
2025-02-28 04:00:00,31055.0,30662.896,392.103515625,392.103515625,1.262609936000644
2025-02-28 05:00:00,30262.0,29747.03,514.970703125,514.970703125,1.701707432175666
2025-02-28 06:00:00,29432.0,28856.371,575.62890625,575.62890625,1.9557926958752379
2025-02-28 07:00:00,28921.0,28324.65,596.349609375,596.349609375,2.061995122488849
2025-02-28 08:00:00,28871.0,28482.88,388.119140625,388.119140625,1.3443217783415884
2025-02-28 09:00:00,28875.0,28275.766,599.234375,599.234375,2.0752705627705628
2025-02-28 10:00:00,29080.0,28389.098,690.90234375,690.90234375,2.3758677570495186
2025-02-28 11:00:00,29629.0,28925.307,703.693359375,703.693359375,2.375015556971211
2025-02-28 12:00:00,30973.0,29982.941,990.05859375,990.05859375,3.1965214662770802
2025-02-28 13:00:00,33113.0,31206.582,1906.41796875,1906.41796875,5.757309723522484
2025-02-28 14:00:00,34017.0,31825.814,2191.185546875,2191.185546875,6.441442651835846
2025-02-28 15:00:00,33324.0,31180.447,2143.552734375,2143.552734375,6.432459291726683
2025-02-28 16:00:00,32421.0,30731.238,1689.76171875,1689.76171875,5.211935840196169
2025-02-28 17:00:00,31627.0,30261.377,1365.623046875,1365.623046875,4.3179025733550445
2025-02-28 18:00:00,31096.0,30313.123,782.876953125,782.876953125,2.5176130470960896
2025-02-28 19:00:00,30696.0,30066.545,629.455078125,629.455078125,2.0506094544077405
2025-02-28 20:00:00,30536.0,30205.4,330.599609375,330.599609375,1.0826552573192296
2025-02-28 21:00:00,30359.0,29973.443,385.556640625,385.556640625,1.2699912402417735
2025-02-28 22:00:00,30249.0,29950.182,298.818359375,298.818359375,0.9878619437832655
2025-02-28 23:00:00,30280.0,29613.27,666.73046875,666.73046875,2.2018839786988114
2025-03-01 00:00:00,30406.0,29057.738,1348.26171875,1348.26171875,4.434196272939552
2025-03-01 01:00:00,30763.0,29303.537,1459.462890625,1459.462890625,4.744215098088613
2025-03-01 02:00:00,30864.0,29428.672,1435.328125,1435.328125,4.650492888154485
2025-03-01 03:00:00,30490.0,29542.896,947.103515625,947.103515625,3.1062758793866845
2025-03-01 04:00:00,29998.0,29314.23,683.76953125,683.76953125,2.2793837297486497
2025-03-01 05:00:00,29298.0,28827.502,470.498046875,470.498046875,1.6059049999146697
2025-03-01 06:00:00,28555.0,28115.701,439.298828125,439.298828125,1.5384304959726842
2025-03-01 07:00:00,27991.0,27697.564,293.435546875,293.435546875,1.048321056321675
2025-03-01 08:00:00,27707.0,27707.01,-0.009765625,0.009765625,3.524605695311654e-05
2025-03-01 09:00:00,27759.0,28135.803,-376.802734375,376.802734375,1.3574074511870025
2025-03-01 10:00:00,28072.0,28306.205,-234.205078125,234.205078125,0.8343013612318324
2025-03-01 11:00:00,28380.0,28782.625,-402.625,402.625,1.41869274136716
2025-03-01 12:00:00,29150.0,29745.693,-595.693359375,595.693359375,2.0435449721269294
2025-03-01 13:00:00,30149.0,31112.168,-963.16796875,963.16796875,3.1946929209924044
2025-03-01 14:00:00,30834.0,32152.045,-1318.044921875,1318.044921875,4.274647862343517
2025-03-01 15:00:00,31045.0,31654.969,-609.96875,609.96875,1.9647890159445964
2025-03-01 16:00:00,30778.0,30699.914,78.0859375,78.0859375,0.2537069903827409
2025-03-01 17:00:00,30387.0,30165.459,221.541015625,221.541015625,0.729065112136769
2025-03-01 18:00:00,29950.0,29460.836,489.1640625,489.1640625,1.6332689899833057
2025-03-01 19:00:00,29484.0,29078.938,405.0625,405.0625,1.3738383530050196
2025-03-01 20:00:00,29064.0,28854.822,209.177734375,209.177734375,0.7197141975467933
2025-03-01 21:00:00,28774.0,28672.08,101.919921875,101.919921875,0.3542083890838952
2025-03-01 22:00:00,28731.0,28686.281,44.71875,44.71875,0.15564634019003865
2025-03-01 23:00:00,29059.0,29255.047,-196.046875,196.046875,0.6746511407825458
2025-03-02 00:00:00,29570.0,29589.95,-19.94921875,19.94921875,0.06746438535678052
2025-03-02 01:00:00,30367.0,29866.066,500.93359375,500.93359375,1.6495985568215497
2025-03-02 02:00:00,30811.0,29803.133,1007.8671875,1007.8671875,3.271127803381909
2025-03-02 03:00:00,30797.0,30076.363,720.63671875,720.63671875,2.3399575242718447
2025-03-02 04:00:00,30519.0,29809.828,709.171875,709.171875,2.32370613388381
2025-03-02 05:00:00,29982.0,29168.738,813.26171875,813.26171875,2.712499895770796
2025-03-02 06:00:00,29360.0,28338.066,1021.93359375,1021.93359375,3.480700251192098
2025-03-02 07:00:00,28992.0,27990.064,1001.935546875,1001.935546875,3.4559035143315397
2025-03-02 08:00:00,28796.0,27837.697,958.302734375,958.302734375,3.3279022585602167
2025-03-02 09:00:00,28797.0,27799.254,997.74609375,997.74609375,3.4647570710490676
2025-03-02 10:00:00,28963.0,27972.818,990.181640625,990.181640625,3.418781343869765
2025-03-02 11:00:00,29332.0,28053.906,1278.09375,1278.09375,4.357335844811128
2025-03-02 12:00:00,29912.0,28669.537,1242.462890625,1242.462890625,4.1537272353069
2025-03-02 13:00:00,30800.0,29903.223,896.77734375,896.77734375,2.9116147524350646
2025-03-02 14:00:00,31398.0,30013.125,1384.875,1384.875,4.4107108733040326
2025-03-02 15:00:00,31399.0,29877.076,1521.923828125,1521.923828125,4.847045536880155
2025-03-02 16:00:00,30985.0,29096.877,1888.123046875,1888.123046875,6.09366805510731
2025-03-02 17:00:00,30324.0,28630.451,1693.548828125,1693.548828125,5.58484641909049
2025-03-02 18:00:00,29845.0,28454.496,1390.50390625,1390.50390625,4.65908495979226
2025-03-02 19:00:00,29470.0,27995.059,1474.94140625,1474.94140625,5.004891096878182
2025-03-02 20:00:00,29056.0,27712.125,1343.875,1343.875,4.625120457048458
2025-03-02 21:00:00,28897.0,27533.96,1363.0390625,1363.0390625,4.716887782468769
2025-03-02 22:00:00,28938.0,27568.367,1369.6328125,1369.6328125,4.732990574676895
2025-03-02 23:00:00,29257.0,27787.578,1469.421875,1469.421875,5.022462573059439
2025-03-03 00:00:00,29980.0,29154.812,825.1875,825.1875,2.7524599733155437
2025-03-03 01:00:00,30927.0,29696.824,1230.17578125,1230.17578125,3.9776757566204286
2025-03-03 02:00:00,31409.0,29948.154,1460.845703125,1460.845703125,4.651041749578146
2025-03-03 03:00:00,31151.0,29861.885,1289.115234375,1289.115234375,4.138278817293185
2025-03-03 04:00:00,30428.0,29495.139,932.861328125,932.861328125,3.0657990276225844
2025-03-03 05:00:00,29401.0,29237.727,163.2734375,163.2734375,0.5553329393558042
2025-03-03 06:00:00,28462.0,28629.111,-167.111328125,167.111328125,0.5871383884653222
2025-03-03 07:00:00,27955.0,28364.084,-409.083984375,409.083984375,1.4633660682346628
2025-03-03 08:00:00,27736.0,28173.809,-437.80859375,437.80859375,1.5784849789082782
2025-03-03 09:00:00,27760.0,28148.422,-388.421875,388.421875,1.3992142471181557
2025-03-03 10:00:00,27999.0,28366.445,-367.4453125,367.4453125,1.3123515571984714
2025-03-03 11:00:00,28610.0,29044.266,-434.265625,434.265625,1.517880548759175
2025-03-03 12:00:00,29947.0,30030.928,-83.927734375,83.927734375,0.2802542303903563
2025-03-03 13:00:00,32037.0,30887.756,1149.244140625,1149.244140625,3.5872401929799915
2025-03-03 14:00:00,33075.0,31344.18,1730.8203125,1730.8203125,5.233016817838246
2025-03-03 15:00:00,33091.0,31482.732,1608.267578125,1608.267578125,4.860135922531806
2025-03-03 16:00:00,33000.0,31188.941,1811.05859375,1811.05859375,5.48805634469697
2025-03-03 17:00:00,32697.0,30708.338,1988.662109375,1988.662109375,6.082093492904548
2025-03-03 18:00:00,32434.0,30359.635,2074.365234375,2074.365234375,6.395650349556021
2025-03-03 19:00:00,32048.0,30161.734,1886.265625,1886.265625,5.885751450948577
2025-03-03 20:00:00,31773.0,29900.71,1872.2890625,1872.2890625,5.892704694237246
2025-03-03 21:00:00,31585.0,29689.164,1895.8359375,1895.8359375,6.002330022162418
2025-03-03 22:00:00,31414.0,29764.498,1649.501953125,1649.501953125,5.250849790300503
2025-03-03 23:00:00,31399.0,30149.28,1249.720703125,1249.720703125,3.980128994952069
2025-03-04 00:00:00,31746.0,30202.584,1543.416015625,1543.416015625,4.861765310984061
2025-03-04 01:00:00,32452.0,30887.992,1564.0078125,1564.0078125,4.819449687230371
2025-03-04 02:00:00,32439.0,31111.25,1327.75,1327.75,4.093066987268411
2025-03-04 03:00:00,31886.0,30960.41,925.58984375,925.58984375,2.902809520636016
2025-03-04 04:00:00,30873.0,30011.934,861.06640625,861.06640625,2.7890597164188775
2025-03-04 05:00:00,29599.0,29150.71,448.2890625,448.2890625,1.514541242947397
2025-03-04 06:00:00,28428.0,28157.635,270.365234375,270.365234375,0.9510526043865203
2025-03-04 07:00:00,27608.0,27773.926,-165.92578125,165.92578125,0.6010061621631411
2025-03-04 08:00:00,27144.0,27662.998,-518.998046875,518.998046875,1.912017561431624
2025-03-04 09:00:00,27002.0,27742.906,-740.90625,740.90625,2.7438939708169765
2025-03-04 10:00:00,27024.0,27812.541,-788.541015625,788.541015625,2.917928565811871
2025-03-04 11:00:00,27426.0,28313.377,-887.376953125,887.376953125,3.2355318060417124
2025-03-04 12:00:00,28469.0,29580.283,-1111.283203125,1111.283203125,3.903485205398855
2025-03-04 13:00:00,30402.0,30993.203,-591.203125,591.203125,1.9446191862377478
2025-03-04 14:00:00,31607.0,31779.84,-172.83984375,172.83984375,0.5468403953238207
2025-03-04 15:00:00,32008.0,31839.959,168.041015625,168.041015625,0.5249969245969758
2025-03-04 16:00:00,32148.0,31631.062,516.9375,516.9375,1.6079927211646134
2025-03-04 17:00:00,32317.0,31181.936,1135.064453125,1135.064453125,3.5122828638951638
2025-03-04 18:00:00,32200.0,31113.207,1086.79296875,1086.79296875,3.3751334433229814
2025-03-04 19:00:00,32038.0,30971.008,1066.9921875,1066.9921875,3.3303957409950686
2025-03-04 20:00:00,32023.0,30714.709,1308.291015625,1308.291015625,4.085472990116479
2025-03-04 21:00:00,31816.0,30841.322,974.677734375,974.677734375,3.0634829468663565
2025-03-04 22:00:00,31703.0,30906.791,796.208984375,796.208984375,2.5114625883197172
2025-03-04 23:00:00,31950.0,31077.52,872.48046875,872.48046875,2.73076829029734
2025-03-05 00:00:00,32609.0,31526.965,1082.03515625,1082.03515625,3.318210175871692
2025-03-05 01:00:00,33531.0,32468.674,1062.326171875,1062.326171875,3.168191142152038
2025-03-05 02:00:00,33865.0,32567.64,1297.359375,1297.359375,3.8309740882917462
2025-03-05 03:00:00,33639.0,32356.188,1282.8125,1282.8125,3.813467998454175
2025-03-05 04:00:00,33149.0,31446.09,1702.91015625,1702.91015625,5.137138846571541
2025-03-05 05:00:00,32191.0,30344.22,1846.779296875,1846.779296875,5.736942924652853
2025-03-05 06:00:00,31401.0,29045.824,2355.17578125,2355.17578125,7.500320949173593
2025-03-05 07:00:00,30956.0,28077.957,2878.04296875,2878.04296875,9.297205610382479
2025-03-05 08:00:00,30769.0,27966.346,2802.654296875,2802.654296875,9.1086947800546
2025-03-05 09:00:00,30908.0,27684.857,3223.142578125,3223.142578125,10.428182276837711
2025-03-05 10:00:00,31232.0,28024.375,3207.625,3207.625,10.270315701844263
2025-03-05 11:00:00,31955.0,28564.81,3390.189453125,3390.189453125,10.609261314739477
2025-03-05 12:00:00,33425.0,29967.873,3457.126953125,3457.126953125,10.342937780478684
2025-03-05 13:00:00,35561.0,32249.498,3311.501953125,3311.501953125,9.312173316624953
2025-03-05 14:00:00,36639.0,33236.832,3402.16796875,3402.16796875,9.285646357023936
2025-03-05 15:00:00,36582.0,33474.977,3107.0234375,3107.0234375,8.493312113881144
2025-03-05 16:00:00,36110.0,33088.4,3021.6015625,3021.6015625,8.367769489061203
2025-03-05 17:00:00,35550.0,32891.75,2658.25,2658.25,7.477496483825598
2025-03-05 18:00:00,35041.0,32758.234,2282.765625,2282.765625,6.5145561627807425
2025-03-05 19:00:00,34403.0,32771.855,1631.14453125,1631.14453125,4.741285734528965
2025-03-05 20:00:00,33755.0,32486.514,1268.486328125,1268.486328125,3.7579212801807143
2025-03-05 21:00:00,33056.0,31705.035,1350.96484375,1350.96484375,4.0868975186047924
2025-03-05 22:00:00,32580.0,31625.95,954.05078125,954.05078125,2.9283326619091468
2025-03-05 23:00:00,32522.0,32014.816,507.18359375,507.18359375,1.559509236055593
2025-03-06 00:00:00,33025.0,32050.018,974.982421875,974.982421875,2.9522556302043905
2025-03-06 01:00:00,34044.0,32925.184,1118.81640625,1118.81640625,3.2863835220596873
2025-03-06 02:00:00,34675.0,33043.66,1631.33984375,1631.33984375,4.704657083633742
2025-03-06 03:00:00,34644.0,33289.883,1354.1171875,1354.1171875,3.90866293586191
2025-03-06 04:00:00,34153.0,32736.52,1416.48046875,1416.48046875,4.147455476092876
2025-03-06 05:00:00,33114.0,31795.594,1318.40625,1318.40625,3.981416470375068
2025-03-06 06:00:00,32316.0,31002.895,1313.10546875,1313.10546875,4.063329213856913
2025-03-06 07:00:00,31880.0,30583.732,1296.267578125,1296.267578125,4.06608399662798
2025-03-06 08:00:00,31773.0,30651.414,1121.5859375,1121.5859375,3.5299969706983916
2025-03-06 09:00:00,31804.0,30930.51,873.490234375,873.490234375,2.746479167321721
2025-03-06 10:00:00,32092.0,30704.463,1387.537109375,1387.537109375,4.323623050526611
2025-03-06 11:00:00,32752.0,31703.002,1048.998046875,1048.998046875,3.2028518773662675
2025-03-06 12:00:00,34168.0,32321.229,1846.771484375,1846.771484375,5.404973906506087
2025-03-06 13:00:00,36238.0,34100.91,2137.08984375,2137.08984375,5.897372492273304
2025-03-06 14:00:00,36878.0,35016.38,1861.62109375,1861.62109375,5.048053293969304
2025-03-06 15:00:00,36083.0,34753.926,1329.07421875,1329.07421875,3.68338059127567
2025-03-06 16:00:00,35005.0,34330.53,674.46875,674.46875,1.926778317383231
2025-03-06 17:00:00,34284.0,33623.207,660.79296875,660.79296875,1.9274091959806325
2025-03-06 18:00:00,33581.0,33230.45,350.55078125,350.55078125,1.043896195020994
2025-03-06 19:00:00,32982.0,32421.373,560.626953125,560.626953125,1.6997967167697532
2025-03-06 20:00:00,32466.0,32348.125,117.875,117.875,0.3630721370048666
2025-03-06 21:00:00,31960.0,31760.668,199.33203125,199.33203125,0.623692212922403
2025-03-06 22:00:00,31727.0,31174.227,552.7734375,552.7734375,1.7422808254798754
2025-03-06 23:00:00,31999.0,31242.928,756.072265625,756.072265625,2.3627996675677365
2025-03-07 00:00:00,32559.0,32092.621,466.37890625,466.37890625,1.4324116411744832
2025-03-07 01:00:00,33395.0,32707.932,687.068359375,687.068359375,2.0573988901781703
2025-03-07 02:00:00,33611.0,33013.953,597.046875,597.046875,1.7763436821278746
2025-03-07 03:00:00,33215.0,33041.258,173.7421875,173.7421875,0.5230835089567967
2025-03-07 04:00:00,32450.0,32429.332,20.66796875,20.66796875,0.0636917372881356
2025-03-07 05:00:00,31326.0,31635.623,-309.623046875,309.623046875,0.98838998555513
2025-03-07 06:00:00,30308.0,30615.129,-307.12890625,307.12890625,1.0133591997162466
2025-03-07 07:00:00,29576.0,30395.865,-819.865234375,819.865234375,2.7720625993203947
2025-03-07 08:00:00,29295.0,30107.072,-812.072265625,812.072265625,2.7720507445809868
2025-03-07 09:00:00,29131.0,30093.732,-962.732421875,962.732421875,3.304838220023343
2025-03-07 10:00:00,29217.0,30492.617,-1275.6171875,1275.6171875,4.366010156758052
2025-03-07 11:00:00,29514.0,31081.648,-1567.6484375,1567.6484375,5.311541768313343
2025-03-07 12:00:00,30519.0,32222.93,-1703.9296875,1703.9296875,5.583176668632655
2025-03-07 13:00:00,32357.0,33478.617,-1121.6171875,1121.6171875,3.4663818879995056
2025-03-07 14:00:00,33154.0,33918.754,-764.75390625,764.75390625,2.306671612022682
2025-03-07 15:00:00,32889.0,33509.98,-620.98046875,620.98046875,1.8881099113685427
2025-03-07 16:00:00,32400.0,32564.902,-164.90234375,164.90234375,0.5089578510802469
2025-03-07 17:00:00,32064.0,32155.781,-91.78125,91.78125,0.28624391841317365
2025-03-07 18:00:00,31675.0,31780.008,-105.0078125,105.0078125,0.3315163772691397
2025-03-07 19:00:00,31322.0,31628.896,-306.896484375,306.896484375,0.9798112648457954
2025-03-07 20:00:00,31019.0,31174.326,-155.326171875,155.326171875,0.5007452589541893
2025-03-07 21:00:00,30728.0,30786.18,-58.1796875,58.1796875,0.18933769688883104
2025-03-07 22:00:00,30518.0,30749.47,-231.470703125,231.470703125,0.7584727148731896
2025-03-07 23:00:00,30639.0,31291.049,-652.048828125,652.048828125,2.128166154655831
2025-03-08 00:00:00,30854.0,30674.848,179.15234375,179.15234375,0.5806454390030467
2025-03-08 01:00:00,31377.0,31451.207,-74.20703125,74.20703125,0.23650135847914075
2025-03-08 02:00:00,31706.0,31545.375,160.625,160.625,0.5066075821611051
2025-03-08 03:00:00,31376.0,31550.383,-174.3828125,174.3828125,0.5557840785951045
2025-03-08 04:00:00,30968.0,30516.973,451.02734375,451.02734375,1.4564303272733143
2025-03-08 05:00:00,30255.0,29490.84,764.16015625,764.16015625,2.5257318005288383
2025-03-08 06:00:00,29538.0,28733.793,804.20703125,804.20703125,2.7226184279572077
2025-03-08 07:00:00,29054.0,27961.352,1092.6484375,1092.6484375,3.7607504560473597
2025-03-08 08:00:00,28873.0,28290.475,582.525390625,582.525390625,2.01754369350258
2025-03-08 09:00:00,28817.0,28077.469,739.53125,739.53125,2.5663020092306628
2025-03-08 10:00:00,28879.0,28412.328,466.671875,466.671875,1.6159557983309671
2025-03-08 11:00:00,29189.0,28607.12,581.880859375,581.880859375,1.9934936427249992
2025-03-08 12:00:00,29926.0,29235.828,690.171875,690.171875,2.3062616955156052
2025-03-08 13:00:00,30834.0,30554.68,279.3203125,279.3203125,0.9058841295323343
2025-03-08 14:00:00,31504.0,30920.084,583.916015625,583.916015625,1.8534662761077958
2025-03-08 15:00:00,31893.0,30577.982,1315.017578125,1315.017578125,4.1232169382779915
2025-03-08 16:00:00,31989.0,30057.322,1931.677734375,1931.677734375,6.038568677904905
2025-03-08 17:00:00,31880.0,29773.496,2106.50390625,2106.50390625,6.607603219102885
2025-03-08 18:00:00,31454.0,29443.95,2010.05078125,2010.05078125,6.3904456706619195
2025-03-08 19:00:00,30970.0,29201.48,1768.51953125,1768.51953125,5.71042793429125
2025-03-08 20:00:00,30623.0,28845.914,1777.0859375,1777.0859375,5.803108570355615
2025-03-08 21:00:00,30428.0,28569.42,1858.580078125,1858.580078125,6.108124352980807
2025-03-08 22:00:00,30348.0,28464.725,1883.275390625,1883.275390625,6.2055996791386585
2025-03-08 23:00:00,30533.0,28761.902,1771.09765625,1771.09765625,5.800601500835162
2025-03-09 00:00:00,30888.0,28982.125,1905.875,1905.875,6.170276482776483
2025-03-09 01:00:00,31477.0,29511.324,1965.67578125,1965.67578125,6.2448002708326715
2025-03-09 02:00:00,31789.0,30005.03,1783.970703125,1783.970703125,5.611911991962629
2025-03-09 03:00:00,31618.0,30063.766,1554.234375,1554.234375,4.915663150736922
2025-03-09 04:00:00,31208.0,29711.23,1496.76953125,1496.76953125,4.796108469783389
2025-03-09 05:00:00,30567.0,28701.797,1865.203125,1865.203125,6.102015654136815
2025-03-09 06:00:00,29970.0,28167.373,1802.626953125,1802.626953125,6.014771281698366
2025-03-09 07:00:00,29481.0,27612.08,1868.919921875,1868.919921875,6.339404775533394
2025-03-09 08:00:00,29148.0,27716.055,1431.9453125,1431.9453125,4.912670895087142
2025-03-09 09:00:00,29225.0,27997.97,1227.029296875,1227.029296875,4.198560468349016
2025-03-09 10:00:00,29204.0,28187.264,1016.736328125,1016.736328125,3.4814968090843723
2025-03-09 11:00:00,29577.0,28360.518,1216.482421875,1216.482421875,4.112933772441424
2025-03-09 12:00:00,30387.0,29214.643,1172.357421875,1172.357421875,3.858088728321322
2025-03-09 13:00:00,31111.0,29137.629,1973.37109375,1973.37109375,6.343001169200605
2025-03-09 14:00:00,31619.0,29247.69,2371.310546875,2371.310546875,7.499638024210127
2025-03-09 15:00:00,31319.0,29358.115,1960.884765625,1960.884765625,6.26100694666177
2025-03-09 16:00:00,30675.0,29330.254,1344.74609375,1344.74609375,4.383850346373268
2025-03-09 17:00:00,29986.0,29179.176,806.82421875,806.82421875,2.690669708363903
2025-03-09 18:00:00,29591.0,28906.912,684.087890625,684.087890625,2.311810653999527
2025-03-09 19:00:00,29144.0,28708.566,435.43359375,435.43359375,1.4940762892876749
2025-03-09 20:00:00,28690.0,28461.84,228.16015625,228.16015625,0.7952602169745556
2025-03-09 21:00:00,28398.0,28275.268,122.732421875,122.732421875,0.4321868507465314
2025-03-09 22:00:00,28345.0,28320.797,24.203125,24.203125,0.08538763450343975
2025-03-09 23:00:00,28722.0,28320.459,401.541015625,401.541015625,1.3980259578894227
2025-03-10 00:00:00,29074.0,29740.902,-666.90234375,666.90234375,2.2938100837518056
2025-03-10 01:00:00,29809.0,30129.086,-320.0859375,320.0859375,1.0737895853601263
2025-03-10 02:00:00,30450.0,30440.799,9.201171875,9.201171875,0.030217313218390805
2025-03-10 03:00:00,29964.0,30549.557,-585.556640625,585.556640625,1.9542005093612334
2025-03-10 04:00:00,29091.0,30023.291,-932.291015625,932.291015625,3.2047403513973394
2025-03-10 05:00:00,28464.0,29321.816,-857.81640625,857.81640625,3.013688892109331
2025-03-10 06:00:00,27801.0,28788.027,-987.02734375,987.02734375,3.550330361317938
2025-03-10 07:00:00,27725.0,28120.338,-395.337890625,395.337890625,1.4259256650135257
2025-03-10 08:00:00,27893.0,28038.734,-145.734375,145.734375,0.5224765174058008
2025-03-10 09:00:00,28096.0,28213.95,-117.94921875,117.94921875,0.4198078685578018
2025-03-10 10:00:00,28763.0,28191.467,571.533203125,571.533203125,1.987043087038904
2025-03-10 11:00:00,30320.0,29322.365,997.634765625,997.634765625,3.290352129370053
2025-03-10 12:00:00,32796.0,30343.875,2452.125,2452.125,7.476902671057446
2025-03-10 13:00:00,34485.0,31082.865,3402.134765625,3402.134765625,9.865549559591127
2025-03-10 14:00:00,34282.0,31183.844,3098.15625,3098.15625,9.037268099877487
2025-03-10 15:00:00,33154.0,31065.94,2088.060546875,2088.060546875,6.298065231570852
2025-03-10 16:00:00,32061.0,30727.355,1333.64453125,1333.64453125,4.159709713514862
2025-03-10 17:00:00,31224.0,30690.676,533.32421875,533.32421875,1.7080586047591595
2025-03-10 18:00:00,30808.0,30843.592,-35.591796875,35.591796875,0.11552777484744223
2025-03-10 19:00:00,30480.0,30800.92,-320.919921875,320.919921875,1.0528868827919948
2025-03-10 20:00:00,30218.0,30862.281,-644.28125,644.28125,2.132110827983321
2025-03-10 21:00:00,30148.0,30865.643,-717.642578125,717.642578125,2.3803986271892
2025-03-10 22:00:00,30236.0,30734.795,-498.794921875,498.794921875,1.6496723173534857
2025-03-10 23:00:00,30278.0,30363.299,-85.298828125,85.298828125,0.28171883256820135
2025-03-11 00:00:00,30567.0,30178.156,388.84375,388.84375,1.2721030850263355
2025-03-11 01:00:00,30892.0,30040.748,851.251953125,851.251953125,2.755574106969442
2025-03-11 02:00:00,31187.0,30509.65,677.349609375,677.349609375,2.1718972949466124
2025-03-11 03:00:00,30525.0,30237.682,287.318359375,287.318359375,0.9412558865683867
2025-03-11 04:00:00,29322.0,29068.928,253.072265625,253.072265625,0.8630798227440147
2025-03-11 05:00:00,28118.0,28381.373,-263.373046875,263.373046875,0.9366706269115869
2025-03-11 06:00:00,27389.0,27669.244,-280.244140625,280.244140625,1.023199607963051
2025-03-11 07:00:00,27076.0,27438.121,-362.12109375,362.12109375,1.3374246334392081
2025-03-11 08:00:00,26953.0,27475.111,-522.111328125,522.111328125,1.9371176793863392
2025-03-11 09:00:00,27151.0,27711.027,-560.02734375,560.02734375,2.0626398429155466
2025-03-11 10:00:00,27671.0,28111.402,-440.40234375,440.40234375,1.591566418813921
2025-03-11 11:00:00,28977.0,29111.973,-134.97265625,134.97265625,0.4657923741243055
2025-03-11 12:00:00,31123.0,31232.406,-109.40625,109.40625,0.3515286122803072
2025-03-11 13:00:00,32658.0,32210.957,447.04296875,447.04296875,1.368862051411599
2025-03-11 14:00:00,32697.0,32333.877,363.123046875,363.123046875,1.110569920405542
2025-03-11 15:00:00,31897.0,31582.426,314.57421875,314.57421875,0.986218825438129
2025-03-11 16:00:00,31334.0,30845.24,488.759765625,488.759765625,1.559838404369056
2025-03-11 17:00:00,30758.0,30346.496,411.50390625,411.50390625,1.3378760200598219
2025-03-11 18:00:00,30404.0,30156.238,247.76171875,247.76171875,0.814898430305223
2025-03-11 19:00:00,30294.0,30252.61,41.390625,41.390625,0.13662977817389582
2025-03-11 20:00:00,30203.0,30223.828,-20.828125,20.828125,0.06896045094858128
2025-03-11 21:00:00,30158.0,30215.812,-57.8125,57.8125,0.1916987200742755
2025-03-11 22:00:00,30430.0,30188.68,241.3203125,241.3203125,0.7930342178770949
2025-03-11 23:00:00,30635.0,29971.178,663.822265625,663.822265625,2.166875357026277
2025-03-12 00:00:00,30733.0,30113.064,619.935546875,619.935546875,2.017165740002603
2025-03-12 01:00:00,30890.0,30421.553,468.447265625,468.447265625,1.516501345500162
2025-03-12 02:00:00,31121.0,30582.215,538.78515625,538.78515625,1.7312591377205102
2025-03-12 03:00:00,30345.0,30102.258,242.7421875,242.7421875,0.7999413000494315
2025-03-12 04:00:00,29100.0,29066.607,33.392578125,33.392578125,0.11475112757731959
2025-03-12 05:00:00,27840.0,28122.938,-282.9375,282.9375,1.0162984913793103
2025-03-12 06:00:00,27035.0,27337.299,-302.298828125,302.298828125,1.1181758022008508
2025-03-12 07:00:00,26491.0,27160.572,-669.572265625,669.572265625,2.527546206730588
2025-03-12 08:00:00,26309.0,27075.514,-766.513671875,766.513671875,2.9135036370633625
2025-03-12 09:00:00,26302.0,27242.184,-940.18359375,940.18359375,3.5745707313132082
2025-03-12 10:00:00,26649.0,27719.49,-1070.490234375,1070.490234375,4.016999641168524
2025-03-12 11:00:00,27794.0,28662.432,-868.431640625,868.431640625,3.1245291812081746
2025-03-12 12:00:00,29871.0,30347.883,-476.8828125,476.8828125,1.5964742141207193
2025-03-12 13:00:00,31467.0,31085.643,381.357421875,381.357421875,1.2119281211268949
2025-03-12 14:00:00,31483.0,31213.363,269.63671875,269.63671875,0.8564517954133978
2025-03-12 15:00:00,30936.0,30720.014,215.986328125,215.986328125,0.6981714770009051
2025-03-12 16:00:00,30551.0,30331.477,219.5234375,219.5234375,0.7185474698045891
2025-03-12 17:00:00,30250.0,29938.719,311.28125,311.28125,1.0290289256198346
2025-03-12 18:00:00,30079.0,30115.422,-36.421875,36.421875,0.12108738654875494
2025-03-12 19:00:00,30118.0,30158.047,-40.046875,40.046875,0.13296658144631118
2025-03-12 20:00:00,30103.0,30334.053,-231.052734375,231.052734375,0.7675405586652493
2025-03-12 21:00:00,30181.0,30326.799,-145.798828125,145.798828125,0.48308150202113914
2025-03-12 22:00:00,30291.0,30482.473,-191.47265625,191.47265625,0.6321107135782906
2025-03-12 23:00:00,30349.0,30450.193,-101.193359375,101.193359375,0.3334322691851461
2025-03-13 00:00:00,30401.0,30478.617,-77.6171875,77.6171875,0.25531129732574587
2025-03-13 01:00:00,30537.0,30322.43,214.5703125,214.5703125,0.7026568179585421
2025-03-13 02:00:00,30755.0,30449.291,305.708984375,305.708984375,0.9940139306616811
2025-03-13 03:00:00,30027.0,29950.014,76.986328125,76.986328125,0.25639034244180237
2025-03-13 04:00:00,28728.0,28852.33,-124.330078125,124.330078125,0.43278361920426067
2025-03-13 05:00:00,27464.0,27735.834,-271.833984375,271.833984375,0.9897829317470143
2025-03-13 06:00:00,26574.0,27129.328,-555.328125,555.328125,2.089742323323549
2025-03-13 07:00:00,26100.0,26772.326,-672.326171875,672.326171875,2.575962344348659
2025-03-13 08:00:00,25902.0,26595.387,-693.38671875,693.38671875,2.6769620830437804
2025-03-13 09:00:00,25965.0,26615.467,-650.466796875,650.466796875,2.505167713749278
2025-03-13 10:00:00,26395.0,26906.203,-511.203125,511.203125,1.9367422807349877
2025-03-13 11:00:00,27480.0,27531.797,-51.796875,51.796875,0.18848935589519653
2025-03-13 12:00:00,29449.0,29332.793,116.20703125,116.20703125,0.39460433715915655
2025-03-13 13:00:00,30985.0,30285.967,699.033203125,699.033203125,2.2560374475552685
2025-03-13 14:00:00,31061.0,30415.771,645.228515625,645.228515625,2.0772947285180776
2025-03-13 15:00:00,30567.0,30265.957,301.04296875,301.04296875,0.9848626582589066
2025-03-13 16:00:00,30322.0,30110.76,211.240234375,211.240234375,0.6966566663643559
2025-03-13 17:00:00,30266.0,30301.924,-35.923828125,35.923828125,0.11869367648516488
2025-03-13 18:00:00,30501.0,30466.398,34.6015625,34.6015625,0.1134440264253631
2025-03-13 19:00:00,30987.0,30737.791,249.208984375,249.208984375,0.8042372103624099
2025-03-13 20:00:00,31324.0,31032.092,291.908203125,291.908203125,0.9318995119556889
2025-03-13 21:00:00,31635.0,31128.639,506.361328125,506.361328125,1.6006364094357517
2025-03-13 22:00:00,31904.0,31189.38,714.619140625,714.619140625,2.2399045280372367
2025-03-13 23:00:00,31917.0,30722.867,1194.1328125,1194.1328125,3.741369215465112
2025-03-14 00:00:00,31776.0,30777.953,998.046875,998.046875,3.1408826630161126
2025-03-14 01:00:00,31684.0,30369.576,1314.423828125,1314.423828125,4.148541308310188
2025-03-14 02:00:00,31678.0,30472.902,1205.09765625,1205.09765625,3.804210039301724
2025-03-14 03:00:00,30761.0,30037.893,723.107421875,723.107421875,2.3507279408179187
2025-03-14 04:00:00,29418.0,28661.857,756.142578125,756.142578125,2.5703398535760416
2025-03-14 05:00:00,28081.0,27636.744,444.255859375,444.255859375,1.5820514204444285
2025-03-14 06:00:00,27046.0,26875.441,170.55859375,170.55859375,0.6306240987576721
2025-03-14 07:00:00,26420.0,26377.4,42.599609375,42.599609375,0.16124000520439064
2025-03-14 08:00:00,26031.0,26183.234,-152.234375,152.234375,0.5848195420844378
2025-03-14 09:00:00,25923.0,26121.88,-198.880859375,198.880859375,0.7671984699880414
2025-03-14 10:00:00,26033.0,26488.697,-455.697265625,455.697265625,1.7504600531056735
2025-03-14 11:00:00,26856.0,27222.432,-366.431640625,366.431640625,1.3644311908884421
2025-03-14 12:00:00,28521.0,28790.533,-269.533203125,269.533203125,0.9450341962939588
2025-03-14 13:00:00,29810.0,30031.838,-221.837890625,221.837890625,0.7441727293693391
2025-03-14 14:00:00,30311.0,30191.947,119.052734375,119.052734375,0.39277072473689423
2025-03-14 15:00:00,30586.0,29803.277,782.72265625,782.72265625,2.5590880018635977
2025-03-14 16:00:00,30772.0,29830.969,941.03125,941.03125,3.058076335629793
2025-03-14 17:00:00,30708.0,30007.78,700.220703125,700.220703125,2.280254992591507
2025-03-14 18:00:00,30686.0,30243.006,442.994140625,442.994140625,1.4436359923906668
2025-03-14 19:00:00,30257.0,30589.754,-332.75390625,332.75390625,1.0997584236705555
2025-03-14 20:00:00,29994.0,30550.371,-556.37109375,556.37109375,1.854941300760152
2025-03-14 21:00:00,29892.0,30521.79,-629.7890625,629.7890625,2.10688164893617
2025-03-14 22:00:00,29779.0,30489.807,-710.806640625,710.806640625,2.3869392545921624
2025-03-14 23:00:00,29509.0,30572.494,-1063.494140625,1063.494140625,3.603965368616354
2025-03-15 00:00:00,29443.0,29968.44,-525.439453125,525.439453125,1.7845988965968143
2025-03-15 01:00:00,29529.0,29683.598,-154.59765625,154.59765625,0.5235451801618748
2025-03-15 02:00:00,29721.0,29790.299,-69.298828125,69.298828125,0.23316452382154035
2025-03-15 03:00:00,29255.0,29205.088,49.912109375,49.912109375,0.1706105259784652
2025-03-15 04:00:00,28387.0,28203.85,183.150390625,183.150390625,0.6451910755803713
2025-03-15 05:00:00,27415.0,27188.541,226.458984375,226.458984375,0.8260404317891665
2025-03-15 06:00:00,26646.0,26488.352,157.6484375,157.6484375,0.5916401617503566
2025-03-15 07:00:00,26075.0,26015.727,59.2734375,59.2734375,0.22731903163950143
2025-03-15 08:00:00,25878.0,25734.959,143.041015625,143.041015625,0.5527514322010975
2025-03-15 09:00:00,25906.0,25810.146,95.853515625,95.853515625,0.37000507845672814
2025-03-15 10:00:00,26042.0,25697.4,344.599609375,344.599609375,1.3232455624568005
2025-03-15 11:00:00,26499.0,26107.498,391.501953125,391.501953125,1.4774216126080228
2025-03-15 12:00:00,27131.0,27060.264,70.736328125,70.736328125,0.26072141876451294
2025-03-15 13:00:00,28075.0,28202.854,-127.853515625,127.853515625,0.45539987756010686
2025-03-15 14:00:00,28959.0,28789.29,169.7109375,169.7109375,0.5860386667357298
2025-03-15 15:00:00,29714.0,28970.64,743.359375,743.359375,2.501714259271724
2025-03-15 16:00:00,30091.0,29324.785,766.21484375,766.21484375,2.5463256247715265
2025-03-15 17:00:00,30123.0,29232.195,890.8046875,890.8046875,2.9572243385452976
2025-03-15 18:00:00,29832.0,29172.324,659.67578125,659.67578125,2.211302565198445
2025-03-15 19:00:00,29486.0,28921.617,564.3828125,564.3828125,1.9140704486875129
2025-03-15 20:00:00,29242.0,28979.006,262.994140625,262.994140625,0.8993712489740784
2025-03-15 21:00:00,29146.0,28817.576,328.423828125,328.423828125,1.1268229881458862
2025-03-15 22:00:00,29275.0,28864.078,410.921875,410.921875,1.4036614005123826
2025-03-15 23:00:00,29338.0,28849.057,488.943359375,488.943359375,1.6665872226293545
2025-03-16 00:00:00,29457.0,29522.377,-65.376953125,65.376953125,0.22194029644906133
2025-03-16 01:00:00,29818.0,29752.125,65.875,65.875,0.22092360319270238
2025-03-16 02:00:00,30269.0,30310.834,-41.833984375,41.833984375,0.13820735529749908
2025-03-16 03:00:00,29990.0,29514.217,475.783203125,475.783203125,1.5864728346948982
2025-03-16 04:00:00,29409.0,28543.023,865.9765625,865.9765625,2.944597104627835
2025-03-16 05:00:00,28763.0,28223.99,539.009765625,539.009765625,1.8739692160935923
2025-03-16 06:00:00,28244.0,27053.914,1190.0859375,1190.0859375,4.213588505523297
2025-03-16 07:00:00,27977.0,26844.28,1132.720703125,1132.720703125,4.048756847142296
2025-03-16 08:00:00,27881.0,26911.87,969.130859375,969.130859375,3.475954447024856
2025-03-16 09:00:00,27960.0,26832.334,1127.666015625,1127.666015625,4.033140256169528
2025-03-16 10:00:00,28170.0,27026.684,1143.31640625,1143.31640625,4.058631190095847
2025-03-16 11:00:00,28712.0,27534.879,1177.12109375,1177.12109375,4.099753043152689
2025-03-16 12:00:00,29572.0,28153.48,1418.51953125,1418.51953125,4.796833258656838
2025-03-16 13:00:00,30639.0,28880.777,1758.22265625,1758.22265625,5.738511884363066
2025-03-16 14:00:00,31103.0,29743.03,1359.970703125,1359.970703125,4.372474369433816
2025-03-16 15:00:00,30992.0,29159.924,1832.076171875,1832.076171875,5.911448670221348
2025-03-16 16:00:00,30347.0,29028.824,1318.17578125,1318.17578125,4.343677402214387
2025-03-16 17:00:00,29732.0,28473.068,1258.931640625,1258.931640625,4.234264901873402
2025-03-16 18:00:00,29179.0,28295.943,883.056640625,883.056640625,3.026343057078721
2025-03-16 19:00:00,28572.0,27872.803,699.197265625,699.197265625,2.447141486857763
2025-03-16 20:00:00,28098.0,27744.59,353.41015625,353.41015625,1.2577769102783116
2025-03-16 21:00:00,27771.0,27475.594,295.40625,295.40625,1.0637220481797558
2025-03-16 22:00:00,27806.0,27596.818,209.181640625,209.181640625,0.7522895800366828
2025-03-16 23:00:00,28102.0,27868.146,233.853515625,233.853515625,0.832159688367376
2025-03-17 00:00:00,28492.0,28758.55,-266.55078125,266.55078125,0.9355285036150499
2025-03-17 01:00:00,29141.0,29462.055,-321.0546875,321.0546875,1.1017284496070827
2025-03-17 02:00:00,29969.0,29835.408,133.591796875,133.591796875,0.4457666150855884
2025-03-17 03:00:00,29817.0,29919.633,-102.6328125,102.6328125,0.3442090502062582
2025-03-17 04:00:00,29135.0,29246.805,-111.8046875,111.8046875,0.38374699673931695
2025-03-17 05:00:00,28316.0,28685.12,-369.119140625,369.119140625,1.3035709161781326
2025-03-17 06:00:00,27693.0,27805.072,-112.072265625,112.072265625,0.4046952862636767
2025-03-17 07:00:00,27539.0,27580.916,-41.916015625,41.916015625,0.15220601919096555
2025-03-17 08:00:00,27586.0,27579.453,6.546875,6.546875,0.02373259986949902
2025-03-17 09:00:00,27811.0,27775.762,35.23828125,35.23828125,0.1267062717989285
2025-03-17 10:00:00,28371.0,27883.854,487.146484375,487.146484375,1.7170578561735574
2025-03-17 11:00:00,29654.0,28772.133,881.8671875,881.8671875,2.9738557614487084
2025-03-17 12:00:00,31614.0,29876.568,1737.431640625,1737.431640625,5.4957665610963495
2025-03-17 13:00:00,33037.0,30731.783,2305.216796875,2305.216796875,6.977681983457941
2025-03-17 14:00:00,32997.0,31028.531,1968.46875,1968.46875,5.965599145376852
2025-03-17 15:00:00,32371.0,30774.545,1596.455078125,1596.455078125,4.93174470397887
2025-03-17 16:00:00,31668.0,30281.654,1386.345703125,1386.345703125,4.377749473048503
2025-03-17 17:00:00,30986.0,30193.086,792.9140625,792.9140625,2.5589429500419545
2025-03-17 18:00:00,30597.0,30423.576,173.423828125,173.423828125,0.5668001049939536
2025-03-17 19:00:00,30463.0,30478.084,-15.083984375,15.083984375,0.049515754768079304
2025-03-17 20:00:00,30442.0,30446.03,-4.029296875,4.029296875,0.013235979485579134
2025-03-17 21:00:00,30371.0,30733.229,-362.228515625,362.228515625,1.1926789227387968
2025-03-17 22:00:00,30537.0,30856.45,-319.44921875,319.44921875,1.0461054417591775
2025-03-17 23:00:00,30777.0,30427.781,349.21875,349.21875,1.1346744322058682
2025-03-18 00:00:00,30876.0,30070.227,805.7734375,805.7734375,2.609707985166472
2025-03-18 01:00:00,30938.0,29675.0,1263.0,1263.0,4.08235826491693
2025-03-18 02:00:00,31121.0,30781.045,339.955078125,339.955078125,1.0923655349281836
2025-03-18 03:00:00,30330.0,30134.504,195.49609375,195.49609375,0.6445634479063633
2025-03-18 04:00:00,29099.0,28979.705,119.294921875,119.294921875,0.40996227318808204
2025-03-18 05:00:00,27793.0,27960.38,-167.380859375,167.380859375,0.602241065646026
2025-03-18 06:00:00,26940.0,27350.56,-410.560546875,410.560546875,1.523981243040089
2025-03-18 07:00:00,26357.0,27113.072,-756.072265625,756.072265625,2.8685824093220016
2025-03-18 08:00:00,26169.0,27119.092,-950.091796875,950.091796875,3.6306003166915053
2025-03-18 09:00:00,26188.0,27277.334,-1089.333984375,1089.333984375,4.159668490816404
2025-03-18 10:00:00,26483.0,27709.021,-1226.021484375,1226.021484375,4.6294660135747465
2025-03-18 11:00:00,27514.0,28792.28,-1278.279296875,1278.279296875,4.645923155030166
2025-03-18 12:00:00,29251.0,30321.303,-1070.302734375,1070.302734375,3.6590295524084646
2025-03-18 13:00:00,30503.0,31549.396,-1046.396484375,1046.396484375,3.4304707221420845
2025-03-18 14:00:00,30751.0,31668.621,-917.62109375,917.62109375,2.9840365963708497
2025-03-18 15:00:00,30644.0,31246.656,-602.65625,602.65625,1.9666370251925338
2025-03-18 16:00:00,30600.0,30828.266,-228.265625,228.265625,0.7459660947712418
2025-03-18 17:00:00,30549.0,30538.31,10.689453125,10.689453125,0.03499117196962257
2025-03-18 18:00:00,30665.0,30563.979,101.021484375,101.021484375,0.3294357879504321
2025-03-18 19:00:00,30745.0,30620.06,124.939453125,124.939453125,0.4063732415839974
2025-03-18 20:00:00,30841.0,30804.6,36.400390625,36.400390625,0.11802597394701857
2025-03-18 21:00:00,31173.0,30763.082,409.91796875,409.91796875,1.3149776048182722
2025-03-18 22:00:00,31369.0,31040.314,328.685546875,328.685546875,1.0478037134591476
2025-03-18 23:00:00,31333.0,31239.15,93.849609375,93.849609375,0.29952321633740786
2025-03-19 00:00:00,31349.0,31708.654,-359.654296875,359.654296875,1.147259232750646
2025-03-19 01:00:00,31356.0,31556.975,-200.974609375,200.974609375,0.640944665693966
2025-03-19 02:00:00,31516.0,31612.963,-96.962890625,96.962890625,0.3076624274178195
2025-03-19 03:00:00,30765.0,30942.816,-177.81640625,177.81640625,0.5779827929465301
2025-03-19 04:00:00,29521.0,29417.654,103.345703125,103.345703125,0.350075211290268
2025-03-19 05:00:00,28236.0,27784.195,451.8046875,451.8046875,1.6001015990225247
2025-03-19 06:00:00,27380.0,26764.98,615.01953125,615.01953125,2.2462364180058434
2025-03-19 07:00:00,26721.0,26036.44,684.560546875,684.560546875,2.5618822157666257
2025-03-19 08:00:00,26232.0,25848.045,383.955078125,383.955078125,1.4636896848315035
2025-03-19 09:00:00,25990.0,26107.443,-117.443359375,117.443359375,0.45187902799153523
2025-03-19 10:00:00,26193.0,26257.656,-64.65625,64.65625,0.24684553124880693
2025-03-19 11:00:00,26979.0,27160.273,-181.2734375,181.2734375,0.6719056951703176
2025-03-19 12:00:00,28421.0,29184.09,-763.08984375,763.08984375,2.6849507186587385
2025-03-19 13:00:00,29597.0,30074.676,-477.67578125,477.67578125,1.6139331055512383
2025-03-19 14:00:00,30029.0,30417.387,-388.38671875,388.38671875,1.2933721361017683
2025-03-19 15:00:00,30202.0,30637.646,-435.646484375,435.646484375,1.4424425017382956
2025-03-19 16:00:00,30526.0,30623.885,-97.884765625,97.884765625,0.32066030801611745
2025-03-19 17:00:00,30746.0,30581.342,164.658203125,164.658203125,0.535543495495349
2025-03-19 18:00:00,30801.0,30833.184,-32.18359375,32.18359375,0.10448879500665562
2025-03-19 19:00:00,30832.0,31343.94,-511.939453125,511.939453125,1.660415974069149
2025-03-19 20:00:00,30743.0,31302.562,-559.5625,559.5625,1.82012978564226
2025-03-19 21:00:00,30981.0,31511.23,-530.23046875,530.23046875,1.7114698323165811
2025-03-19 22:00:00,31307.0,31856.41,-549.41015625,549.41015625,1.75491154134858
2025-03-19 23:00:00,31655.0,32007.08,-352.080078125,352.080078125,1.1122415988785341
2025-03-20 00:00:00,31915.0,31443.441,471.55859375,471.55859375,1.477545335265549
2025-03-20 01:00:00,32499.0,31646.129,852.87109375,852.87109375,2.6242994976768514
2025-03-20 02:00:00,32947.0,31644.594,1302.40625,1302.40625,3.953034418915227
2025-03-20 03:00:00,32384.0,30871.914,1512.0859375,1512.0859375,4.669237702260375
2025-03-20 04:00:00,31310.0,30110.621,1199.37890625,1199.37890625,3.830657637336314
2025-03-20 05:00:00,30186.0,28883.533,1302.466796875,1302.466796875,4.314804203521501
2025-03-20 06:00:00,29539.0,27933.0,1606.0,1606.0,5.436880056873964
2025-03-20 07:00:00,29258.0,27007.322,2250.677734375,2250.677734375,7.692520795594366
2025-03-20 08:00:00,29227.0,26686.51,2540.490234375,2540.490234375,8.69227164736374
2025-03-20 09:00:00,29351.0,26420.252,2930.748046875,2930.748046875,9.985172726227386
2025-03-20 10:00:00,29844.0,27097.51,2746.490234375,2746.490234375,9.202822122956038
2025-03-20 11:00:00,31026.0,27835.547,3190.453125,3190.453125,10.28315968864823
2025-03-20 12:00:00,32952.0,29444.61,3507.390625,3507.390625,10.643938531803835
2025-03-20 13:00:00,34222.0,30597.295,3624.705078125,3624.705078125,10.591739460361756
2025-03-20 14:00:00,34144.0,30835.984,3308.015625,3308.015625,9.688424393744143
2025-03-20 15:00:00,33362.0,30560.07,2801.9296875,2801.9296875,8.398566295485882
2025-03-20 16:00:00,32570.0,30123.652,2446.34765625,2446.34765625,7.5110459203254525
2025-03-20 17:00:00,32030.0,30068.758,1961.2421875,1961.2421875,6.123141390883546
2025-03-21 06:00:00,28956.0,28556.68,399.3203125,399.3203125,1.3790589601464291
2025-03-21 07:00:00,28742.0,28215.129,526.87109375,526.87109375,1.8331051901398652
2025-03-21 08:00:00,28580.0,27885.361,694.638671875,694.638671875,2.430506199702589
2025-03-21 09:00:00,28705.0,27906.008,798.9921875,798.9921875,2.783459980839575
2025-03-22 06:00:00,27375.0,26865.145,509.85546875,509.85546875,1.8624857305936073
2025-03-22 07:00:00,27193.0,26731.111,461.888671875,461.888671875,1.6985572458904867
2025-03-22 08:00:00,27174.0,26542.605,631.39453125,631.39453125,2.3235244397217927
2025-03-22 09:00:00,27379.0,26607.25,771.75,771.75,2.8187662076774167
2025-03-23 06:00:00,26489.0,26491.547,-2.546875,2.546875,0.009614840122314923
2025-03-23 07:00:00,25957.0,26212.742,-255.7421875,255.7421875,0.9852532553839042
2025-03-23 08:00:00,25715.0,25980.535,-265.53515625,265.53515625,1.0326080351934668
2025-03-23 09:00:00,25556.0,26082.26,-526.259765625,526.259765625,2.0592415308538112
2025-03-23 10:00:00,25673.0,26261.75,-588.75,588.75,2.293265298173178
2025-03-23 11:00:00,25973.0,26758.057,-785.056640625,785.056640625,3.022587458610865
2025-03-23 12:00:00,26587.0,27660.941,-1073.94140625,1073.94140625,4.039347825064881
2025-03-23 13:00:00,27323.0,28356.93,-1033.9296875,1033.9296875,3.7841001628664497
2025-03-23 14:00:00,28057.0,28628.941,-571.94140625,571.94140625,2.038498079801832
2025-03-23 15:00:00,28558.0,28518.734,39.265625,39.265625,0.13749430982561803
2025-03-23 16:00:00,28682.0,28116.635,565.365234375,565.365234375,1.9711499699288753
2025-03-23 17:00:00,28797.0,27803.193,993.806640625,993.806640625,3.45107698935653
2025-03-23 18:00:00,28967.0,27402.64,1564.359375,1564.359375,5.400488055373356
2025-03-23 19:00:00,28782.0,27233.283,1548.716796875,1548.716796875,5.380851910482246
2025-03-23 20:00:00,28723.0,27112.38,1610.619140625,1610.619140625,5.607419631044807
2025-03-23 21:00:00,28728.0,26989.496,1738.50390625,1738.50390625,6.05160089894876
2025-03-23 22:00:00,28968.0,27174.328,1793.671875,1793.671875,6.191907881110191
2025-03-23 23:00:00,29302.0,27588.953,1713.046875,1713.046875,5.846177308716129
2025-03-24 00:00:00,29468.0,28472.594,995.40625,995.40625,3.3779226618705036
2025-03-24 01:00:00,29659.0,28446.037,1212.962890625,1212.962890625,4.089695844853165
2025-03-24 02:00:00,30208.0,28828.717,1379.283203125,1379.283203125,4.5659534001754505
2025-03-24 03:00:00,29562.0,28583.584,978.416015625,978.416015625,3.309708462299574
2025-03-24 04:00:00,28433.0,27974.146,458.853515625,458.853515625,1.613806195705694
2025-03-24 05:00:00,27383.0,27356.076,26.923828125,26.923828125,0.09832314985574991
2025-03-26 06:00:00,26916.0,26025.74,890.259765625,890.259765625,3.3075485422239557
2025-03-26 07:00:00,26372.0,25595.74,776.259765625,776.259765625,2.9434997938154104
2025-03-26 08:00:00,26125.0,25464.0,661.0,661.0,2.5301435406698563
2025-03-26 09:00:00,26133.0,25389.451,743.548828125,743.548828125,2.845248643955918
2025-03-26 10:00:00,26514.0,25796.771,717.228515625,717.228515625,2.705093594421815
2025-03-26 11:00:00,27596.0,26657.318,938.681640625,938.681640625,3.4015134100050735
2025-03-26 12:00:00,29628.0,28727.398,900.6015625,900.6015625,3.039697456797624
2025-03-26 13:00:00,30904.0,29856.81,1047.189453125,1047.189453125,3.3885239875906032
2025-03-26 14:00:00,30937.0,29813.586,1123.4140625,1123.4140625,3.6312960613504863
2025-03-26 15:00:00,30665.0,29824.863,840.13671875,840.13671875,2.739725154899723
2025-03-26 16:00:00,30583.0,29955.412,627.587890625,627.587890625,2.05208086396037
2025-03-26 17:00:00,30523.0,29916.588,606.412109375,606.412109375,1.986738228139436
2025-03-26 18:00:00,30741.0,30374.875,366.125,366.125,1.1909989915747698
2025-03-26 19:00:00,31347.0,30572.209,774.791015625,774.791015625,2.4716592197817975
2025-03-26 20:00:00,31527.0,30767.521,759.478515625,759.478515625,2.4089780684016877
2025-03-26 21:00:00,31468.0,31090.215,377.78515625,377.78515625,1.2005375500508453
2025-03-26 22:00:00,31821.0,31381.389,439.611328125,439.611328125,1.3815132400773076
2025-03-26 23:00:00,32055.0,31428.523,626.4765625,626.4765625,1.9543801669006395
2025-03-27 00:00:00,32068.0,31491.902,576.09765625,576.09765625,1.7964876395472122
2025-03-27 01:00:00,31827.0,31136.312,690.6875,690.6875,2.170130706632733
2025-03-27 02:00:00,31981.0,30975.373,1005.626953125,1005.626953125,3.1444512464432006
2025-03-27 03:00:00,31137.0,30231.94,905.060546875,905.060546875,2.9067043930853966
2025-03-27 04:00:00,29645.0,29071.957,573.04296875,573.04296875,1.933017266824085
2025-03-27 05:00:00,28287.0,27630.2,656.80078125,656.80078125,2.321917422314137
2025-03-27 06:00:00,27264.0,26938.06,325.939453125,325.939453125,1.195493886168574
2025-03-27 07:00:00,26647.0,26395.088,251.912109375,251.912109375,0.9453676187750967
2025-03-27 08:00:00,26352.0,26135.986,216.013671875,216.013671875,0.8197240128832726
2025-03-27 09:00:00,26272.0,26294.506,-22.505859375,22.505859375,0.08566481187195493
2025-03-27 10:00:00,26555.0,26695.436,-140.435546875,140.435546875,0.5288478511579741
2025-03-27 11:00:00,27549.0,27483.629,65.37109375,65.37109375,0.23729026008203566
2025-03-27 12:00:00,29446.0,29100.97,345.029296875,345.029296875,1.1717357090097127
2025-03-27 13:00:00,30590.0,30222.223,367.77734375,367.77734375,1.202279646126185
2025-03-27 14:00:00,30705.0,30394.61,310.390625,310.390625,1.0108797427129133
2025-03-27 15:00:00,30718.0,30354.059,363.94140625,363.94140625,1.1847822327299953
2025-03-27 16:00:00,30964.0,30475.436,488.564453125,488.564453125,1.5778467030260948
2025-03-27 17:00:00,31307.0,30869.832,437.16796875,437.16796875,1.3963904837576262
2025-03-28 06:00:00,27702.0,27285.191,416.80859375,416.80859375,1.5046155286621905
2025-03-28 07:00:00,26903.0,26939.467,-36.466796875,36.466796875,0.13554918364122961
2025-03-28 08:00:00,26494.0,26432.646,61.353515625,61.353515625,0.23157513257718731
2025-03-28 09:00:00,26298.0,26712.145,-414.14453125,414.14453125,1.5748137928739827
2025-03-29 06:00:00,27468.0,26538.13,929.869140625,929.869140625,3.385281566277123
2025-03-29 07:00:00,26732.0,25962.29,769.7109375,769.7109375,2.8793615797546015
2025-03-29 08:00:00,26277.0,25512.805,764.1953125,764.1953125,2.9082289169235453
2025-03-29 09:00:00,25944.0,25570.951,373.048828125,373.048828125,1.437900200913506
2025-03-29 10:00:00,25902.0,25634.295,267.705078125,267.705078125,1.0335305309435565
2025-03-29 11:00:00,26208.0,26208.21,-0.2109375,0.2109375,0.0008048592032967034
2025-03-29 12:00:00,26696.0,27181.223,-485.22265625,485.22265625,1.817585616759065
2025-03-29 13:00:00,27432.0,28170.277,-738.27734375,738.27734375,2.691299736621464
2025-03-29 14:00:00,28295.0,28599.238,-304.23828125,304.23828125,1.0752369013960064
2025-03-29 15:00:00,29127.0,28877.88,249.119140625,249.119140625,0.8552859567583343
2025-03-29 16:00:00,29760.0,29268.861,491.138671875,491.138671875,1.650331558719758
2025-03-29 17:00:00,30224.0,29615.562,608.4375,608.4375,2.0130938988883007
2025-03-29 18:00:00,30536.0,30315.023,220.9765625,220.9765625,0.7236591645926119
2025-03-29 19:00:00,30857.0,30531.496,325.50390625,325.50390625,1.0548786539521016
2025-03-29 20:00:00,31355.0,30255.934,1099.06640625,1099.06640625,3.505234910700048
2025-03-29 21:00:00,31960.0,30648.596,1311.404296875,1311.404296875,4.103267512124531
2025-03-29 22:00:00,32368.0,30453.299,1914.701171875,1914.701171875,5.915413902233688
2025-03-29 23:00:00,32601.0,30479.488,2121.51171875,2121.51171875,6.507505042023251
2025-03-30 00:00:00,32327.0,30994.676,1332.32421875,1332.32421875,4.121397651344077
2025-03-30 01:00:00,31836.0,30597.094,1238.90625,1238.90625,3.891526102525443
2025-03-30 02:00:00,31802.0,30381.834,1420.166015625,1420.166015625,4.465650008254198
2025-03-30 03:00:00,31079.0,29273.182,1805.818359375,1805.818359375,5.810413331751343
2025-03-30 04:00:00,29999.0,28350.812,1648.1875,1648.1875,5.494141471382379
2025-03-30 05:00:00,28776.0,26823.678,1952.322265625,1952.322265625,6.784550547765498
2025-03-30 06:00:00,27594.0,26091.133,1502.8671875,1502.8671875,5.446354959411466
2025-03-30 07:00:00,26770.0,25696.637,1073.36328125,1073.36328125,4.009575200784461
2025-03-30 08:00:00,26231.0,25361.367,869.6328125,869.6328125,3.3152865407342453
2025-03-30 09:00:00,25993.0,25148.934,844.06640625,844.06640625,3.247283523448621
2025-03-30 10:00:00,25976.0,25078.21,897.7890625,897.7890625,3.4562252175084693
2025-03-30 11:00:00,26168.0,25475.865,692.134765625,692.134765625,2.644966239777591
2025-03-30 12:00:00,26661.0,25863.207,797.79296875,797.79296875,2.9923595092082067
2025-03-30 13:00:00,27458.0,26576.707,881.29296875,881.29296875,3.2096036446572946
2025-03-30 14:00:00,28333.0,27369.648,963.3515625,963.3515625,3.400104339462817
2025-03-30 15:00:00,29171.0,28181.15,989.849609375,989.849609375,3.393265946916458
2025-03-30 16:00:00,29540.0,28638.541,901.458984375,901.458984375,3.051655329637779
2025-03-30 17:00:00,29801.0,28549.055,1251.9453125,1251.9453125,4.20101779302708
2025-03-30 18:00:00,29831.0,28780.348,1050.65234375,1050.65234375,3.5220151645938786
2025-03-30 19:00:00,29787.0,28815.703,971.296875,971.296875,3.26080798670561
2025-03-30 20:00:00,29830.0,29152.781,677.21875,677.21875,2.270260643647335
2025-03-30 21:00:00,29946.0,29482.94,463.060546875,463.060546875,1.546318529603286
2025-03-30 22:00:00,30079.0,29687.896,391.103515625,391.103515625,1.3002543822101797
2025-03-30 23:00:00,30484.0,29828.832,655.16796875,655.16796875,2.1492191600511745
2025-03-31 00:00:00,30606.0,30912.57,-306.5703125,306.5703125,1.0016673609749722
2025-03-31 01:00:00,30803.0,30662.354,140.646484375,140.646484375,0.4565999557672954
2025-03-31 02:00:00,31194.0,30673.27,520.73046875,520.73046875,1.669328937455921
2025-03-31 03:00:00,30491.0,30292.951,198.048828125,198.048828125,0.6495320852874619
2025-03-31 04:00:00,29202.0,29603.637,-401.63671875,401.63671875,1.3753740111978632
2025-03-31 05:00:00,28038.0,28162.535,-124.53515625,124.53515625,0.4441656189813824
2025-04-01 06:00:00,27470.0,27221.15,248.849609375,248.849609375,0.9058959205496906
2025-04-01 07:00:00,27176.0,26776.66,399.33984375,399.33984375,1.4694577706432146
2025-04-01 08:00:00,27179.0,26687.36,491.640625,491.640625,1.8088988741307626
2025-04-01 09:00:00,27230.0,26665.746,564.25390625,564.25390625,2.0721774008446565
2025-04-01 10:00:00,27676.0,27028.61,647.390625,647.390625,2.3391769945078766
2025-04-01 11:00:00,28917.0,27858.361,1058.638671875,1058.638671875,3.6609560876819867
2025-04-01 12:00:00,30894.0,29743.938,1150.0625,1150.0625,3.722607949763708
2025-04-01 13:00:00,32022.0,30644.246,1377.75390625,1377.75390625,4.302522972487665
2025-04-01 14:00:00,32176.0,31085.111,1090.888671875,1090.888671875,3.3903800095568126
2025-04-01 15:00:00,32079.0,30812.783,1266.216796875,1266.216796875,3.94718288249322
2025-04-01 16:00:00,31915.0,30594.459,1320.541015625,1320.541015625,4.137681390020367
2025-04-01 17:00:00,31746.0,30449.396,1296.603515625,1296.603515625,4.084305158523908
2025-04-01 18:00:00,31662.0,30262.893,1399.107421875,1399.107421875,4.4188851679458026
2025-04-01 19:00:00,31644.0,30123.05,1520.94921875,1520.94921875,4.806437930571357
2025-04-01 20:00:00,31652.0,30210.9,1441.099609375,1441.099609375,4.552949606265007
2025-04-01 21:00:00,31485.0,30437.908,1047.091796875,1047.091796875,3.3256846017945056
2025-04-01 22:00:00,31581.0,30552.393,1028.607421875,1028.607421875,3.2570451280041794
2025-04-01 23:00:00,31654.0,30475.469,1178.53125,1178.53125,3.723166898338283
2025-04-02 00:00:00,31799.0,30956.742,842.2578125,842.2578125,2.6486927654957704
2025-04-02 01:00:00,31929.0,31007.768,921.232421875,921.232421875,2.8852529733940933
2025-04-02 02:00:00,32077.0,31462.71,614.2890625,614.2890625,1.9150452426972597
2025-04-02 03:00:00,31314.0,31153.96,160.0390625,160.0390625,0.5110783116178067
2025-04-02 04:00:00,30114.0,29768.057,345.943359375,345.943359375,1.1487791704024706
2025-04-02 05:00:00,28809.0,28364.924,444.076171875,444.076171875,1.5414494493908153
2025-04-02 06:00:00,27978.0,27541.396,436.603515625,436.603515625,1.5605243964007434
2025-04-02 07:00:00,27398.0,26942.836,455.1640625,455.1640625,1.6613039729177312
2025-04-02 08:00:00,27033.0,26858.861,174.138671875,174.138671875,0.6441707242074501
2025-04-02 09:00:00,26959.0,26894.43,64.5703125,64.5703125,0.239513010497422
2025-04-02 10:00:00,27167.0,26674.988,492.01171875,492.01171875,1.811063859645894
2025-04-02 11:00:00,27973.0,27754.102,218.8984375,218.8984375,0.782534720980946
2025-04-02 12:00:00,29616.0,29840.47,-224.470703125,224.470703125,0.7579372741930037
2025-04-02 13:00:00,30874.0,30685.05,188.94921875,188.94921875,0.6120010972015288
2025-04-02 14:00:00,31174.0,30854.605,319.39453125,319.39453125,1.0245542158529544
2025-04-02 15:00:00,31399.0,30952.082,446.91796875,446.91796875,1.4233509626102743
2025-04-02 16:00:00,31604.0,30710.184,893.81640625,893.81640625,2.828174934343754
2025-04-02 17:00:00,31778.0,30667.523,1110.4765625,1110.4765625,3.4944822282711314
2025-04-02 18:00:00,31689.0,30517.262,1171.73828125,1171.73828125,3.6976183573164194
2025-04-02 19:00:00,31769.0,30593.688,1175.3125,1175.3125,3.699557744971513
2025-04-02 20:00:00,31800.0,30429.994,1370.005859375,1370.005859375,4.308194526336478
2025-04-02 21:00:00,31722.0,30289.3,1432.69921875,1432.69921875,4.516421470115377
2025-04-02 22:00:00,31886.0,30509.863,1376.13671875,1376.13671875,4.315802291758138
2025-04-02 23:00:00,32013.0,30576.174,1436.826171875,1436.826171875,4.488258432121326
2025-04-03 00:00:00,31852.0,30715.594,1136.40625,1136.40625,3.5677704696722343
2025-04-03 01:00:00,31541.0,30793.268,747.732421875,747.732421875,2.3706680887574905
2025-04-03 02:00:00,31812.0,31118.324,693.67578125,693.67578125,2.1805475331635864
2025-04-03 03:00:00,31002.0,30497.07,504.9296875,504.9296875,1.6287003661054127
2025-04-03 04:00:00,29587.0,29379.36,207.640625,207.640625,0.7017968195491263
2025-04-03 05:00:00,28148.0,27992.59,155.41015625,155.41015625,0.5521179346667614
2025-04-03 06:00:00,27293.0,27198.531,94.46875,94.46875,0.346128128091452
2025-04-03 07:00:00,26761.0,26482.63,278.369140625,278.369140625,1.0402045537349127
2025-04-03 08:00:00,26473.0,26145.596,327.404296875,327.404296875,1.23674799559929
2025-04-03 09:00:00,26549.0,26141.201,407.798828125,407.798828125,1.5360233083166974
2025-04-03 10:00:00,26927.0,26334.738,592.26171875,592.26171875,2.1995087412262784
2025-04-03 11:00:00,28021.0,27307.812,713.1875,713.1875,2.545189322293994
2025-04-03 12:00:00,29917.0,28898.838,1018.162109375,1018.162109375,3.403289465437711
2025-04-03 13:00:00,31176.0,29889.854,1286.146484375,1286.146484375,4.125437786678855
2025-04-03 14:00:00,31457.0,30408.396,1048.603515625,1048.603515625,3.333450474059828
2025-04-03 15:00:00,31718.0,30521.0,1197.0,1197.0,3.7738823381045465
2025-04-03 16:00:00,31817.0,30535.666,1281.333984375,1281.333984375,4.027199246864884
2025-04-03 17:00:00,31795.0,30686.33,1108.669921875,1108.669921875,3.486931661817896
2025-04-03 18:00:00,31722.0,30525.182,1196.818359375,1196.818359375,3.7728338672687727
2025-04-03 19:00:00,31664.0,30567.658,1096.341796875,1096.341796875,3.4624235626421176
2025-04-03 20:00:00,31400.0,30597.727,802.2734375,802.2734375,2.5550109474522293
2025-04-03 21:00:00,31372.0,30464.867,907.1328125,907.1328125,2.89153644173148
2025-04-03 22:00:00,31311.0,30667.709,643.291015625,643.291015625,2.054520825348919
2025-04-03 23:00:00,31213.0,31014.135,198.865234375,198.865234375,0.6371231037548457
2025-04-04 00:00:00,31310.0,30824.36,485.640625,485.640625,1.5510719418716064
2025-04-04 01:00:00,31387.0,30512.91,874.08984375,874.08984375,2.784878592251569
2025-04-04 02:00:00,31598.0,30812.287,785.712890625,785.712890625,2.486590577330844
2025-04-04 03:00:00,30835.0,30274.01,560.990234375,560.990234375,1.8193294450299984
2025-04-04 04:00:00,29627.0,29166.186,460.814453125,460.814453125,1.555386819877139
2025-04-04 05:00:00,28438.0,27829.996,608.00390625,608.00390625,2.137998123109923
2025-04-04 06:00:00,27710.0,26875.682,834.318359375,834.318359375,3.010892671869361
2025-04-04 07:00:00,27247.0,26356.746,890.25390625,890.25390625,3.2673465198003453
2025-04-04 08:00:00,26971.0,25887.39,1083.609375,1083.609375,4.017683345074339
2025-04-04 09:00:00,26897.0,25811.408,1085.591796875,1085.591796875,4.036107360951036
2025-04-04 10:00:00,27271.0,26152.244,1118.755859375,1118.755859375,4.102364634135162
2025-04-04 11:00:00,28306.0,27132.582,1173.41796875,1173.41796875,4.1454743473115245
2025-04-04 12:00:00,30140.0,28774.59,1365.41015625,1365.41015625,4.530226132216324
2025-04-04 13:00:00,31454.0,30055.492,1398.5078125,1398.5078125,4.44620020506136
2025-04-04 14:00:00,32024.0,30375.547,1648.453125,1648.453125,5.147555349113165
2025-04-04 15:00:00,32301.0,30583.887,1717.11328125,1717.11328125,5.315975608340299
2025-04-04 16:00:00,32525.0,30885.492,1639.5078125,1639.5078125,5.040761913912375
2025-04-04 17:00:00,32468.0,30779.252,1688.748046875,1688.748046875,5.201269086100161
2025-04-04 18:00:00,32311.0,30595.996,1715.00390625,1715.00390625,5.30780200628269
2025-04-04 19:00:00,32143.0,30675.385,1467.615234375,1467.615234375,4.565893769638802
2025-04-04 20:00:00,31797.0,30385.879,1411.12109375,1411.12109375,4.4379063866088
2025-04-04 21:00:00,31583.0,30393.37,1189.630859375,1189.630859375,3.7666809972928474
2025-04-04 22:00:00,31373.0,30468.354,904.646484375,904.646484375,2.8835192183565486
2025-04-04 23:00:00,31102.0,30473.406,628.59375,628.59375,2.021071796025979
2025-04-05 00:00:00,30934.0,29633.428,1300.572265625,1300.572265625,4.204345592632701
2025-04-05 01:00:00,31018.0,29633.428,1384.572265625,1384.572265625,4.4637702805628985
2025-04-05 02:00:00,31190.0,29851.191,1338.80859375,1338.80859375,4.292428963610131
2025-04-05 03:00:00,30755.0,29266.287,1488.712890625,1488.712890625,4.840555651520078
2025-04-05 04:00:00,29820.0,28407.01,1412.990234375,1412.990234375,4.738397834926224
2025-04-05 05:00:00,28792.0,27198.795,1593.205078125,1593.205078125,5.533499159922895
2025-04-05 06:00:00,28156.0,26582.244,1573.755859375,1573.755859375,5.589415610793436
2025-04-05 07:00:00,27731.0,26204.99,1526.009765625,1526.009765625,5.502902043290902
2025-04-05 08:00:00,27466.0,25897.041,1568.958984375,1568.958984375,5.7123679617527126
2025-04-05 09:00:00,27217.0,25776.648,1440.3515625,1440.3515625,5.292102592129918
2025-04-05 10:00:00,27412.0,25898.754,1513.24609375,1513.24609375,5.520378278673574
2025-04-05 11:00:00,27961.0,26417.61,1543.390625,1543.390625,5.51979766460427
2025-04-05 12:00:00,28875.0,27844.232,1030.767578125,1030.767578125,3.5697578463203463
2025-04-05 13:00:00,29795.0,28714.336,1080.6640625,1080.6640625,3.6269980281926495
2025-04-05 14:00:00,30761.0,29613.018,1147.982421875,1147.982421875,3.7319411653554826
2025-04-05 15:00:00,31450.0,30038.373,1411.626953125,1411.626953125,4.488479978139905
2025-04-05 16:00:00,31738.0,30303.59,1434.41015625,1434.41015625,4.519535434652467
2025-04-05 17:00:00,31700.0,30418.355,1281.64453125,1281.64453125,4.04304268533123
2025-04-05 18:00:00,31442.0,30051.006,1390.994140625,1390.994140625,4.424000192815343
2025-04-05 19:00:00,31088.0,29984.045,1103.955078125,1103.955078125,3.551064970808672
2025-04-05 20:00:00,30806.0,29719.428,1086.572265625,1086.572265625,3.5271449250957607
2025-04-05 21:00:00,30667.0,29345.389,1321.611328125,1321.611328125,4.309555313936805
2025-04-05 22:00:00,30621.0,29085.979,1535.021484375,1535.021484375,5.0129698062604096
2025-04-05 23:00:00,30673.0,29124.217,1548.783203125,1548.783203125,5.049337212287679
2025-04-06 00:00:00,30719.0,29673.158,1045.841796875,1045.841796875,3.404543757527914
2025-04-06 01:00:00,30803.0,29788.875,1014.125,1014.125,3.2922929584780705
2025-04-06 02:00:00,31319.0,29821.168,1497.83203125,1497.83203125,4.782502733963409
2025-04-06 03:00:00,31079.0,29463.354,1615.646484375,1615.646484375,5.19851502421249
2025-04-06 04:00:00,30365.0,28767.209,1597.791015625,1597.791015625,5.261949664498601
2025-04-06 05:00:00,29505.0,27802.502,1702.498046875,1702.498046875,5.7702018196068465
2025-04-06 06:00:00,28580.0,27065.797,1514.203125,1514.203125,5.298121501049685
2025-04-06 07:00:00,28268.0,27036.713,1231.287109375,1231.287109375,4.355763086794255
2025-04-06 08:00:00,28093.0,26931.402,1161.59765625,1161.59765625,4.134829517139501
2025-04-06 09:00:00,28108.0,27072.584,1035.416015625,1035.416015625,3.683705762149566
2025-04-06 10:00:00,28361.0,27150.77,1210.23046875,1210.23046875,4.26723482511195
2025-04-06 11:00:00,28844.0,27478.271,1365.728515625,1365.728515625,4.7348790584697
2025-04-06 12:00:00,29642.0,28045.229,1596.771484375,1596.771484375,5.386854747908373
2025-04-06 13:00:00,30514.0,28710.945,1803.0546875,1803.0546875,5.9089424116798845
2025-04-06 14:00:00,31085.0,28998.6,2086.400390625,2086.400390625,6.711920188595785
2025-04-06 15:00:00,31262.0,29874.11,1387.890625,1387.890625,4.439545214637579
2025-04-06 16:00:00,31036.0,29656.594,1379.40625,1379.40625,4.44453618378657
2025-04-06 17:00:00,30674.0,29304.348,1369.65234375,1369.65234375,4.465189879865685
2025-04-06 18:00:00,30279.0,29138.193,1140.806640625,1140.806640625,3.7676496602430727
2025-04-06 19:00:00,29861.0,28897.166,963.833984375,963.833984375,3.2277351206423095
2025-04-06 20:00:00,29457.0,28600.78,856.220703125,856.220703125,2.9066799169127884
2025-04-06 21:00:00,29312.0,28638.662,673.337890625,673.337890625,2.2971407294793944
2025-04-06 22:00:00,29402.0,28656.361,745.638671875,745.638671875,2.5360134408373582
2025-04-06 23:00:00,29773.0,28714.012,1058.98828125,1058.98828125,3.556874622140866
2025-04-07 00:00:00,30143.0,29702.186,440.814453125,440.814453125,1.4624106861460373
2025-04-07 01:00:00,30557.0,29721.072,835.927734375,835.927734375,2.7356341734299834
2025-04-07 02:00:00,31164.0,30181.994,982.005859375,982.005859375,3.151090551196894
2025-04-07 03:00:00,30843.0,30199.408,643.591796875,643.591796875,2.086670547206822
2025-04-07 04:00:00,29993.0,29308.99,684.009765625,684.009765625,2.2805646838428966
2025-04-07 05:00:00,29063.0,28671.188,391.8125,391.8125,1.3481488490520592
2025-04-07 06:00:00,27950.0,27834.207,115.79296875,115.79296875,0.4142861135957066
2025-04-07 07:00:00,27810.0,28040.549,-230.548828125,230.548828125,0.8290141248651564
2025-04-07 08:00:00,27930.0,27923.938,6.0625,6.0625,0.021706050841389185
2025-04-07 09:00:00,28212.0,28160.877,51.123046875,51.123046875,0.1812102895044662
2025-04-07 10:00:00,28969.0,28304.082,664.91796875,664.91796875,2.2952741508163896
2025-04-07 11:00:00,30488.0,28968.746,1519.25390625,1519.25390625,4.983120920526109
2025-04-07 12:00:00,32723.0,30182.797,2540.203125,2540.203125,7.762745240350824
2025-04-07 13:00:00,33980.0,30670.709,3309.291015625,3309.291015625,9.738937656341966
2025-04-07 14:00:00,33588.0,31163.887,2424.11328125,2424.11328125,7.217200432446112
2025-04-07 15:00:00,32783.0,31323.326,1459.673828125,1459.673828125,4.452532800918159
2025-04-07 16:00:00,31967.0,30937.13,1029.869140625,1029.869140625,3.221663404839366
2025-04-07 17:00:00,31257.0,30648.234,608.765625,608.765625,1.9476137345234668
2025-04-07 18:00:00,30647.0,30304.11,342.890625,342.890625,1.1188391196528207
2025-04-07 19:00:00,30161.0,29985.467,175.533203125,175.533203125,0.581987344998508
2025-04-07 20:00:00,29871.0,29768.104,102.896484375,102.896484375,0.3444695001004318
2025-04-07 21:00:00,29576.0,29684.137,-108.13671875,108.13671875,0.36562320378009194
2025-04-07 22:00:00,29470.0,29927.92,-457.919921875,457.919921875,1.5538511091788259
2025-04-07 23:00:00,29533.0,30339.404,-806.404296875,806.404296875,2.730519408373684
2025-04-08 00:00:00,29741.0,30343.852,-602.8515625,602.8515625,2.0270050183248713
2025-04-08 01:00:00,30112.0,30768.322,-656.322265625,656.322265625,2.1796036982764346
2025-04-08 02:00:00,30813.0,31504.436,-691.435546875,691.435546875,2.243973475075455
2025-04-08 03:00:00,30415.0,31141.406,-726.40625,726.40625,2.3883157981259244
2025-04-08 04:00:00,29380.0,30198.459,-818.458984375,818.458984375,2.7857691775867934
2025-04-08 05:00:00,28362.0,29164.014,-802.013671875,802.013671875,2.8277754455785913
2025-04-08 06:00:00,27774.0,28170.314,-396.314453125,396.314453125,1.4269260931986751
2025-04-08 07:00:00,27644.0,27776.715,-132.71484375,132.71484375,0.48008552940963684
2025-04-08 08:00:00,27701.0,28174.484,-473.484375,473.484375,1.7092681672141798
2025-04-08 09:00:00,27946.0,28542.574,-596.57421875,596.57421875,2.1347392068632365
2025-04-08 10:00:00,28649.0,28961.889,-312.888671875,312.888671875,1.092145177405843
2025-04-08 11:00:00,30145.0,30181.76,-36.759765625,36.759765625,0.12194316014264388
2025-04-08 12:00:00,32411.0,31705.172,705.828125,705.828125,2.177742510258863
2025-04-08 13:00:00,33476.0,32614.844,861.15625,861.15625,2.5724586270761143
2025-04-08 14:00:00,32842.0,32412.402,429.59765625,429.59765625,1.308073979203459
2025-04-08 15:00:00,31956.0,31642.73,313.26953125,313.26953125,0.9803152185818
2025-04-08 16:00:00,31266.0,31148.93,117.0703125,117.0703125,0.3744332901554404
2025-04-08 17:00:00,30691.0,30555.248,135.751953125,135.751953125,0.44231844229578704
2025-04-08 18:00:00,30247.0,30130.414,116.5859375,116.5859375,0.38544628392898467
2025-04-08 19:00:00,29989.0,29816.262,172.73828125,172.73828125,0.5760054728400413
2025-04-08 20:00:00,29772.0,29599.906,172.09375,172.09375,0.5780389291952169
2025-04-08 21:00:00,29663.0,29433.01,229.990234375,229.990234375,0.7753438100495568
2025-04-08 22:00:00,29816.0,29426.201,389.798828125,389.798828125,1.3073478270894823
2025-04-08 23:00:00,29930.0,29569.68,360.3203125,360.3203125,1.2038767540928834
2025-04-09 00:00:00,30032.0,29770.285,261.71484375,261.71484375,0.8714532623534896
2025-04-09 01:00:00,30162.0,29864.643,297.357421875,297.357421875,0.9858677205589815
2025-04-09 02:00:00,30676.0,30229.738,446.26171875,446.26171875,1.454758504205242
2025-04-09 03:00:00,30118.0,30002.049,115.951171875,115.951171875,0.38498961376917457
2025-04-09 04:00:00,28784.0,28976.988,-192.98828125,192.98828125,0.6704706824972206
2025-04-09 05:00:00,27431.0,27908.717,-477.716796875,477.716796875,1.7415216247129162
2025-04-09 06:00:00,26595.0,27135.045,-540.044921875,540.044921875,2.0306257637713854
2025-04-09 07:00:00,26186.0,26996.982,-810.982421875,810.982421875,3.097007644829298
2025-04-09 08:00:00,25999.0,26895.516,-896.515625,896.515625,3.448269644986346
2025-04-09 09:00:00,26032.0,27027.57,-995.5703125,995.5703125,3.8244096208512603
2025-04-09 10:00:00,26389.0,27627.928,-1238.927734375,1238.927734375,4.694864278203039
2025-04-09 11:00:00,27503.0,28743.879,-1240.87890625,1240.87890625,4.511794736028797
2025-04-09 12:00:00,29665.0,30684.994,-1019.994140625,1019.994140625,3.4383756636608793
2025-04-09 13:00:00,30729.0,31567.264,-838.263671875,838.263671875,2.727923693823424
2025-04-09 14:00:00,30542.0,31163.723,-621.72265625,621.72265625,2.0356317734594986
2025-04-09 15:00:00,30122.0,30674.4,-552.400390625,552.400390625,1.8338768694807783
2025-04-09 16:00:00,29925.0,30451.262,-526.26171875,526.26171875,1.7586022347535506
2025-04-09 17:00:00,29840.0,30140.64,-300.640625,300.640625,1.00750879691689
2025-04-09 18:00:00,29927.0,30263.734,-336.734375,336.734375,1.125185868947773
2025-04-09 19:00:00,30239.0,30528.242,-289.2421875,289.2421875,0.9565203462416085
2025-04-09 20:00:00,30470.0,30232.076,237.923828125,237.923828125,0.7808461704135214
2025-04-09 21:00:00,30832.0,30257.758,574.2421875,574.2421875,1.862487634600415
2025-04-09 22:00:00,31301.0,30561.535,739.46484375,739.46484375,2.3624320109581163
2025-04-09 23:00:00,31550.0,30627.03,922.970703125,922.970703125,2.925422196909667
2025-04-10 00:00:00,31639.0,30904.371,734.62890625,734.62890625,2.3219093721356554
2025-04-10 01:00:00,31293.0,30338.79,954.2109375,954.2109375,3.049279191832039
2025-04-10 02:00:00,31284.0,30230.406,1053.59375,1053.59375,3.3678357946554147
2025-04-10 03:00:00,30432.0,29852.123,579.876953125,579.876953125,1.9054842045379863
2025-04-10 04:00:00,28749.0,28408.62,340.380859375,340.380859375,1.183974605638457
2025-04-10 05:00:00,27160.0,26893.328,266.671875,266.671875,0.9818552098674521
2025-04-10 06:00:00,26209.0,25978.828,230.171875,230.171875,0.8782169292990958
2025-04-10 07:00:00,25666.0,25720.023,-54.0234375,54.0234375,0.21048639250370138
2025-04-10 08:00:00,25415.0,25344.172,70.828125,70.828125,0.27868630729883925
2025-04-10 09:00:00,25444.0,25410.56,33.439453125,33.439453125,0.131423727106587
2025-04-10 10:00:00,25835.0,25900.975,-65.974609375,65.974609375,0.2553691092510161
2025-04-10 11:00:00,26927.0,26829.96,97.0390625,97.0390625,0.360378291306124
2025-04-10 12:00:00,28936.0,28820.35,115.650390625,115.650390625,0.3996764951098977
2025-04-10 13:00:00,30014.0,29868.484,145.515625,145.515625,0.4848258312787366
2025-04-10 14:00:00,30174.0,29812.104,361.896484375,361.896484375,1.1993652958673031
2025-04-10 15:00:00,30111.0,29784.979,326.021484375,326.021484375,1.0827321722128125
2025-04-10 16:00:00,30304.0,29775.873,528.126953125,528.126953125,1.7427631768908394
2025-04-10 17:00:00,30448.0,30114.688,333.3125,333.3125,1.094694232790331
2025-04-10 18:00:00,30653.0,30246.754,406.24609375,406.24609375,1.3253061486640785
2025-04-10 19:00:00,31021.0,30321.184,699.81640625,699.81640625,2.255944058057445
2025-04-13 15:00:00,27406.0,27825.305,-419.3046875,419.3046875,1.5299740476537984
2025-04-14 06:00:00,27337.0,26880.912,456.087890625,456.087890625,1.668390425522186
2025-04-14 07:00:00,26443.0,26165.793,277.20703125,277.20703125,1.048319144007866
2025-04-14 08:00:00,25914.0,25740.422,173.578125,173.578125,0.6698237439222042
2025-04-14 09:00:00,25710.0,25701.408,8.591796875,8.591796875,0.0334181130882925
2025-04-14 10:00:00,25891.0,25521.158,369.841796875,369.841796875,1.4284569807075818
2025-04-14 11:00:00,26855.0,26465.291,389.708984375,389.708984375,1.4511598747905419
2025-04-14 12:00:00,28656.0,27610.387,1045.61328125,1045.61328125,3.648845900509492
2025-04-14 13:00:00,29733.0,28270.746,1462.25390625,1462.25390625,4.917949437493694
2025-04-14 14:00:00,30275.0,28952.193,1322.806640625,1322.806640625,4.369303519818332
2025-04-14 15:00:00,30572.0,29153.498,1418.501953125,1418.501953125,4.6398729331577915
2025-04-17 06:00:00,27583.0,26709.764,873.236328125,873.236328125,3.1658497194830146
2025-04-17 07:00:00,26786.0,25923.43,862.5703125,862.5703125,3.220228150899724
2025-04-17 08:00:00,26298.0,25461.697,836.302734375,836.302734375,3.1801001383185037
2025-04-17 09:00:00,26087.0,25438.516,648.484375,648.484375,2.4858526277456203
2025-04-17 10:00:00,26179.0,26052.926,126.07421875,126.07421875,0.48158531170021773
2025-04-17 11:00:00,27091.0,27026.373,64.626953125,64.626953125,0.23855506671957477
2025-04-17 12:00:00,28807.0,29131.928,-324.927734375,324.927734375,1.1279471460929635
2025-04-17 13:00:00,29939.0,30149.03,-210.029296875,210.029296875,0.7015240885634122
2025-04-17 14:00:00,30567.0,30403.96,163.0390625,163.0390625,0.5333826103314032
2025-04-17 15:00:00,31121.0,30842.148,278.8515625,278.8515625,0.8960237861893897
2025-04-17 16:00:00,31785.0,31298.762,486.23828125,486.23828125,1.5297727898379738
2025-04-17 17:00:00,32405.0,31321.748,1083.251953125,1083.251953125,3.3428543531090877
2025-04-17 18:00:00,33234.0,31744.867,1489.1328125,1489.1328125,4.480751075705602
2025-04-17 19:00:00,34254.0,32032.47,2221.529296875,2221.529296875,6.485459499255561
2025-04-19 06:00:00,27025.0,26895.795,129.205078125,129.205078125,0.4780946461609621
2025-04-19 07:00:00,26409.0,26059.967,349.033203125,349.033203125,1.3216449056192965
2025-04-19 08:00:00,25971.0,25320.053,650.947265625,650.947265625,2.506438972796581
2025-04-19 09:00:00,25856.0,25314.1,541.900390625,541.900390625,2.0958400008702043
2025-04-19 10:00:00,25809.0,25359.438,449.5625,449.5625,1.7418826765856872
2025-04-19 11:00:00,26032.0,25659.758,372.2421875,372.2421875,1.429940794022741
2025-04-19 12:00:00,26564.0,26336.162,227.837890625,227.837890625,0.8576942125621141
2025-04-19 13:00:00,27165.0,27118.607,46.392578125,46.392578125,0.17078070357077121
2025-04-19 14:00:00,28042.0,27986.285,55.71484375,55.71484375,0.19868355948220526
2025-04-19 15:00:00,28801.0,28602.03,198.970703125,198.970703125,0.6908465092357904
2025-04-20 06:00:00,26309.0,25787.818,521.181640625,521.181640625,1.9810013327188414
2025-04-20 07:00:00,25800.0,25174.54,625.4609375,625.4609375,2.424267199612403
2025-04-20 08:00:00,25525.0,24660.178,864.822265625,864.822265625,3.388138161116552
2025-04-20 09:00:00,25367.0,24565.676,801.32421875,801.32421875,3.158923872550952
2025-04-20 10:00:00,25395.0,24542.227,852.7734375,852.7734375,3.3580367690490256
2025-04-20 11:00:00,25683.0,24512.084,1170.916015625,1170.916015625,4.559109199178445
2025-04-20 12:00:00,26256.0,24896.4,1359.599609375,1359.599609375,5.1782434848225165
2025-04-20 13:00:00,27009.0,25546.154,1462.845703125,1462.845703125,5.416141668055093
2025-04-20 14:00:00,27909.0,26317.096,1591.904296875,1591.904296875,5.703910196979469
2025-04-20 15:00:00,28506.0,26954.336,1551.6640625,1551.6640625,5.4432893513646246
2025-04-20 16:00:00,28742.0,27151.602,1590.3984375,1590.3984375,5.533360369842042
2025-04-20 17:00:00,28786.0,27674.738,1111.26171875,1111.26171875,3.860424229660252
2025-04-20 18:00:00,28731.0,27795.154,935.845703125,935.845703125,3.2572681184957015
2025-04-20 19:00:00,28562.0,27920.385,641.615234375,641.615234375,2.2463946305405784
2025-04-20 20:00:00,28337.0,27788.412,548.587890625,548.587890625,1.9359420214736918
2025-04-20 21:00:00,28302.0,27702.85,599.150390625,599.150390625,2.1169895789166846
2025-04-20 22:00:00,28215.0,27730.246,484.75390625,484.75390625,1.7180716152755626
2025-04-20 23:00:00,28231.0,27960.21,270.7890625,270.7890625,0.9591904732386384
2025-04-21 00:00:00,28358.0,28950.84,-592.83984375,592.83984375,2.0905559057408847
2025-04-21 01:00:00,28485.0,28951.303,-466.302734375,466.302734375,1.6370115301913286
2025-04-21 02:00:00,28890.0,29153.754,-263.75390625,263.75390625,0.9129591770508826
2025-04-21 03:00:00,28532.0,28862.146,-330.146484375,330.146484375,1.1571095064313752
2025-04-21 04:00:00,27580.0,28201.938,-621.9375,621.9375,2.2550308194343724
2025-04-21 05:00:00,26534.0,27309.93,-775.9296875,775.9296875,2.9242846442300445
2025-04-21 06:00:00,25814.0,26507.883,-693.8828125,693.8828125,2.688009655613233
2025-04-21 07:00:00,25409.0,25867.508,-458.5078125,458.5078125,1.8045094749891772
2025-04-21 08:00:00,25240.0,25387.486,-147.486328125,147.486328125,0.5843356898771791
2025-04-21 09:00:00,25296.0,25336.742,-40.7421875,40.7421875,0.16106177854206197
2025-04-21 10:00:00,25738.0,25305.115,432.884765625,432.884765625,1.6818896791708757
2025-04-21 11:00:00,26865.0,26267.006,597.994140625,597.994140625,2.225922727061232
2025-04-21 12:00:00,28586.0,27733.05,852.94921875,852.94921875,2.9838005273560486
2025-04-21 13:00:00,29683.0,28420.174,1262.826171875,1262.826171875,4.25437513686285
2025-04-21 14:00:00,29968.0,29045.402,922.59765625,922.59765625,3.078609370828884
2025-04-21 15:00:00,29983.0,29431.676,551.32421875,551.32421875,1.8387893764800052
2025-04-23 06:00:00,27683.0,26343.436,1339.564453125,1339.564453125,4.838942503070476
2025-04-23 07:00:00,26748.0,25589.639,1158.361328125,1158.361328125,4.330646508617467
2025-04-23 08:00:00,26252.0,25396.63,855.369140625,855.369140625,3.258300855649093
2025-04-23 09:00:00,25957.0,25328.486,628.513671875,628.513671875,2.4213648413722697
2025-04-23 10:00:00,26102.0,25451.426,650.57421875,650.57421875,2.492430536932036
2025-04-23 11:00:00,26980.0,26356.803,623.197265625,623.197265625,2.309849020107487
2025-04-23 12:00:00,28697.0,28117.025,579.974609375,579.974609375,2.021028711624908
2025-04-23 13:00:00,29764.0,29116.967,647.033203125,647.033203125,2.1738785214520897
2025-04-23 14:00:00,30153.0,29483.066,669.93359375,669.93359375,2.221780896594037
2025-04-23 15:00:00,30669.0,30042.777,626.22265625,626.22265625,2.0418750407577684
2025-04-23 16:00:00,31148.0,30661.75,486.25,486.25,1.561095415435983
2025-04-23 17:00:00,31585.0,31089.113,495.88671875,495.88671875,1.5700070246952667
2025-04-23 18:00:00,32211.0,31787.996,423.00390625,423.00390625,1.313228109186303
2025-04-23 19:00:00,32897.0,32276.332,620.66796875,620.66796875,1.886700819983585
2025-04-23 20:00:00,33373.0,33133.316,239.68359375,239.68359375,0.7181961278578491
2025-04-23 21:00:00,33846.0,33660.88,185.12109375,185.12109375,0.5469511722212373
2025-04-23 22:00:00,34287.0,33746.918,540.08203125,540.08203125,1.5751801885554293
2025-04-23 23:00:00,34476.0,33826.105,649.89453125,649.89453125,1.8850636130931662
2025-04-24 00:00:00,34192.0,34148.285,43.71484375,43.71484375,0.12785108724262986
2025-04-24 01:00:00,33517.0,33258.63,258.37109375,258.37109375,0.7708658106334099
2025-04-24 02:00:00,33020.0,32897.848,122.15234375,122.15234375,0.3699344147486372
2025-04-24 03:00:00,32096.0,31878.951,217.048828125,217.048828125,0.6762488413665254
2025-04-24 04:00:00,30342.0,30092.885,249.115234375,249.115234375,0.8210244360127875
2025-04-24 05:00:00,28594.0,28469.953,124.046875,124.046875,0.4338213436385256
2025-04-24 06:00:00,27328.0,27048.648,279.3515625,279.3515625,1.022217368632904
2025-04-24 07:00:00,26486.0,26196.555,289.4453125,289.4453125,1.0928238031412822
2025-04-24 08:00:00,25925.0,25778.848,146.15234375,146.15234375,0.5637506027000965
2025-04-24 09:00:00,25617.0,25412.158,204.841796875,204.841796875,0.7996322632431588
2025-04-24 10:00:00,25793.0,25545.367,247.6328125,247.6328125,0.960077588880704
2025-04-24 11:00:00,26734.0,26297.814,436.185546875,436.185546875,1.6315760712014664
2025-04-24 12:00:00,28482.0,28106.38,375.619140625,375.619140625,1.3187948199740187
2025-04-24 13:00:00,29608.0,29139.75,468.25,468.25,1.5814982437179141
2025-04-24 14:00:00,30209.0,29630.432,578.568359375,578.568359375,1.9152185089708365
2025-04-24 15:00:00,30666.0,30159.975,506.025390625,506.025390625,1.6501186676612534
2025-04-24 16:00:00,31073.0,30525.479,547.521484375,547.521484375,1.762048995510572
2025-04-24 17:00:00,31408.0,31048.45,359.55078125,359.55078125,1.1447745200267447
2025-04-24 18:00:00,31903.0,31809.771,93.228515625,93.228515625,0.2922249181111494
2025-04-24 19:00:00,32481.0,32410.65,70.349609375,70.349609375,0.2165869566054001
2025-04-24 20:00:00,32719.0,32941.68,-222.6796875,222.6796875,0.6805821923041658
2025-04-24 21:00:00,32992.0,33380.824,-388.82421875,388.82421875,1.178540915221872
2025-04-24 22:00:00,33330.0,33494.426,-164.42578125,164.42578125,0.4933266764176418
2025-04-24 23:00:00,33582.0,33349.133,232.8671875,232.8671875,0.6934285852540051
2025-04-25 00:00:00,33454.0,33917.4,-463.3984375,463.3984375,1.3851809574340885
2025-04-25 01:00:00,32960.0,33235.21,-275.2109375,275.2109375,0.834984640473301
2025-04-25 02:00:00,32723.0,32540.762,182.23828125,182.23828125,0.5569119006509183
2025-04-25 03:00:00,31828.0,31784.861,43.138671875,43.138671875,0.13553686023312805
2025-04-25 04:00:00,30278.0,30095.082,182.91796875,182.91796875,0.6041283068564635
2025-04-25 05:00:00,28648.0,28643.799,4.201171875,4.201171875,0.014664799898771294
2025-04-25 06:00:00,27478.0,27393.947,84.052734375,84.052734375,0.3058910196338889
2025-04-25 07:00:00,26734.0,26505.146,228.853515625,228.853515625,0.8560391846525024
2025-04-25 08:00:00,26163.0,25994.938,168.0625,168.0625,0.6423670832855559
2025-04-25 09:00:00,25807.0,25565.064,241.935546875,241.935546875,0.937480322683768
2025-04-25 10:00:00,25988.0,25793.998,194.001953125,194.001953125,0.7465058993573958
2025-04-25 11:00:00,26944.0,26543.023,400.9765625,400.9765625,1.4881849855255345
2025-04-25 12:00:00,28654.0,28104.496,549.50390625,549.50390625,1.917721456864661
2025-04-25 13:00:00,29656.0,29018.04,637.9609375,637.9609375,2.1512035928648503
2025-04-25 14:00:00,30445.0,29655.68,789.3203125,789.3203125,2.592610650353096
2025-04-25 15:00:00,30866.0,30083.973,782.02734375,782.02734375,2.5336206303051902
2025-04-25 16:00:00,31314.0,30377.947,936.052734375,936.052734375,2.9892467726096954
2025-04-25 17:00:00,31657.0,30606.2,1050.80078125,1050.80078125,3.319331526202736
2025-04-25 18:00:00,32068.0,30911.846,1156.154296875,1156.154296875,3.605320870883747
2025-04-25 19:00:00,32768.0,31419.416,1348.583984375,1348.583984375,4.115551710128784
2025-04-25 20:00:00,33200.0,31573.402,1626.59765625,1626.59765625,4.899390530873494
2025-04-25 21:00:00,33538.0,31912.713,1625.287109375,1625.287109375,4.846106235836961
2025-04-25 22:00:00,33795.0,32281.158,1513.841796875,1513.841796875,4.4794845298860775
2025-04-25 23:00:00,33607.0,32477.568,1129.431640625,1129.431640625,3.360703545764275
2025-04-26 00:00:00,33037.0,31764.414,1272.5859375,1272.5859375,3.852002111269183
2025-04-26 01:00:00,32222.0,31011.816,1210.18359375,1210.18359375,3.7557680893488916
2025-04-26 02:00:00,31821.0,30916.506,904.494140625,904.494140625,2.842444111200151
2025-04-26 03:00:00,31096.0,30204.412,891.587890625,891.587890625,2.867210865143427
2025-04-26 04:00:00,29846.0,28659.365,1186.634765625,1186.634765625,3.9758586263653424
2025-04-26 05:00:00,28380.0,27090.555,1289.4453125,1289.4453125,4.543500044045102
2025-04-26 06:00:00,27117.0,26093.934,1023.06640625,1023.06640625,3.7727860982040786
2025-04-26 07:00:00,26219.0,25447.396,771.603515625,771.603515625,2.9429174096075363
2025-04-26 08:00:00,25598.0,24899.262,698.73828125,698.73828125,2.7296596657942027
2025-04-26 09:00:00,25254.0,24720.424,533.576171875,533.576171875,2.112838250871149
2025-04-26 10:00:00,25198.0,24697.146,500.853515625,500.853515625,1.987671702615287
2025-04-26 11:00:00,25424.0,25229.55,194.44921875,194.44921875,0.7648254356120201
2025-04-26 12:00:00,25995.0,26502.41,-507.41015625,507.41015625,1.9519528995960762
2025-04-26 13:00:00,26657.0,27222.203,-565.203125,565.203125,2.1202803203661325
2025-04-26 14:00:00,27609.0,27908.838,-299.837890625,299.837890625,1.0860150335941179
2025-04-26 15:00:00,28483.0,28280.463,202.537109375,202.537109375,0.7110806775093916
2025-04-26 16:00:00,29221.0,28639.125,581.875,581.875,1.9912905102494782
2025-04-26 17:00:00,29550.0,28888.053,661.947265625,661.947265625,2.240092269458545
2025-04-26 18:00:00,29711.0,29251.475,459.525390625,459.525390625,1.5466507038638888
2025-04-26 19:00:00,29874.0,29549.242,324.7578125,324.7578125,1.087091827341501
2025-04-26 20:00:00,29979.0,29920.121,58.87890625,58.87890625,0.19640050118416222
2025-04-26 21:00:00,29952.0,30207.414,-255.4140625,255.4140625,0.8527445996928418
2025-04-26 22:00:00,29899.0,30323.064,-424.064453125,424.064453125,1.418323198518345
2025-04-26 23:00:00,30008.0,30396.312,-388.3125,388.3125,1.2940299253532392
2025-04-27 00:00:00,29750.0,30499.658,-749.658203125,749.658203125,2.519859506302521
2025-04-27 01:00:00,29456.0,29716.021,-260.021484375,260.021484375,0.8827453977967137
2025-04-27 02:00:00,29502.0,29520.658,-18.658203125,18.658203125,0.06324385846722257
2025-04-27 03:00:00,29136.0,29098.916,37.083984375,37.083984375,0.12727891397240526
2025-04-27 04:00:00,28265.0,28087.281,177.71875,177.71875,0.6287590659826641
2025-04-27 05:00:00,27263.0,26760.125,502.875,502.875,1.8445328833950776
2025-04-27 06:00:00,26421.0,25855.32,565.6796875,565.6796875,2.141023002535862
2025-04-27 07:00:00,25761.0,25208.541,552.458984375,552.458984375,2.144555663114786
2025-04-27 08:00:00,25356.0,24646.316,709.68359375,709.68359375,2.7988783473339645
2025-04-27 09:00:00,25082.0,24310.203,771.796875,771.796875,3.0770946296148636
2025-04-27 10:00:00,24966.0,24300.28,665.720703125,665.720703125,2.666509265100537
2025-04-27 11:00:00,25237.0,24567.965,669.03515625,669.03515625,2.6510090591195468
2025-04-27 12:00:00,25652.0,25197.44,454.560546875,454.560546875,1.7720277049547792
2025-04-27 13:00:00,26252.0,25740.021,511.978515625,511.978515625,1.9502457550853267
2025-04-27 14:00:00,27255.0,26488.396,766.603515625,766.603515625,2.812707817372959
2025-04-27 15:00:00,28200.0,27407.59,792.41015625,792.41015625,2.8099650930851063
2025-04-27 16:00:00,28907.0,28048.234,858.765625,858.765625,2.9707877849655793
2025-04-27 17:00:00,29527.0,28309.867,1217.1328125,1217.1328125,4.122101170115487
2025-04-27 18:00:00,30117.0,28546.2,1570.80078125,1570.80078125,5.215661524222201
2025-04-27 19:00:00,30683.0,28691.744,1991.255859375,1991.255859375,6.489769120930157
2025-04-27 20:00:00,31017.0,28811.525,2205.474609375,2205.474609375,7.110534898200986
2025-04-27 21:00:00,31583.0,28871.447,2711.552734375,2711.552734375,8.585481855349396
2025-04-27 22:00:00,32082.0,28821.28,3260.720703125,3260.720703125,10.163707696293873
2025-04-27 23:00:00,32584.0,29073.082,3510.91796875,3510.91796875,10.774975352166708
2025-04-28 00:00:00,32617.0,30089.555,2527.4453125,2527.4453125,7.748858915596162
2025-04-28 01:00:00,32270.0,29913.088,2356.912109375,2356.912109375,7.303725160753022
2025-04-28 02:00:00,32329.0,29835.072,2493.927734375,2493.927734375,7.714212423443348
2025-04-28 03:00:00,31774.0,29599.562,2174.4375,2174.4375,6.8434490463901305
2025-04-28 04:00:00,30347.0,28949.68,1397.3203125,1397.3203125,4.604475936665898
2025-04-28 05:00:00,28846.0,28057.834,788.166015625,788.166015625,2.732323426558275
2025-04-28 06:00:00,27652.0,27287.629,364.37109375,364.37109375,1.3177024943946187
2025-04-28 07:00:00,26983.0,26497.908,485.091796875,485.091796875,1.7977682128562429
2025-04-28 08:00:00,26547.0,26024.068,522.931640625,522.931640625,1.9698332791840887
2025-04-28 09:00:00,26402.0,25857.355,544.64453125,544.64453125,2.0628911872206652
2025-04-28 10:00:00,26631.0,26123.625,507.375,507.375,1.9052044609665426
2025-04-28 11:00:00,27624.0,26941.896,682.103515625,682.103515625,2.469242382077179
2025-04-28 12:00:00,29331.0,28120.994,1210.005859375,1210.005859375,4.125348127834032
2025-04-28 13:00:00,30602.0,29184.088,1417.912109375,1417.912109375,4.633396867443304
2025-04-28 14:00:00,31443.0,29784.482,1658.517578125,1658.517578125,5.2746798273860644
2025-04-28 15:00:00,32214.0,30469.914,1744.0859375,1744.0859375,5.414062014962439
2025-04-28 16:00:00,33002.0,30974.3,2027.69921875,2027.69921875,6.144170713138598
2025-04-28 17:00:00,33661.0,31905.527,1755.47265625,1755.47265625,5.215153014616321
2025-04-28 18:00:00,34433.0,32683.2,1749.80078125,1749.80078125,5.08175523843406
2025-04-28 19:00:00,35142.0,33287.156,1854.84375,1854.84375,5.278139405839167
2025-04-28 20:00:00,35573.0,34032.305,1540.6953125,1540.6953125,4.33108062997217
2025-04-28 21:00:00,35880.0,34088.67,1791.328125,1791.328125,4.992553302675586
2025-04-28 22:00:00,36321.0,34935.223,1385.77734375,1385.77734375,3.8153612063269184
2025-04-28 23:00:00,36360.0,34579.492,1780.5078125,1780.5078125,4.896886172992299
2025-04-29 00:00:00,36078.0,34795.58,1282.421875,1282.421875,3.5545813930927435
2025-04-29 01:00:00,35434.0,34461.324,972.67578125,972.67578125,2.745035223937461
2025-04-29 02:00:00,35023.0,33454.957,1568.04296875,1568.04296875,4.477180620592183
2025-04-29 03:00:00,34085.0,32456.305,1628.6953125,1628.6953125,4.778334494645739
2025-04-29 04:00:00,32132.0,30815.03,1316.970703125,1316.970703125,4.098626612489108
2025-04-29 05:00:00,30225.0,29047.078,1177.921875,1177.921875,3.8971774193548385
2025-04-29 06:00:00,28731.0,27631.373,1099.626953125,1099.626953125,3.827318760659218
2025-04-29 07:00:00,27822.0,26975.988,846.01171875,846.01171875,3.0408012319387536
2025-04-29 08:00:00,27245.0,26660.068,584.931640625,584.931640625,2.14693206322261
2025-04-29 09:00:00,26933.0,26675.203,257.796875,257.796875,0.9571784613670962
2025-04-29 10:00:00,27014.0,26541.445,472.5546875,472.5546875,1.7492955041830163
2025-04-29 11:00:00,27754.0,27258.56,495.439453125,495.439453125,1.7851100854831734
2025-04-29 12:00:00,29244.0,28784.303,459.697265625,459.697265625,1.5719370319552728
2025-04-29 13:00:00,30205.0,29772.572,432.427734375,432.427734375,1.4316428881807648
2025-04-29 14:00:00,30588.0,30570.424,17.576171875,17.576171875,0.05746100390676082
2025-04-29 15:00:00,30652.0,31072.664,-420.6640625,420.6640625,1.3723869975858018
2025-04-29 16:00:00,30874.0,31685.729,-811.728515625,811.728515625,2.629165367704217
2025-04-29 17:00:00,30938.0,31967.66,-1029.66015625,1029.66015625,3.3281406563126255
2025-04-29 18:00:00,30959.0,32206.0,-1247.0,1247.0,4.0279078781614395
2025-04-29 19:00:00,31232.0,33061.137,-1829.13671875,1829.13671875,5.85661090788294
2025-04-29 20:00:00,31355.0,33133.047,-1778.046875,1778.046875,5.670696459894754
2025-04-29 21:00:00,31319.0,33307.92,-1988.921875,1988.921875,6.350528034100705
2025-04-29 22:00:00,31539.0,33766.805,-2227.8046875,2227.8046875,7.063650361457244
2025-04-29 23:00:00,31601.0,33854.66,-2253.66015625,2253.66015625,7.131610253631214
2025-04-30 00:00:00,31547.0,33777.465,-2230.46484375,2230.46484375,7.070291450058643
2025-04-30 01:00:00,31357.0,33368.92,-2011.921875,2011.921875,6.416180996268777
2025-04-30 02:00:00,31306.0,32980.8,-1674.80078125,1674.80078125,5.34977570194212
2025-04-30 03:00:00,30680.0,32455.672,-1775.671875,1775.671875,5.787717975880052
2025-04-30 04:00:00,29249.0,30934.074,-1685.07421875,1685.07421875,5.7611344618619444
2025-04-30 05:00:00,27921.0,29164.918,-1243.91796875,1243.91796875,4.45513401651087
2025-04-30 06:00:00,26813.0,27797.947,-984.947265625,984.947265625,3.6733944938089733
2025-04-30 07:00:00,26116.0,26757.307,-641.306640625,641.306640625,2.455608211919896
2025-04-30 08:00:00,25665.0,26398.875,-733.875,733.875,2.859438924605494
2025-04-30 09:00:00,25554.0,26023.512,-469.51171875,469.51171875,1.837331606597793
2025-04-30 10:00:00,25739.0,26144.73,-405.73046875,405.73046875,1.5763256876724037
2025-04-30 11:00:00,26721.0,26851.826,-130.826171875,130.826171875,0.4896005833426893
2025-04-30 12:00:00,28473.0,28539.72,-66.720703125,66.720703125,0.23432972684648612
2025-04-30 13:00:00,29641.0,29384.342,256.658203125,256.658203125,0.8658891505853379
2025-04-30 14:00:00,30219.0,29822.006,396.994140625,396.994140625,1.3137236196598168
2025-04-30 15:00:00,30605.0,30151.182,453.818359375,453.818359375,1.4828242423623592
2025-04-30 16:00:00,30937.0,30090.08,846.919921875,846.919921875,2.7375631828393185
2025-04-30 17:00:00,31118.0,30317.635,800.365234375,800.365234375,2.5720330174657753
2025-04-30 18:00:00,31226.0,30371.1,854.900390625,854.900390625,2.737783868010632
2025-04-30 19:00:00,31433.0,30578.154,854.845703125,854.845703125,2.719580387252251
2025-04-30 20:00:00,31342.0,30769.072,572.927734375,572.927734375,1.8279871558132856
2025-04-30 21:00:00,31184.0,30717.172,466.828125,466.828125,1.497011688686506
2025-04-30 22:00:00,31220.0,30839.695,380.3046875,380.3046875,1.2181444186418962
2025-04-30 23:00:00,31209.0,31046.982,162.017578125,162.017578125,0.5191373582139767
2025-05-01 00:00:00,31021.0,31116.31,-95.310546875,95.310546875,0.3072452431417427
2025-05-01 01:00:00,30715.0,30817.73,-102.73046875,102.73046875,0.33446351538336316
2025-05-01 02:00:00,30680.0,30696.361,-16.361328125,16.361328125,0.053328970420469364
2025-05-01 03:00:00,30248.0,30329.02,-81.01953125,81.01953125,0.2678508703054747
2025-05-01 04:00:00,28863.0,28937.203,-74.203125,74.203125,0.257087360981187
2025-05-01 05:00:00,27371.0,27630.697,-259.697265625,259.697265625,0.9488044485952285
2025-05-01 06:00:00,26289.0,26368.92,-79.919921875,79.919921875,0.3040051803986458
2025-05-01 07:00:00,25718.0,25567.402,150.59765625,150.59765625,0.585572969321098
2025-05-01 08:00:00,25307.0,25126.748,180.251953125,180.251953125,0.7122612444185403
2025-05-01 09:00:00,25183.0,24896.217,286.783203125,286.783203125,1.1387968197792162
2025-05-01 10:00:00,25438.0,25040.988,397.01171875,397.01171875,1.56070335226826
2025-05-01 11:00:00,26320.0,26066.088,253.912109375,253.912109375,0.9647116617591186
2025-05-01 12:00:00,28026.0,27839.828,186.171875,186.171875,0.6642827196174981
2025-05-01 13:00:00,29052.0,28986.004,65.99609375,65.99609375,0.22716540599614482
2025-05-01 14:00:00,29607.0,29634.453,-27.453125,27.453125,0.0927251156821022
2025-05-01 15:00:00,29941.0,29852.158,88.841796875,88.841796875,0.29672287790988944
2025-05-01 16:00:00,30308.0,30342.656,-34.65625,34.65625,0.11434687211297347
2025-05-01 17:00:00,30590.0,30523.492,66.5078125,66.5078125,0.21741684373978426
2025-05-01 18:00:00,31058.0,31029.084,28.916015625,28.916015625,0.0931032765310065
2025-05-01 19:00:00,31705.0,31083.732,621.267578125,621.267578125,1.9595255578773063
2025-05-01 20:00:00,32206.0,30960.574,1245.42578125,1245.42578125,3.8670613589082783
2025-05-01 21:00:00,32724.0,30943.582,1780.41796875,1780.41796875,5.440710086633663
2025-05-01 22:00:00,33252.0,31212.857,2039.142578125,2039.142578125,6.132390767848551
2025-05-01 23:00:00,33558.0,31112.828,2445.171875,2445.171875,7.286405253590798
2025-05-02 00:00:00,33441.0,31334.082,2106.91796875,2106.91796875,6.300403602613558
2025-05-02 01:00:00,32815.0,30734.957,2080.04296875,2080.04296875,6.338695623190614
2025-05-02 02:00:00,32398.0,30468.54,1929.4609375,1929.4609375,5.955493973393419
2025-05-02 03:00:00,31610.0,30130.521,1479.478515625,1479.478515625,4.680412893467257
2025-05-02 04:00:00,29914.0,28671.988,1242.01171875,1242.01171875,4.151941294210069
2025-05-02 05:00:00,28279.0,27196.72,1082.279296875,1082.279296875,3.827148402966866
2025-05-02 06:00:00,27013.0,26046.766,966.234375,966.234375,3.5769236108540334
2025-05-02 07:00:00,26234.0,25353.521,880.478515625,880.478515625,3.35624958307921
2025-05-02 08:00:00,25765.0,24984.559,780.44140625,780.44140625,3.029075902386959
2025-05-02 09:00:00,25613.0,24796.541,816.458984375,816.458984375,3.1876741669269517
2025-05-02 10:00:00,25732.0,25019.344,712.65625,712.65625,2.769533071661744
2025-05-02 11:00:00,26494.0,25902.943,591.056640625,591.056640625,2.230907528591379
2025-05-02 12:00:00,27928.0,27483.203,444.796875,444.796875,1.5926556681466628
2025-05-02 13:00:00,29113.0,28423.44,689.560546875,689.560546875,2.368565750266204
2025-05-02 14:00:00,29796.0,29035.443,760.556640625,760.556640625,2.5525461156698888
2025-05-02 15:00:00,30204.0,29417.48,786.51953125,786.51953125,2.6040244048801484
2025-05-02 16:00:00,30563.0,29608.523,954.4765625,954.4765625,3.1229806056342637
2025-05-02 17:00:00,30665.0,29762.3,902.69921875,902.69921875,2.9437443950758193
2025-05-02 18:00:00,30646.0,30151.379,494.62109375,494.62109375,1.6139825548195523
2025-05-02 19:00:00,30713.0,30478.102,234.8984375,234.8984375,0.7648176260866734
2025-05-02 20:00:00,30669.0,30999.895,-330.89453125,330.89453125,1.0789218143728194
2025-05-02 21:00:00,30577.0,31225.807,-648.806640625,648.806640625,2.121878014929522
2025-05-02 22:00:00,30506.0,31865.582,-1359.58203125,1359.58203125,4.4567692626040785
2025-05-02 23:00:00,30444.0,31918.342,-1474.341796875,1474.341796875,4.842799227680331
2025-05-03 00:00:00,30077.0,31020.807,-943.806640625,943.806640625,3.13796801750507
2025-05-03 01:00:00,29643.0,30336.768,-693.767578125,693.767578125,2.340409466400162
2025-05-03 02:00:00,29462.0,30115.627,-653.626953125,653.626953125,2.218542370256602
2025-05-03 03:00:00,29140.0,29684.113,-544.11328125,544.11328125,1.8672384394303365
2025-05-03 04:00:00,28108.0,28242.68,-134.6796875,134.6796875,0.4791507311085812
2025-05-03 05:00:00,26933.0,26751.174,181.826171875,181.826171875,0.6751055280696543
2025-05-03 06:00:00,25963.0,25850.598,112.40234375,112.40234375,0.43293280341254864
2025-05-03 07:00:00,25361.0,25145.816,215.18359375,215.18359375,0.8484822907219747
2025-05-03 08:00:00,25021.0,24514.89,506.109375,506.109375,2.022738399744215
2025-05-03 09:00:00,24883.0,24280.338,602.662109375,602.662109375,2.421983319434956
2025-05-03 10:00:00,24934.0,24373.34,560.66015625,560.66015625,2.2485768679313387
2025-05-03 11:00:00,25328.0,24762.973,565.02734375,565.02734375,2.2308407444330385
2025-05-03 12:00:00,25791.0,25763.525,27.474609375,27.474609375,0.10652789490519948
2025-05-03 13:00:00,26351.0,26656.367,-305.3671875,305.3671875,1.158844778186786
2025-05-03 14:00:00,26941.0,27443.982,-502.982421875,502.982421875,1.86697755048068
2025-05-03 15:00:00,27364.0,28034.977,-670.9765625,670.9765625,2.4520412311796522
2025-05-03 16:00:00,27572.0,28124.732,-552.732421875,552.732421875,2.00468744333019
2025-05-03 17:00:00,27680.0,28360.053,-680.052734375,680.052734375,2.4568379132044798
2025-05-03 18:00:00,27821.0,28388.633,-567.6328125,567.6328125,2.040303412889544
2025-05-03 19:00:00,27965.0,28453.93,-488.9296875,488.9296875,1.7483629089933845
2025-05-03 20:00:00,28184.0,28494.031,-310.03125,310.03125,1.1000257238149305
2025-05-03 21:00:00,28552.0,28424.602,127.3984375,127.3984375,0.4461979458531802
2025-05-03 22:00:00,28961.0,28410.738,550.26171875,550.26171875,1.9000093876247366
2025-05-03 23:00:00,29370.0,28488.646,881.353515625,881.353515625,3.0008631788389515
2025-05-04 00:00:00,29435.0,28902.592,532.408203125,532.408203125,1.8087589710378802
2025-05-04 01:00:00,29159.0,28169.264,989.736328125,989.736328125,3.3942739055694644
2025-05-04 02:00:00,28944.0,28009.52,934.48046875,934.48046875,3.2285809451008847
2025-05-04 03:00:00,28647.0,27573.654,1073.345703125,1073.345703125,3.746799675795022
2025-05-04 04:00:00,27660.0,26706.035,953.96484375,953.96484375,3.4488967597613884
2025-05-04 05:00:00,26551.0,25721.559,829.44140625,829.44140625,3.1239554301156267
2025-05-04 06:00:00,25574.0,24986.82,587.1796875,587.1796875,2.2960025318683037
2025-05-04 07:00:00,25014.0,24414.79,599.2109375,599.2109375,2.3955022687295116
2025-05-04 08:00:00,24668.0,24006.291,661.708984375,661.708984375,2.6824589929260583
2025-05-04 09:00:00,24498.0,23858.078,639.921875,639.921875,2.612139256265818
2025-05-04 10:00:00,24554.0,23863.654,690.345703125,690.345703125,2.8115406985623523
2025-05-04 11:00:00,24857.0,24029.162,827.837890625,827.837890625,3.330401458844591
2025-05-04 12:00:00,25187.0,24589.05,597.94921875,597.94921875,2.37403906281018
2025-05-04 13:00:00,25716.0,25058.531,657.46875,657.46875,2.5566524731684552
2025-05-04 14:00:00,26387.0,25682.545,704.455078125,704.455078125,2.669705074942206
2025-05-04 15:00:00,26880.0,26196.271,683.728515625,683.728515625,2.5436328706287203
2025-05-04 16:00:00,27301.0,26612.791,688.208984375,688.208984375,2.520819692959965
2025-05-04 17:00:00,27656.0,26982.797,673.203125,673.203125,2.4342027950535146
2025-05-04 18:00:00,28170.0,27230.664,939.3359375,939.3359375,3.3345258697195597
2025-05-04 19:00:00,28577.0,27469.111,1107.888671875,1107.888671875,3.8768543649613325
2025-05-04 20:00:00,29073.0,27656.945,1416.0546875,1416.0546875,4.870686504660682
2025-05-04 21:00:00,29638.0,27922.463,1715.537109375,1715.537109375,5.788302548670625
2025-05-04 22:00:00,30416.0,28440.717,1975.283203125,1975.283203125,6.494224102857049
2025-05-04 23:00:00,31119.0,28742.88,2376.119140625,2376.119140625,7.635589641778334
2025-05-05 00:00:00,31283.0,29820.543,1462.45703125,1462.45703125,4.674925778378033
2025-05-05 01:00:00,30805.0,29078.246,1726.75390625,1726.75390625,5.605433878428826
2025-05-05 02:00:00,30465.0,28795.842,1669.158203125,1669.158203125,5.478937151239127
2025-05-05 03:00:00,29958.0,28658.182,1299.818359375,1299.818359375,4.338802187646038
2025-05-05 04:00:00,28406.0,27970.08,435.919921875,435.919921875,1.5346050900337957
2025-05-05 05:00:00,26715.0,26902.926,-187.92578125,187.92578125,0.7034466825753322
2025-05-05 06:00:00,25522.0,25814.473,-292.47265625,292.47265625,1.1459629192461405
2025-05-05 07:00:00,24927.0,25249.582,-322.58203125,322.58203125,1.294106917198219
2025-05-05 08:00:00,24448.0,24798.973,-350.97265625,350.97265625,1.435588417252945
2025-05-05 09:00:00,24390.0,24502.367,-112.3671875,112.3671875,0.4607100758507585
2025-05-05 10:00:00,24703.0,24747.82,-44.8203125,44.8203125,0.18143671821236287
2025-05-05 11:00:00,25885.0,25458.367,426.6328125,426.6328125,1.648185483870968
2025-05-05 12:00:00,27624.0,26808.18,815.8203125,815.8203125,2.953302608239212
2025-05-05 13:00:00,28874.0,27697.02,1176.98046875,1176.98046875,4.0762640048140195
2025-05-05 14:00:00,29312.0,28426.64,885.359375,885.359375,3.0204673000818776
2025-05-05 15:00:00,29644.0,29040.66,603.33984375,603.33984375,2.035284859499393
2025-05-05 16:00:00,30216.0,29410.193,805.806640625,805.806640625,2.666821024043553
2025-05-05 17:00:00,30552.0,29830.133,721.8671875,721.8671875,2.3627493699266826
2025-05-05 18:00:00,30929.0,30117.979,811.021484375,811.021484375,2.6222040297940445
2025-05-05 19:00:00,31413.0,30396.457,1016.54296875,1016.54296875,3.2360582203227963
2025-05-05 20:00:00,31760.0,30953.836,806.1640625,806.1640625,2.5382999448992445
2025-05-05 21:00:00,32054.0,31342.873,711.126953125,711.126953125,2.2185279625787735
2025-05-05 22:00:00,32361.0,32122.062,238.9375,238.9375,0.7383501745928741
2025-05-05 23:00:00,32517.0,32368.734,148.265625,148.265625,0.4559634191346065
2025-05-06 00:00:00,32379.0,32184.441,194.55859375,194.55859375,0.6008789454584762
2025-05-06 01:00:00,31974.0,31054.576,919.423828125,919.423828125,2.8755358357571774
2025-05-06 02:00:00,31649.0,30695.705,953.294921875,953.294921875,3.012085443062972
2025-05-06 03:00:00,30891.0,30353.533,537.466796875,537.466796875,1.7398815087727817
2025-05-06 04:00:00,29217.0,28772.398,444.6015625,444.6015625,1.5217221566211452
2025-05-06 05:00:00,27482.0,27600.92,-118.919921875,118.919921875,0.4327193140055309
2025-05-06 06:00:00,26193.0,26347.629,-154.62890625,154.62890625,0.5903443906768984
2025-05-06 07:00:00,25451.0,25325.148,125.8515625,125.8515625,0.4944857274763271
2025-05-06 08:00:00,25035.0,24966.527,68.47265625,68.47265625,0.2735077142001198
2025-05-06 09:00:00,24923.0,24777.832,145.16796875,145.16796875,0.582465869879228
2025-05-06 10:00:00,25119.0,25259.414,-140.4140625,140.4140625,0.5589954317448943
2025-05-06 11:00:00,26102.0,26265.223,-163.22265625,163.22265625,0.6253262441575359
2025-05-06 12:00:00,27696.0,27645.941,50.05859375,50.05859375,0.18074304502455227
2025-05-06 13:00:00,28911.0,28552.307,358.693359375,358.693359375,1.2406812610252151
2025-05-06 14:00:00,29380.0,29161.799,218.201171875,218.201171875,0.742686085347175
2025-05-06 15:00:00,29765.0,29504.412,260.587890625,260.587890625,0.8754842621367378
2025-05-06 16:00:00,30292.0,30171.65,120.349609375,120.349609375,0.39729832752872046
2025-05-06 17:00:00,30630.0,30469.389,160.611328125,160.611328125,0.5243595433398629
2025-05-06 18:00:00,30999.0,30984.557,14.443359375,14.443359375,0.046592984854350136
2025-05-06 19:00:00,31265.0,31238.01,26.990234375,26.990234375,0.0863273128898129
2025-05-06 20:00:00,31284.0,31534.895,-250.89453125,250.89453125,0.8019899349507735
2025-05-06 21:00:00,31252.0,31741.074,-489.07421875,489.07421875,1.5649373440099832
2025-05-06 22:00:00,31309.0,31915.982,-606.982421875,606.982421875,1.938683515522693
2025-05-06 23:00:00,31207.0,32193.648,-986.6484375,986.6484375,3.161625396545647
2025-05-07 00:00:00,30921.0,32067.418,-1146.41796875,1146.41796875,3.7075708054396688
2025-05-07 01:00:00,30717.0,31768.154,-1051.154296875,1051.154296875,3.422060412393788
2025-05-07 02:00:00,30848.0,31095.607,-247.607421875,247.607421875,0.8026692877171939
2025-05-07 03:00:00,30324.0,30440.816,-116.81640625,116.81640625,0.3852275631512993
2025-05-07 04:00:00,28962.0,28791.129,170.87109375,170.87109375,0.58998375025896
2025-05-07 05:00:00,27510.0,26944.416,565.583984375,565.583984375,2.0559214262995273
2025-05-07 06:00:00,26372.0,25862.781,509.21875,509.21875,1.930906833004702
2025-05-07 07:00:00,25753.0,25070.666,682.333984375,682.333984375,2.6495320326758045
2025-05-07 08:00:00,25405.0,24751.512,653.48828125,653.48828125,2.5722821541035232
2025-05-07 09:00:00,25320.0,24553.854,766.146484375,766.146484375,3.0258549935821484
2025-05-07 10:00:00,25581.0,24739.168,841.83203125,841.83203125,3.290848798913256
2025-05-07 11:00:00,26527.0,25610.979,916.021484375,916.021484375,3.453166526086629
2025-05-07 12:00:00,28248.0,27379.178,868.822265625,868.822265625,3.0756947947642312
2025-05-07 13:00:00,29397.0,28446.463,950.537109375,950.537109375,3.233449363455455
2025-05-07 14:00:00,29857.0,29018.523,838.4765625,838.4765625,2.80830814381887
2025-05-07 15:00:00,30184.0,29668.732,515.267578125,515.267578125,1.7070884512490063
2025-05-07 16:00:00,30542.0,30098.695,443.3046875,443.3046875,1.4514592610176151
2025-05-07 17:00:00,30733.0,30413.607,319.392578125,319.392578125,1.0392495953047214
2025-05-07 18:00:00,31000.0,30916.691,83.30859375,83.30859375,0.2687373991935484
2025-05-07 19:00:00,31237.0,30992.078,244.921875,244.921875,0.7840761756890866
2025-05-07 20:00:00,31301.0,31099.705,201.294921875,201.294921875,0.6430942202325804
2025-05-07 21:00:00,31472.0,31088.875,383.125,383.125,1.2173519318759531
2025-05-07 22:00:00,31688.0,31246.6,441.400390625,441.400390625,1.3929575568827317
2025-05-07 23:00:00,31849.0,31283.393,565.607421875,565.607421875,1.775903236757826
2025-05-08 00:00:00,31795.0,31323.47,471.529296875,471.529296875,1.4830297118257587
2025-05-08 01:00:00,31400.0,30699.543,700.45703125,700.45703125,2.2307548765923566
2025-05-08 02:00:00,31207.0,30341.686,865.314453125,865.314453125,2.7728216525939695
2025-05-08 03:00:00,30797.0,30271.709,525.291015625,525.291015625,1.7056564458388805
2025-05-08 04:00:00,29276.0,28759.215,516.78515625,516.78515625,1.7652177765063535
2025-05-08 05:00:00,27762.0,27158.396,603.603515625,603.603515625,2.1742076061703046
2025-05-08 06:00:00,26500.0,25807.22,692.779296875,692.779296875,2.6142614976415093
2025-05-08 07:00:00,25838.0,25047.588,790.412109375,790.412109375,3.0591071653185233
2025-05-08 08:00:00,25375.0,24635.021,739.978515625,739.978515625,2.916171490147783
2025-05-08 09:00:00,25304.0,24615.088,688.912109375,688.912109375,2.7225423228540944
2025-05-08 10:00:00,25536.0,24789.486,746.513671875,746.513671875,2.9233774744478382
2025-05-08 11:00:00,26479.0,25805.918,673.08203125,673.08203125,2.5419465661467577
2025-05-08 12:00:00,28083.0,27413.254,669.74609375,669.74609375,2.3848808665384755
2025-05-08 13:00:00,29205.0,28644.014,560.986328125,560.986328125,1.9208571413285396
2025-05-08 14:00:00,29763.0,29212.332,550.66796875,550.66796875,1.8501762885125828
2025-05-08 15:00:00,30192.0,29754.746,437.25390625,437.25390625,1.4482442575847907
2025-05-08 16:00:00,30675.0,30141.912,533.087890625,533.087890625,1.737857834148329
2025-05-08 17:00:00,31133.0,30485.605,647.39453125,647.39453125,2.079447953136543
2025-05-08 18:00:00,31553.0,31065.12,487.880859375,487.880859375,1.5462265374924729
2025-05-08 19:00:00,32171.0,31380.158,790.841796875,790.841796875,2.458244371872183
2025-05-08 20:00:00,32584.0,31553.094,1030.90625,1030.90625,3.163841916277928
2025-05-08 21:00:00,32915.0,31516.268,1398.732421875,1398.732421875,4.24952885272672
2025-05-08 22:00:00,33332.0,31878.695,1453.3046875,1453.3046875,4.360088466038642
2025-05-08 23:00:00,33342.0,32056.988,1285.01171875,1285.01171875,3.854033107642013
2025-05-09 00:00:00,33276.0,32739.766,536.234375,536.234375,1.611474861762231
2025-05-09 01:00:00,32844.0,31421.334,1422.666015625,1422.666015625,4.3315857253227374
2025-05-09 02:00:00,32339.0,31162.354,1176.646484375,1176.646484375,3.6384751673675746
2025-05-09 03:00:00,31767.0,30256.662,1510.337890625,1510.337890625,4.754424058378191
2025-05-09 04:00:00,30076.0,28874.78,1201.220703125,1201.220703125,3.9939510012135924
2025-05-09 05:00:00,28356.0,27181.342,1174.658203125,1174.658203125,4.142538450856962
2025-05-09 06:00:00,26975.0,25976.496,998.50390625,998.50390625,3.7015900139017606
2025-05-09 07:00:00,26160.0,25382.338,777.662109375,777.662109375,2.9727144853784404
2025-05-09 08:00:00,25706.0,24795.43,910.5703125,910.5703125,3.542248161907726
2025-05-09 09:00:00,25447.0,24648.6,798.400390625,798.400390625,3.1375030087043663
2025-05-09 10:00:00,25604.0,24881.916,722.083984375,722.083984375,2.820199907729261
2025-05-09 11:00:00,26343.0,25743.521,599.478515625,599.478515625,2.2756653214326388
2025-05-09 12:00:00,27691.0,27332.379,358.62109375,358.62109375,1.2950817729587232
2025-05-09 13:00:00,28787.0,28229.305,557.6953125,557.6953125,1.9373165404522874
2025-05-09 14:00:00,29435.0,29183.137,251.86328125,251.86328125,0.8556591854934601
2025-05-09 15:00:00,30077.0,29960.312,116.6875,116.6875,0.387962562755594
2025-05-09 16:00:00,30720.0,30574.625,145.375,145.375,0.4732259114583333
2025-05-09 17:00:00,31322.0,31183.688,138.3125,138.3125,0.44158259370410574
2025-05-09 18:00:00,31940.0,31374.143,565.857421875,565.857421875,1.7716262425641827
2025-05-09 19:00:00,32587.0,31978.516,608.484375,608.484375,1.8672611010525668
2025-05-09 20:00:00,33130.0,32211.88,918.119140625,918.119140625,2.771262120811953
2025-05-09 21:00:00,33598.0,32555.713,1042.287109375,1042.287109375,3.102229624903268
2025-05-09 22:00:00,34083.0,33086.25,996.75,996.75,2.9244784790071296
2025-05-09 23:00:00,34149.0,33058.395,1090.60546875,1090.60546875,3.193667365808662
2025-05-10 00:00:00,33778.0,32974.83,803.171875,803.171875,2.3777958286458643
2025-05-10 01:00:00,33007.0,31660.412,1346.587890625,1346.587890625,4.079703973778289
2025-05-10 02:00:00,32081.0,30914.926,1166.07421875,1166.07421875,3.6347813931922324
2025-05-10 03:00:00,31408.0,30244.656,1163.34375,1163.34375,3.703972713958227
2025-05-10 04:00:00,29985.0,28357.191,1627.80859375,1627.80859375,5.428743017342005
2025-05-10 05:00:00,28298.0,26533.764,1764.236328125,1764.236328125,6.234491229503852
2025-05-10 06:00:00,26981.0,25497.672,1483.328125,1483.328125,5.497676605759608
2025-05-10 07:00:00,25995.0,24623.676,1371.32421875,1371.32421875,5.2753384064243125
2025-05-10 08:00:00,25367.0,24326.84,1040.16015625,1040.16015625,4.100446076595577
2025-05-10 09:00:00,24946.0,24170.959,775.041015625,775.041015625,3.1068749123105905
2025-05-10 10:00:00,24897.0,24120.92,776.080078125,776.080078125,3.1171630241595376
2025-05-10 11:00:00,25163.0,24554.393,608.607421875,608.607421875,2.41866002414259
2025-05-10 12:00:00,25498.0,25462.635,35.365234375,35.365234375,0.13869807190760058
2025-05-10 13:00:00,26205.0,26458.494,-253.494140625,253.494140625,0.9673502790497998
2025-05-10 14:00:00,27246.0,27338.082,-92.08203125,92.08203125,0.3379653205975189
2025-05-10 15:00:00,28124.0,28127.727,-3.7265625,3.7265625,0.013250471127862325
2025-05-10 16:00:00,28725.0,28517.906,207.09375,207.09375,0.7209530026109661
2025-05-10 17:00:00,29349.0,29044.719,304.28125,304.28125,1.0367687144366078
2025-05-10 18:00:00,29986.0,29897.453,88.546875,88.546875,0.2952940538918162
2025-05-10 19:00:00,30662.0,30868.184,-206.18359375,206.18359375,0.672440133552932
2025-05-10 20:00:00,31288.0,31585.787,-297.787109375,297.787109375,0.9517614081277166
2025-05-10 21:00:00,32001.0,32089.885,-88.884765625,88.884765625,0.2777562126964782
2025-05-10 22:00:00,32534.0,32220.05,313.94921875,313.94921875,0.9649880701727424
2025-05-10 23:00:00,32851.0,32186.33,664.669921875,664.669921875,2.0232867245289334
2025-05-11 00:00:00,32695.0,33497.746,-802.74609375,802.74609375,2.4552564421165317
2025-05-11 01:00:00,32033.0,31889.09,143.91015625,143.91015625,0.4492559430899385
2025-05-11 02:00:00,31264.0,30970.355,293.64453125,293.64453125,0.9392417197095702
2025-05-11 03:00:00,30632.0,30144.68,487.3203125,487.3203125,1.590886368829982
2025-05-11 04:00:00,29338.0,28419.463,918.537109375,918.537109375,3.130878414939669
2025-05-11 05:00:00,27772.0,26443.1,1328.900390625,1328.900390625,4.785036693882327
2025-05-11 06:00:00,26442.0,25567.666,874.333984375,874.333984375,3.306610636014674
2025-05-11 07:00:00,25631.0,24618.889,1012.111328125,1012.111328125,3.9487781519449103
2025-05-11 08:00:00,25150.0,24156.086,993.9140625,993.9140625,3.95194458250497
2025-05-11 09:00:00,24843.0,23775.129,1067.87109375,1067.87109375,4.298478822002174
2025-05-11 10:00:00,24741.0,23781.56,959.439453125,959.439453125,3.8779332004567317
2025-05-11 11:00:00,24885.0,23999.5,885.5,885.5,3.558368495077356
2025-05-11 12:00:00,24891.0,24257.385,633.615234375,633.615234375,2.54555957725684
2025-05-11 13:00:00,25548.0,25210.605,337.39453125,337.39453125,1.3206299172146547
2025-05-11 14:00:00,26694.0,26390.691,303.30859375,303.30859375,1.136242577920132
2025-05-11 15:00:00,27681.0,27106.326,574.673828125,574.673828125,2.0760587700046966
2025-05-11 16:00:00,28380.0,28130.027,249.97265625,249.97265625,0.8808056950317125
2025-05-11 17:00:00,29115.0,28908.387,206.61328125,206.61328125,0.7096454791344669
2025-05-11 18:00:00,29939.0,29610.91,328.08984375,328.08984375,1.0958610633287684
2025-05-11 19:00:00,30734.0,30392.113,341.88671875,341.88671875,1.112405540281122
2025-05-11 20:00:00,31550.0,31215.488,334.51171875,334.51171875,1.0602590134706815
2025-05-11 21:00:00,32371.0,31792.717,578.283203125,578.283203125,1.7864236604522565
2025-05-11 22:00:00,33177.0,31783.275,1393.724609375,1393.724609375,4.200875936266088
2025-05-11 23:00:00,33682.0,31615.266,2066.734375,2066.734375,6.136020352116858
2025-05-12 00:00:00,33727.0,33212.027,514.97265625,514.97265625,1.5268854515669938
2025-05-12 01:00:00,33303.0,32413.857,889.142578125,889.142578125,2.6698573045221154
2025-05-12 02:00:00,32539.0,31026.9,1512.099609375,1512.099609375,4.647037737407419
2025-05-12 03:00:00,31876.0,30171.64,1704.359375,1704.359375,5.346842059856946
2025-05-12 04:00:00,30243.0,28635.057,1607.943359375,1607.943359375,5.316745558889661
2025-05-12 05:00:00,28277.0,27251.227,1025.7734375,1025.7734375,3.627589339392439
2025-05-12 06:00:00,26800.0,26072.748,727.251953125,727.251953125,2.7136266907649254
2025-05-12 07:00:00,25903.0,25162.56,740.439453125,740.439453125,2.8585084859861793
2025-05-12 08:00:00,25370.0,24735.338,634.662109375,634.662109375,2.5016243964327947
2025-05-12 09:00:00,25215.0,24375.805,839.1953125,839.1953125,3.328159081895697
2025-05-12 10:00:00,25412.0,24497.201,914.798828125,914.798828125,3.5998694637376047
2025-05-12 11:00:00,26305.0,25074.842,1230.158203125,1230.158203125,4.676518544478236
2025-05-12 12:00:00,27820.0,26090.727,1729.2734375,1729.2734375,6.215936152048886
2025-05-12 13:00:00,29143.0,27574.168,1568.83203125,1568.83203125,5.383220777716776
2025-05-12 14:00:00,30039.0,29022.123,1016.876953125,1016.876953125,3.3851890979227006
2025-05-12 15:00:00,30965.0,30370.006,594.994140625,594.994140625,1.9215053790569998
2025-05-12 16:00:00,31992.0,31071.094,920.90625,920.90625,2.8785516691672917
2025-05-12 17:00:00,32995.0,31832.62,1162.380859375,1162.380859375,3.522900013259585
2025-05-12 18:00:00,34018.0,32800.516,1217.484375,1217.484375,3.5789416632371096
2025-05-12 19:00:00,35133.0,33329.633,1803.3671875,1803.3671875,5.132972383514075
2025-05-12 20:00:00,36211.0,34158.332,2052.66796875,2052.66796875,5.668630992654166
2025-05-12 21:00:00,37189.0,34829.26,2359.73828125,2359.73828125,6.345258762671757
2025-05-12 22:00:00,38102.0,35725.71,2376.2890625,2376.2890625,6.236651783370951
2025-05-12 23:00:00,38458.0,35931.89,2526.109375,2526.109375,6.568488675958188
2025-05-13 00:00:00,38324.0,35618.594,2705.40625,2705.40625,7.0593003079010535
2025-05-13 01:00:00,37455.0,34689.84,2765.16015625,2765.16015625,7.382619560138834
2025-05-13 02:00:00,36187.0,33314.617,2872.3828125,2872.3828125,7.937609673363362
2025-05-13 03:00:00,35055.0,32262.58,2792.419921875,2792.419921875,7.965824909071459
2025-05-13 04:00:00,32892.0,29971.162,2920.837890625,2920.837890625,8.880086010656086
2025-05-13 05:00:00,30569.0,28303.975,2265.025390625,2265.025390625,7.4095501672445945
2025-05-13 06:00:00,28782.0,26761.854,2020.146484375,2020.146484375,7.018784255350566
2025-05-13 07:00:00,27683.0,25752.736,1930.263671875,1930.263671875,6.972740208340859
2025-05-13 08:00:00,26904.0,25187.326,1716.673828125,1716.673828125,6.380738284734612
2025-05-13 09:00:00,26491.0,25046.877,1444.123046875,1444.123046875,5.451372341078102
2025-05-13 10:00:00,26569.0,25165.684,1403.31640625,1403.31640625,5.281781046520381
2025-05-13 11:00:00,27282.0,26207.52,1074.48046875,1074.48046875,3.938422655047284
2025-05-13 12:00:00,28742.0,27725.695,1016.3046875,1016.3046875,3.535956744485422
2025-05-13 13:00:00,30086.0,29094.375,991.625,991.625,3.29596822442332
2025-05-13 14:00:00,31084.0,30419.053,664.947265625,664.947265625,2.139194651991378
2025-05-13 15:00:00,31905.0,31972.873,-67.873046875,67.873046875,0.21273482800501486
2025-05-13 16:00:00,33246.0,33138.75,107.25,107.25,0.3225951994224869
2025-05-13 17:00:00,34720.0,33839.496,880.50390625,880.50390625,2.5360135548675116
2025-05-13 18:00:00,36220.0,35146.164,1073.8359375,1073.8359375,2.9647596286582
2025-05-13 19:00:00,37677.0,35975.73,1701.26953125,1701.26953125,4.515406033521777
2025-05-13 20:00:00,38803.0,36713.516,2089.484375,2089.484375,5.3848526531453755
2025-05-13 21:00:00,39860.0,37891.81,1968.19140625,1968.19140625,4.937760677997993
2025-05-13 22:00:00,40769.0,38695.496,2073.50390625,2073.50390625,5.085981766170375
2025-05-13 23:00:00,41070.0,39123.9,1946.1015625,1946.1015625,4.738499056488921
2025-05-14 00:00:00,40694.0,38665.156,2028.84375,2028.84375,4.985609057846366
2025-05-14 01:00:00,39644.0,37823.836,1820.1640625,1820.1640625,4.5912724813338714
2025-05-14 02:00:00,38298.0,36796.94,1501.05859375,1501.05859375,3.9194177078437518
2025-05-14 03:00:00,37147.0,35947.71,1199.2890625,1199.2890625,3.228495066896385
2025-05-14 04:00:00,34975.0,32848.32,2126.6796875,2126.6796875,6.080570943531094
2025-05-14 05:00:00,33141.0,30446.26,2694.740234375,2694.740234375,8.131137365725234
2025-05-14 06:00:00,30899.0,28463.477,2435.5234375,2435.5234375,7.882207959804524
2025-05-14 07:00:00,29532.0,27259.715,2272.28515625,2272.28515625,7.694315170831641
2025-05-14 08:00:00,28602.0,26302.549,2299.451171875,2299.451171875,8.039476861320887
2025-05-14 09:00:00,28072.0,26094.605,1977.39453125,1977.39453125,7.044010156917925
2025-05-14 10:00:00,28079.0,26140.715,1938.28515625,1938.28515625,6.902970747711813
2025-05-14 11:00:00,28723.0,26944.996,1778.00390625,1778.00390625,6.190174794589701
2025-05-14 12:00:00,30103.0,28771.432,1331.568359375,1331.568359375,4.423374279556855
2025-05-14 13:00:00,31585.0,30288.102,1296.8984375,1296.8984375,4.106058057622289
2025-05-14 14:00:00,32821.0,31570.23,1250.76953125,1250.76953125,3.8108818477499162
2025-05-14 15:00:00,34150.0,32780.082,1369.91796875,1369.91796875,4.011472822108345
2025-05-14 16:00:00,35780.0,34597.586,1182.4140625,1182.4140625,3.3046787660704307
2025-05-14 17:00:00,37640.0,36184.723,1455.27734375,1455.27734375,3.866305376594049
2025-05-14 18:00:00,39476.0,38180.293,1295.70703125,1295.70703125,3.282265252938494
2025-05-14 19:00:00,41148.0,39555.29,1592.7109375,1592.7109375,3.8706885814620398
2025-05-14 20:00:00,42411.0,40234.406,2176.59375,2176.59375,5.132144372922119
2025-05-14 21:00:00,43417.0,41294.49,2122.51171875,2122.51171875,4.888665082225856
2025-05-14 22:00:00,43880.0,41549.414,2330.5859375,2330.5859375,5.311271507520511
2025-05-14 23:00:00,43790.0,42196.5,1593.5,1593.5,3.6389586663621833
2025-05-15 00:00:00,43080.0,41149.18,1930.8203125,1930.8203125,4.48194130106778
2025-05-15 01:00:00,41655.0,39520.105,2134.89453125,2134.89453125,5.125181925939263
2025-05-15 02:00:00,40345.0,37900.707,2444.29296875,2444.29296875,6.05847804870492
2025-05-15 03:00:00,39128.0,37106.324,2021.67578125,2021.67578125,5.166826265717645
2025-05-15 04:00:00,36711.0,35072.87,1638.12890625,1638.12890625,4.462229049195064
2025-05-15 05:00:00,34202.0,33276.984,925.015625,925.015625,2.7045658879597685
2025-05-15 06:00:00,32485.0,30986.307,1498.693359375,1498.693359375,4.61349348737879
2025-05-15 07:00:00,31200.0,29194.992,2005.0078125,2005.0078125,6.426307091346153
2025-05-15 08:00:00,30115.0,28120.965,1994.03515625,1994.03515625,6.6214018138801265
2025-05-15 09:00:00,29378.0,27422.145,1955.85546875,1955.85546875,6.657551462829328
2025-05-15 10:00:00,29089.0,27498.104,1590.896484375,1590.896484375,5.469065572467255
2025-05-15 11:00:00,29625.0,28044.37,1580.630859375,1580.630859375,5.335462816455696
2025-05-15 12:00:00,30828.0,29072.602,1755.3984375,1755.3984375,5.694169058972363
2025-05-15 13:00:00,31933.0,30270.676,1662.32421875,1662.32421875,5.205662539535903
2025-05-15 14:00:00,32610.0,31325.604,1284.396484375,1284.396484375,3.938658339083103
2025-05-15 15:00:00,33336.0,32436.973,899.02734375,899.02734375,2.696866281947444
2025-05-15 16:00:00,34197.0,33702.445,494.5546875,494.5546875,1.4461931967716466
2025-05-15 17:00:00,34990.0,35419.5,-429.5,429.5,1.2274935695913118
2025-05-15 18:00:00,35695.0,35934.63,-239.62890625,239.62890625,0.6713234521641687
2025-05-15 19:00:00,36529.0,36686.062,-157.0625,157.0625,0.42996660187796
2025-05-15 20:00:00,37098.0,37484.133,-386.1328125,386.1328125,1.040845362283681
2025-05-15 21:00:00,37590.0,38404.57,-814.5703125,814.5703125,2.1669867318435756
2025-05-15 22:00:00,37960.0,39246.023,-1286.0234375,1286.0234375,3.3878383495785034
2025-05-15 23:00:00,37872.0,39094.4,-1222.3984375,1222.3984375,3.2277102806822984
2025-05-16 00:00:00,37385.0,38707.516,-1322.515625,1322.515625,3.5375568409790024
2025-05-16 01:00:00,36543.0,37248.73,-705.73046875,705.73046875,1.9312329823769256
2025-05-16 02:00:00,35449.0,36359.133,-910.1328125,910.1328125,2.5674428404186296
2025-05-16 03:00:00,34558.0,35639.613,-1081.61328125,1081.61328125,3.129849184703976
2025-05-16 04:00:00,32672.0,33923.848,-1251.84765625,1251.84765625,3.8315611418033786
2025-05-16 05:00:00,30591.0,31597.945,-1006.9453125,1006.9453125,3.2916390850250075
2025-05-16 06:00:00,28971.0,30366.945,-1395.9453125,1395.9453125,4.81842294881088
2025-05-16 07:00:00,27961.0,29273.695,-1312.6953125,1312.6953125,4.694736642108651
2025-05-16 08:00:00,27295.0,28269.205,-974.205078125,974.205078125,3.569170463912805
2025-05-16 09:00:00,26987.0,27571.76,-584.759765625,584.759765625,2.1668201935191016
2025-05-16 10:00:00,27058.0,27458.373,-400.373046875,400.373046875,1.4796845549375417
2025-05-16 11:00:00,27753.0,28026.857,-273.857421875,273.857421875,0.9867669148380356
2025-05-16 12:00:00,29080.0,29031.418,48.58203125,48.58203125,0.16706338118982117
2025-05-16 13:00:00,30355.0,30211.205,143.794921875,143.794921875,0.4737108281172788
2025-05-16 14:00:00,31104.0,31171.947,-67.947265625,67.947265625,0.21845185707626028
2025-05-16 15:00:00,32178.0,32058.852,119.1484375,119.1484375,0.3702791891975884
2025-05-16 16:00:00,33273.0,32660.05,612.94921875,612.94921875,1.8421820056802813
2025-05-16 17:00:00,34233.0,33517.395,715.60546875,715.60546875,2.0903966019630182
2025-05-16 18:00:00,35064.0,33662.375,1401.625,1401.625,3.99733344741045
2025-05-16 19:00:00,35930.0,34537.77,1392.23046875,1392.23046875,3.8748412712218205
2025-05-16 20:00:00,36624.0,35391.035,1232.96484375,1232.96484375,3.3665488306847973
2025-05-16 21:00:00,37271.0,35274.61,1996.390625,1996.390625,5.356418193769955
2025-05-16 22:00:00,37628.0,35040.42,2587.578125,2587.578125,6.876735742000638
2025-05-16 23:00:00,37726.0,35154.56,2571.44140625,2571.44140625,6.816098728330594
2025-05-17 00:00:00,37037.0,35377.465,1659.53515625,1659.53515625,4.480749402624403
2025-05-17 01:00:00,35875.0,33140.484,2734.515625,2734.515625,7.622343205574913
2025-05-17 02:00:00,34530.0,32520.18,2009.8203125,2009.8203125,5.820504814653924
2025-05-17 03:00:00,33587.0,31595.44,1991.560546875,1991.560546875,5.929557706478697
2025-05-17 04:00:00,31891.0,29989.234,1901.765625,1901.765625,5.963330171521746
2025-05-17 05:00:00,30175.0,28309.174,1865.826171875,1865.826171875,6.183351025269262
2025-05-17 06:00:00,28425.0,27087.178,1337.822265625,1337.822265625,4.706498735708004
2025-05-17 07:00:00,27358.0,26072.9,1285.099609375,1285.099609375,4.697344869416624
2025-05-17 08:00:00,26673.0,25369.494,1303.505859375,1303.505859375,4.886986313406815
2025-05-17 09:00:00,26375.0,25088.2,1286.80078125,1286.80078125,4.878865521327015
2025-05-17 10:00:00,26265.0,25102.63,1162.369140625,1162.369140625,4.425544034361318
2025-05-17 11:00:00,26402.0,25418.293,983.70703125,983.70703125,3.7258807334671613
2025-05-17 12:00:00,26569.0,26366.98,202.01953125,202.01953125,0.7603580535586586
2025-05-17 13:00:00,27266.0,27724.484,-458.484375,458.484375,1.681524150957236
2025-05-17 14:00:00,28349.0,28354.014,-5.013671875,5.013671875,0.017685533440332992
2025-05-17 15:00:00,29397.0,29104.352,292.6484375,292.6484375,0.9955044307242235
2025-05-17 16:00:00,30213.0,30204.94,8.060546875,8.060546875,0.026679068199119586
2025-05-17 17:00:00,31047.0,31136.201,-89.201171875,89.201171875,0.28731011651689375
2025-05-17 18:00:00,31925.0,31872.424,52.576171875,52.576171875,0.16468652114330462
2025-05-17 19:00:00,32921.0,32929.06,-8.05859375,8.05859375,0.024478581300689528
2025-05-17 20:00:00,33753.0,33041.71,711.2890625,711.2890625,2.1073358294077567
2025-05-17 21:00:00,34538.0,34245.535,292.46484375,292.46484375,0.8467914869129654
2025-05-17 22:00:00,35312.0,34573.414,738.5859375,738.5859375,2.0916004120412324
2025-05-17 23:00:00,35482.0,34457.6,1024.3984375,1024.3984375,2.887093279691111
2025-05-18 00:00:00,35025.0,34697.816,327.18359375,327.18359375,0.934143022840828
2025-05-18 01:00:00,34159.0,33709.883,449.1171875,449.1171875,1.3147843540501771
2025-05-18 02:00:00,33046.0,32731.244,314.755859375,314.755859375,0.95247793795013
2025-05-18 03:00:00,32254.0,31813.928,440.072265625,440.072265625,1.3643959373256032
2025-05-18 04:00:00,30924.0,29984.576,939.423828125,939.423828125,3.037847070640926
2025-05-18 05:00:00,29444.0,28296.49,1147.509765625,1147.509765625,3.89726180418761
2025-05-18 06:00:00,30663.0,26718.564,3944.435546875,3944.435546875,12.863827893144833
2025-05-18 07:00:00,29860.0,25870.94,3989.060546875,3989.060546875,13.359211476473543
2025-05-18 08:00:00,29474.0,25205.494,4268.505859375,4268.505859375,14.482275427071317
2025-05-18 09:00:00,28998.0,25060.3,3937.69921875,3937.69921875,13.579209665321745
2025-05-18 10:00:00,28883.0,24975.47,3907.529296875,3907.529296875,13.528820748796871
2025-05-18 11:00:00,29103.0,25050.89,4052.109375,4052.109375,13.923339088753735
2025-05-18 12:00:00,29375.0,25143.469,4231.53125,4231.53125,14.405212765957447
2025-05-18 13:00:00,29801.0,25882.562,3918.4375,3918.4375,13.148677896714874
2025-05-18 14:00:00,30843.0,26829.73,4013.26953125,4013.26953125,13.011929874687937
2025-05-18 15:00:00,32311.0,27744.846,4566.154296875,4566.154296875,14.131887892281267
2025-05-18 16:00:00,33284.0,28713.527,4570.47265625,4570.47265625,13.731740945349117
2025-05-18 17:00:00,34364.0,29524.254,4839.74609375,4839.74609375,14.08376816945059
2025-05-18 18:00:00,35490.0,30701.572,4788.427734375,4788.427734375,13.492329485418427
2025-05-18 19:00:00,36450.0,31555.646,4894.353515625,4894.353515625,13.427581661522634
2025-05-18 20:00:00,37313.0,32391.979,4921.021484375,4921.021484375,13.188490564615549
2025-05-18 21:00:00,38205.0,32984.44,5220.55859375,5220.55859375,13.664595193691925
2025-05-18 22:00:00,38874.0,33963.8,4910.19921875,4910.19921875,12.631062454982764
2025-05-18 23:00:00,39416.0,33982.02,5433.98046875,5433.98046875,13.786230131799268
2025-05-19 00:00:00,39288.0,34656.566,4631.43359375,4631.43359375,11.78841782159947
2025-05-19 01:00:00,38463.0,34172.332,4290.66796875,4290.66796875,11.15531281686296
2025-05-19 02:00:00,37803.0,33279.793,4523.20703125,4523.20703125,11.96520654776076
2025-05-19 03:00:00,36853.0,32028.812,4824.1875,4824.1875,13.090352210132147
2025-05-19 04:00:00,35228.0,30750.229,4477.771484375,4477.771484375,12.710830828815148
2025-05-19 05:00:00,33494.0,28986.115,4507.884765625,4507.884765625,13.458782962993372
2025-05-19 06:00:00,28374.0,29461.078,-1087.078125,1087.078125,3.8312473567350387
2025-05-19 07:00:00,27488.0,28669.69,-1181.689453125,1181.689453125,4.298928452870343
2025-05-19 08:00:00,26928.0,28470.492,-1542.4921875,1542.4921875,5.728209252450981
2025-05-19 09:00:00,26698.0,28213.719,-1515.71875,1515.71875,5.67727451494494
2025-05-19 10:00:00,27022.0,28038.545,-1016.544921875,1016.544921875,3.7619159272999774
2025-05-19 11:00:00,28027.0,28870.21,-843.2109375,843.2109375,3.0085665162165056
2025-05-19 12:00:00,29708.0,29923.69,-215.689453125,215.689453125,0.7260315508448902
2025-05-19 13:00:00,31135.0,30576.887,558.11328125,558.11328125,1.7925591175525935
2025-05-19 14:00:00,31979.0,32026.025,-47.025390625,47.025390625,0.1470508478220082
2025-05-19 15:00:00,32952.0,33386.04,-434.0390625,434.0390625,1.317185792971595
2025-05-19 16:00:00,33785.0,34438.87,-653.87109375,653.87109375,1.9353887635045137
2025-05-26 06:00:00,27886.0,27792.518,93.482421875,93.482421875,0.3352306600982572
2025-05-26 07:00:00,27550.0,27362.418,187.58203125,187.58203125,0.6808785163339384
2025-05-26 08:00:00,26925.0,26891.969,33.03125,33.03125,0.1226787372330548
2025-05-26 09:00:00,26607.0,26424.229,182.771484375,182.771484375,0.6869300724433419
2025-05-26 10:00:00,26413.0,26595.088,-182.087890625,182.087890625,0.6893873873660697
2025-05-26 11:00:00,26503.0,27049.354,-546.353515625,546.353515625,2.0614780048485075
2025-05-26 12:00:00,26410.0,28182.945,-1772.9453125,1772.9453125,6.713159078000758
2025-05-26 13:00:00,26874.0,28651.11,-1777.109375,1777.109375,6.612746055667188
2025-05-26 14:00:00,28025.0,29328.873,-1303.873046875,1303.873046875,4.652535403657448
2025-05-26 15:00:00,29113.0,29912.338,-799.337890625,799.337890625,2.7456390293854978
2025-05-26 16:00:00,29982.0,30767.158,-785.158203125,785.158203125,2.6187652695784136
2025-06-01 06:00:00,28689.0,26509.414,2179.5859375,2179.5859375,7.597287941371257
2025-06-01 07:00:00,27327.0,25788.201,1538.798828125,1538.798828125,5.631056567222894
2025-06-01 08:00:00,26437.0,25332.955,1104.044921875,1104.044921875,4.176135423364981
2025-06-01 09:00:00,25825.0,24603.387,1221.61328125,1221.61328125,4.730351524685383
2025-06-01 10:00:00,25519.0,24519.816,999.18359375,999.18359375,3.915449640463968
2025-06-01 11:00:00,25431.0,24525.4,905.599609375,905.599609375,3.5610066822971964
2025-06-01 12:00:00,25365.0,24389.273,975.7265625,975.7265625,3.8467437906564164
2025-06-01 13:00:00,26126.0,25614.793,511.20703125,511.20703125,1.9566984278113757
2025-06-01 14:00:00,27523.0,26679.643,843.357421875,843.357421875,3.064191483032373
2025-06-01 15:00:00,29138.0,28268.967,869.033203125,869.033203125,2.9824737563490973
2025-06-01 16:00:00,30776.0,29814.4,961.599609375,961.599609375,3.1245113379743956
2025-06-01 17:00:00,32581.0,30840.258,1740.7421875,1740.7421875,5.342813871581597
2025-06-01 18:00:00,34388.0,31895.156,2492.84375,2492.84375,7.2491675875305335
2025-06-01 19:00:00,36115.0,33583.387,2531.61328125,2531.61328125,7.009866485532328
2025-06-01 20:00:00,37591.0,34916.688,2674.3125,2674.3125,7.114236120347956
2025-06-01 21:00:00,38893.0,35870.31,3022.69140625,3022.69140625,7.771813452934976
2025-06-01 22:00:00,39890.0,37218.734,2671.265625,2671.265625,6.696579656555528
2025-06-01 23:00:00,40356.0,37056.438,3299.5625,3299.5625,8.176138616314798
2025-06-02 00:00:00,39984.0,38380.617,1603.3828125,1603.3828125,4.010061055672269
2025-06-02 01:00:00,38815.0,36503.273,2311.7265625,2311.7265625,5.95575566791189
2025-06-02 02:00:00,37159.0,34435.277,2723.72265625,2723.72265625,7.329913765844076
2025-06-02 03:00:00,35906.0,33579.727,2326.2734375,2326.2734375,6.4787874937336385
2025-06-02 04:00:00,33886.0,31568.105,2317.89453125,2317.89453125,6.840271885882075
2025-06-02 05:00:00,31547.0,29527.336,2019.6640625,2019.6640625,6.402079635147557
2025-06-02 06:00:00,29733.0,28164.678,1568.322265625,1568.322265625,5.2746855871422325
2025-06-02 07:00:00,28423.0,27379.576,1043.423828125,1043.423828125,3.671054526703726
2025-06-02 08:00:00,27595.0,26737.975,857.025390625,857.025390625,3.1057270905055265
2025-06-02 09:00:00,27170.0,26085.682,1084.318359375,1084.318359375,3.990866247239602
2025-06-02 10:00:00,27242.0,25782.566,1459.43359375,1459.43359375,5.357292393179649
2025-06-02 11:00:00,27960.0,26300.174,1659.826171875,1659.826171875,5.936431229881975
2025-06-02 12:00:00,28999.0,27130.502,1868.498046875,1868.498046875,6.443318896772303
2025-06-02 13:00:00,30440.0,28398.45,2041.55078125,2041.55078125,6.7068028293364
2025-06-02 14:00:00,32040.0,30359.348,1680.65234375,1680.65234375,5.245481722066167
2025-06-02 15:00:00,33790.0,32520.303,1269.697265625,1269.697265625,3.7576125055489786
2025-06-02 16:00:00,35956.0,34183.87,1772.12890625,1772.12890625,4.928604144649015
2025-06-02 17:00:00,37969.0,36174.0,1795.0,1795.0,4.7275408886196635
2025-06-02 18:00:00,39827.0,38077.055,1749.9453125,1749.9453125,4.393866754965225
2025-06-02 19:00:00,41448.0,39945.816,1502.18359375,1502.18359375,3.6242607453918163
2025-06-02 20:00:00,42521.0,41576.535,944.46484375,944.46484375,2.22117269996002
2025-06-02 21:00:00,43262.0,42344.895,917.10546875,917.10546875,2.1198868955434333
2025-06-02 22:00:00,43493.0,42840.1,652.8984375,652.8984375,1.501157513852804
2025-06-02 23:00:00,43357.0,42296.92,1060.078125,1060.078125,2.4449987891228635
2025-06-03 00:00:00,42663.0,41645.19,1017.80859375,1017.80859375,2.38569391217214
2025-06-03 01:00:00,41294.0,40093.51,1200.48828125,1200.48828125,2.9071736360003877
2025-06-03 02:00:00,39817.0,38956.34,860.66015625,860.66015625,2.1615394335334153
2025-06-03 03:00:00,38657.0,36730.125,1926.875,1926.875,4.984543549680524
2025-06-03 04:00:00,36476.0,35030.99,1445.01171875,1445.01171875,3.9615410646726614
2025-06-03 05:00:00,34150.0,32314.645,1835.35546875,1835.35546875,5.374393759150805
2025-06-04 06:00:00,28470.0,30061.895,-1591.89453125,1591.89453125,5.591480615560239
2025-06-04 07:00:00,27606.0,28800.16,-1194.16015625,1194.16015625,4.325726857386075
2025-06-04 08:00:00,26902.0,28041.213,-1139.212890625,1139.212890625,4.234677312560405
2025-06-04 09:00:00,26526.0,27622.467,-1096.466796875,1096.466796875,4.133554990858026
2025-06-04 10:00:00,26628.0,27491.451,-863.451171875,863.451171875,3.242643727936758
2025-06-04 11:00:00,27243.0,28122.06,-879.060546875,879.060546875,3.226739150882796
2025-06-04 12:00:00,28234.0,29154.371,-920.37109375,920.37109375,3.2597970310618405
2025-06-04 13:00:00,29285.0,30127.465,-842.46484375,842.46484375,2.8767793879119004
2025-06-04 14:00:00,30291.0,31268.686,-977.685546875,977.685546875,3.2276436792281538
2025-06-04 15:00:00,31014.0,31998.758,-984.7578125,984.7578125,3.1752041416779524
2025-06-04 16:00:00,31731.0,32815.797,-1084.796875,1084.796875,3.4187289243957015
2025-06-04 17:00:00,32307.0,33834.934,-1527.93359375,1527.93359375,4.729419611074999
2025-06-04 18:00:00,32789.0,34903.52,-2114.51953125,2114.51953125,6.448868618286621
2025-06-04 19:00:00,33418.0,35371.273,-1953.2734375,1953.2734375,5.844974078341013
2025-06-04 20:00:00,33876.0,35741.715,-1865.71484375,1865.71484375,5.507482712687448
2025-06-04 21:00:00,34316.0,35608.902,-1292.90234375,1292.90234375,3.767637089841473
2025-06-04 22:00:00,34691.0,35612.477,-921.4765625,921.4765625,2.6562409918999164
2025-06-04 23:00:00,34726.0,35268.996,-542.99609375,542.99609375,1.563658623941715
2025-06-05 00:00:00,34419.0,35615.305,-1196.3046875,1196.3046875,3.475710181876289
2025-06-05 01:00:00,33908.0,34637.66,-729.66015625,729.66015625,2.151882022679014
2025-06-05 02:00:00,33388.0,33575.977,-187.9765625,187.9765625,0.5630063570743981
2025-06-05 03:00:00,32970.0,32933.48,36.51953125,36.51953125,0.11076594252350622
2025-06-05 04:00:00,31497.0,31073.975,423.025390625,423.025390625,1.3430656590310188
2025-06-05 05:00:00,29741.0,29482.748,258.251953125,258.251953125,0.8683364820449884
2025-06-05 06:00:00,28227.0,27682.924,544.076171875,544.076171875,1.9275026459595421
2025-06-05 07:00:00,27303.0,26762.14,540.859375,540.859375,1.9809521847416034
2025-06-05 08:00:00,26816.0,26164.953,651.046875,651.046875,2.427829933621718
2025-06-05 09:00:00,26559.0,25874.95,684.05078125,684.05078125,2.575589371776046
2025-06-05 10:00:00,26643.0,26030.307,612.693359375,612.693359375,2.2996410290695493
2025-06-05 11:00:00,27340.0,26680.2,659.80078125,659.80078125,2.4133166834308706
2025-06-05 12:00:00,28561.0,27818.928,742.072265625,742.072265625,2.5982012731522004
2025-06-05 13:00:00,29925.0,28892.662,1032.337890625,1032.337890625,3.4497506787802843
2025-06-05 14:00:00,30975.0,30055.479,919.521484375,919.521484375,2.9685923627925748
2025-06-05 15:00:00,31785.0,30746.041,1038.958984375,1038.958984375,3.268708461145194
2025-06-05 16:00:00,32781.0,31216.088,1564.912109375,1564.912109375,4.77383883766511
2025-06-05 17:00:00,33709.0,32073.549,1635.451171875,1635.451171875,4.851675136832894
2025-06-05 18:00:00,34670.0,32559.033,2110.966796875,2110.966796875,6.088741842731468
2025-06-05 19:00:00,35727.0,33400.52,2326.48046875,2326.48046875,6.511827102051669
2025-06-05 20:00:00,36570.0,33284.152,3285.84765625,3285.84765625,8.985090665162701
2025-06-05 21:00:00,37239.0,33276.99,3962.01171875,3962.01171875,10.639414911114692
2025-06-05 22:00:00,37447.0,33412.12,4034.87890625,4034.87890625,10.774905616604801
2025-06-05 23:00:00,37082.0,33999.195,3082.8046875,3082.8046875,8.313480091419018
2025-06-06 00:00:00,36447.0,34551.86,1895.140625,1895.140625,5.199716368974127
2025-06-06 01:00:00,35767.0,33700.805,2066.1953125,2066.1953125,5.776820288254536
2025-06-06 02:00:00,34858.0,33620.594,1237.40625,1237.40625,3.5498486717539732
2025-06-06 03:00:00,34251.0,32806.855,1444.14453125,1444.14453125,4.2163572778896965
2025-06-06 04:00:00,32678.0,31045.45,1632.55078125,1632.55078125,4.995871170971296
2025-06-06 05:00:00,30877.0,29358.215,1518.78515625,1518.78515625,4.91882357822975
2025-06-06 06:00:00,29437.0,28120.322,1316.677734375,1316.677734375,4.472866577351632
2025-06-06 07:00:00,28409.0,27184.578,1224.421875,1224.421875,4.309978791932134
2025-06-06 08:00:00,27753.0,26739.309,1013.69140625,1013.69140625,3.652547134544013
2025-06-06 09:00:00,27437.0,25899.943,1537.056640625,1537.056640625,5.60213084748697
2025-06-06 10:00:00,27438.0,25913.35,1524.650390625,1524.650390625,5.556711096380932
2025-06-06 11:00:00,27926.0,26733.977,1192.0234375,1192.0234375,4.268507618348492
2025-06-06 12:00:00,28745.0,27853.906,891.09375,891.09375,3.099995651417638
2025-06-06 13:00:00,29805.0,28964.139,840.861328125,840.861328125,2.8212089519375945
2025-06-06 14:00:00,30932.0,30109.992,822.0078125,822.0078125,2.6574673881417303
2025-06-06 15:00:00,31944.0,31200.336,743.6640625,743.6640625,2.328024237728525
2025-06-06 16:00:00,32986.0,32271.477,714.5234375,714.5234375,2.1661415070029713
2025-06-06 17:00:00,34053.0,33042.375,1010.625,1010.625,2.967800193815523
2025-06-06 18:00:00,35259.0,34082.01,1176.98828125,1176.98828125,3.3381215611616897
2025-06-06 19:00:00,36666.0,35159.742,1506.2578125,1506.2578125,4.108050544100802
2025-06-06 20:00:00,37648.0,35715.52,1932.48046875,1932.48046875,5.1330229195441985
2025-06-06 21:00:00,38646.0,36878.867,1767.1328125,1767.1328125,4.572615050716763
2025-06-06 22:00:00,39304.0,37259.605,2044.39453125,2044.39453125,5.201492294041319
2025-06-06 23:00:00,39433.0,36820.3,2612.69921875,2612.69921875,6.625666874825653
2025-06-07 00:00:00,38869.0,36097.89,2771.109375,2771.109375,7.129355977771488
2025-06-07 01:00:00,37802.0,35297.02,2504.98046875,2504.98046875,6.626581844214592
2025-06-07 02:00:00,36399.0,34492.438,1906.5625,1906.5625,5.237952965740817
2025-06-07 03:00:00,35443.0,34231.95,1211.05078125,1211.05078125,3.4168969366306463
2025-06-07 04:00:00,33900.0,32011.352,1888.6484375,1888.6484375,5.571234328908554
2025-06-07 05:00:00,32035.0,29931.654,2103.345703125,2103.345703125,6.565774006945528
2025-06-07 06:00:00,30199.0,28345.209,1853.791015625,1853.791015625,6.138584110814928
2025-06-07 07:00:00,29030.0,27222.611,1807.388671875,1807.388671875,6.2259341091112645
2025-06-07 08:00:00,28026.0,26213.76,1812.240234375,1812.240234375,6.466282146488974
2025-06-07 09:00:00,27248.0,25617.53,1630.470703125,1630.470703125,5.9838179063601
2025-06-07 10:00:00,26771.0,25574.523,1196.4765625,1196.4765625,4.469300969332487
2025-06-07 11:00:00,26814.0,25864.816,949.18359375,949.18359375,3.539880636048333
2025-06-07 12:00:00,27032.0,26459.96,572.0390625,572.0390625,2.116155158700799
2025-06-07 13:00:00,27619.0,27582.941,36.05859375,36.05859375,0.1305572024693146
2025-06-07 14:00:00,28678.0,28665.07,12.9296875,12.9296875,0.0450857364530302
2025-06-07 15:00:00,29844.0,29688.74,155.259765625,155.259765625,0.52023778858397
2025-06-07 16:00:00,31055.0,30761.557,293.443359375,293.443359375,0.9449150197230719
2025-06-07 17:00:00,32223.0,31765.18,457.8203125,457.8203125,1.4207873646153368
2025-06-07 18:00:00,33339.0,33129.176,209.82421875,209.82421875,0.6293656640871053
2025-06-07 19:00:00,34715.0,33920.598,794.40234375,794.40234375,2.288354727783379
2025-06-07 20:00:00,36036.0,35820.375,215.625,215.625,0.5983599733599734
2025-06-07 21:00:00,37221.0,36590.957,630.04296875,630.04296875,1.6927083333333333
2025-06-07 22:00:00,38196.0,37408.45,787.55078125,787.55078125,2.0618671621373963
2025-06-07 23:00:00,38825.0,37437.195,1387.8046875,1387.8046875,3.574513039278815
2025-06-08 00:00:00,38631.0,39239.79,-608.7890625,608.7890625,1.5759081113613418
2025-06-08 01:00:00,37806.0,37035.035,770.96484375,770.96484375,2.0392658407395654
2025-06-08 02:00:00,36274.0,34898.42,1375.578125,1375.578125,3.7921875861498595
2025-06-08 03:00:00,34972.0,33849.426,1122.57421875,1122.57421875,3.20992284899348
2025-06-08 04:00:00,33291.0,32134.883,1156.1171875,1156.1171875,3.4727619702021566
2025-06-08 05:00:00,31463.0,30425.346,1037.654296875,1037.654296875,3.2980144832819502
2025-06-08 06:00:00,32300.0,28762.682,3537.318359375,3537.318359375,10.951450029024768
2025-06-08 07:00:00,31131.0,27499.191,3631.80859375,3631.80859375,11.666212436959944
2025-06-08 08:00:00,30474.0,26733.229,3740.771484375,3740.771484375,12.275288719482182
2025-06-08 09:00:00,29940.0,26223.293,3716.70703125,3716.70703125,12.41385113977956
2025-06-08 10:00:00,29642.0,25411.37,4230.630859375,4230.630859375,14.272420414867417
2025-06-08 11:00:00,29620.0,25521.912,4098.087890625,4098.087890625,13.835543182393653
2025-06-08 12:00:00,29726.0,26013.686,3712.314453125,3712.314453125,12.488442619676379
2025-06-08 13:00:00,30556.0,27021.252,3534.748046875,3534.748046875,11.56809807198259
2025-06-08 14:00:00,32141.0,28661.973,3479.02734375,3479.02734375,10.824266027037117
2025-06-08 15:00:00,34177.0,29756.314,4420.685546875,4420.685546875,12.934679892544693
2025-06-08 16:00:00,35846.0,31119.045,4726.955078125,4726.955078125,13.186841148593986
2025-06-08 17:00:00,37740.0,32215.63,5524.369140625,5524.369140625,14.63796804617117
2025-06-08 18:00:00,39369.0,32662.996,6706.00390625,6706.00390625,17.033716645711092
2025-06-08 19:00:00,40707.0,33167.152,7539.84765625,7539.84765625,18.52223857383251
2025-06-08 20:00:00,41692.0,34905.84,6786.16015625,6786.16015625,16.276888027079536
2025-06-08 21:00:00,42513.0,35587.836,6925.1640625,6925.1640625,16.28952099945899
2025-06-08 22:00:00,42873.0,35571.008,7301.9921875,7301.9921875,17.031680049215122
2025-06-08 23:00:00,42792.0,35673.848,7118.15234375,7118.15234375,16.63430628096373
2025-06-09 00:00:00,42081.0,36978.832,5102.16796875,5102.16796875,12.124635747130535
2025-06-09 01:00:00,40873.0,35049.586,5823.4140625,5823.4140625,14.247581685954053
2025-06-09 02:00:00,39014.0,34082.273,4931.7265625,4931.7265625,12.640914960014355
2025-06-09 03:00:00,37768.0,33154.23,4613.76953125,4613.76953125,12.21608115666702
2025-06-09 04:00:00,35910.0,32035.914,3874.0859375,3874.0859375,10.788320627958786
2025-06-09 05:00:00,34040.0,30230.805,3809.1953125,3809.1953125,11.190350506756756
2025-06-09 06:00:00,27984.0,30467.758,-2483.7578125,2483.7578125,8.87563540773299
2025-06-09 07:00:00,26912.0,29366.373,-2454.373046875,2454.373046875,9.119994972038496
2025-06-09 08:00:00,26223.0,28766.568,-2543.568359375,2543.568359375,9.699761123345919
2025-06-09 09:00:00,26027.0,28556.176,-2529.17578125,2529.17578125,9.717507900449533
2025-06-09 10:00:00,26097.0,28249.791,-2152.791015625,2152.791015625,8.249189621891405
2025-06-09 11:00:00,26810.0,28516.893,-1706.892578125,1706.892578125,6.366626550261096
2025-06-09 12:00:00,27861.0,29725.363,-1864.36328125,1864.36328125,6.691659600337389
2025-06-09 13:00:00,29324.0,30594.414,-1270.4140625,1270.4140625,4.3323355016368845
2025-06-09 14:00:00,30683.0,32522.162,-1839.162109375,1839.162109375,5.994075251360688
2025-06-09 15:00:00,31926.0,34658.7,-2732.69921875,2732.69921875,8.559478853442336
2025-06-09 16:00:00,33200.0,35967.953,-2767.953125,2767.953125,8.337208207831326
2025-06-09 17:00:00,34599.0,37672.023,-3073.0234375,3073.0234375,8.881827328824532
2025-06-09 18:00:00,35966.0,38502.105,-2536.10546875,2536.10546875,7.05139706597898
2025-06-09 19:00:00,37187.0,39627.95,-2440.94921875,2440.94921875,6.5639853140882565
2025-06-09 20:00:00,38097.0,40770.76,-2673.76171875,2673.76171875,7.018299915347666
2025-06-09 21:00:00,39025.0,41030.65,-2005.6484375,2005.6484375,5.139393818065343
2025-06-09 22:00:00,39664.0,41376.85,-1712.8515625,1712.8515625,4.3184034956131505
2025-06-09 23:00:00,39780.0,41251.43,-1471.4296875,1471.4296875,3.698918269230769
2025-06-10 00:00:00,39430.0,41235.035,-1805.03515625,1805.03515625,4.577821852016231
2025-06-10 01:00:00,38336.0,38864.715,-528.71484375,528.71484375,1.3791601725532137
2025-06-10 02:00:00,36618.0,36362.652,255.34765625,255.34765625,0.6973282436233547
2025-06-10 03:00:00,35277.0,35644.395,-367.39453125,367.39453125,1.0414562781699124
2025-06-10 04:00:00,33060.0,33786.09,-726.08984375,726.08984375,2.1962790192075015
2025-06-10 05:00:00,30654.0,32288.773,-1634.7734375,1634.7734375,5.332985703333986
2025-06-10 06:00:00,28700.0,28308.69,391.310546875,391.310546875,1.3634513828397212
2025-06-10 07:00:00,27390.0,27522.943,-132.943359375,132.943359375,0.4853718852683461
2025-06-10 08:00:00,26472.0,27069.148,-597.1484375,597.1484375,2.2557737892867937
2025-06-10 09:00:00,26071.0,26565.4,-494.400390625,494.400390625,1.896361438475701
2025-06-10 10:00:00,26122.0,26621.56,-499.560546875,499.560546875,1.9124130881058112
2025-06-10 11:00:00,26726.0,27428.82,-702.8203125,702.8203125,2.629725033675073
2025-06-10 12:00:00,27774.0,28393.426,-619.42578125,619.42578125,2.2302361246129476
2025-06-10 13:00:00,29182.0,29608.264,-426.263671875,426.263671875,1.4607075316119524
2025-06-10 14:00:00,30580.0,31461.492,-881.4921875,881.4921875,2.882577460758666
2025-06-10 15:00:00,32078.0,32373.305,-295.3046875,295.3046875,0.9205832268221211
2025-06-10 16:00:00,33787.0,34285.87,-498.87109375,498.87109375,1.4765178729984907
2025-06-10 17:00:00,35656.0,35870.71,-214.7109375,214.7109375,0.602173371943011
2025-06-10 18:00:00,37548.0,37172.96,375.0390625,375.0390625,0.9988256698093106
2025-06-10 19:00:00,39295.0,38491.78,803.21875,803.21875,2.0440736734953555
2025-06-10 20:00:00,40436.0,39175.535,1260.46484375,1260.46484375,3.1171847951083196
2025-06-10 21:00:00,41346.0,40336.395,1009.60546875,1009.60546875,2.441845568495139
2025-06-10 22:00:00,41886.0,40577.01,1308.98828125,1308.98828125,3.125121236809435
2025-06-10 23:00:00,41887.0,40682.902,1204.09765625,1204.09765625,2.8746333140353806
2025-06-11 00:00:00,41441.0,40454.23,986.76953125,986.76953125,2.3811431462802535
2025-06-11 01:00:00,40349.0,38553.562,1795.4375,1795.4375,4.449769511016382
2025-06-11 02:00:00,38807.0,36745.04,2061.9609375,2061.9609375,5.313373714793722
2025-06-11 03:00:00,37656.0,35454.355,2201.64453125,2201.64453125,5.846729687831952
2025-06-11 04:00:00,35427.0,33314.8,2112.19921875,2112.19921875,5.962117082310103
2025-06-11 05:00:00,33281.0,30856.182,2424.818359375,2424.818359375,7.285893931597608
2025-06-11 06:00:00,30999.0,28661.393,2337.607421875,2337.607421875,7.540912358059937
2025-06-11 07:00:00,29621.0,27169.02,2451.98046875,2451.98046875,8.277845004388778
2025-06-11 08:00:00,28630.0,26472.305,2157.6953125,2157.6953125,7.53648380195599
2025-06-11 09:00:00,27951.0,25954.98,1996.01953125,1996.01953125,7.141138174841687
2025-06-11 10:00:00,27794.0,26043.154,1750.845703125,1750.845703125,6.29936570168022
2025-06-11 11:00:00,28152.0,26779.617,1372.3828125,1372.3828125,4.874903426044331
2025-06-11 12:00:00,29162.0,28107.723,1054.27734375,1054.27734375,3.6152436175502367
2025-06-11 13:00:00,30695.0,29677.436,1017.564453125,1017.564453125,3.315082108242385
2025-06-11 14:00:00,32361.0,31695.67,665.330078125,665.330078125,2.055962665322456
2025-06-11 15:00:00,34060.0,33374.945,685.0546875,685.0546875,2.011317344392249
2025-06-11 16:00:00,36014.0,34709.8,1304.19921875,1304.19921875,3.6213672981340586
2025-06-11 17:00:00,37884.0,36733.01,1150.98828125,1150.98828125,3.0381910074173795
2025-06-11 18:00:00,39468.0,38386.35,1081.6484375,1081.6484375,2.7405706838451405
2025-06-11 19:00:00,40540.0,39353.996,1186.00390625,1186.00390625,2.9255153089541195
2025-06-11 20:00:00,40819.0,40309.016,509.984375,509.984375,1.2493798843675739
2025-06-11 21:00:00,41017.0,40838.305,178.6953125,178.6953125,0.43566158544018335
2025-06-11 22:00:00,41095.0,40637.168,457.83203125,457.83203125,1.114082081153425
2025-06-11 23:00:00,40794.0,40380.55,413.44921875,413.44921875,1.0135049731578174
2025-06-12 00:00:00,40071.0,40606.04,-535.0390625,535.0390625,1.3352276272116992
2025-06-12 01:00:00,38988.0,39229.418,-241.41796875,241.41796875,0.6192109591412742
2025-06-12 02:00:00,37788.0,38111.105,-323.10546875,323.10546875,0.8550478161056421
2025-06-12 03:00:00,36852.0,37108.668,-256.66796875,256.66796875,0.696483145419516
2025-06-12 04:00:00,34996.0,35221.14,-225.140625,225.140625,0.6433324522802606
2025-06-12 05:00:00,32837.0,33296.703,-459.703125,459.703125,1.3999547004903006
2025-06-12 06:00:00,30929.0,30884.191,44.80859375,44.80859375,0.14487566280836756
2025-06-12 07:00:00,29675.0,29249.936,425.064453125,425.064453125,1.4323991680707666
2025-06-12 08:00:00,28713.0,28108.607,604.392578125,604.392578125,2.104944025789712
2025-06-12 09:00:00,28152.0,27669.879,482.12109375,482.12109375,1.7125642716325662
2025-06-12 10:00:00,28080.0,27432.34,647.66015625,647.66015625,2.3064820379273505
2025-06-12 11:00:00,28721.0,27989.195,731.8046875,731.8046875,2.547977742766617
2025-06-12 12:00:00,29887.0,28961.48,925.51953125,925.51953125,3.0967294517683275
2025-06-12 13:00:00,31194.0,30501.045,692.955078125,692.955078125,2.2214370652208757
2025-06-12 14:00:00,32342.0,31847.326,494.673828125,494.673828125,1.5295090845495023
2025-06-12 15:00:00,33485.0,33618.074,-133.07421875,133.07421875,0.3974144206361057
2025-06-12 16:00:00,34654.0,35335.492,-681.4921875,681.4921875,1.9665613998384024
2025-06-12 17:00:00,35749.0,36709.633,-960.6328125,960.6328125,2.6871599555232315
2025-06-12 18:00:00,36615.0,37435.406,-820.40625,820.40625,2.2406288406390824
2025-06-12 19:00:00,37658.0,38654.13,-996.12890625,996.12890625,2.6451986463699613
2025-06-12 20:00:00,38405.0,39140.234,-735.234375,735.234375,1.914423577659159
2025-06-12 21:00:00,39185.0,39205.934,-20.93359375,20.93359375,0.05342246714303943
2025-06-12 22:00:00,39592.0,39890.78,-298.78125,298.78125,0.7546505607193372
2025-06-12 23:00:00,39481.0,39234.723,246.27734375,246.27734375,0.6237869956434741
2025-06-13 00:00:00,39074.0,39351.074,-277.07421875,277.07421875,0.709101240594769
2025-06-13 01:00:00,38248.0,38258.223,-10.22265625,10.22265625,0.026727296198494038
2025-06-13 02:00:00,37161.0,37084.227,76.7734375,76.7734375,0.2065968017545276
2025-06-13 03:00:00,36352.0,36242.945,109.0546875,109.0546875,0.29999638946963025
2025-06-13 04:00:00,34625.0,34247.297,377.703125,377.703125,1.0908393501805054
2025-06-13 05:00:00,32614.0,32284.621,329.37890625,329.37890625,1.009931030385724
2025-06-13 06:00:00,30866.0,30542.12,323.880859375,323.880859375,1.0493127045130564
2025-06-13 07:00:00,29640.0,29233.607,406.392578125,406.392578125,1.3710950678981106
2025-06-13 08:00:00,28711.0,28280.281,430.71875,430.71875,1.5001872104768208
2025-06-13 09:00:00,28140.0,27864.932,275.068359375,275.068359375,0.9774995002665244
2025-06-13 10:00:00,28113.0,27789.943,323.056640625,323.056640625,1.1491361314160708
2025-06-13 11:00:00,28782.0,28392.408,389.591796875,389.591796875,1.3535952917622125
2025-06-13 12:00:00,29704.0,29454.594,249.40625,249.40625,0.8396386008618368
2025-06-13 13:00:00,31108.0,30763.873,344.126953125,344.126953125,1.1062329726276199
2025-06-13 14:00:00,32609.0,32022.74,586.259765625,586.259765625,1.797846501349321
2025-06-13 15:00:00,34000.0,33362.85,637.1484375,637.1484375,1.8739659926470587
2025-06-13 16:00:00,35552.0,34294.566,1257.43359375,1257.43359375,3.536885670988974
2025-06-13 17:00:00,37030.0,35530.68,1499.3203125,1499.3203125,4.048934141236836
2025-06-13 18:00:00,38365.0,36554.727,1810.2734375,1810.2734375,4.718554509318389
2025-06-13 19:00:00,39848.0,37722.04,2125.9609375,2125.9609375,5.335176012597872
2025-06-13 20:00:00,41020.0,39099.363,1920.63671875,1920.63671875,4.682195803876158
2025-06-13 21:00:00,42118.0,39839.695,2278.3046875,2278.3046875,5.409337308276746
2025-06-13 22:00:00,42778.0,40647.242,2130.7578125,2130.7578125,4.980966413810838
2025-06-13 23:00:00,42863.0,40161.508,2701.4921875,2701.4921875,6.3026204127102625
2025-06-14 00:00:00,42334.0,40107.043,2226.95703125,2226.95703125,5.260445578612935
2025-06-14 01:00:00,41241.0,38445.27,2795.73046875,2795.73046875,6.779007465265149
2025-06-14 02:00:00,39621.0,37194.258,2426.7421875,2426.7421875,6.1248887900355875
2025-06-14 03:00:00,38459.0,36400.96,2058.0390625,2058.0390625,5.351254745313191
2025-06-14 04:00:00,36553.0,34665.188,1887.8125,1887.8125,5.16458977375318
2025-06-14 05:00:00,34704.0,32360.953,2343.046875,2343.046875,6.751518196749655
2025-06-14 06:00:00,32356.0,30530.707,1825.29296875,1825.29296875,5.641281273179627
2025-06-14 07:00:00,30860.0,29119.914,1740.0859375,1740.0859375,5.638645293259883
2025-06-14 08:00:00,29757.0,28110.947,1646.052734375,1646.052734375,5.531648803222771
2025-06-14 09:00:00,28992.0,27686.744,1305.255859375,1305.255859375,4.502124239014211
2025-06-14 10:00:00,28534.0,27531.035,1002.96484375,1002.96484375,3.5149815789934813
2025-06-14 11:00:00,28545.0,28000.932,544.068359375,544.068359375,1.9060023099492032
2025-06-14 12:00:00,28656.0,28636.633,19.3671875,19.3671875,0.0675851043411502
2025-06-14 13:00:00,29643.0,29279.646,363.353515625,363.353515625,1.2257649887831865
2025-06-14 14:00:00,31146.0,30892.78,253.220703125,253.220703125,0.8130119537821872
2025-06-14 15:00:00,32938.0,31931.988,1006.01171875,1006.01171875,3.0542586640051006
2025-06-14 16:00:00,34491.0,32865.457,1625.54296875,1625.54296875,4.712948214751674
2025-06-14 17:00:00,35857.0,34382.16,1474.83984375,1474.83984375,4.113115552751206
2025-06-14 18:00:00,37034.0,35607.6,1426.3984375,1426.3984375,3.8515916117621645
2025-06-14 19:00:00,37896.0,37259.76,636.23828125,636.23828125,1.6789061675374708
2025-06-14 20:00:00,38720.0,38996.133,-276.1328125,276.1328125,0.7131529248450413
2025-06-14 21:00:00,39489.0,39728.156,-239.15625,239.15625,0.6056275165235888
2025-06-14 22:00:00,40218.0,40829.277,-611.27734375,611.27734375,1.5199098506887463
2025-06-14 23:00:00,40613.0,40524.184,88.81640625,88.81640625,0.21868959754265874
2025-06-15 00:00:00,40410.0,41794.305,-1384.3046875,1384.3046875,3.4256488183617915
2025-06-15 01:00:00,39448.0,39757.832,-309.83203125,309.83203125,0.7854188583705131
2025-06-15 02:00:00,38098.0,38396.73,-298.73046875,298.73046875,0.7841106324478976
2025-06-15 03:00:00,37147.0,37465.28,-318.28125,318.28125,0.8568154898107518
2025-06-15 04:00:00,35592.0,35241.895,350.10546875,350.10546875,0.9836633758990785
2025-06-15 05:00:00,33515.0,33334.574,180.42578125,180.42578125,0.5383433723705804
2025-06-15 06:00:00,31591.0,31801.305,-210.3046875,210.3046875,0.665710764141686
2025-06-15 07:00:00,30246.0,30198.973,47.02734375,47.02734375,0.15548285310454274
2025-06-15 08:00:00,29358.0,29466.541,-108.541015625,108.541015625,0.36971529268001907
2025-06-15 09:00:00,28609.0,28433.223,175.77734375,175.77734375,0.6144127503582788
2025-06-15 10:00:00,28114.0,27955.982,158.017578125,158.017578125,0.5620601057302411
2025-06-15 11:00:00,28010.0,28013.508,-3.5078125,3.5078125,0.012523429132452695
2025-06-15 12:00:00,27920.0,28096.428,-176.427734375,176.427734375,0.6319044927471347
2025-06-15 13:00:00,28615.0,29133.87,-518.869140625,518.869140625,1.8132767451511445
2025-06-15 14:00:00,30109.0,30183.758,-74.7578125,74.7578125,0.24829058587133415
2025-06-15 15:00:00,31631.0,31518.236,112.763671875,112.763671875,0.3564973344978028
2025-06-15 16:00:00,33024.0,32888.87,135.12890625,135.12890625,0.40918394576671513
2025-06-15 17:00:00,34558.0,34286.26,271.73828125,271.73828125,0.7863252539209445
2025-06-15 18:00:00,35978.0,35606.633,371.3671875,371.3671875,1.0322063135805213
2025-06-15 19:00:00,37158.0,36879.3,278.69921875,278.69921875,0.7500382656493891
2025-06-15 20:00:00,38542.0,38097.87,444.12890625,444.12890625,1.1523244934097867
2025-06-15 21:00:00,39777.0,38892.965,884.03515625,884.03515625,2.2224782066269455
2025-06-15 22:00:00,40614.0,39883.125,730.875,730.875,1.7995641896882848
2025-06-15 23:00:00,40952.0,40317.934,634.06640625,634.06640625,1.548316092620629
2025-06-16 00:00:00,40694.0,41961.055,-1267.0546875,1267.0546875,3.1136154899985256
2025-06-16 01:00:00,39662.0,39402.63,259.37109375,259.37109375,0.6539536426554384
2025-06-16 02:00:00,38266.0,37958.477,307.5234375,307.5234375,0.80364667720692
2025-06-16 03:00:00,37247.0,36841.902,405.09765625,405.09765625,1.0875980783687278
2025-06-16 04:00:00,35539.0,35322.29,216.7109375,216.7109375,0.6097834421339937
2025-06-16 05:00:00,33086.0,33054.65,31.3515625,31.3515625,0.0947577903040561
2025-06-16 06:00:00,31303.0,30773.68,529.3203125,529.3203125,1.6909571366961633
2025-06-16 07:00:00,30016.0,29617.57,398.4296875,398.4296875,1.3273910164578893
2025-06-16 08:00:00,29032.0,28837.992,194.0078125,194.0078125,0.6682550719895288
2025-06-16 09:00:00,28496.0,28126.38,369.619140625,369.619140625,1.297091313254492
2025-06-16 10:00:00,28530.0,27887.525,642.474609375,642.474609375,2.2519264261303893
2025-06-16 11:00:00,29188.0,28625.207,562.79296875,562.79296875,1.928165577463341
2025-06-16 12:00:00,30291.0,29509.783,781.216796875,781.216796875,2.5790393082928924
2025-06-16 13:00:00,31860.0,30465.855,1394.14453125,1394.14453125,4.375845986346516
2025-06-16 14:00:00,33391.0,32651.24,739.759765625,739.759765625,2.2154465743014584
2025-06-20 06:00:00,35904.0,33537.297,2366.703125,2366.703125,6.591753356172014
2025-06-20 07:00:00,34291.0,32209.98,2081.01953125,2081.01953125,6.068704707503427
2025-06-20 08:00:00,33174.0,30859.234,2314.765625,2314.765625,6.9776500422017245
2025-06-20 09:00:00,32481.0,30209.293,2271.70703125,2271.70703125,6.9939565630676395
2025-06-20 10:00:00,32274.0,29762.656,2511.34375,2511.34375,7.781321652103861
2025-06-20 11:00:00,32711.0,30625.951,2085.048828125,2085.048828125,6.3741519003546205
2025-06-20 12:00:00,33501.0,31859.795,1641.205078125,1641.205078125,4.898973398182144
2025-06-20 13:00:00,35476.0,33294.89,2181.109375,2181.109375,6.148126550343894
2025-06-20 14:00:00,37937.0,35611.41,2325.58984375,2325.58984375,6.13013639388987
2025-06-20 15:00:00,40533.0,37786.336,2746.6640625,2746.6640625,6.776365091407002
2025-06-20 16:00:00,42984.0,39843.51,3140.48828125,3140.48828125,7.306179697678205
2025-06-20 17:00:00,45200.0,41722.28,3477.71875,3477.71875,7.694068030973451
2025-06-20 18:00:00,47192.0,43113.0,4079.0,4079.0,8.64341413798949
2025-06-20 19:00:00,48740.0,45171.21,3568.7890625,3568.7890625,7.322094916906032
2025-06-20 20:00:00,49810.0,46397.88,3412.12109375,3412.12109375,6.8502732257578804
2025-06-20 21:00:00,50520.0,47630.312,2889.6875,2889.6875,5.719888163103722
2025-06-20 22:00:00,50760.0,47307.62,3452.37890625,3452.37890625,6.801376883865248
2025-06-20 23:00:00,50552.0,47726.12,2825.87890625,2825.87890625,5.590043729723849
2025-06-21 00:00:00,49861.0,47325.76,2535.23828125,2535.23828125,5.084611783257455
2025-06-21 01:00:00,48586.0,46025.23,2560.76953125,2560.76953125,5.270591386922159
2025-06-21 02:00:00,46725.0,44495.348,2229.65234375,2229.65234375,4.771861623863028
2025-06-21 03:00:00,45282.0,42751.844,2530.15625,2530.15625,5.587554105384037
2025-06-21 04:00:00,43311.0,41064.47,2246.53125,2246.53125,5.1869761723349725
2025-06-21 05:00:00,40890.0,38035.242,2854.7578125,2854.7578125,6.9815549339691865
2025-06-21 06:00:00,38757.0,35834.406,2922.59375,2922.59375,7.540815207575406
2025-06-21 07:00:00,37181.0,34374.3,2806.69921875,2806.69921875,7.548745915252414
2025-06-21 08:00:00,35911.0,33330.56,2580.44140625,2580.44140625,7.1856573368884185
2025-06-21 09:00:00,34951.0,32055.08,2895.919921875,2895.919921875,8.285656839217761
2025-06-21 10:00:00,34301.0,31624.635,2676.365234375,2676.365234375,7.8025866137284625
2025-06-21 11:00:00,34069.0,31982.086,2086.9140625,2086.9140625,6.1255512709501305
2025-06-21 12:00:00,33999.0,32758.307,1240.693359375,1240.693359375,3.6492054453807468
2025-06-21 13:00:00,35334.0,34241.914,1092.0859375,1092.0859375,3.090750941019981
2025-06-21 14:00:00,37574.0,36943.082,630.91796875,630.91796875,1.6791344247351891
2025-06-21 15:00:00,39833.0,39493.047,339.953125,339.953125,0.8534459493384883
2025-06-21 16:00:00,41938.0,40694.723,1243.27734375,1243.27734375,2.9645604076255423
2025-06-21 17:00:00,43707.0,42422.598,1284.40234375,1284.40234375,2.9386650736724094
2025-06-21 18:00:00,45259.0,43929.47,1329.53125,1329.53125,2.937606332442166
2025-06-21 19:00:00,46613.0,45619.273,993.7265625,993.7265625,2.1318657080642742
2025-06-21 20:00:00,47576.0,46145.613,1430.38671875,1430.38671875,3.0065300125063055
2025-06-21 21:00:00,48245.0,46497.695,1747.3046875,1747.3046875,3.6217321743185824
2025-06-21 22:00:00,48785.0,46905.348,1879.65234375,1879.65234375,3.8529309085784567
2025-06-21 23:00:00,48751.0,46930.9,1820.1015625,1820.1015625,3.7334650827675326
2025-06-22 00:00:00,48291.0,47748.69,542.30859375,542.30859375,1.1230013744797167
2025-06-22 01:00:00,47066.0,46463.305,602.6953125,602.6953125,1.2805322578931713
2025-06-22 02:00:00,45189.0,44636.605,552.39453125,552.39453125,1.222409283785877
2025-06-22 03:00:00,43798.0,42581.48,1216.51953125,1216.51953125,2.777568681789123
2025-06-22 04:00:00,42031.0,41353.62,677.37890625,677.37890625,1.6116173925198067
2025-06-22 05:00:00,39798.0,40242.652,-444.65234375,444.65234375,1.1172730884717825
2025-06-22 06:00:00,37858.0,37828.3,29.69921875,29.69921875,0.07844899030587986
2025-06-22 07:00:00,36248.0,36046.273,201.7265625,201.7265625,0.5565177733943941
2025-06-22 08:00:00,35129.0,34564.836,564.1640625,564.1640625,1.6059781448375985
2025-06-22 09:00:00,34214.0,33329.52,884.48046875,884.48046875,2.5851419557783366
2025-06-22 10:00:00,33567.0,32906.16,660.83984375,660.83984375,1.9687188123752495
2025-06-22 11:00:00,33246.0,32696.854,549.146484375,549.146484375,1.6517670828821513
2025-06-22 12:00:00,33070.0,32769.49,300.51171875,300.51171875,0.9087139968249167
2025-06-22 13:00:00,34250.0,34240.96,9.0390625,9.0390625,0.026391423357664232
2025-06-22 14:00:00,36483.0,36309.445,173.5546875,173.5546875,0.4757138598799441
2025-06-22 15:00:00,38700.0,38368.742,331.2578125,331.2578125,0.8559633397932815
2025-06-22 16:00:00,40652.0,40370.426,281.57421875,281.57421875,0.6926454264242842
2025-06-22 17:00:00,42429.0,41850.14,578.859375,578.859375,1.3643012444318745
2025-06-22 18:00:00,43991.0,42690.414,1300.5859375,1300.5859375,2.9564818656088745
2025-06-22 19:00:00,45292.0,43891.336,1400.6640625,1400.6640625,3.0925197882628277
2025-06-22 20:00:00,46278.0,45566.46,711.5390625,711.5390625,1.537532007649423
2025-06-22 21:00:00,47019.0,46413.008,605.9921875,605.9921875,1.2888240658031858
2025-06-22 22:00:00,47707.0,47441.69,265.30859375,265.30859375,0.5561208915882365
2025-06-22 23:00:00,47924.0,47248.473,675.52734375,675.52734375,1.4095804685543778
2025-06-23 00:00:00,47437.0,47612.26,-175.26171875,175.26171875,0.36946206284124206
2025-06-23 01:00:00,46261.0,45962.03,298.96875,298.96875,0.6462652125980848
2025-06-23 02:00:00,44260.0,43964.83,295.171875,295.171875,0.6669043718933575
2025-06-23 03:00:00,42759.0,42557.44,201.55859375,201.55859375,0.47138285214808584
2025-06-23 04:00:00,40742.0,41269.074,-527.07421875,527.07421875,1.2936876411320015
2025-06-23 05:00:00,38435.0,39287.848,-852.84765625,852.84765625,2.2189349713802526
2025-06-23 06:00:00,36478.0,37688.47,-1210.46875,1210.46875,3.318352842809365
2025-06-23 07:00:00,34944.0,36402.957,-1458.95703125,1458.95703125,4.175128866901328
2025-06-23 08:00:00,34028.0,35195.934,-1167.93359375,1167.93359375,3.4322722280181024
2025-06-23 09:00:00,33349.0,34371.406,-1022.40625,1022.40625,3.0657778344178235
2025-06-23 10:00:00,33173.0,33573.207,-400.20703125,400.20703125,1.2064239931570857
2025-06-23 11:00:00,33639.0,33964.367,-325.3671875,325.3671875,0.9672320446505545
2025-06-23 12:00:00,34684.0,35154.965,-470.96484375,470.96484375,1.3578734971456579
2025-06-23 13:00:00,36548.0,36769.9,-221.8984375,221.8984375,0.6071424906971654
2025-06-23 14:00:00,38620.0,38721.26,-101.26171875,101.26171875,0.26220020390989124
2025-06-26 06:00:00,35512.0,35136.89,375.109375,375.109375,1.0562890712998423
2025-06-26 07:00:00,33947.0,34005.824,-58.82421875,58.82421875,0.1732825249653872
2025-06-26 08:00:00,32904.0,33025.465,-121.46484375,121.46484375,0.36914917259299784
2025-06-26 09:00:00,32197.0,32110.453,86.546875,86.546875,0.2688041587725564
2025-06-26 10:00:00,31948.0,31977.928,-29.927734375,29.927734375,0.09367639406222611
2025-06-26 11:00:00,32477.0,32522.658,-45.658203125,45.658203125,0.1405862706684731
2025-06-26 12:00:00,33502.0,33966.777,-464.77734375,464.77734375,1.3873122313593218
2025-06-26 13:00:00,35348.0,35413.258,-65.2578125,65.2578125,0.18461528940817018
2025-06-26 14:00:00,37223.0,37441.215,-218.21484375,218.21484375,0.5862365842355532
2025-06-26 15:00:00,39130.0,39000.645,129.35546875,129.35546875,0.3305787599028878
2025-06-26 16:00:00,41016.0,41551.61,-535.609375,535.609375,1.3058547274234444
2025-06-26 17:00:00,42904.0,43531.25,-627.25,627.25,1.4619848965131457
2025-06-26 18:00:00,44577.0,44173.664,403.3359375,403.3359375,0.9048072716871929
2025-06-26 19:00:00,46122.0,45033.41,1088.58984375,1088.58984375,2.3602398936516193
2025-06-26 20:00:00,47023.0,46588.574,434.42578125,434.42578125,0.9238580721136465
2025-06-26 21:00:00,47645.0,47026.92,618.078125,618.078125,1.297257057403715
2025-06-26 22:00:00,47637.0,44961.547,2675.453125,2675.453125,5.616334204504902
2025-06-26 23:00:00,46782.0,43765.16,3016.83984375,3016.83984375,6.448719259009876
2025-06-27 00:00:00,45213.0,44691.34,521.66015625,521.66015625,1.1537835495322142
2025-06-27 01:00:00,43560.0,43088.383,471.6171875,471.6171875,1.0826840851698807
2025-06-27 02:00:00,41872.0,41123.535,748.46484375,748.46484375,1.7875067915313336
2025-06-27 03:00:00,40477.0,39814.6,662.3984375,662.3984375,1.6364810571435628
2025-06-27 04:00:00,38387.0,37881.324,505.67578125,505.67578125,1.3173099779873394
2025-06-27 05:00:00,36235.0,35915.797,319.203125,319.203125,0.8809248654615702
2025-06-27 06:00:00,33934.0,34297.098,-363.09765625,363.09765625,1.0700113639712383
2025-06-27 07:00:00,32441.0,32863.555,-422.5546875,422.5546875,1.302532867359206
2025-06-27 08:00:00,31370.0,31861.744,-491.744140625,491.744140625,1.5675618126394644
2025-06-27 09:00:00,30734.0,31285.082,-551.08203125,551.08203125,1.7930696663304484
2025-06-27 10:00:00,30537.0,30830.273,-293.2734375,293.2734375,0.9603871942234011
2025-06-27 11:00:00,30997.0,31669.395,-672.39453125,672.39453125,2.169224541891151
2025-06-27 12:00:00,31890.0,32963.324,-1073.32421875,1073.32421875,3.365707804170586
2025-06-27 13:00:00,33671.0,34601.41,-930.41015625,930.41015625,2.7632388591072434
2025-06-27 14:00:00,35612.0,36852.848,-1240.84765625,1240.84765625,3.484352623413456
2025-06-27 15:00:00,37472.0,38461.73,-989.73046875,989.73046875,2.641253385861443
2025-06-27 16:00:00,39597.0,40507.605,-910.60546875,910.60546875,2.299682977877112
2025-06-27 17:00:00,41550.0,41594.113,-44.11328125,44.11328125,0.10616914861612514
2025-06-27 18:00:00,43233.0,43003.28,229.71875,229.71875,0.5313504730182962
2025-06-27 19:00:00,44713.0,44593.453,119.546875,119.546875,0.26736491624359804
2025-06-27 20:00:00,45776.0,45756.047,19.953125,19.953125,0.04358861630548759
2025-06-27 21:00:00,46241.0,46647.438,-406.4375,406.4375,0.8789548236413572
2025-06-27 22:00:00,46143.0,46392.52,-249.51953125,249.51953125,0.5407527279327309
2025-06-27 23:00:00,45754.0,45711.895,42.10546875,42.10546875,0.09202576550684093
2025-06-28 00:00:00,44617.0,44268.402,348.59765625,348.59765625,0.7813112854965596
2025-06-28 01:00:00,43038.0,42345.617,692.3828125,692.3828125,1.6087708827083043
2025-06-28 02:00:00,41404.0,40168.582,1235.41796875,1235.41796875,2.9838130826731715
2025-06-28 03:00:00,40186.0,39581.445,604.5546875,604.5546875,1.5043912992086796
2025-06-28 04:00:00,38359.0,37647.758,711.2421875,711.2421875,1.8541729124846842
2025-06-28 05:00:00,36198.0,34895.902,1302.09765625,1302.09765625,3.597153589286701
2025-06-28 06:00:00,34234.0,33420.09,813.91015625,813.91015625,2.3774906708243266
2025-06-28 07:00:00,32757.0,31751.617,1005.3828125,1005.3828125,3.0692151677504045
2025-06-28 08:00:00,31657.0,30606.791,1050.208984375,1050.208984375,3.317462123306062
2025-06-28 09:00:00,30803.0,30006.705,796.294921875,796.294921875,2.5851213254390806
2025-06-28 10:00:00,30373.0,29615.145,757.85546875,757.85546875,2.4951617184670596
2025-06-28 11:00:00,30385.0,30205.896,179.103515625,179.103515625,0.5894471470297844
2025-06-28 12:00:00,30510.0,31174.281,-664.28125,664.28125,2.1772574565716156
2025-06-28 13:00:00,31590.0,32695.61,-1105.609375,1105.609375,3.499871399176955
2025-06-28 14:00:00,33582.0,34548.273,-966.2734375,966.2734375,2.8773552423917574
2025-06-28 15:00:00,35721.0,37109.14,-1388.140625,1388.140625,3.886063170124017
2025-06-28 16:00:00,37873.0,39323.293,-1450.29296875,1450.29296875,3.8293585634885012
2025-06-28 17:00:00,39736.0,40927.04,-1191.0390625,1191.0390625,2.9973803666700225
2025-06-28 18:00:00,41270.0,42220.414,-950.4140625,950.4140625,2.302917524836443
2025-06-28 19:00:00,43030.0,43496.402,-466.40234375,466.40234375,1.0839004037880549
2025-06-28 20:00:00,44429.0,45162.223,-733.22265625,733.22265625,1.650324464313849
2025-06-28 21:00:00,45635.0,46219.754,-584.75390625,584.75390625,1.2813715487016546
2025-06-28 22:00:00,46559.0,46304.05,254.94921875,254.94921875,0.5475831069181039
2025-06-28 23:00:00,46871.0,45942.613,928.38671875,928.38671875,1.9807273554009943
2025-06-29 00:00:00,46394.0,45609.617,784.3828125,784.3828125,1.6906988242014052
2025-06-29 01:00:00,45042.0,43319.445,1722.5546875,1722.5546875,3.8243299309533323
2025-06-29 02:00:00,43116.0,42510.344,605.65625,605.65625,1.4047134474441043
2025-06-29 03:00:00,41629.0,41926.934,-297.93359375,297.93359375,0.7156876065963631
2025-06-29 04:00:00,39691.0,39054.305,636.6953125,636.6953125,1.6041301869441436
2025-06-29 05:00:00,37451.0,36837.92,613.078125,613.078125,1.6370140316680462
2025-06-29 06:00:00,35515.0,34900.215,614.78515625,614.78515625,1.7310577396874562
2025-06-29 07:00:00,33901.0,33142.777,758.22265625,758.22265625,2.2365790279047815
2025-06-29 08:00:00,32766.0,31493.055,1272.9453125,1272.9453125,3.8849579213208814
2025-06-29 09:00:00,32033.0,30894.521,1138.478515625,1138.478515625,3.554080216105267
2025-06-29 10:00:00,31494.0,30318.297,1175.703125,1175.703125,3.7331019400520735
2025-06-29 11:00:00,31235.0,30098.209,1136.791015625,1136.791015625,3.639478199535777
2025-06-29 12:00:00,30810.0,30204.941,605.05859375,605.05859375,1.9638383438818567
2025-06-29 13:00:00,31473.0,31044.025,428.974609375,428.974609375,1.362992435976869
2025-06-29 14:00:00,33056.0,32677.28,378.720703125,378.720703125,1.1456942858331316
2025-06-29 15:00:00,35037.0,34648.117,388.8828125,388.8828125,1.1099204055712533
2025-06-29 16:00:00,36918.0,37381.59,-463.58984375,463.58984375,1.2557284894902214
2025-06-29 17:00:00,38875.0,38599.766,275.234375,275.234375,0.7079983922829581
2025-06-29 18:00:00,40495.0,40535.715,-40.71484375,40.71484375,0.10054289109766637
2025-06-29 19:00:00,41951.0,41631.605,319.39453125,319.39453125,0.7613514129579748
2025-06-29 20:00:00,43199.0,43054.59,144.41015625,144.41015625,0.3342905073034098
2025-06-29 21:00:00,44174.0,44044.227,129.7734375,129.7734375,0.2937778727305655
2025-06-29 22:00:00,44693.0,45210.754,-517.75390625,517.75390625,1.1584675592374645
2025-06-29 23:00:00,44719.0,45593.0,-874.0,874.0,1.954426530110244
2025-06-30 00:00:00,44283.0,46253.734,-1970.734375,1970.734375,4.450318124336653
2025-06-30 01:00:00,43303.0,43741.516,-438.515625,438.515625,1.0126680022169365
2025-06-30 02:00:00,41628.0,41281.45,346.55078125,346.55078125,0.832494429830883
2025-06-30 03:00:00,40301.0,39228.523,1072.4765625,1072.4765625,2.661166131113372
2025-06-30 04:00:00,38189.0,37530.04,658.9609375,658.9609375,1.7255255112728796
2025-06-30 05:00:00,35722.0,35440.582,281.41796875,281.41796875,0.7878001476681038
2025-06-30 06:00:00,33536.0,34057.617,-521.6171875,521.6171875,1.5553947623449427
2025-06-30 07:00:00,32052.0,32536.312,-484.3125,484.3125,1.51102115312617
2025-06-30 08:00:00,30970.0,32004.18,-1034.1796875,1034.1796875,3.3392950839522118
2025-06-30 09:00:00,30284.0,31495.031,-1211.03125,1211.03125,3.998914443270374
2025-06-30 10:00:00,30186.0,30860.355,-674.35546875,674.35546875,2.23400075780163
2025-06-30 11:00:00,30844.0,31387.465,-543.46484375,543.46484375,1.7619791328945662
2025-06-30 12:00:00,31761.0,31516.396,244.603515625,244.603515625,0.7701379541733573
2025-06-30 13:00:00,33086.0,32264.395,821.60546875,821.60546875,2.483242062352657
2025-06-30 14:00:00,34326.0,33881.367,444.6328125,444.6328125,1.2953236977801084
2025-06-30 15:00:00,35595.0,36558.645,-963.64453125,963.64453125,2.70724689211968
2025-06-30 16:00:00,37204.0,39119.863,-1915.86328125,1915.86328125,5.1496163886947635
2025-06-30 17:00:00,38887.0,40385.484,-1498.484375,1498.484375,3.8534327024455473
2025-06-30 18:00:00,40605.0,41768.09,-1163.08984375,1163.08984375,2.864400551040512
2025-06-30 19:00:00,42195.0,42207.16,-12.16015625,12.16015625,0.02881895070505984
2025-06-30 20:00:00,43081.0,43870.47,-789.46875,789.46875,1.8325218773937466
2025-06-30 21:00:00,43885.0,45039.17,-1154.171875,1154.171875,2.6299917397744106
2025-06-30 22:00:00,44281.0,44436.75,-155.75,155.75,0.3517309907183668
2025-06-30 23:00:00,44319.0,44092.066,226.93359375,226.93359375,0.5120458353076559
2025-07-01 00:00:00,43743.0,44369.41,-626.41015625,626.41015625,1.4320237666598084
2025-07-01 01:00:00,42490.0,42208.387,281.61328125,281.61328125,0.6627754324546953
2025-07-01 02:00:00,40749.0,39893.234,855.765625,855.765625,2.1000898795062453
2025-07-01 03:00:00,39337.0,38167.15,1169.8515625,1169.8515625,2.973921657726822
2025-07-01 04:00:00,37212.0,36509.516,702.484375,702.484375,1.8877898930452541
2025-07-01 05:00:00,34819.0,34512.555,306.4453125,306.4453125,0.880109458916109
2025-07-01 06:00:00,32786.0,32806.38,-20.37890625,20.37890625,0.062157342310742394
2025-07-01 07:00:00,31427.0,31574.994,-147.994140625,147.994140625,0.47091399314283894
2025-07-01 08:00:00,30494.0,30403.621,90.37890625,90.37890625,0.2963825875582082
2025-07-01 09:00:00,29848.0,29942.398,-94.3984375,94.3984375,0.3162638619002949
2025-07-01 10:00:00,29732.0,29872.684,-140.68359375,140.68359375,0.47317231854567476
2025-07-01 11:00:00,30261.0,30374.926,-113.92578125,113.92578125,0.37647725207362615
2025-07-01 12:00:00,31137.0,31778.994,-641.994140625,641.994140625,2.0618368520570383
2025-07-01 13:00:00,32714.0,33280.758,-566.7578125,566.7578125,1.7324625924680563
2025-07-01 14:00:00,34473.0,34793.504,-320.50390625,320.50390625,0.92972444014156
2025-07-01 15:00:00,36394.0,36644.273,-250.2734375,250.2734375,0.6876777422102545
2025-07-01 16:00:00,38473.0,38478.97,-5.96875,5.96875,0.015514126790216515
2025-07-01 17:00:00,40379.0,39276.805,1102.1953125,1102.1953125,2.7296250835830507
2025-07-01 18:00:00,42083.0,40468.52,1614.48046875,1614.48046875,3.836419620155407
2025-07-01 19:00:00,43606.0,42157.297,1448.703125,1448.703125,3.3222563982020823
2025-07-01 20:00:00,44655.0,42564.32,2090.6796875,2090.6796875,4.6818490370619195
2025-07-01 21:00:00,45526.0,43660.29,1865.7109375,1865.7109375,4.098121815006809
2025-07-01 22:00:00,45875.0,44177.5,1697.5,1697.5,3.7002724795640325
2025-07-01 23:00:00,45765.0,43968.996,1796.00390625,1796.00390625,3.924404908226811
2025-07-02 00:00:00,45157.0,43580.312,1576.6875,1576.6875,3.49156830613194
2025-07-02 01:00:00,43901.0,41863.746,2037.25390625,2037.25390625,4.640563782715656
2025-07-02 02:00:00,42043.0,38782.504,3260.49609375,3260.49609375,7.755146145018196
2025-07-02 03:00:00,40470.0,37987.47,2482.53125,2482.53125,6.134250679515691
2025-07-02 04:00:00,38195.0,36492.773,1702.2265625,1702.2265625,4.4566738120172795
2025-07-02 05:00:00,35604.0,34202.094,1401.90625,1401.90625,3.9374964891585216
2025-07-02 06:00:00,33532.0,32446.252,1085.748046875,1085.748046875,3.237945982568889
2025-07-02 07:00:00,31996.0,31147.027,848.97265625,848.97265625,2.653371222184023
2025-07-02 08:00:00,30890.0,30501.045,388.955078125,388.955078125,1.2591617938653286
2025-07-02 09:00:00,30240.0,29939.49,300.509765625,300.509765625,0.9937492249503969
2025-07-02 10:00:00,30097.0,29909.457,187.54296875,187.54296875,0.6231284471874273
2025-07-02 11:00:00,30661.0,30367.973,293.02734375,293.02734375,0.9557005438504941
2025-07-02 12:00:00,31563.0,31465.506,97.494140625,97.494140625,0.3088874334664005
2025-07-02 13:00:00,32967.0,32945.234,21.765625,21.765625,0.06602246185579519
2025-07-02 14:00:00,34740.0,34838.883,-98.8828125,98.8828125,0.2846367659758204
2025-07-02 15:00:00,36585.0,37002.05,-417.05078125,417.05078125,1.1399502015853493
2025-07-02 16:00:00,38527.0,39309.367,-782.3671875,782.3671875,2.030698438757235
2025-07-02 17:00:00,40448.0,41126.24,-678.23828125,678.23828125,1.6768153709701343
2025-07-02 18:00:00,42306.0,42697.984,-391.984375,391.984375,0.9265455845506547
2025-07-02 19:00:00,43698.0,43401.637,296.36328125,296.36328125,0.6782078842281112
2025-07-02 20:00:00,44611.0,45206.53,-595.53125,595.53125,1.3349426150500998
2025-07-02 21:00:00,45602.0,46070.793,-468.79296875,468.79296875,1.0280096678873734
2025-07-02 22:00:00,46238.0,46919.945,-681.9453125,681.9453125,1.4748590174748044
2025-07-02 23:00:00,46381.0,46535.9,-154.8984375,154.8984375,0.33396959423039607
2025-07-03 00:00:00,45930.0,45753.883,176.1171875,176.1171875,0.38344695732636624
2025-07-03 01:00:00,44853.0,43661.258,1191.7421875,1191.7421875,2.6569954908255857
2025-07-03 02:00:00,43181.0,42391.3,789.69921875,789.69921875,1.82881178932864
2025-07-03 03:00:00,41798.0,40144.76,1653.23828125,1653.23828125,3.9553047544140867
2025-07-03 04:00:00,39688.0,38004.305,1683.6953125,1683.6953125,4.242328443106229
2025-07-03 05:00:00,37290.0,35867.95,1422.05078125,1422.05078125,3.8134909660766962
2025-07-03 06:00:00,34994.0,34133.992,860.0078125,860.0078125,2.457586479110705
2025-07-03 07:00:00,33456.0,32663.629,792.37109375,792.37109375,2.3683975781623627
2025-07-03 08:00:00,32281.0,31495.824,785.17578125,785.17578125,2.4323155455221337
2025-07-03 09:00:00,31535.0,30701.154,833.845703125,833.845703125,2.6441912260187093
2025-07-03 10:00:00,31283.0,30591.016,691.984375,691.984375,2.21201411309657
2025-07-03 11:00:00,31722.0,31240.586,481.4140625,481.4140625,1.5176031224386861
2025-07-03 12:00:00,32533.0,32120.959,412.041015625,412.041015625,1.266532492008115
2025-07-03 13:00:00,34124.0,33635.285,488.71484375,488.71484375,1.4321733787070683
2025-07-03 14:00:00,36106.0,35520.27,585.73046875,585.73046875,1.6222524476541293
2025-07-03 15:00:00,38249.0,37786.633,462.3671875,462.3671875,1.2088347080969437
2025-07-03 16:00:00,40428.0,40176.992,251.0078125,251.0078125,0.6208761563767685
2025-07-03 17:00:00,42408.0,41774.402,633.59765625,633.59765625,1.494052198288059
2025-07-03 18:00:00,44081.0,42005.35,2075.6484375,2075.6484375,4.708714497175654
2025-07-03 19:00:00,45271.0,43664.883,1606.1171875,1606.1171875,3.547783763336352
2025-07-03 20:00:00,45806.0,44957.3,848.69921875,848.69921875,1.8528123362659914
2025-07-03 21:00:00,46427.0,45691.855,735.14453125,735.14453125,1.5834418145691083
2025-07-03 22:00:00,46657.0,46090.82,566.1796875,566.1796875,1.2134935540219045
2025-07-03 23:00:00,46562.0,46191.73,370.26953125,370.26953125,0.7952182708002233
2025-07-04 00:00:00,45868.0,45959.344,-91.34375,91.34375,0.19914482863870236
2025-07-04 01:00:00,44583.0,43707.55,875.44921875,875.44921875,1.9636390973016622
2025-07-04 02:00:00,42682.0,42077.875,604.125,604.125,1.4154093060306452
2025-07-04 03:00:00,41168.0,40546.723,621.27734375,621.27734375,1.5091268552030703
2025-07-04 04:00:00,39418.0,39293.79,124.2109375,124.2109375,0.3151122266477244
2025-07-04 05:00:00,37408.0,37478.945,-70.9453125,70.9453125,0.18965278149059026
2025-07-04 06:00:00,35323.0,34811.914,511.0859375,511.0859375,1.4468927823231323
2025-07-04 07:00:00,33649.0,33587.27,61.73046875,61.73046875,0.18345409596124698
2025-07-04 08:00:00,32396.0,32498.889,-102.888671875,102.888671875,0.31759683873009015
2025-07-04 09:00:00,31511.0,31424.766,86.234375,86.234375,0.27366435530449684
2025-07-04 10:00:00,30982.0,31515.328,-533.328125,533.328125,1.7214128364857015
2025-07-04 11:00:00,30889.0,31715.32,-826.3203125,826.3203125,2.675128079575253
2025-07-04 12:00:00,30892.0,32953.055,-2061.0546875,2061.0546875,6.6718072235530235
2025-07-04 13:00:00,31851.0,34275.145,-2424.14453125,2424.14453125,7.610889866095256
2025-07-04 14:00:00,33760.0,35812.78,-2052.78125,2052.78125,6.080513181279621
2025-07-04 15:00:00,35929.0,37125.32,-1196.3203125,1196.3203125,3.3296788457791755
2025-07-04 16:00:00,37958.0,39311.242,-1353.2421875,1353.2421875,3.5651040294536065
2025-07-04 17:00:00,39818.0,41189.176,-1371.17578125,1371.17578125,3.4436078689286256
2025-07-04 18:00:00,41339.0,42194.457,-855.45703125,855.45703125,2.069370403855923
2025-07-04 19:00:00,42497.0,43043.695,-546.6953125,546.6953125,1.2864327187801492
2025-07-04 20:00:00,43385.0,44931.625,-1546.625,1546.625,3.5648841765587185
2025-07-04 21:00:00,44221.0,45043.76,-822.76171875,822.76171875,1.8605678721648085
2025-07-04 22:00:00,44540.0,45279.37,-739.37109375,739.37109375,1.6600159266951056
2025-07-04 23:00:00,44416.0,45054.176,-638.17578125,638.17578125,1.4368150694569526
2025-07-05 00:00:00,43577.0,45386.86,-1809.859375,1809.859375,4.153244544140257
2025-07-05 01:00:00,42013.0,42583.91,-570.91015625,570.91015625,1.3588892872444243
2025-07-05 02:00:00,40062.0,41333.586,-1271.5859375,1271.5859375,3.1740450738854773
2025-07-05 03:00:00,38414.0,39812.516,-1398.515625,1398.515625,3.640640456604363
2025-07-05 04:00:00,37086.0,38320.664,-1234.6640625,1234.6640625,3.3291917772205144
2025-07-05 05:00:00,35908.0,36960.86,-1052.859375,1052.859375,2.9321025258995213
2025-07-05 06:00:00,34208.0,35005.43,-797.4296875,797.4296875,2.3311204615879326
2025-07-05 07:00:00,32804.0,33698.41,-894.41015625,894.41015625,2.726527729087916
2025-07-05 08:00:00,31744.0,32289.72,-545.720703125,545.720703125,1.7191302391790575
2025-07-05 09:00:00,31028.0,31526.893,-498.892578125,498.892578125,1.6078786197144515
2025-07-05 10:00:00,30485.0,31084.797,-599.796875,599.796875,1.967514761358045
2025-07-05 11:00:00,30318.0,30926.695,-608.6953125,608.6953125,2.007702726103305
2025-07-05 12:00:00,30260.0,30627.865,-367.865234375,367.865234375,1.2156815412260409
2025-07-05 13:00:00,31006.0,31053.291,-47.291015625,47.291015625,0.15252214289169838
2025-07-05 14:00:00,32564.0,32798.164,-234.1640625,234.1640625,0.7190887559882078
2025-07-05 15:00:00,34423.0,34450.13,-27.12890625,27.12890625,0.07881040655956773
2025-07-05 16:00:00,36549.0,36126.617,422.3828125,422.3828125,1.155661748611453
2025-07-05 17:00:00,38370.0,37945.637,424.36328125,424.36328125,1.1059767559291114
2025-07-05 18:00:00,40019.0,39791.152,227.84765625,227.84765625,0.5693486999925035
2025-07-05 19:00:00,41408.0,41112.75,295.25,295.25,0.7130264683153014
2025-07-05 20:00:00,42653.0,42239.098,413.90234375,413.90234375,0.9703944476355707
2025-07-05 21:00:00,43798.0,43292.438,505.5625,505.5625,1.1543049910954837
2025-07-05 22:00:00,44498.0,43344.465,1153.53515625,1153.53515625,2.5923303434985843
2025-07-05 23:00:00,44724.0,43438.594,1285.40625,1285.40625,2.874086061175208
2025-07-06 00:00:00,44309.0,43772.418,536.58203125,536.58203125,1.2110000930962106
2025-07-06 01:00:00,43228.0,41308.555,1919.4453125,1919.4453125,4.440282484732118
2025-07-06 02:00:00,41401.0,39138.926,2262.07421875,2262.07421875,5.4638154120673414
2025-07-06 03:00:00,39900.0,38063.637,1836.36328125,1836.36328125,4.6024142387218046
2025-07-06 04:00:00,38130.0,35981.22,2148.78125,2148.78125,5.6354084710201935
2025-07-06 05:00:00,36193.0,34613.406,1579.59375,1579.59375,4.364362583925068
2025-07-06 06:00:00,34329.0,32897.895,1431.10546875,1431.10546875,4.168794514113432
2025-07-06 07:00:00,32740.0,31673.5,1066.5,1066.5,3.257483200977398
2025-07-06 08:00:00,31544.0,31078.223,465.77734375,465.77734375,1.4765956877694648
2025-07-06 09:00:00,30734.0,30216.59,517.41015625,517.41015625,1.6835106274809657
2025-07-06 10:00:00,30301.0,29794.547,506.453125,506.453125,1.6714072967888849
2025-07-06 11:00:00,30067.0,29889.3,177.69921875,177.69921875,0.5910108050354208
2025-07-06 12:00:00,29906.0,29998.43,-92.4296875,92.4296875,0.3090673694241958
2025-07-06 13:00:00,30873.0,30555.424,317.576171875,317.576171875,1.0286534249182133
2025-07-06 14:00:00,32875.0,31695.14,1179.859375,1179.859375,3.588925855513308
2025-07-06 15:00:00,35182.0,33950.383,1231.6171875,1231.6171875,3.500702596498209
2025-07-06 16:00:00,37450.0,35245.332,2204.66796875,2204.66796875,5.886963868491322
2025-07-06 17:00:00,39773.0,37409.38,2363.62109375,2363.62109375,5.942777999522289
2025-07-06 18:00:00,41763.0,39486.312,2276.6875,2276.6875,5.451446256255537
2025-07-06 19:00:00,43284.0,40819.36,2464.640625,2464.640625,5.694114742168006
2025-07-06 20:00:00,44385.0,41924.254,2460.74609375,2460.74609375,5.5440939365776725
2025-07-06 21:00:00,45286.0,43099.746,2186.25390625,2186.25390625,4.827659555381354
2025-07-06 22:00:00,45769.0,41715.645,4053.35546875,4053.35546875,8.856115424741636
2025-07-06 23:00:00,45808.0,41469.28,4338.71875,4338.71875,9.471530627837932
2025-07-07 00:00:00,45213.0,42734.49,2478.51171875,2478.51171875,5.481856365978811
2025-07-07 01:00:00,43926.0,40470.38,3455.62109375,3455.62109375,7.866915024700632
2025-07-07 02:00:00,42153.0,38633.727,3519.2734375,3519.2734375,8.348808951913268
2025-07-07 03:00:00,40559.0,38052.25,2506.75,2506.75,6.180502477871743
2025-07-07 04:00:00,38435.0,36596.652,1838.34765625,1838.34765625,4.783004179133602
2025-07-07 05:00:00,35849.0,34888.082,960.91796875,960.91796875,2.680459618817819
2025-07-07 06:00:00,33777.0,32958.62,818.37890625,818.37890625,2.422888078426148
2025-07-07 07:00:00,32256.0,31745.734,510.265625,510.265625,1.5819246806795635
2025-07-07 08:00:00,31312.0,30720.545,591.455078125,591.455078125,1.8889086552280276
2025-07-07 09:00:00,30637.0,30266.553,370.447265625,370.447265625,1.2091499351274602
2025-07-07 10:00:00,30602.0,30012.402,589.59765625,589.59765625,1.9266638005685903
2025-07-07 11:00:00,31122.0,30397.057,724.943359375,724.943359375,2.3293598077726365
2025-07-07 12:00:00,31919.0,31553.758,365.2421875,365.2421875,1.1442782903599737
2025-07-07 13:00:00,33661.0,33180.66,480.33984375,480.33984375,1.4269921979442084
2025-07-07 14:00:00,35832.0,35060.78,771.21875,771.21875,2.152318458361241
2025-07-07 15:00:00,38031.0,37645.03,385.96875,385.96875,1.0148793089847756
2025-07-07 16:00:00,40622.0,40143.145,478.85546875,478.85546875,1.1788082042981636
2025-07-07 17:00:00,43086.0,42160.145,925.85546875,925.85546875,2.148854543819338
2025-07-07 18:00:00,45211.0,43964.7,1246.30078125,1246.30078125,2.756631751675477
2025-07-07 19:00:00,46932.0,45039.902,1892.09765625,1892.09765625,4.031572607709026
2025-07-07 20:00:00,47992.0,46093.664,1898.3359375,1898.3359375,3.9555257907567927
2025-07-07 21:00:00,48643.0,46682.25,1960.75,1960.75,4.030898587669346
2025-07-07 22:00:00,48635.0,46620.996,2014.00390625,2014.00390625,4.1410587154312735
2025-07-07 23:00:00,48159.0,47383.016,775.984375,775.984375,1.6112966942835192
2025-07-08 00:00:00,47208.0,47171.91,36.08984375,36.08984375,0.07644857598288426
2025-07-08 01:00:00,45836.0,44860.125,975.875,975.875,2.129057945719522
2025-07-08 02:00:00,43963.0,42224.6,1738.3984375,1738.3984375,3.9542306883060756
2025-07-08 03:00:00,42328.0,38657.96,3670.0390625,3670.0390625,8.670475955632204
2025-07-08 04:00:00,39735.0,36853.92,2881.078125,2881.078125,7.25073140807852
2025-07-08 05:00:00,37072.0,34903.11,2168.890625,2168.890625,5.850481832649979
2025-07-08 06:00:00,34915.0,33152.516,1762.484375,1762.484375,5.047928898754117
2025-07-08 07:00:00,33294.0,31520.287,1773.712890625,1773.712890625,5.327425033414429
2025-07-08 08:00:00,32110.0,30740.455,1369.544921875,1369.544921875,4.2651663714574894
2025-07-08 09:00:00,31275.0,30627.225,647.775390625,647.775390625,2.0712242705835333
2025-07-08 10:00:00,30938.0,30301.139,636.861328125,636.861328125,2.0585083978440752
2025-07-08 11:00:00,31503.0,30978.83,524.169921875,524.169921875,1.6638730339174048
2025-07-08 12:00:00,32339.0,31551.27,787.73046875,787.73046875,2.435852898203408
2025-07-08 13:00:00,33674.0,33244.723,429.27734375,429.27734375,1.2748035390805963
2025-07-08 14:00:00,35333.0,34976.926,356.07421875,356.07421875,1.0077667301106614
2025-07-08 15:00:00,37145.0,37106.445,38.5546875,38.5546875,0.10379509355229505
2025-07-08 16:00:00,39288.0,39656.617,-368.6171875,368.6171875,0.9382437067297902
2025-07-08 17:00:00,41551.0,41998.547,-447.546875,447.546875,1.0771025366417175
2025-07-08 18:00:00,43668.0,44224.496,-556.49609375,556.49609375,1.2743796229504443
2025-07-08 19:00:00,45329.0,45588.72,-259.71875,259.71875,0.5729637759491716
2025-07-08 20:00:00,46535.0,46747.51,-212.51171875,212.51171875,0.456670718276566
2025-07-08 21:00:00,47533.0,47690.945,-157.9453125,157.9453125,0.33228559632255483
2025-07-08 22:00:00,47964.0,45721.086,2242.9140625,2242.9140625,4.676244813818697
2025-07-08 23:00:00,47651.0,45719.6,1931.3984375,1931.3984375,4.053217010136199
2025-07-09 00:00:00,46908.0,44933.188,1974.8125,1974.8125,4.209969514794918
2025-07-09 01:00:00,45591.0,44383.62,1207.37890625,1207.37890625,2.6482834468425787
2025-07-09 02:00:00,43685.0,42333.73,1351.26953125,1351.26953125,3.0932117002403574
2025-07-09 03:00:00,42064.0,39843.89,2220.109375,2220.109375,5.277932139121339
2025-07-09 04:00:00,39538.0,38518.984,1019.015625,1019.015625,2.577306957863321
2025-07-09 05:00:00,37032.0,36436.695,595.3046875,595.3046875,1.6075412818643335
2025-07-09 06:00:00,34725.0,34203.63,521.37109375,521.37109375,1.5014286357091433
2025-07-09 07:00:00,32994.0,32965.043,28.95703125,28.95703125,0.08776453673395163
2025-07-09 08:00:00,31841.0,31939.229,-98.228515625,98.228515625,0.308496955576144
2025-07-09 09:00:00,31145.0,31263.004,-118.00390625,118.00390625,0.378885555466367
2025-07-09 10:00:00,30961.0,30751.824,209.17578125,209.17578125,0.6756105463324829
2025-07-09 11:00:00,31421.0,31117.496,303.50390625,303.50390625,0.9659269477419561
2025-07-09 12:00:00,32293.0,32487.764,-194.763671875,194.763671875,0.6031142101229369
2025-07-09 13:00:00,33984.0,34239.062,-255.0625,255.0625,0.7505370174199624
2025-07-09 14:00:00,36143.0,36035.434,107.56640625,107.56640625,0.2976133864095399
2025-07-09 15:00:00,38354.0,37488.652,865.34765625,865.34765625,2.2562122757730614
2025-07-09 16:00:00,40899.0,40402.438,496.5625,496.5625,1.2141189271131325
2025-07-09 17:00:00,43403.0,42654.86,748.140625,748.140625,1.723707174619266
2025-07-09 18:00:00,45731.0,44795.906,935.09375,935.09375,2.044769959108701
2025-07-09 19:00:00,47738.0,45864.125,1873.875,1873.875,3.92533202061251
2025-07-09 20:00:00,49192.0,47390.145,1801.85546875,1801.85546875,3.6629034573711174
2025-07-09 21:00:00,50141.0,48893.434,1247.56640625,1247.56640625,2.4881163244650084
2025-07-09 22:00:00,50682.0,49623.125,1058.875,1058.875,2.089252594609526
2025-07-09 23:00:00,50550.0,48971.773,1578.2265625,1578.2265625,3.122109915924827
2025-07-10 00:00:00,50002.0,48334.92,1667.078125,1667.078125,3.3340228890844363
2025-07-10 01:00:00,48794.0,45852.727,2941.2734375,2941.2734375,6.027940807271386
2025-07-10 02:00:00,46902.0,43891.797,3010.203125,3010.203125,6.418069858428212
2025-07-10 03:00:00,44964.0,42846.11,2117.890625,2117.890625,4.71019176452273
2025-07-10 04:00:00,42427.0,40236.242,2190.7578125,2190.7578125,5.163593495887053
2025-07-10 05:00:00,39796.0,37390.652,2405.34765625,2405.34765625,6.044194532741984
2025-07-10 06:00:00,37369.0,35456.39,1912.609375,1912.609375,5.118171144531564
2025-07-10 07:00:00,35421.0,33487.76,1933.23828125,1933.23828125,5.457887358487903
2025-07-10 08:00:00,33950.0,32146.57,1803.4296875,1803.4296875,5.312016752577319
2025-07-10 09:00:00,32984.0,31507.613,1476.38671875,1476.38671875,4.4760693631760855
2025-07-10 10:00:00,32633.0,31834.705,798.294921875,798.294921875,2.446281132212791
2025-07-10 11:00:00,33004.0,32137.912,866.087890625,866.087890625,2.624190675751424
2025-07-10 12:00:00,33750.0,33122.723,627.27734375,627.27734375,1.8585995370370372
2025-07-10 13:00:00,35297.0,34943.12,353.87890625,353.87890625,1.0025750240813667
2025-07-10 14:00:00,37381.0,36934.254,446.74609375,446.74609375,1.1951154162542468
2025-07-10 15:00:00,39730.0,39272.47,457.53125,457.53125,1.151601434684118
2025-07-10 16:00:00,42310.0,42259.895,50.10546875,50.10546875,0.11842464842826755
2025-07-10 17:00:00,44774.0,44184.574,589.42578125,589.42578125,1.3164465565953454
2025-07-10 18:00:00,46864.0,45870.258,993.7421875,993.7421875,2.1204809395271424
2025-07-10 19:00:00,47720.0,47202.613,517.38671875,517.38671875,1.0842135765926237
2025-07-10 20:00:00,47720.0,48729.11,-1009.109375,1009.109375,2.114646636630344
2025-07-10 21:00:00,47720.0,49860.34,-2140.33984375,2140.33984375,4.485205037196144
2025-07-10 22:00:00,47720.0,49795.777,-2075.77734375,2075.77734375,4.349910611378877
2025-07-10 23:00:00,47720.0,49767.96,-2047.9609375,2047.9609375,4.291619734911987
2025-07-11 00:00:00,47720.0,49561.69,-1841.69140625,1841.69140625,3.8593700885373012
2025-07-11 01:00:00,47720.0,47726.48,-6.48046875,6.48046875,0.013580194362950543
2025-07-11 02:00:00,47720.0,46090.812,1629.1875,1629.1875,3.414055951383068
2025-07-11 03:00:00,47720.0,43706.023,4013.9765625,4013.9765625,8.411518362321878
2025-07-11 04:00:00,47720.0,41875.207,5844.79296875,5844.79296875,12.248099263935456
2025-07-11 05:00:00,47720.0,39376.688,8343.3125,8343.3125,17.483890402347026
2025-07-13 06:00:00,31770.0,32666.64,-896.640625,896.640625,2.822287141957822
2025-07-13 07:00:00,30653.0,31568.418,-915.41796875,915.41796875,2.9863894847160144
2025-07-13 08:00:00,29867.0,30651.055,-784.0546875,784.0546875,2.6251538068771554
2025-07-13 09:00:00,29260.0,29870.664,-610.6640625,610.6640625,2.0870268711551607
2025-07-13 10:00:00,28932.0,29355.775,-423.775390625,423.775390625,1.4647289873669294
2025-07-13 11:00:00,28949.0,29368.164,-419.1640625,419.1640625,1.4479396956716986
2025-07-13 12:00:00,28965.0,29239.342,-274.341796875,274.341796875,0.9471493073537028
2025-07-13 13:00:00,29644.0,30235.531,-591.53125,591.53125,1.9954501754149239
2025-07-13 14:00:00,31086.0,31580.432,-494.431640625,494.431640625,1.5905283427427137
2025-07-13 15:00:00,32786.0,32588.37,197.630859375,197.630859375,0.6027903964344538
2025-07-13 16:00:00,34595.0,34209.03,385.96875,385.96875,1.1156778436190202
2025-07-13 17:00:00,36646.0,36212.35,433.6484375,433.6484375,1.1833445328275938
2025-07-13 18:00:00,38585.0,37477.645,1107.35546875,1107.35546875,2.86991180186601
2025-07-13 19:00:00,40321.0,38394.723,1926.27734375,1926.27734375,4.777355084819325
2025-07-13 20:00:00,41776.0,39662.42,2113.578125,2113.578125,5.059311865664497
2025-07-13 21:00:00,43138.0,40579.15,2558.8515625,2558.8515625,5.931780709583198
2025-07-13 22:00:00,44106.0,40968.023,3137.9765625,3137.9765625,7.114625136035914
2025-07-13 23:00:00,44611.0,40977.098,3633.90234375,3633.90234375,8.145754060097286
2025-07-14 00:00:00,44371.0,42256.543,2114.45703125,2114.45703125,4.765403149016249
2025-07-14 01:00:00,43349.0,40151.58,3197.421875,3197.421875,7.3759991579967235
2025-07-14 02:00:00,41615.0,38394.496,3220.50390625,3220.50390625,7.738805493812327
2025-07-14 03:00:00,40098.0,37664.062,2433.9375,2433.9375,6.069972317821338
2025-07-14 04:00:00,37960.0,37359.18,600.8203125,600.8203125,1.5827721614857744
2025-07-14 05:00:00,35453.0,36354.7,-901.69921875,901.69921875,2.543365071362085
2025-07-14 06:00:00,33440.0,31557.254,1882.74609375,1882.74609375,5.6302215722188995
2025-07-14 07:00:00,31988.0,30697.75,1290.25,1290.25,4.033543828935851
2025-07-14 08:00:00,30949.0,29677.072,1271.927734375,1271.927734375,4.109753899560568
2025-07-14 09:00:00,30365.0,29444.125,920.875,920.875,3.032685657829738
2025-07-14 10:00:00,30320.0,28952.129,1367.87109375,1367.87109375,4.5114481983839045
2025-07-14 11:00:00,31008.0,29772.629,1235.37109375,1235.37109375,3.9840399050245097
2025-07-14 12:00:00,32063.0,30954.393,1108.607421875,1108.607421875,3.4575910609581135
2025-07-14 13:00:00,33825.0,32622.27,1202.73046875,1202.73046875,3.5557441796008873
2025-07-14 14:00:00,35965.0,34089.457,1875.54296875,1875.54296875,5.214911632837481
2025-07-15 06:00:00,35752.0,34586.0,1166.0,1166.0,3.261356008055493
2025-07-15 07:00:00,34612.0,32819.82,1792.1796875,1792.1796875,5.177914271062059
2025-07-15 08:00:00,33434.0,31743.059,1690.94140625,1690.94140625,5.057550416492194
2025-07-15 09:00:00,32654.0,31254.719,1399.28125,1399.28125,4.285175629325657
2025-07-15 10:00:00,32461.0,31174.041,1286.958984375,1286.958984375,3.9646313557037676
2025-07-15 11:00:00,33019.0,31869.629,1149.37109375,1149.37109375,3.4809385316030164
2025-07-15 12:00:00,33943.0,32952.67,990.328125,990.328125,2.917621085348967
2025-07-15 13:00:00,35335.0,34715.953,619.046875,619.046875,1.751936819017971
2025-07-15 14:00:00,37307.0,36955.582,351.41796875,351.41796875,0.9419625505937224
2025-07-16 06:00:00,38051.0,35737.82,2313.1796875,2313.1796875,6.079156099708286
2025-07-16 07:00:00,36324.0,34473.484,1850.515625,1850.515625,5.094470942076864
2025-07-16 08:00:00,35089.0,33658.348,1430.65234375,1430.65234375,4.077210361509305
2025-07-16 09:00:00,34280.0,32295.53,1984.470703125,1984.470703125,5.7890043848453905
2025-07-16 10:00:00,33888.0,32097.084,1790.916015625,1790.916015625,5.284808827977455
2025-07-16 11:00:00,34076.0,32612.55,1463.44921875,1463.44921875,4.294662574099073
2025-07-16 12:00:00,34758.0,33336.656,1421.34375,1421.34375,4.089256430174348
2025-07-16 13:00:00,35922.0,35132.926,789.07421875,789.07421875,2.1966321996269698
2025-07-16 14:00:00,37594.0,36914.78,679.21875,679.21875,1.8067211523115392
2025-07-16 15:00:00,39575.0,39394.438,180.5625,180.5625,0.45625394819962095
2025-07-16 16:00:00,41779.0,41773.492,5.5078125,5.5078125,0.013183208071040474
2025-07-16 17:00:00,43991.0,44313.617,-322.6171875,322.6171875,0.7333708883635288
2025-07-16 18:00:00,46014.0,45936.85,77.1484375,77.1484375,0.16766296670578518
2025-07-16 19:00:00,47737.0,47403.082,333.91796875,333.91796875,0.6994950850493329
2025-07-16 20:00:00,48768.0,49147.91,-379.91015625,379.91015625,0.7790152482160433
2025-07-16 21:00:00,49614.0,49664.164,-50.1640625,50.1640625,0.10110868404079494
2025-07-16 22:00:00,49803.0,49819.035,-16.03515625,16.03515625,0.03219716934722808
2025-07-16 23:00:00,49610.0,48086.832,1523.16796875,1523.16796875,3.070284153900423
2025-07-17 00:00:00,48858.0,48106.266,751.734375,751.734375,1.5386106164804128
2025-07-17 01:00:00,47435.0,46893.49,541.51171875,541.51171875,1.1415868425213451
2025-07-17 02:00:00,45322.0,44843.656,478.34375,478.34375,1.0554338952385156
2025-07-17 03:00:00,43446.0,43841.902,-395.90234375,395.90234375,0.9112515392671362
2025-07-17 04:00:00,41111.0,40853.72,257.28125,257.28125,0.6258209481647248
2025-07-17 05:00:00,38495.0,38641.71,-146.7109375,146.7109375,0.38111686582673077
2025-07-17 06:00:00,36542.0,36460.504,81.49609375,81.49609375,0.22302034302993817
2025-07-17 07:00:00,35147.0,35054.26,92.73828125,92.73828125,0.26385831294278317
2025-07-17 08:00:00,34094.0,34295.645,-201.64453125,201.64453125,0.5914370013785417
2025-07-17 09:00:00,33256.0,32615.092,640.908203125,640.908203125,1.9271957034069038
2025-07-17 10:00:00,32582.0,32413.256,168.744140625,168.744140625,0.5179060236480265
2025-07-17 11:00:00,32922.0,32677.285,244.71484375,244.71484375,0.7433170638175081
2025-07-17 12:00:00,33716.0,33289.11,426.890625,426.890625,1.2661366265274647
2025-07-17 13:00:00,34781.0,34490.926,290.07421875,290.07421875,0.8340019514965068
2025-07-17 14:00:00,36203.0,35486.81,716.19140625,716.19140625,1.9782653543905202
2025-07-17 15:00:00,37477.0,36736.83,740.171875,740.171875,1.975003001841129
2025-07-17 16:00:00,39008.0,37961.72,1046.28125,1046.28125,2.6822222364643147
2025-07-17 17:00:00,40373.0,38911.457,1461.54296875,1461.54296875,3.6200999894731627
2025-07-17 18:00:00,41645.0,41604.08,40.921875,40.921875,0.09826359707047665
2025-07-17 19:00:00,42770.0,42590.27,179.73046875,179.73046875,0.4202255523731588
2025-07-17 20:00:00,43682.0,43906.87,-224.87109375,224.87109375,0.5147912040428552
2025-07-17 21:00:00,44740.0,44603.203,136.796875,136.796875,0.3057596669646849
2025-07-17 22:00:00,45220.0,44986.59,233.41015625,233.41015625,0.5161657590667846
2025-07-17 23:00:00,45257.0,44526.207,730.79296875,730.79296875,1.6147622881543187
2025-07-18 00:00:00,44813.0,45974.63,-1161.62890625,1161.62890625,2.5921694737018273
2025-07-18 01:00:00,43723.0,44915.01,-1192.01171875,1192.01171875,2.7262807189579856
2025-07-18 02:00:00,42353.0,42821.754,-468.75390625,468.75390625,1.1067785192312232
2025-07-18 03:00:00,41236.0,41474.88,-238.87890625,238.87890625,0.5792969886749443
2025-07-18 04:00:00,39185.0,38775.805,409.1953125,409.1953125,1.0442651843817787
2025-07-18 05:00:00,36892.0,36768.797,123.203125,123.203125,0.3339562100184322
2025-07-19 06:00:00,37157.0,34649.445,2507.5546875,2507.5546875,6.7485391379820765
2025-07-19 07:00:00,35648.0,33459.312,2188.6875,2188.6875,6.13972032091562
2025-07-19 08:00:00,34608.0,32319.89,2288.109375,2288.109375,6.611504204230235
2025-07-19 09:00:00,33784.0,31643.787,2140.212890625,2140.212890625,6.334989612316481
2025-07-19 10:00:00,33224.0,31464.062,1759.9375,1759.9375,5.297187274259572
2025-07-19 11:00:00,33035.0,31409.613,1625.38671875,1625.38671875,4.92019590964129
2025-07-19 12:00:00,32990.0,32012.627,977.373046875,977.373046875,2.9626342736435283
2025-07-19 13:00:00,34003.0,33127.57,875.4296875,875.4296875,2.5745660309384464
2025-07-19 14:00:00,36052.0,34426.836,1625.1640625,1625.1640625,4.507833303284145
2025-07-19 15:00:00,38507.0,36957.695,1549.3046875,1549.3046875,4.023436485574051
2025-07-19 16:00:00,40975.0,38813.46,2161.5390625,2161.5390625,5.2752631177547284
2025-07-19 17:00:00,43158.0,40964.316,2193.68359375,2193.68359375,5.082913002803652
2025-07-19 18:00:00,44990.0,43071.55,1918.44921875,1918.44921875,4.264168079017559
2025-07-19 19:00:00,46649.0,45099.824,1549.17578125,1549.17578125,3.3209195936676026
2025-07-19 20:00:00,47976.0,46283.176,1692.82421875,1692.82421875,3.5284813630773724
2025-07-19 21:00:00,49120.0,47468.68,1651.3203125,1651.3203125,3.361808453786645
2025-07-19 22:00:00,49977.0,48384.934,1592.06640625,1592.06640625,3.1855981876663266
2025-07-19 23:00:00,50067.0,48207.188,1859.8125,1859.8125,3.714647372520822
2025-07-20 00:00:00,49410.0,47449.87,1960.12890625,1960.12890625,3.9670692294070027
2025-07-20 01:00:00,47916.0,45884.273,2031.7265625,2031.7265625,4.240183993864263
2025-07-20 02:00:00,46007.0,43954.617,2052.3828125,2052.3828125,4.461022914991197
2025-07-20 03:00:00,44415.0,43335.285,1079.71484375,1079.71484375,2.4309689153439153
2025-07-20 04:00:00,42308.0,41559.8,748.19921875,748.19921875,1.7684580191689514
2025-07-20 05:00:00,40051.0,39585.11,465.890625,465.890625,1.1632434271304088
2025-07-20 06:00:00,38057.0,36486.586,1570.4140625,1570.4140625,4.126478867225478
2025-07-20 07:00:00,36472.0,34573.72,1898.28125,1898.28125,5.204763243035754
2025-07-20 08:00:00,35161.0,33461.5,1699.5,1699.5,4.83348027644265
2025-07-20 09:00:00,34207.0,32124.66,2082.33984375,2082.33984375,6.087467020639051
2025-07-20 10:00:00,33594.0,31841.328,1752.671875,1752.671875,5.2172169881526465
2025-07-20 11:00:00,33327.0,31583.9,1743.099609375,1743.099609375,5.230292583715905
2025-07-20 12:00:00,33085.0,31683.008,1401.9921875,1401.9921875,4.237546282303159
2025-07-20 13:00:00,33681.0,32968.168,712.83203125,712.83203125,2.116421814227606
2025-07-20 14:00:00,35710.0,34639.09,1070.91015625,1070.91015625,2.9989083064967796
2025-07-20 15:00:00,38168.0,37939.688,228.3125,228.3125,0.5981777929155313
2025-07-20 16:00:00,40649.0,39893.203,755.796875,755.796875,1.8593246451327217
2025-07-20 17:00:00,43043.0,41033.562,2009.4375,2009.4375,4.668442023093186
2025-07-20 18:00:00,45216.0,44487.945,728.0546875,728.0546875,1.6101704872169145
2025-07-20 19:00:00,46979.0,44614.85,2364.1484375,2364.1484375,5.032351556014389
2025-07-20 20:00:00,48194.0,46403.477,1790.5234375,1790.5234375,3.715241394156949
2025-07-20 21:00:00,48879.0,47449.5,1429.5,1429.5,2.924568833241269
2025-07-20 22:00:00,49448.0,49031.26,416.73828125,416.73828125,0.84278086323006
2025-07-20 23:00:00,49717.0,49435.79,281.2109375,281.2109375,0.5656233028943822
2025-07-21 00:00:00,49617.0,49536.594,80.40625,80.40625,0.16205383235584578
2025-07-21 01:00:00,48532.0,47079.086,1452.9140625,1452.9140625,2.9937238574548752
2025-07-21 02:00:00,46853.0,46194.242,658.7578125,658.7578125,1.4060098873071094
2025-07-21 03:00:00,45404.0,44684.65,719.3515625,719.3515625,1.5843352182627082
2025-07-21 04:00:00,43274.0,42513.38,760.62109375,760.62109375,1.75768612504044
2025-07-21 05:00:00,40787.0,39409.062,1377.9375,1377.9375,3.3783742368892047
2025-07-21 06:00:00,38696.0,37922.527,773.47265625,773.47265625,1.9988439535094067
2025-07-21 07:00:00,37119.0,36483.617,635.3828125,635.3828125,1.7117455009563836
2025-07-21 08:00:00,35958.0,36042.793,-84.79296875,84.79296875,0.23581113729907113
2025-07-21 09:00:00,35104.0,35008.035,95.96484375,95.96484375,0.2733729596342297
2025-07-21 10:00:00,34833.0,34447.023,385.9765625,385.9765625,1.1080772902133034
2025-07-21 11:00:00,35317.0,34826.43,490.5703125,490.5703125,1.3890486522071523
2025-07-21 12:00:00,36237.0,35588.043,648.95703125,648.95703125,1.7908685356127714
2025-07-21 13:00:00,37600.0,35983.633,1616.3671875,1616.3671875,4.298848902925532
2025-07-21 14:00:00,39202.0,37813.605,1388.39453125,1388.39453125,3.541642087776134
2025-07-22 06:00:00,37661.0,37195.527,465.47265625,465.47265625,1.235954053928467
2025-07-22 07:00:00,36163.0,36011.777,151.22265625,151.22265625,0.4181695552083621
2025-07-22 08:00:00,35122.0,35374.754,-252.75390625,252.75390625,0.719645539120779
2025-07-22 09:00:00,34374.0,34551.324,-177.32421875,177.32421875,0.5158672797754117
2025-07-22 10:00:00,34008.0,34150.176,-142.17578125,142.17578125,0.41806569410138794
2025-07-22 11:00:00,34549.0,34694.355,-145.35546875,145.35546875,0.42072265116211754
2025-07-22 12:00:00,35579.0,36070.156,-491.15625,491.15625,1.3804667078894854
2025-07-22 13:00:00,36875.0,37296.047,-421.046875,421.046875,1.1418220338983052
2025-07-22 14:00:00,38841.0,39345.31,-504.30859375,504.30859375,1.2983924042892818
2025-07-22 15:00:00,41050.0,41645.86,-595.859375,595.859375,1.451545371498173
2025-07-23 05:00:00,41484.0,40319.195,1164.8046875,1164.8046875,2.807840824173175
2025-07-23 06:00:00,39220.0,38408.855,811.14453125,811.14453125,2.068191053671596
2025-07-23 07:00:00,37459.0,37012.62,446.37890625,446.37890625,1.191646616967885
2025-07-23 08:00:00,36247.0,35910.508,336.4921875,336.4921875,0.928331137749331
2025-07-23 09:00:00,35474.0,34880.63,593.37109375,593.37109375,1.6726929406043862
2025-07-23 10:00:00,35180.0,34815.76,364.23828125,364.23828125,1.0353561149801023
2025-07-23 11:00:00,35576.0,35177.395,398.60546875,398.60546875,1.1204336315212502
2025-07-23 12:00:00,36309.0,35921.535,387.46484375,387.46484375,1.0671316856702195
2025-07-23 13:00:00,37723.0,37245.805,477.1953125,477.1953125,1.2649983100495719
2025-07-23 14:00:00,39802.0,39236.1,565.8984375,565.8984375,1.4217839241746646
2025-07-23 15:00:00,42076.0,41471.18,604.8203125,604.8203125,1.437447268038787
2025-07-23 16:00:00,44576.0,44337.914,238.0859375,238.0859375,0.5341123867103375
2025-07-23 17:00:00,46780.0,46387.285,392.71484375,392.71484375,0.839493039226165
2025-07-23 18:00:00,48799.0,48240.53,558.46875,558.46875,1.1444266275948278
2025-07-23 19:00:00,50359.0,50301.54,57.4609375,57.4609375,0.11410261820131457
2025-07-23 20:00:00,51298.0,51732.4,-434.3984375,434.3984375,0.8468135940972357
2025-07-23 21:00:00,51908.0,51444.816,463.18359375,463.18359375,0.8923163939084534
2025-07-23 22:00:00,52175.0,51817.832,357.16796875,357.16796875,0.6845576784858648
2025-07-23 23:00:00,51977.0,51904.285,72.71484375,72.71484375,0.13989811599361257
2025-07-24 00:00:00,51441.0,51069.836,371.1640625,371.1640625,0.7215335287027858
2025-07-24 01:00:00,50132.0,49483.68,648.3203125,648.3203125,1.2932265070214632
2025-07-24 02:00:00,47954.0,48397.137,-443.13671875,443.13671875,0.9240870808483129
2025-07-24 03:00:00,46240.0,45663.56,576.44140625,576.44140625,1.2466293387759515
2025-07-24 04:00:00,43740.0,43285.62,454.37890625,454.37890625,1.0388178012117055
2025-07-24 05:00:00,41019.0,40425.918,593.08203125,593.08203125,1.4458715016211998
2025-07-24 06:00:00,38753.0,38258.09,494.91015625,494.91015625,1.2770886286223002
2025-07-24 07:00:00,37100.0,36853.906,246.09375,246.09375,0.6633254716981132
2025-07-24 08:00:00,35809.0,35773.934,35.06640625,35.06640625,0.09792623711915999
2025-07-24 09:00:00,35043.0,35324.445,-281.4453125,281.4453125,0.803142746054847
2025-07-24 10:00:00,34686.0,34995.062,-309.0625,309.0625,0.8910295219973475
2025-07-24 11:00:00,35094.0,34882.094,211.90625,211.90625,0.6038247278737107
2025-07-24 12:00:00,35885.0,35126.543,758.45703125,758.45703125,2.1135767904416887
2025-07-24 13:00:00,37159.0,35944.816,1214.18359375,1214.18359375,3.2675357080384293
2025-07-24 14:00:00,38828.0,37458.414,1369.5859375,1369.5859375,3.5273151784794474
2025-07-24 15:00:00,40673.0,40057.01,615.98828125,615.98828125,1.5144894186561109
2025-07-24 16:00:00,42919.0,42405.332,513.66796875,513.66796875,1.1968311674316736
2025-07-24 17:00:00,45128.0,45600.535,-472.53515625,472.53515625,1.0470997080526503
2025-07-24 18:00:00,47362.0,47276.703,85.296875,85.296875,0.18009559351378743
2025-07-24 19:00:00,49236.0,48120.36,1115.640625,1115.640625,2.2659042672028598
2025-07-24 20:00:00,50252.0,48272.06,1979.94140625,1979.94140625,3.940025086066226
2025-07-24 21:00:00,51002.0,48404.312,2597.6875,2597.6875,5.093305164503352
2025-07-24 22:00:00,50993.0,48106.773,2886.2265625,2886.2265625,5.660044638479792
2025-07-24 23:00:00,50479.0,47706.562,2772.4375,2772.4375,5.492259157273321
2025-07-25 00:00:00,49568.0,47422.137,2145.86328125,2145.86328125,4.329130247841349
2025-07-25 01:00:00,48154.0,46931.957,1222.04296875,1222.04296875,2.5377808048137225
2025-07-25 02:00:00,46214.0,46079.9,134.1015625,134.1015625,0.2901751904184879
2025-07-25 03:00:00,44377.0,44093.754,283.24609375,283.24609375,0.6382722891362643
2025-07-25 04:00:00,41971.0,41319.926,651.07421875,651.07421875,1.5512478109885397
2025-07-25 05:00:00,39354.0,38846.88,507.12109375,507.12109375,1.2886138480205316
2025-07-25 06:00:00,37184.0,36496.383,687.6171875,687.6171875,1.8492286668997417
2025-07-25 07:00:00,35754.0,35596.246,157.75390625,157.75390625,0.44122030052581535
2025-07-25 08:00:00,34513.0,34503.656,9.34375,9.34375,0.027073131863355835
2025-07-25 09:00:00,33752.0,33910.41,-158.41015625,158.41015625,0.4693356134451292
2025-07-25 10:00:00,33419.0,33507.848,-88.84765625,88.84765625,0.26585970929710645
2025-07-25 11:00:00,33727.0,33771.8,-44.80078125,44.80078125,0.13283357917988556
2025-07-25 12:00:00,34510.0,34309.523,200.4765625,200.4765625,0.5809231019994204
2025-07-25 13:00:00,35717.0,35576.492,140.5078125,140.5078125,0.393391977209732
2025-07-25 14:00:00,37671.0,37027.277,643.72265625,643.72265625,1.708801614637254
2025-07-25 15:00:00,39857.0,38856.543,1000.45703125,1000.45703125,2.510116243696214
2025-07-25 16:00:00,42122.0,40074.777,2047.22265625,2047.22265625,4.860221870400266
2025-07-25 17:00:00,44275.0,42559.383,1715.6171875,1715.6171875,3.874911773009599
2025-07-25 18:00:00,46142.0,44428.86,1713.140625,1713.140625,3.7127576286246806
2025-07-25 19:00:00,47655.0,46378.812,1276.1875,1276.1875,2.677971881229672
2025-07-25 20:00:00,48732.0,47127.59,1604.41015625,1604.41015625,3.2923133798120334
2025-07-25 21:00:00,49440.0,47747.926,1692.07421875,1692.07421875,3.4224802159182848
2025-07-25 22:00:00,49520.0,48657.82,862.1796875,862.1796875,1.7410736823505655
2025-07-25 23:00:00,48964.0,47480.867,1483.1328125,1483.1328125,3.0290270658034477
2025-07-26 00:00:00,47962.0,48456.46,-494.4609375,494.4609375,1.0309431164255036
2025-07-26 01:00:00,46517.0,45347.67,1169.328125,1169.328125,2.5137651288776146
2025-07-26 02:00:00,44848.0,43664.69,1183.30859375,1183.30859375,2.6384868751114876
2025-07-26 03:00:00,43418.0,42099.89,1318.109375,1318.109375,3.0358592634391264
2025-07-26 04:00:00,41327.0,40153.31,1173.69140625,1173.69140625,2.8400111458610593
2025-07-26 05:00:00,39102.0,37836.652,1265.34765625,1265.34765625,3.2360177388624622
2025-07-26 06:00:00,37217.0,36378.703,838.296875,838.296875,2.2524568745465783
2025-07-26 07:00:00,35809.0,34954.156,854.84375,854.84375,2.3872315618978472
2025-07-26 08:00:00,34773.0,33512.37,1260.62890625,1260.62890625,3.625309597244989
2025-07-26 09:00:00,34015.0,32817.04,1197.9609375,1197.9609375,3.521860759958842
2025-07-26 10:00:00,33520.0,32696.082,823.91796875,823.91796875,2.4579891669152745
2025-07-26 11:00:00,33465.0,32530.455,934.544921875,934.544921875,2.792603979904378
2025-07-26 12:00:00,33434.0,33068.863,365.13671875,365.13671875,1.0921119780762099
2025-07-26 13:00:00,34192.0,34253.816,-61.81640625,61.81640625,0.18079201640734674
2025-07-26 14:00:00,36223.0,36344.82,-121.8203125,121.8203125,0.33630652485989565
2025-07-26 15:00:00,38720.0,39289.125,-569.125,569.125,1.4698476239669422
2025-07-26 16:00:00,41298.0,41979.047,-681.046875,681.046875,1.649103770158361
2025-07-26 17:00:00,43853.0,43754.934,98.06640625,98.06640625,0.22362530784666956
2025-07-26 18:00:00,45992.0,45495.965,496.03515625,496.03515625,1.0785248657375195
2025-07-26 19:00:00,47507.0,47326.363,180.63671875,180.63671875,0.3802317947881365
2025-07-26 20:00:00,48474.0,48996.01,-522.01171875,522.01171875,1.0768901240871396
2025-07-26 21:00:00,49085.0,49738.637,-653.63671875,653.63671875,1.3316424951614547
2025-07-26 22:00:00,49653.0,49295.06,357.94140625,357.94140625,0.7208857596721245
2025-07-26 23:00:00,49867.0,49539.41,327.58984375,327.58984375,0.6569271136222352
2025-07-27 00:00:00,49336.0,49327.035,8.96484375,8.96484375,0.018170998358196855
2025-07-27 01:00:00,48220.0,46275.21,1944.7890625,1944.7890625,4.033158570095396
2025-07-27 02:00:00,46583.0,44783.72,1799.28125,1799.28125,3.862527638838203
2025-07-27 03:00:00,45132.0,42815.86,2316.140625,2316.140625,5.131925518479128
2025-07-27 04:00:00,43020.0,41830.234,1189.765625,1189.765625,2.765610471873547
2025-07-27 05:00:00,40674.0,39476.75,1197.25,1197.25,2.943526577174608
2025-07-27 06:00:00,38732.0,37318.965,1413.03515625,1413.03515625,3.6482370036404004
2025-07-27 07:00:00,37087.0,35359.543,1727.45703125,1727.45703125,4.657850543991156
2025-07-27 08:00:00,35712.0,34113.992,1598.0078125,1598.0078125,4.474708256328405
2025-07-27 09:00:00,34792.0,33925.1,866.8984375,866.8984375,2.4916602595424235
2025-07-27 10:00:00,34189.0,33549.086,639.9140625,639.9140625,1.8716957574073532
2025-07-27 11:00:00,34003.0,33308.82,694.1796875,694.1796875,2.041524828691586
2025-07-27 12:00:00,33826.0,33217.57,608.4296875,608.4296875,1.7987042142139185
2025-07-27 13:00:00,34740.0,33820.715,919.28515625,919.28515625,2.6461864025618884
2025-07-27 14:00:00,36827.0,36089.656,737.34375,737.34375,2.0021825019686643
2025-07-27 15:00:00,39515.0,39313.09,201.91015625,201.91015625,0.5109709129444515
2025-07-27 16:00:00,42141.0,41893.96,247.0390625,247.0390625,0.5862202190266012
2025-07-27 17:00:00,44677.0,44589.035,87.96484375,87.96484375,0.19689066801710053
2025-07-27 18:00:00,47065.0,46657.355,407.64453125,407.64453125,0.8661309492191649
2025-07-27 19:00:00,48961.0,48817.82,143.1796875,143.1796875,0.2924361992197872
2025-07-27 20:00:00,50318.0,48898.645,1419.35546875,1419.35546875,2.820770834989467
2025-07-27 21:00:00,51377.0,50178.63,1198.37109375,1198.37109375,2.3325049998053604
2025-07-27 22:00:00,51864.0,50477.957,1386.04296875,1386.04296875,2.672456749865032
2025-07-27 23:00:00,52186.0,50747.46,1438.5390625,1438.5390625,2.7565612664316097
2025-07-28 00:00:00,51678.0,51423.21,254.7890625,254.7890625,0.493031972019041
2025-07-28 01:00:00,50407.0,48842.29,1564.7109375,1564.7109375,3.1041540609439164
2025-07-28 02:00:00,48689.0,47495.383,1193.6171875,1193.6171875,2.451513047094826
2025-07-28 03:00:00,47222.0,45481.13,1740.87109375,1740.87109375,3.686567900025412
2025-07-28 04:00:00,44888.0,43893.234,994.765625,994.765625,2.2161059191766173
2025-07-28 05:00:00,42170.0,41723.65,446.3515625,446.3515625,1.058457582404553
2025-07-28 06:00:00,40000.0,39585.016,414.984375,414.984375,1.0374609375
2025-07-28 07:00:00,38349.0,37856.824,492.17578125,492.17578125,1.2834122956270047
2025-07-28 08:00:00,37102.0,35215.54,1886.4609375,1886.4609375,5.084526272168617
2025-07-28 09:00:00,36116.0,34249.18,1866.8203125,1866.8203125,5.168956452818695
2025-07-28 10:00:00,35644.0,33735.81,1908.19140625,1908.19140625,5.353471569548872
2025-07-28 11:00:00,36078.0,34304.543,1773.45703125,1773.45703125,4.91561902336604
2025-07-28 12:00:00,36838.0,36063.36,774.640625,774.640625,2.1028302975188664
2025-07-28 13:00:00,38206.0,37292.5,913.5,913.5,2.390985709050934
2025-07-28 14:00:00,40265.0,39537.48,727.51953125,727.51953125,1.8068285887246986
2025-07-28 15:00:00,42699.0,42586.945,112.0546875,112.0546875,0.26242930162298883
2025-07-28 16:00:00,45412.0,45352.375,59.625,59.625,0.13129789482956045
2025-07-28 17:00:00,48031.0,47859.777,171.22265625,171.22265625,0.3564836381711811
2025-07-28 18:00:00,50253.0,49783.598,469.40234375,469.40234375,0.9340782515471713
2025-07-28 19:00:00,52052.0,52193.11,-141.109375,141.109375,0.27109308960270495
2025-07-28 20:00:00,53240.0,52890.473,349.52734375,349.52734375,0.6565126666979715
2025-07-28 21:00:00,53791.0,54151.41,-360.41015625,360.41015625,0.6700194386607425
2025-07-28 22:00:00,53900.0,54215.977,-315.9765625,315.9765625,0.5862273886827458
2025-07-28 23:00:00,53802.0,53667.24,134.76171875,134.76171875,0.25047715465967807
2025-07-29 00:00:00,53436.0,52472.832,963.16796875,963.16796875,1.8024701862976271
2025-07-29 01:00:00,52510.0,50303.57,2206.4296875,2206.4296875,4.201922848028946
2025-07-29 02:00:00,50524.0,49028.73,1495.26953125,1495.26953125,2.959523258748318
2025-07-29 03:00:00,48519.0,47181.484,1337.515625,1337.515625,2.7566842371029905
2025-07-29 04:00:00,45858.0,44975.35,882.6484375,882.6484375,1.9247425476470843
2025-07-29 05:00:00,43226.0,41504.477,1721.5234375,1721.5234375,3.982611015361125
2025-07-29 06:00:00,40851.0,39266.105,1584.89453125,1584.89453125,3.8796957999804165
2025-07-29 07:00:00,38979.0,37801.59,1177.41015625,1177.41015625,3.020626892044434
2025-07-29 08:00:00,37488.0,37001.805,486.1953125,486.1953125,1.2969358528062314
2025-07-29 09:00:00,36441.0,36148.656,292.34375,292.34375,0.8022385499849072
2025-07-29 10:00:00,36047.0,35769.117,277.8828125,277.8828125,0.7708902613254918
2025-07-29 11:00:00,36434.0,35640.16,793.83984375,793.83984375,2.1788435081242796
2025-07-29 12:00:00,37213.0,36679.49,533.51171875,533.51171875,1.4336702731572302
2025-07-29 13:00:00,38554.0,38324.855,229.14453125,229.14453125,0.5943469711314001
2025-07-29 14:00:00,40782.0,41659.2,-877.19921875,877.19921875,2.1509470323917412
2025-07-29 15:00:00,43495.0,44097.137,-602.13671875,602.13671875,1.3843814662604896
2025-07-29 16:00:00,46338.0,47081.34,-743.33984375,743.33984375,1.6041690270404418
2025-07-29 17:00:00,49042.0,49764.098,-722.09765625,722.09765625,1.4724066234044288
2025-07-29 18:00:00,51359.0,50748.48,610.51953125,610.51953125,1.1887293974765865
2025-07-29 19:00:00,51506.0,52072.215,-566.21484375,566.21484375,1.0993182226342562
2025-07-29 20:00:00,53675.0,52435.496,1239.50390625,1239.50390625,2.309276024685608
2025-07-29 21:00:00,54381.0,52579.934,1801.06640625,1801.06640625,3.3119405789705967
2025-07-29 22:00:00,54411.0,52971.07,1439.9296875,1439.9296875,2.6463944560842476
2025-07-29 23:00:00,54249.0,52420.75,1828.25,1828.25,3.3701082047595343
2025-07-30 00:00:00,53611.0,52435.91,1175.08984375,1175.08984375,2.1918819715170392
2025-07-30 01:00:00,52532.0,51523.062,1008.9375,1008.9375,1.9206150536815656
2025-07-30 02:00:00,50530.0,49960.992,569.0078125,569.0078125,1.1260791856322978
2025-07-30 03:00:00,48556.0,47538.23,1017.76953125,1017.76953125,2.096073670092265
2025-07-30 04:00:00,45747.0,45636.53,110.46875,110.46875,0.24147758322950139
2025-07-30 05:00:00,42878.0,41214.08,1663.921875,1663.921875,3.880595818368394
2025-07-30 06:00:00,40204.0,38913.492,1290.5078125,1290.5078125,3.2098990461148142
2025-07-30 07:00:00,38650.0,37253.79,1396.2109375,1396.2109375,3.6124474450194053
2025-07-30 08:00:00,37238.0,36386.066,851.93359375,851.93359375,2.2878070620065523
2025-07-30 09:00:00,36084.0,35558.86,525.140625,525.140625,1.4553281925507149
2025-07-30 10:00:00,35501.0,34690.695,810.3046875,810.3046875,2.282484120165629
2025-07-30 11:00:00,35753.0,34785.844,967.15625,967.15625,2.705105166000056
2025-07-30 12:00:00,36281.0,36211.13,69.87109375,69.87109375,0.19258315302775558
2025-07-30 13:00:00,37245.0,37786.6,-541.6015625,541.6015625,1.4541591153174922
2025-07-30 14:00:00,39064.0,39635.723,-571.72265625,571.72265625,1.463553799534098
2025-07-30 15:00:00,41276.0,42364.09,-1088.08984375,1088.08984375,2.636131998619052
2025-07-30 16:00:00,43879.0,44724.85,-845.8515625,845.8515625,1.9276910652020327
2025-07-30 17:00:00,46150.0,47886.684,-1736.68359375,1736.68359375,3.7631280471289275
2025-07-30 18:00:00,48247.0,48611.414,-364.4140625,364.4140625,0.7553092679337575
2025-07-30 19:00:00,49774.0,49374.332,399.66796875,399.66796875,0.8029653408405996
2025-07-30 20:00:00,50582.0,49720.88,861.12109375,861.12109375,1.7024259494484204
2025-07-30 21:00:00,51111.0,49826.668,1284.33203125,1284.33203125,2.5128290020739175
2025-07-30 22:00:00,51205.0,50177.547,1027.453125,1027.453125,2.0065484327702374
2025-07-30 23:00:00,50882.0,48924.24,1957.76171875,1957.76171875,3.847650876046539
2025-07-31 00:00:00,49898.0,48354.652,1543.34765625,1543.34765625,3.093005042787286
2025-07-31 01:00:00,48313.0,47139.332,1173.66796875,1173.66796875,2.4293005376399726
2025-07-31 02:00:00,46500.0,45864.266,635.734375,635.734375,1.3671706989247312
2025-07-31 03:00:00,44883.0,44705.957,177.04296875,177.04296875,0.39445440088675
2025-07-31 04:00:00,42362.0,42688.562,-326.5625,326.5625,0.7708854633869977
2025-07-31 05:00:00,39724.0,38998.695,725.3046875,725.3046875,1.825860153811298
2025-07-31 06:00:00,37624.0,37911.695,-287.6953125,287.6953125,0.764659027482458
2025-07-31 07:00:00,35955.0,36471.55,-516.55078125,516.55078125,1.4366591051314141
2025-07-31 08:00:00,34699.0,35696.176,-997.17578125,997.17578125,2.8737882395746275
2025-07-31 09:00:00,33920.0,34766.523,-846.5234375,846.5234375,2.495646926591981
2025-07-31 10:00:00,33638.0,34262.9,-624.8984375,624.8984375,1.857715790177775
2025-07-31 11:00:00,34020.0,34178.82,-158.8203125,158.8203125,0.46684395208700763
2025-07-31 12:00:00,34961.0,34775.38,185.62109375,185.62109375,0.5309375983238466
2025-07-31 13:00:00,35918.0,35489.152,428.84765625,428.84765625,1.193963072136533
2025-07-31 14:00:00,37065.0,36279.305,785.6953125,785.6953125,2.119776912181303
2025-07-31 15:00:00,38372.0,37268.69,1103.30859375,1103.30859375,2.8752960329146253
2025-07-31 16:00:00,39916.0,39491.355,424.64453125,424.64453125,1.0638454034722917
2025-07-31 17:00:00,41299.0,42190.742,-891.7421875,891.7421875,2.159234333761108
2025-07-31 18:00:00,42582.0,43368.52,-786.51953125,786.51953125,1.8470704317552018
2025-07-31 19:00:00,43802.0,44395.566,-593.56640625,593.56640625,1.3551125662070225
2025-07-31 20:00:00,44603.0,44610.914,-7.9140625,7.9140625,0.01774334125507253
2025-07-31 21:00:00,45114.0,45844.7,-730.69921875,730.69921875,1.6196728703949992
2025-07-31 22:00:00,45209.0,45539.715,-330.71484375,330.71484375,0.7315243507929837
2025-07-31 23:00:00,44694.0,45518.277,-824.27734375,824.27734375,1.8442684560567413
2025-08-01 00:00:00,43889.0,46193.824,-2304.82421875,2304.82421875,5.251484925038164
2025-08-01 01:00:00,42637.0,44416.707,-1779.70703125,1779.70703125,4.174090651898585
2025-08-01 02:00:00,41515.0,42352.46,-837.4609375,837.4609375,2.0172490364928337
2025-08-01 03:00:00,40340.0,40711.754,-371.75390625,371.75390625,0.9215515772186416
2025-08-01 04:00:00,38365.0,38602.387,-237.38671875,237.38671875,0.6187585527173205
2025-08-01 05:00:00,36232.0,36565.438,-333.4375,333.4375,0.9202845550894238
2025-08-01 06:00:00,34232.0,35121.098,-889.09765625,889.09765625,2.5972705545980372
2025-08-01 07:00:00,32742.0,33978.316,-1236.31640625,1236.31640625,3.775934293109767
2025-08-01 08:00:00,31791.0,32814.953,-1023.953125,1023.953125,3.2208899531313895
2025-08-01 09:00:00,31290.0,32083.639,-793.638671875,793.638671875,2.5363971616331096
2025-08-01 10:00:00,31366.0,32007.822,-641.822265625,641.822265625,2.0462356233660652
2025-08-01 11:00:00,31705.0,32207.195,-502.1953125,502.1953125,1.5839625059138935
2025-08-01 12:00:00,32558.0,32700.588,-142.587890625,142.587890625,0.43795039813563486
2025-08-01 13:00:00,33482.0,33627.92,-145.921875,145.921875,0.4358218595066006
2025-08-01 14:00:00,34393.0,34657.125,-264.125,264.125,0.7679615037943768
2025-08-01 15:00:00,35400.0,35101.88,298.12109375,298.12109375,0.8421499823446328
2025-08-01 16:00:00,36743.0,36639.01,103.98828125,103.98828125,0.28301521718422556
2025-08-01 17:00:00,38054.0,37392.58,661.421875,661.421875,1.7381139302044462
2025-08-01 18:00:00,39227.0,38820.254,406.74609375,406.74609375,1.036903392433783
2025-08-01 19:00:00,40289.0,39474.25,814.75,814.75,2.0222641415771054
2025-08-01 20:00:00,41129.0,40505.316,623.68359375,623.68359375,1.516408358457536
2025-08-01 21:00:00,41652.0,40643.953,1008.046875,1008.046875,2.42016439786805
2025-08-01 22:00:00,41895.0,40925.656,969.34375,969.34375,2.3137456737080795
2025-08-01 23:00:00,41564.0,40678.81,885.19140625,885.19140625,2.129706972981426
2025-08-02 00:00:00,40861.0,40072.65,788.3515625,788.3515625,1.9293496549276816
2025-08-02 01:00:00,39536.0,38896.72,639.28125,639.28125,1.6169598593686767
2025-08-02 02:00:00,38339.0,38029.87,309.12890625,309.12890625,0.8063040409243851
2025-08-02 03:00:00,37435.0,36626.605,808.39453125,808.39453125,2.159461817149726
2025-08-02 04:00:00,35824.0,34651.098,1172.90234375,1172.90234375,3.2740686236880303
2025-08-02 05:00:00,34038.0,32913.742,1124.2578125,1124.2578125,3.302949093660027
2025-08-02 06:00:00,32215.0,31557.65,657.349609375,657.349609375,2.0405078670650316
2025-08-02 07:00:00,31169.0,30258.559,910.44140625,910.44140625,2.920983689723764
2025-08-02 08:00:00,30195.0,29594.115,600.884765625,600.884765625,1.9900141269249876
2025-08-02 09:00:00,29583.0,29177.58,405.419921875,405.419921875,1.370448980411047
2025-08-02 10:00:00,29299.0,29119.799,179.201171875,179.201171875,0.6116289698453873
2025-08-02 11:00:00,29426.0,29291.658,134.341796875,134.341796875,0.45654114346156455
2025-08-02 12:00:00,29576.0,29818.29,-242.2890625,242.2890625,0.8192083530565324
2025-08-02 13:00:00,30047.0,30661.668,-614.66796875,614.66796875,2.045688317469298
2025-08-02 14:00:00,31368.0,31686.982,-318.982421875,318.982421875,1.0169039207950779
2025-08-02 15:00:00,32904.0,32896.43,7.5703125,7.5703125,0.023007271152443474
2025-08-02 16:00:00,34451.0,33962.504,488.49609375,488.49609375,1.4179445988505412
2025-08-02 17:00:00,36041.0,35741.945,299.0546875,299.0546875,0.8297624580339058
2025-08-02 18:00:00,37516.0,36618.336,897.6640625,897.6640625,2.392749926697942
2025-08-02 19:00:00,38754.0,37825.2,928.80078125,928.80078125,2.3966578449966454
2025-08-02 20:00:00,39900.0,38289.24,1610.76171875,1610.76171875,4.036996788847118
2025-08-02 21:00:00,40869.0,38882.418,1986.58203125,1986.58203125,4.860853045707015
2025-08-02 22:00:00,41618.0,38957.65,2660.3515625,2660.3515625,6.392309968042674
2025-08-02 23:00:00,41960.0,38828.363,3131.63671875,3131.63671875,7.463385888346044
2025-08-03 00:00:00,41556.0,39163.297,2392.703125,2392.703125,5.757780164115892
2025-08-03 01:00:00,40293.0,37554.832,2738.16796875,2738.16796875,6.795641845357754
2025-08-03 02:00:00,38771.0,36348.867,2422.1328125,2422.1328125,6.2472797000335305
2025-08-03 03:00:00,37469.0,35590.844,1878.15625,1878.15625,5.012560383250154
2025-08-03 04:00:00,35647.0,33777.312,1869.6875,1869.6875,5.245006592420119
2025-08-03 05:00:00,33676.0,32095.98,1580.01953125,1580.01953125,4.691826616136121
2025-08-03 06:00:00,31990.0,30566.885,1423.115234375,1423.115234375,4.448625302829009
2025-08-03 07:00:00,30774.0,29637.115,1136.884765625,1136.884765625,3.694302871336193
2025-08-03 08:00:00,29791.0,28892.35,898.650390625,898.650390625,3.0165163661005003
2025-08-03 09:00:00,29133.0,28492.389,640.611328125,640.611328125,2.198919878230872
2025-08-03 10:00:00,28755.0,28237.021,517.978515625,517.978515625,1.8013511237176143
2025-08-03 11:00:00,28443.0,28322.219,120.78125,120.78125,0.42464314594100483
2025-08-03 12:00:00,28493.0,28447.12,45.880859375,45.880859375,0.1610250214965079
2025-08-03 13:00:00,29025.0,28821.01,203.990234375,203.990234375,0.7028087316968131
2025-08-03 14:00:00,30158.0,29908.115,249.884765625,249.884765625,0.8285853359805027
2025-08-03 15:00:00,31448.0,31011.398,436.6015625,436.6015625,1.3883285503052658
2025-08-03 16:00:00,32892.0,32686.836,205.1640625,205.1640625,0.6237506460537516
2025-08-03 17:00:00,34467.0,34512.223,-45.22265625,45.22265625,0.13120566411349988
2025-08-03 18:00:00,36067.0,36067.72,-0.71875,0.71875,0.0019928189203426957
2025-08-03 19:00:00,37525.0,37032.22,492.78125,492.78125,1.3132078614257163
2025-08-03 20:00:00,38633.0,38284.15,348.8515625,348.8515625,0.9029885395905055
2025-08-03 21:00:00,39719.0,38714.496,1004.50390625,1004.50390625,2.5290261745008684
2025-08-03 22:00:00,40601.0,38966.78,1634.21875,1634.21875,4.0250701953153865
2025-08-03 23:00:00,41127.0,39391.562,1735.4375,1735.4375,4.2197036010406785
2025-08-04 00:00:00,40783.0,40992.598,-209.59765625,209.59765625,0.5139338848294632
2025-08-04 01:00:00,39825.0,38284.605,1540.39453125,1540.39453125,3.8679084274952915
2025-08-04 02:00:00,38622.0,37131.055,1490.9453125,1490.9453125,3.860352422194604
2025-08-04 03:00:00,37506.0,36463.5,1042.5,1042.5,2.779555271156615
2025-08-04 04:00:00,35489.0,34854.074,634.92578125,634.92578125,1.789077689565781
2025-08-04 05:00:00,33300.0,32693.945,606.0546875,606.0546875,1.8199840465465467
2025-08-04 06:00:00,31572.0,31290.7,281.30078125,281.30078125,0.8909818232927911
2025-08-04 07:00:00,30280.0,30267.473,12.52734375,12.52734375,0.04137167684940555
2025-08-04 08:00:00,29485.0,29557.102,-72.1015625,72.1015625,0.24453641682211294
2025-08-04 09:00:00,29073.0,29073.234,-0.234375,0.234375,0.0008061603549685274
2025-08-04 10:00:00,29106.0,28758.166,347.833984375,347.833984375,1.1950593842334913
2025-08-04 11:00:00,29823.0,28978.266,844.734375,844.734375,2.8324929584548837
2025-08-04 12:00:00,30921.0,29680.195,1240.8046875,1240.8046875,4.01282198990977
2025-08-04 13:00:00,32156.0,30528.05,1627.94921875,1627.94921875,5.06266083701331
2025-08-04 14:00:00,33703.0,31734.15,1968.849609375,1968.849609375,5.841763669035398
2025-08-04 15:00:00,35347.0,34250.848,1096.15234375,1096.15234375,3.10111846479192
2025-08-04 16:00:00,37239.0,35190.996,2048.00390625,2048.00390625,5.499621112946105
2025-08-04 17:00:00,39269.0,36869.95,2399.05078125,2399.05078125,6.109273934273855
2025-08-04 18:00:00,41224.0,38538.27,2685.73046875,2685.73046875,6.514968146589366
2025-08-04 19:00:00,43083.0,40266.992,2816.0078125,2816.0078125,6.536238916742103
2025-08-04 20:00:00,44448.0,41021.227,3426.7734375,3426.7734375,7.709623464497841
2025-08-04 21:00:00,45535.0,42035.207,3499.79296875,3499.79296875,7.68594041671242
2025-08-04 22:00:00,46158.0,42484.77,3673.23046875,3673.23046875,7.957949800142987
2025-08-04 23:00:00,46321.0,42660.05,3660.94921875,3660.94921875,7.903433040629521
2025-08-05 00:00:00,45855.0,42555.195,3299.8046875,3299.8046875,7.196172036855304
2025-08-05 01:00:00,44505.0,41986.727,2518.2734375,2518.2734375,5.65840565666779
2025-08-05 02:00:00,42616.0,39756.816,2859.18359375,2859.18359375,6.709178697554909
2025-08-05 03:00:00,41179.0,38009.348,3169.65234375,3169.65234375,7.697254289200806
2025-08-05 04:00:00,38755.0,36119.43,2635.5703125,2635.5703125,6.800594278157657
2025-08-05 05:00:00,36354.0,33730.535,2623.46484375,2623.46484375,7.216440677091929
2025-08-05 06:00:00,34320.0,32124.568,2195.431640625,2195.431640625,6.396945339816433
2025-08-05 07:00:00,32924.0,30970.969,1953.03125,1953.03125,5.931937948001458
2025-08-05 08:00:00,31944.0,30007.309,1936.69140625,1936.69140625,6.062770492893814
2025-08-05 09:00:00,31310.0,29583.66,1726.33984375,1726.33984375,5.51370119370808
2025-08-05 10:00:00,31143.0,29423.05,1719.94921875,1719.94921875,5.52274738705327
2025-08-05 11:00:00,31699.0,29855.285,1843.71484375,1843.71484375,5.816318633868576
2025-08-05 12:00:00,32637.0,31093.396,1543.603515625,1543.603515625,4.729612144575175
2025-08-05 13:00:00,33718.0,32574.201,1143.798828125,1143.798828125,3.3922499202947978
2025-08-05 14:00:00,35353.0,34908.52,444.48046875,444.48046875,1.2572637930302946
2025-08-05 15:00:00,37496.0,36882.46,613.5390625,613.5390625,1.63627870306166
2025-08-05 16:00:00,39978.0,38991.887,986.11328125,986.11328125,2.466639855045275
2025-08-05 17:00:00,42236.0,41076.008,1159.9921875,1159.9921875,2.746453706553651
2025-08-05 18:00:00,44469.0,42750.727,1718.2734375,1718.2734375,3.86398038521217
2025-08-05 19:00:00,46383.0,43792.12,2590.87890625,2590.87890625,5.5858372814393205
2025-08-05 20:00:00,47754.0,44963.742,2790.2578125,2790.2578125,5.842982394144993
2025-08-05 21:00:00,48957.0,46086.27,2870.73046875,2870.73046875,5.863779375268092
2025-08-05 22:00:00,49494.0,46763.72,2730.28125,2730.28125,5.516388350103043
2025-08-05 23:00:00,49460.0,46805.766,2654.234375,2654.234375,5.366426152446421
2025-08-06 00:00:00,48753.0,46938.293,1814.70703125,1814.70703125,3.722246900190757
2025-08-06 01:00:00,47229.0,44983.816,2245.18359375,2245.18359375,4.753824120243918
2025-08-06 02:00:00,45447.0,42571.137,2875.86328125,2875.86328125,6.327949658393293
2025-08-06 03:00:00,43705.0,41627.844,2077.15625,2077.15625,4.7526741791557034
2025-08-06 04:00:00,41253.0,39529.07,1723.9296875,1723.9296875,4.178919563425691
2025-08-06 05:00:00,38652.0,36972.527,1679.47265625,1679.47265625,4.345111912061472
2025-08-06 06:00:00,36634.0,34324.477,2309.5234375,2309.5234375,6.304316857291041
2025-08-06 07:00:00,35179.0,33276.574,1902.42578125,1902.42578125,5.407844967878564
2025-08-06 08:00:00,33979.0,32297.256,1681.744140625,1681.744140625,4.949363255613762
2025-08-06 09:00:00,33187.0,32094.197,1092.802734375,1092.802734375,3.2928638755386146
2025-08-06 10:00:00,32896.0,31659.604,1236.396484375,1236.396484375,3.7585009860621357
2025-08-06 11:00:00,33368.0,32229.037,1138.962890625,1138.962890625,3.413338799523496
2025-08-06 12:00:00,34467.0,32785.01,1681.98828125,1681.98828125,4.879996173876462
2025-08-06 13:00:00,35613.0,33917.79,1695.2109375,1695.2109375,4.760090240923258
2025-08-06 14:00:00,37347.0,36036.78,1310.21875,1310.21875,3.508230246070635
2025-08-06 15:00:00,39361.0,38052.973,1308.02734375,1308.02734375,3.323155772846218
2025-08-06 16:00:00,41723.0,39851.1,1871.8984375,1871.8984375,4.4864905148239576
2025-08-06 17:00:00,43796.0,42505.84,1290.16015625,1290.16015625,2.945840159489451
2025-08-06 18:00:00,45459.0,45013.508,445.4921875,445.4921875,0.9799867737961679
2025-08-06 19:00:00,47081.0,47293.22,-212.21875,212.21875,0.4507524266689322
2025-08-06 20:00:00,48520.0,48361.96,158.0390625,158.0390625,0.3257194198268755
2025-08-06 21:00:00,49739.0,49620.1,118.8984375,118.8984375,0.2390446882727839
2025-08-06 22:00:00,50524.0,49623.51,900.48828125,900.48828125,1.782298078635896
2025-08-06 23:00:00,50645.0,49398.457,1246.54296875,1246.54296875,2.4613347196169415
2025-08-07 00:00:00,50088.0,49268.13,819.87109375,819.87109375,1.6368613115915989
2025-08-07 01:00:00,48692.0,46950.11,1741.890625,1741.890625,3.5773651215805473
2025-08-07 02:00:00,46814.0,45219.156,1594.84375,1594.84375,3.406766672362968
2025-08-07 03:00:00,45098.0,43526.645,1571.35546875,1571.35546875,3.4843129822830283
2025-08-07 04:00:00,42578.0,41006.73,1571.26953125,1571.26953125,3.690331934919442
2025-08-07 05:00:00,39990.0,39173.91,816.08984375,816.08984375,2.0407347930732684
2025-08-07 06:00:00,37933.0,37584.445,348.5546875,348.5546875,0.9188692892731921
2025-08-07 07:00:00,36368.0,35923.62,444.37890625,444.37890625,1.2218953647437307
2025-08-07 08:00:00,35204.0,34461.9,742.1015625,742.1015625,2.108003529428474
2025-08-07 09:00:00,34485.0,33495.76,989.23828125,989.23828125,2.8686045563288385
2025-08-07 10:00:00,34252.0,33126.727,1125.2734375,1125.2734375,3.285278049456966
2025-08-07 11:00:00,34781.0,33623.04,1157.9609375,1157.9609375,3.3292916750524713
2025-08-07 12:00:00,35770.0,34286.754,1483.24609375,1483.24609375,4.146620334777746
2025-08-07 13:00:00,37066.0,36130.285,935.71484375,935.71484375,2.5244559535693085
2025-08-07 14:00:00,39010.0,37945.055,1064.9453125,1064.9453125,2.7299290246090746
2025-08-07 15:00:00,41248.0,40272.668,975.33203125,975.33203125,2.3645559330149344
2025-08-07 16:00:00,43904.0,42975.195,928.8046875,928.8046875,2.115535458044825
2025-08-07 17:00:00,46409.0,44888.355,1520.64453125,1520.64453125,3.2766155944967568
2025-08-07 18:00:00,48738.0,46275.848,2462.15234375,2462.15234375,5.051812433316919
2025-08-07 19:00:00,50662.0,47910.727,2751.2734375,2751.2734375,5.430645133433343
2025-08-07 20:00:00,51961.0,49416.76,2544.23828125,2544.23828125,4.896438254171398
2025-08-07 21:00:00,52850.0,50258.3,2591.69921875,2591.69921875,4.903877424314096
2025-08-07 22:00:00,53130.0,50540.19,2589.80859375,2589.80859375,4.874475049407115
2025-08-07 23:00:00,52906.0,50393.65,2512.3515625,2512.3515625,4.74870820417344
2025-08-08 00:00:00,52068.0,49695.85,2372.1484375,2372.1484375,4.555866247023124
2025-08-08 01:00:00,50653.0,48637.215,2015.78515625,2015.78515625,3.979596778571852
2025-08-08 02:00:00,48857.0,47188.168,1668.83203125,1668.83203125,3.415748063225331
2025-08-08 03:00:00,47103.0,45501.914,1601.0859375,1601.0859375,3.3991166963887656
2025-08-08 04:00:00,44602.0,42949.67,1652.328125,1652.328125,3.704605454912336
2025-08-08 05:00:00,42036.0,40317.477,1718.5234375,1718.5234375,4.0882182831382625
2025-08-08 06:00:00,39834.0,38398.75,1435.25,1435.25,3.6030777727569414
2025-08-08 07:00:00,38245.0,36759.242,1485.7578125,1485.7578125,3.8848419728069032
2025-08-08 08:00:00,36988.0,35992.71,995.2890625,995.2890625,2.690843145074078
2025-08-08 09:00:00,36143.0,34801.49,1341.51171875,1341.51171875,3.7116778318069885
2025-08-08 10:00:00,35806.0,34831.555,974.4453125,974.4453125,2.721458170418366
2025-08-08 11:00:00,36148.0,35001.273,1146.7265625,1146.7265625,3.172309844251411
2025-08-08 12:00:00,36975.0,35605.832,1369.16796875,1369.16796875,3.702955966869506
2025-08-08 13:00:00,38117.0,36817.527,1299.47265625,1299.47265625,3.4091682353018333
2025-08-08 14:00:00,40202.0,38956.57,1245.4296875,1245.4296875,3.0979296738968207
2025-08-08 15:00:00,42647.0,41117.97,1529.03125,1529.03125,3.5853196004408283
2025-08-08 16:00:00,45287.0,43342.94,1944.05859375,1944.05859375,4.2927519900854545
2025-08-08 17:00:00,47760.0,46327.992,1432.0078125,1432.0078125,2.998341315954774
2025-08-08 18:00:00,50011.0,48932.19,1078.80859375,1078.80859375,2.1571426161244527
2025-08-08 19:00:00,52042.0,50239.33,1802.671875,1802.671875,3.463878934322278
2025-08-08 20:00:00,53252.0,50977.004,2274.99609375,2274.99609375,4.2721326781153754
2025-08-08 21:00:00,53958.0,51871.074,2086.92578125,2086.92578125,3.867685572574966
2025-08-08 22:00:00,54086.0,51596.37,2489.62890625,2489.62890625,4.603093048570795
2025-08-08 23:00:00,53829.0,51138.96,2690.0390625,2690.0390625,4.997378852477289
2025-08-09 00:00:00,52960.0,50933.547,2026.453125,2026.453125,3.8263842994712993
2025-08-09 01:00:00,51220.0,48717.938,2502.0625,2502.0625,4.884932643498633
2025-08-09 02:00:00,49329.0,48325.727,1003.2734375,1003.2734375,2.033841021508646
2025-08-09 03:00:00,47637.0,46191.99,1445.01171875,1445.01171875,3.033381024728677
2025-08-09 04:00:00,45527.0,43664.582,1862.41796875,1862.41796875,4.090798797966042
2025-08-09 05:00:00,43169.0,41807.03,1361.96875,1361.96875,3.154969422502259
2025-08-09 06:00:00,40998.0,39407.77,1590.23046875,1590.23046875,3.878800109151666
2025-08-09 07:00:00,39285.0,37574.188,1710.8125,1710.8125,4.354874634084256
2025-08-09 08:00:00,37940.0,36128.816,1811.18359375,1811.18359375,4.773810210200316
2025-08-09 09:00:00,36948.0,34845.664,2102.3359375,2102.3359375,5.689985757009851
2025-08-09 10:00:00,36112.0,34181.56,1930.44140625,1930.44140625,5.3457061537716
2025-08-09 11:00:00,35789.0,34180.836,1608.1640625,1608.1640625,4.4934590586493055
2025-08-09 12:00:00,35515.0,33903.12,1611.87890625,1611.87890625,4.5385862487681266
2025-08-09 13:00:00,35813.0,35008.85,804.1484375,804.1484375,2.245409313657052
2025-08-09 14:00:00,37062.0,36984.867,77.1328125,77.1328125,0.20811832200097136
2025-08-09 15:00:00,39105.0,39235.305,-130.3046875,130.3046875,0.3332174594041683
2025-08-09 16:00:00,41494.0,41200.516,293.484375,293.484375,0.7072935243649684
2025-08-09 17:00:00,43775.0,43417.387,357.61328125,357.61328125,0.8169349657338664
2025-08-09 18:00:00,45771.0,46010.16,-239.16015625,239.16015625,0.522514597124817
2025-08-09 19:00:00,47704.0,47021.066,682.93359375,682.93359375,1.4316065607705852
2025-08-09 20:00:00,49177.0,48013.4,1163.6015625,1163.6015625,2.3661499532301686
2025-08-09 21:00:00,50136.0,48868.023,1267.9765625,1267.9765625,2.5290740436014043
2025-08-09 22:00:00,50761.0,49828.137,932.86328125,932.86328125,1.8377559174366147
2025-08-09 23:00:00,50842.0,49254.7,1587.30078125,1587.30078125,3.122026633983714
2025-08-10 00:00:00,50239.0,49203.297,1035.703125,1035.703125,2.061552031290432
2025-08-10 01:00:00,48709.0,48675.953,33.046875,33.046875,0.06784552136155536
2025-08-10 02:00:00,47060.0,47599.47,-539.46875,539.46875,1.1463424351891203
2025-08-10 03:00:00,45473.0,45598.26,-125.26171875,125.26171875,0.275463942889187
2025-08-10 04:00:00,43446.0,43104.22,341.78125,341.78125,0.7866805919992635
2025-08-10 05:00:00,41265.0,40665.195,599.8046875,599.8046875,1.4535434084575307
2025-08-10 06:00:00,39303.0,39309.082,-6.08203125,6.08203125,0.015474725211815893
2025-08-10 07:00:00,37680.0,37041.926,638.07421875,638.07421875,1.693402916003185
2025-08-10 08:00:00,36337.0,36043.24,293.76171875,293.76171875,0.8084369065965821
2025-08-10 09:00:00,35310.0,34733.55,576.44921875,576.44921875,1.6325381442934013
2025-08-10 10:00:00,34489.0,33301.906,1187.09375,1187.09375,3.4419488822523125
2025-08-10 11:00:00,33988.0,32434.773,1553.2265625,1553.2265625,4.569926334294457
2025-08-10 12:00:00,33603.0,32073.846,1529.154296875,1529.154296875,4.550648147114841
2025-08-10 13:00:00,33733.0,32401.145,1331.85546875,1331.85546875,3.948227162570776
2025-08-10 14:00:00,34846.0,33651.61,1194.390625,1194.390625,3.4276261981289102
2025-08-10 15:00:00,36470.0,35914.723,555.27734375,555.27734375,1.5225592096243488
2025-08-10 16:00:00,38371.0,38017.504,353.49609375,353.49609375,0.9212584862265774
2025-08-10 17:00:00,40192.0,39362.824,829.17578125,829.17578125,2.063036876119626
2025-08-10 18:00:00,41983.0,40810.22,1172.78125,1172.78125,2.793466998547031
2025-08-10 19:00:00,43762.0,43533.977,228.0234375,228.0234375,0.5210535110369727
2025-08-10 20:00:00,45393.0,45345.52,47.48046875,47.48046875,0.10459865783270549
2025-08-10 21:00:00,46558.0,45783.355,774.64453125,774.64453125,1.6638269067614588
2025-08-10 22:00:00,47192.0,46511.11,680.890625,680.890625,1.4428094274453298
2025-08-10 23:00:00,47407.0,46181.05,1225.94921875,1225.94921875,2.5860088568143946
2025-08-11 00:00:00,46980.0,47149.168,-169.16796875,169.16796875,0.36008507609621115
2025-08-11 01:00:00,45571.0,45771.0,-200.0,200.0,0.4388756007109785
2025-08-11 02:00:00,44088.0,44062.418,25.58203125,25.58203125,0.0580249302531301
2025-08-11 03:00:00,42376.0,42651.297,-275.296875,275.296875,0.6496528105531433
2025-08-11 04:00:00,39974.0,39712.36,261.640625,261.640625,0.6545270050532846
2025-08-11 05:00:00,37396.0,37778.434,-382.43359375,382.43359375,1.022659091212964
2025-08-11 06:00:00,35343.0,36204.426,-861.42578125,861.42578125,2.437330677220383
2025-08-11 07:00:00,33941.0,34995.42,-1054.421875,1054.421875,3.1066317285878435
2025-08-11 08:00:00,33003.0,33968.465,-965.46484375,965.46484375,2.925385097566888
2025-08-11 09:00:00,32453.0,33057.773,-604.7734375,604.7734375,1.8635363063507226
2025-08-11 10:00:00,32413.0,32261.234,151.765625,151.765625,0.4682245549625151
2025-08-11 11:00:00,33112.0,32983.293,128.70703125,128.70703125,0.38870207553152936
2025-08-11 12:00:00,34244.0,33075.145,1168.85546875,1168.85546875,3.413314650011681
2025-08-11 13:00:00,35180.0,33277.85,1902.1484375,1902.1484375,5.406902892268334
2025-08-11 14:00:00,36296.0,34133.387,2162.61328125,2162.61328125,5.958268903598193
2025-08-11 15:00:00,37454.0,35772.195,1681.8046875,1681.8046875,4.490320626635339
2025-08-11 16:00:00,39210.0,38435.855,774.14453125,774.14453125,1.9743548361387402
2025-08-11 17:00:00,41195.0,40180.25,1014.75,1014.75,2.46328437917223
2025-08-11 18:00:00,43175.0,41817.39,1357.609375,1357.609375,3.144433989577302
2025-08-11 19:00:00,45036.0,42916.016,2119.984375,2119.984375,4.707310540456524
2025-08-11 20:00:00,46288.0,43843.215,2444.78515625,2444.78515625,5.281682414988766
2025-08-11 21:00:00,47204.0,43697.49,3506.51171875,3506.51171875,7.428420724408949
2025-08-11 22:00:00,46914.0,43588.92,3325.078125,3325.078125,7.087603114208978
2025-08-11 23:00:00,46136.0,44163.918,1972.08203125,1972.08203125,4.274497206628229
2025-08-12 00:00:00,44921.0,44546.605,374.39453125,374.39453125,0.8334510167850226
2025-08-12 01:00:00,43347.0,43051.42,295.578125,295.578125,0.681888308302766
2025-08-12 02:00:00,41882.0,40976.727,905.2734375,905.2734375,2.161485691944033
2025-08-12 03:00:00,40263.0,39641.996,621.00390625,621.00390625,1.5423686914785286
2025-08-12 04:00:00,38014.0,38401.223,-387.22265625,387.22265625,1.0186317047666649
2025-08-12 05:00:00,35577.0,35975.887,-398.88671875,398.88671875,1.1211926771509684
2025-08-12 06:00:00,33691.0,33976.035,-285.03515625,285.03515625,0.8460275926805378
2025-08-12 07:00:00,32404.0,32678.19,-274.189453125,274.189453125,0.8461592801043081
2025-08-12 08:00:00,31495.0,32314.96,-819.9609375,819.9609375,2.603463843467217
2025-08-12 09:00:00,30990.0,31836.527,-846.52734375,846.52734375,2.7316145329138433
2025-08-12 10:00:00,30940.0,31771.893,-831.892578125,831.892578125,2.688728436085973
2025-08-12 11:00:00,31648.0,32180.314,-532.314453125,532.314453125,1.6819844954657481
2025-08-12 12:00:00,32941.0,32807.105,133.89453125,133.89453125,0.4064677188002793
2025-08-12 13:00:00,33949.0,34178.035,-229.03515625,229.03515625,0.6746447796695042
2025-08-12 14:00:00,35301.0,35669.074,-368.07421875,368.07421875,1.0426736317668055
2025-08-12 15:00:00,36983.0,36802.992,180.0078125,180.0078125,0.48673123462131246
2025-08-12 16:00:00,38891.0,38241.28,649.71875,649.71875,1.6706146666323827
2025-08-12 17:00:00,40919.0,41073.086,-154.0859375,154.0859375,0.376563301889098
2025-08-12 18:00:00,43120.0,42738.477,381.5234375,381.5234375,0.8847946138682746
2025-08-12 19:00:00,45167.0,44331.84,835.16015625,835.16015625,1.8490494304470078
2025-08-12 20:00:00,46547.0,45703.145,843.85546875,843.85546875,1.8129105393473264
2025-08-12 21:00:00,47679.0,46664.285,1014.71484375,1014.71484375,2.1282217407034545
2025-08-12 22:00:00,48247.0,46968.176,1278.82421875,1278.82421875,2.6505776913590484
2025-08-12 23:00:00,48311.0,46164.996,2146.00390625,2146.00390625,4.442060620252117
2025-08-13 00:00:00,47751.0,44749.812,3001.1875,3001.1875,6.285077799417814
2025-08-13 01:00:00,46360.0,42675.16,3684.83984375,3684.83984375,7.948317178062986
2025-08-13 02:00:00,44520.0,40152.984,4367.015625,4367.015625,9.80910966981132
2025-08-13 03:00:00,42574.0,39493.863,3080.13671875,3080.13671875,7.234783479940809
2025-08-13 04:00:00,39941.0,37253.484,2687.515625,2687.515625,6.7287139155254
2025-08-13 05:00:00,37212.0,34739.63,2472.37109375,2472.37109375,6.644015623320435
2025-08-13 06:00:00,35039.0,33388.098,1650.90234375,1650.90234375,4.711613755386854
2025-08-13 07:00:00,33525.0,31890.006,1634.994140625,1634.994140625,4.876940016778524
2025-08-13 08:00:00,32430.0,31056.121,1373.87890625,1373.87890625,4.2364443609312366
2025-08-13 09:00:00,31826.0,30525.744,1300.255859375,1300.255859375,4.085514545890153
2025-08-13 10:00:00,31689.0,30534.744,1154.255859375,1154.255859375,3.6424496177695733
2025-08-13 11:00:00,32309.0,30866.467,1442.533203125,1442.533203125,4.464803005741434
2025-08-13 12:00:00,33607.0,32307.92,1299.080078125,1299.080078125,3.8655044428988012
2025-08-13 13:00:00,34809.0,33895.434,913.56640625,913.56640625,2.624512069436065
2025-08-13 14:00:00,36506.0,36162.125,343.875,343.875,0.941968443543527
2025-08-13 15:00:00,38709.0,37731.914,977.0859375,977.0859375,2.524182845074789
2025-08-13 16:00:00,41158.0,40072.453,1085.546875,1085.546875,2.6375112371835367
2025-08-13 17:00:00,43475.0,41886.78,1588.21875,1588.21875,3.6531771132834963
2025-08-13 18:00:00,45490.0,43378.547,2111.453125,2111.453125,4.64157644537261
2025-08-13 19:00:00,47266.0,44848.723,2417.27734375,2417.27734375,5.114199093957602
2025-08-13 20:00:00,48590.0,46709.47,1880.53125,1880.53125,3.8702022020991973
2025-08-13 21:00:00,49468.0,47992.3,1475.69921875,1475.69921875,2.9831390368521062
2025-08-13 22:00:00,50017.0,48353.27,1663.73046875,1663.73046875,3.326329985304996
2025-08-13 23:00:00,50105.0,48299.832,1805.16796875,1805.16796875,3.6027701202474804
2025-08-14 00:00:00,49420.0,47810.53,1609.46875,1609.46875,3.256715398624039
2025-08-14 01:00:00,47852.0,45994.676,1857.32421875,1857.32421875,3.8813930844060853
2025-08-14 02:00:00,45857.0,44250.824,1606.17578125,1606.17578125,3.5025749204047365
2025-08-14 03:00:00,44062.0,42306.703,1755.296875,1755.296875,3.9836976873496437
2025-08-14 04:00:00,41293.0,38986.066,2306.93359375,2306.93359375,5.586742532027221
2025-08-14 05:00:00,39377.0,36851.043,2525.95703125,2525.95703125,6.414803136983519
2025-08-14 06:00:00,36395.0,34885.027,1509.97265625,1509.97265625,4.148846424646243
2025-08-14 07:00:00,34884.0,33678.3,1205.69921875,1205.69921875,3.4563101099357874
2025-08-14 08:00:00,33752.0,32592.191,1159.80859375,1159.80859375,3.436266276813226
2025-08-14 09:00:00,33129.0,32027.111,1101.888671875,1101.888671875,3.3260547311268076
2025-08-14 10:00:00,32863.0,31860.832,1002.16796875,1002.16796875,3.049532814259197
2025-08-14 11:00:00,33424.0,32272.623,1151.376953125,1151.376953125,3.44476110915809
2025-08-14 12:00:00,34711.0,33360.77,1350.23046875,1350.23046875,3.889920972458299
2025-08-14 13:00:00,35876.0,34758.52,1117.48046875,1117.48046875,3.1148413110435946
2025-08-14 14:00:00,37453.0,37048.62,404.37890625,404.37890625,1.079696970202654
2025-08-14 15:00:00,39615.0,39257.582,357.41796875,357.41796875,0.902228874794901
2025-08-14 16:00:00,42363.0,41814.184,548.81640625,548.81640625,1.2955088314094847
2025-08-14 17:00:00,44908.0,44104.81,803.19140625,803.19140625,1.7885263343947626
2025-08-14 18:00:00,47123.0,46157.117,965.8828125,965.8828125,2.0497056904271798
2025-08-14 19:00:00,49103.0,47414.78,1688.21875,1688.21875,3.4381173248070382
2025-08-14 20:00:00,50073.0,48606.473,1466.52734375,1466.52734375,2.9287786706408645
2025-08-14 21:00:00,51055.0,49615.54,1439.4609375,1439.4609375,2.8194318626970913
2025-08-14 22:00:00,51644.0,50253.984,1390.015625,1390.015625,2.6915336244287817
2025-08-14 23:00:00,51497.0,49625.133,1871.8671875,1871.8671875,3.634905310018059
2025-08-15 00:00:00,51007.0,49265.336,1741.6640625,1741.6640625,3.414558908581175
2025-08-15 01:00:00,49653.0,46982.684,2670.31640625,2670.31640625,5.377955825931968
2025-08-15 02:00:00,48137.0,46451.984,1685.015625,1685.015625,3.5004583272742384
2025-08-15 03:00:00,46173.0,44080.266,2092.734375,2092.734375,4.5323768760964205
2025-08-15 04:00:00,43518.0,41487.656,2030.34375,2030.34375,4.665526333930788
2025-08-15 05:00:00,41050.0,39232.168,1817.83203125,1817.83203125,4.428336251522533
2025-08-15 06:00:00,38651.0,37121.965,1529.03515625,1529.03515625,3.956004129906083
2025-08-15 07:00:00,37051.0,35370.902,1680.09765625,1680.09765625,4.53455414496235
2025-08-15 08:00:00,35777.0,34330.71,1446.2890625,1446.2890625,4.0425107261648545
2025-08-15 09:00:00,34956.0,33664.195,1291.8046875,1291.8046875,3.6955163276690697
2025-08-15 10:00:00,34614.0,33312.39,1301.609375,1301.609375,3.760355275322124
2025-08-15 11:00:00,35085.0,33958.906,1126.09375,1126.09375,3.209615932734787
2025-08-15 12:00:00,36285.0,34727.453,1557.546875,1557.546875,4.29253651646686
2025-08-15 13:00:00,37441.0,36312.65,1128.3515625,1128.3515625,3.0136790216607463
2025-08-15 14:00:00,39267.0,38524.812,742.1875,742.1875,1.8901049227086357
2025-08-15 15:00:00,41764.0,40880.105,883.89453125,883.89453125,2.116402957690834
2025-08-15 16:00:00,44566.0,43854.87,711.12890625,711.12890625,1.5956758655701657
2025-08-15 17:00:00,47452.0,46327.773,1124.2265625,1124.2265625,2.3691868888561074
2025-08-15 18:00:00,50016.0,48631.273,1384.7265625,1384.7265625,2.7685671835012795
2025-08-15 19:00:00,52024.0,50495.883,1528.1171875,1528.1171875,2.937331207711825
2025-08-15 20:00:00,53156.0,50445.594,2710.40625,2710.40625,5.098965779968395
2025-08-15 21:00:00,53870.0,51060.08,2809.921875,2809.921875,5.2161163449044
2025-08-15 22:00:00,53687.0,51678.785,2008.21484375,2008.21484375,3.7405979915994565
2025-08-15 23:00:00,53261.0,51628.7,1632.30078125,1632.30078125,3.06472049201104
2025-08-16 00:00:00,52345.0,50844.465,1500.53515625,1500.53515625,2.866625573120642
2025-08-16 01:00:00,50728.0,49071.754,1656.24609375,1656.24609375,3.2649544506978394
2025-08-16 02:00:00,48964.0,47664.414,1299.5859375,1299.5859375,2.6541661986357323
2025-08-16 03:00:00,47323.0,45367.99,1955.01171875,1955.01171875,4.1312083315723855
2025-08-16 04:00:00,44958.0,42530.78,2427.21875,2427.21875,5.398858378931448
2025-08-16 05:00:00,42638.0,40547.277,2090.72265625,2090.72265625,4.903425714738027
2025-08-16 06:00:00,40292.0,38040.24,2251.76171875,2251.76171875,5.588607462399484
2025-08-16 07:00:00,38523.0,36235.168,2287.83203125,2287.83203125,5.938872962256314
2025-08-16 08:00:00,37238.0,34695.11,2542.890625,2542.890625,6.828751879800205
2025-08-16 09:00:00,36249.0,33511.69,2737.30859375,2737.30859375,7.551404435294767
2025-08-16 10:00:00,35552.0,33260.16,2291.83984375,2291.83984375,6.4464442049673725
2025-08-16 11:00:00,35257.0,33427.754,1829.24609375,1829.24609375,5.188320315823808
2025-08-16 12:00:00,35142.0,34188.06,953.94140625,953.94140625,2.7145336242957145
2025-08-16 13:00:00,35699.0,36127.906,-428.90625,428.90625,1.2014517213367322
2025-08-16 14:00:00,37712.0,37733.32,-21.3203125,21.3203125,0.05653455796563427
2025-08-16 15:00:00,40639.0,40839.96,-200.9609375,200.9609375,0.4945026636974335
2025-08-16 16:00:00,43546.0,43299.555,246.4453125,246.4453125,0.5659424803655904
2025-08-16 17:00:00,46235.0,45964.87,270.12890625,270.12890625,0.5842519871309614
2025-08-16 18:00:00,48468.0,47907.312,560.6875,560.6875,1.1568199636873813
2025-08-16 19:00:00,50174.0,49266.0,908.0,908.0,1.8097022362179613
2025-08-16 20:00:00,51237.0,49706.496,1530.50390625,1530.50390625,2.987106790502957
2025-08-16 21:00:00,52158.0,49743.906,2414.09375,2414.09375,4.628424690363894
2025-08-16 22:00:00,52549.0,49548.566,3000.43359375,3000.43359375,5.7097824768311485
2025-08-16 23:00:00,52424.0,49767.492,2656.5078125,2656.5078125,5.067350474019533
2025-08-17 00:00:00,51377.0,49557.82,1819.1796875,1819.1796875,3.540844517001771
2025-08-17 01:00:00,49701.0,48063.54,1637.4609375,1637.4609375,3.294623724874751
2025-08-17 02:00:00,47896.0,46950.496,945.50390625,945.50390625,1.9740769714589945
2025-08-17 03:00:00,46151.0,45030.434,1120.56640625,1120.56640625,2.4280436095642566
2025-08-17 04:00:00,43863.0,42359.957,1503.04296875,1503.04296875,3.426676170690559
2025-08-17 05:00:00,41468.0,39897.58,1570.421875,1570.421875,3.7870692461657183
2025-08-17 06:00:00,39431.0,38156.984,1274.015625,1274.015625,3.2310000380411354
2025-08-17 07:00:00,37715.0,36778.945,936.0546875,936.0546875,2.4819161805647623
2025-08-17 08:00:00,36424.0,35503.816,920.18359375,920.18359375,2.526311206210191
2025-08-17 09:00:00,35383.0,34229.074,1153.92578125,1153.92578125,3.2612434820393976
2025-08-17 10:00:00,34700.0,33491.832,1208.16796875,1208.16796875,3.4817520713256487
2025-08-17 11:00:00,34402.0,33579.44,822.55859375,822.55859375,2.3910196899889544
2025-08-17 12:00:00,34295.0,33709.44,585.55859375,585.55859375,1.7074168063857704
2025-08-17 13:00:00,34762.0,34498.734,263.265625,263.265625,0.7573373942811115
2025-08-17 14:00:00,36994.0,37021.48,-27.48046875,27.48046875,0.07428358314861869
2025-08-17 15:00:00,39905.0,40047.36,-142.359375,142.359375,0.35674570855782484
2025-08-17 16:00:00,42755.0,43008.2,-253.19921875,253.19921875,0.592209609987136
2025-08-17 17:00:00,45565.0,45208.992,356.0078125,356.0078125,0.7813185833424777
2025-08-17 18:00:00,47899.0,47196.44,702.55859375,702.55859375,1.4667500234869204
2025-08-17 19:00:00,49798.0,48741.227,1056.7734375,1056.7734375,2.122120240772722
2025-08-17 20:00:00,50902.0,48996.78,1905.21875,1905.21875,3.7429153078464497
2025-08-17 21:00:00,51637.0,49887.51,1749.48828125,1749.48828125,3.3880517482619057
2025-08-17 22:00:00,52190.0,50144.87,2045.12890625,2045.12890625,3.918622161812608
2025-08-17 23:00:00,52140.0,49592.59,2547.41015625,2547.41015625,4.885711845512083
2025-08-18 00:00:00,51638.0,50283.633,1354.3671875,1354.3671875,2.622811083891708
2025-08-18 01:00:00,50076.0,47879.453,2196.546875,2196.546875,4.386426381899513
2025-08-18 02:00:00,48263.0,46658.777,1604.22265625,1604.22265625,3.3239182318753495
2025-08-18 03:00:00,46305.0,44965.125,1339.875,1339.875,2.8935860058309038
2025-08-18 04:00:00,43611.0,43399.72,211.28125,211.28125,0.48446779482240715
2025-08-18 05:00:00,40973.0,40506.547,466.453125,466.453125,1.1384402533375637
2025-08-18 06:00:00,38792.0,38290.11,501.890625,501.890625,1.293799301402351
2025-08-18 07:00:00,37240.0,37114.355,125.64453125,125.64453125,0.33739132988721804
2025-08-18 08:00:00,35994.0,36046.758,-52.7578125,52.7578125,0.14657390815135857
2025-08-18 09:00:00,35230.0,35296.133,-66.1328125,66.1328125,0.18771732188475732
2025-08-18 10:00:00,35025.0,34269.535,755.46484375,755.46484375,2.156930317630264
2025-08-18 11:00:00,35497.0,34147.316,1349.68359375,1349.68359375,3.802246932839395
2025-08-18 12:00:00,36754.0,35475.875,1278.125,1278.125,3.4775126516841706
2025-08-18 13:00:00,37829.0,36373.867,1455.1328125,1455.1328125,3.8466066047212455
2025-08-18 14:00:00,39663.0,38901.73,761.26953125,761.26953125,1.9193443038852331
2025-08-18 15:00:00,42041.0,41572.09,468.91015625,468.91015625,1.1153639453152875
2025-08-18 16:00:00,44881.0,44590.617,290.3828125,290.3828125,0.6470061106035963
2025-08-18 17:00:00,47651.0,47734.88,-83.87890625,83.87890625,0.17602758861304063
2025-08-18 18:00:00,50106.0,50417.97,-311.96875,311.96875,0.6226175507923203
2025-08-18 19:00:00,52099.0,50944.312,1154.6875,1154.6875,2.216333326935258
2025-08-18 20:00:00,53290.0,52584.477,705.5234375,705.5234375,1.3239321401763933
2025-08-18 21:00:00,53851.0,53429.465,421.53515625,421.53515625,0.7827805542144064
2025-08-18 22:00:00,53809.0,53053.457,755.54296875,755.54296875,1.4041200705272352
2025-08-18 23:00:00,53708.0,52830.844,877.15625,877.15625,1.6331947754524467
2025-08-19 00:00:00,53178.0,50342.176,2835.82421875,2835.82421875,5.3327019044529695
2025-08-19 01:00:00,51566.0,48528.176,3037.82421875,3037.82421875,5.891137995481518
2025-08-19 02:00:00,49586.0,47735.035,1850.96484375,1850.96484375,3.732837582684629
2025-08-19 03:00:00,47310.0,46480.207,829.79296875,829.79296875,1.7539483592263792
2025-08-19 04:00:00,44357.0,42821.016,1535.984375,1535.984375,3.4627778591879523
2025-08-19 05:00:00,41463.0,39791.758,1671.2421875,1671.2421875,4.030683229626414
2025-08-19 06:00:00,39207.0,37825.86,1381.140625,1381.140625,3.5226888693345573
2025-08-19 07:00:00,37433.0,36636.766,796.234375,796.234375,2.127092071167152
2025-08-19 08:00:00,36280.0,35668.996,611.00390625,611.00390625,1.6841342509647188
2025-08-19 09:00:00,35485.0,34378.95,1106.05078125,1106.05078125,3.1169530259264477
2025-08-19 10:00:00,35341.0,34253.52,1087.48046875,1087.48046875,3.077107237344727
2025-08-19 11:00:00,35872.0,34502.984,1369.015625,1369.015625,3.8163905692462086
2025-08-19 12:00:00,36988.0,35255.152,1732.84765625,1732.84765625,4.6848914681788685
2025-08-19 13:00:00,38011.0,36967.24,1043.76171875,1043.76171875,2.745946485885665
2025-08-19 14:00:00,39516.0,40004.055,-488.0546875,488.0546875,1.2350812012855552
2025-08-19 15:00:00,41797.0,42624.605,-827.60546875,827.60546875,1.98005949888748
2025-08-19 16:00:00,44441.0,44896.848,-455.84765625,455.84765625,1.0257367211583899
2025-08-19 17:00:00,47037.0,47220.32,-183.3203125,183.3203125,0.38973640432000345
2025-08-19 18:00:00,49527.0,49132.105,394.89453125,394.89453125,0.7973318215316898
2025-08-19 19:00:00,51532.0,50655.29,876.7109375,876.7109375,1.701294220096251
2025-08-19 20:00:00,52537.0,49269.984,3267.015625,3267.015625,6.218504339798618
2025-08-19 21:00:00,52960.0,49539.094,3420.90625,3420.90625,6.459415124622357
2025-08-19 22:00:00,52905.0,49574.63,3330.37109375,3330.37109375,6.295002539930063
2025-08-19 23:00:00,52337.0,47526.496,4810.50390625,4810.50390625,9.191401697174083
2025-08-20 00:00:00,50931.0,47410.92,3520.078125,3520.078125,6.91146477587324
2025-08-20 01:00:00,49222.0,46622.824,2599.17578125,2599.17578125,5.280516397647393
2025-08-20 02:00:00,47507.0,45773.07,1733.9296875,1733.9296875,3.6498404182541524
2025-08-20 03:00:00,45461.0,44103.164,1357.8359375,1357.8359375,2.9868149347792614
2025-08-20 04:00:00,42641.0,41355.05,1285.94921875,1285.94921875,3.0157576481555313
2025-08-20 05:00:00,39880.0,39185.293,694.70703125,694.70703125,1.7419935588014042
2025-08-20 06:00:00,37750.0,37530.457,219.54296875,219.54296875,0.5815707781456954
2025-08-20 07:00:00,36178.0,35826.613,351.38671875,351.38671875,0.9712718191995136
2025-08-20 08:00:00,34978.0,34820.32,157.6796875,157.6796875,0.45079675081479786
2025-08-20 09:00:00,34229.0,34281.477,-52.4765625,52.4765625,0.1533102413158433
2025-08-20 10:00:00,34003.0,33945.16,57.83984375,57.83984375,0.17010217848425138
2025-08-20 11:00:00,34518.0,33875.33,642.671875,642.671875,1.8618456312648473
2025-08-20 12:00:00,35898.0,35400.2,497.80078125,497.80078125,1.3867089566271102
2025-08-20 13:00:00,36942.0,36612.203,329.796875,329.796875,0.8927423393427536
2025-08-20 14:00:00,38601.0,38538.38,62.62109375,62.62109375,0.1622266100619155
2025-08-20 15:00:00,40586.0,41445.797,-859.796875,859.796875,2.118456795446706
2025-08-20 16:00:00,42981.0,43495.676,-514.67578125,514.67578125,1.197449527116633
2025-08-20 17:00:00,45242.0,45462.133,-220.1328125,220.1328125,0.4865673765527607
2025-08-20 18:00:00,47258.0,47652.57,-394.5703125,394.5703125,0.8349280809598375
2025-08-20 19:00:00,49152.0,48739.965,412.03515625,412.03515625,0.8382876714070638
2025-08-20 20:00:00,50468.0,49953.902,514.09765625,514.09765625,1.0186606488269796
2025-08-20 21:00:00,51262.0,49996.79,1265.2109375,1265.2109375,2.468126365533924
2025-08-20 22:00:00,51384.0,50188.664,1195.3359375,1195.3359375,2.3262804326249418
2025-08-20 23:00:00,51139.0,49697.836,1441.1640625,1441.1640625,2.818131098574473
2025-08-21 00:00:00,50250.0,49504.16,745.83984375,745.83984375,1.484258395522388
2025-08-21 01:00:00,48806.0,47658.17,1147.828125,1147.828125,2.351817655616113
2025-08-21 02:00:00,47136.0,46534.52,601.48046875,601.48046875,1.2760532687330277
2025-08-21 03:00:00,44988.0,44411.824,576.17578125,576.17578125,1.2807321535742866
2025-08-21 04:00:00,42079.0,41199.6,879.3984375,879.3984375,2.0898748484992513
2025-08-21 05:00:00,39421.0,39070.63,350.37109375,350.37109375,0.8887930132416733
2025-08-21 06:00:00,37000.0,36497.008,502.9921875,502.9921875,1.3594383445945946
2025-08-21 07:00:00,35407.0,35202.95,204.05078125,204.05078125,0.5763006785381422
2025-08-21 08:00:00,34387.0,33898.754,488.24609375,488.24609375,1.4198566136912205
2025-08-21 09:00:00,33546.0,33309.973,236.02734375,236.02734375,0.7035931072258987
2025-08-21 10:00:00,33336.0,32927.938,408.0625,408.0625,1.2240895728341732
2025-08-21 11:00:00,33989.0,33357.48,631.51953125,631.51953125,1.8580115073994528
2025-08-21 12:00:00,35395.0,34546.426,848.57421875,848.57421875,2.397440934454019
2025-08-21 13:00:00,36384.0,35757.637,626.36328125,626.36328125,1.7215349638577397
2025-08-21 14:00:00,37859.0,38068.434,-209.43359375,209.43359375,0.5531936758762778
2025-08-21 15:00:00,39763.0,39910.57,-147.5703125,147.5703125,0.37112469506827955
2025-08-21 16:00:00,42159.0,41904.016,254.984375,254.984375,0.6048159942123864
2025-08-21 17:00:00,44362.0,43411.46,950.5390625,950.5390625,2.1426875760786257
2025-08-21 18:00:00,46375.0,45011.137,1363.86328125,1363.86328125,2.9409450808625337
2025-08-21 19:00:00,48094.0,47142.633,951.3671875,951.3671875,1.9781411142762093
2025-08-21 20:00:00,49138.0,47468.49,1669.51171875,1669.51171875,3.3975980274939963
2025-08-21 21:00:00,49729.0,48933.324,795.67578125,795.67578125,1.6000236909047036
2025-08-21 22:00:00,54745.0,48915.164,5829.8359375,5829.8359375,10.649074687186044
2025-08-21 23:00:00,54429.0,47926.832,6502.16796875,6502.16796875,11.946146298388726
2025-08-22 00:00:00,53701.0,47882.496,5818.50390625,5818.50390625,10.83500103582801
2025-08-22 01:00:00,52263.0,46899.875,5363.125,5363.125,10.261800891644183
2025-08-22 02:00:00,50279.0,45395.414,4883.5859375,4883.5859375,9.712973482965054
2025-08-22 03:00:00,48442.0,42867.203,5574.796875,5574.796875,11.508188916642583
2025-08-22 04:00:00,45845.0,39870.344,5974.65625,5974.65625,13.032296324571927
2025-08-22 05:00:00,43140.0,37862.695,5277.3046875,5277.3046875,12.23297331363004
2025-08-22 06:00:00,36012.0,35807.633,204.3671875,204.3671875,0.5674974661224037
2025-08-22 07:00:00,34416.0,34385.266,30.734375,30.734375,0.08930257728963273
2025-08-22 08:00:00,33295.0,33238.945,56.0546875,56.0546875,0.16835767382489863
2025-08-22 09:00:00,32525.0,32774.72,-249.71875,249.71875,0.7677747886241353
2025-08-22 10:00:00,32204.0,32420.828,-216.828125,216.828125,0.6732956309775183
2025-08-22 11:00:00,32755.0,32540.283,214.716796875,214.716796875,0.655523727293543
2025-08-22 12:00:00,34091.0,33713.54,377.4609375,377.4609375,1.1072157974245402
2025-08-22 13:00:00,35079.0,35069.508,9.4921875,9.4921875,0.027059458650474644
2025-08-22 14:00:00,36566.0,36320.598,245.40234375,245.40234375,0.6711216533118197
2025-08-22 15:00:00,38433.0,38643.344,-210.34375,210.34375,0.5472998464860926
2025-08-22 16:00:00,40660.0,41327.48,-667.48046875,667.48046875,1.6416145320954256
2025-08-22 17:00:00,42910.0,42954.633,-44.6328125,44.6328125,0.1040149440689816
2025-08-22 18:00:00,44961.0,45061.684,-100.68359375,100.68359375,0.22393539678832763
2025-08-22 19:00:00,46848.0,46397.895,450.10546875,450.10546875,0.9607784083632172
2025-08-22 20:00:00,48035.0,47579.113,455.88671875,455.88671875,0.9490719657541375
2025-08-22 21:00:00,48976.0,47735.543,1240.45703125,1240.45703125,2.532785509739464
2025-08-22 22:00:00,49413.0,48530.926,882.07421875,882.07421875,1.785105576973671
2025-08-22 23:00:00,48964.0,48149.51,814.48828125,814.48828125,1.6634431036067314
2025-08-23 00:00:00,47853.0,48019.29,-166.2890625,166.2890625,0.34749976490502166
2025-08-23 01:00:00,45899.0,47368.574,-1469.57421875,1469.57421875,3.2017565061330315
2025-08-23 02:00:00,43820.0,45503.652,-1683.65234375,1683.65234375,3.8422006931766317
2025-08-23 03:00:00,41975.0,43963.79,-1988.7890625,1988.7890625,4.738032310899345
2025-08-23 04:00:00,39680.0,42013.387,-2333.38671875,2333.38671875,5.880510883946573
2025-08-23 05:00:00,37433.0,38035.355,-602.35546875,602.35546875,1.6091562758795714
2025-08-23 06:00:00,35139.0,33912.027,1226.97265625,1226.97265625,3.491768850138023
2025-08-23 07:00:00,33575.0,32075.627,1499.373046875,1499.373046875,4.465742507446016
2025-08-23 08:00:00,32445.0,31682.408,762.591796875,762.591796875,2.350413921636616
2025-08-23 09:00:00,31624.0,31048.072,575.927734375,575.927734375,1.8211729521091575
2025-08-23 10:00:00,31204.0,30533.348,670.65234375,670.65234375,2.1492511977631072
2025-08-23 11:00:00,31221.0,30730.191,490.80859375,490.80859375,1.5720463590211717
2025-08-23 12:00:00,31465.0,31604.318,-139.318359375,139.318359375,0.4427724753694582
2025-08-23 13:00:00,31850.0,32359.37,-509.369140625,509.369140625,1.5992751667974883
2025-08-23 14:00:00,33313.0,33697.94,-384.94140625,384.94140625,1.1555290914958125
2025-08-23 15:00:00,35241.0,35828.39,-587.390625,587.390625,1.6667819443262109
2025-08-23 16:00:00,37226.0,37921.14,-695.140625,695.140625,1.8673524552731962
2025-08-23 17:00:00,39093.0,38862.38,230.62109375,230.62109375,0.5899293831376462
2025-08-23 18:00:00,40700.0,40238.777,461.22265625,461.22265625,1.1332251996314495
2025-08-23 19:00:00,42170.0,42816.62,-646.62109375,646.62109375,1.533367545055727
2025-08-23 20:00:00,43306.0,43750.492,-444.4921875,444.4921875,1.0263986225927124
2025-08-23 21:00:00,44375.0,44325.965,49.03515625,49.03515625,0.11050176056338029
2025-08-23 22:00:00,45017.0,44179.07,837.9296875,837.9296875,1.8613627907235044
2025-08-23 23:00:00,45031.0,44192.836,838.1640625,838.1640625,1.8613045735160223
2025-08-24 00:00:00,44111.0,43608.367,502.6328125,502.6328125,1.1394727222234815
2025-08-24 01:00:00,42238.0,42485.66,-247.66015625,247.66015625,0.5863444203087267
2025-08-24 02:00:00,40434.0,40014.79,419.2109375,419.2109375,1.0367782992036405
2025-08-24 03:00:00,38789.0,37821.36,967.640625,967.640625,2.4946263760344425
2025-08-24 04:00:00,36809.0,36134.438,674.5625,674.5625,1.8326020810127956
2025-08-24 05:00:00,34724.0,34200.996,523.00390625,523.00390625,1.506174133884345
2025-08-24 06:00:00,32879.0,32032.027,846.97265625,846.97265625,2.5760292473919524
2025-08-24 07:00:00,31454.0,30941.133,512.8671875,512.8671875,1.6305308943218668
2025-08-24 08:00:00,30457.0,29912.197,544.802734375,544.802734375,1.7887603321896446
2025-08-24 09:00:00,29813.0,29262.238,550.76171875,550.76171875,1.84738777965988
2025-08-24 10:00:00,29373.0,29030.453,342.546875,342.546875,1.1661964218840433
2025-08-24 11:00:00,29291.0,28961.723,329.27734375,329.27734375,1.124158764637602
2025-08-24 12:00:00,29296.0,29043.336,252.6640625,252.6640625,0.8624524252457673
2025-08-24 13:00:00,29592.0,29523.102,68.8984375,68.8984375,0.23282791801838335
2025-08-24 14:00:00,30959.0,31229.832,-270.83203125,270.83203125,0.8748087187893666
2025-08-24 15:00:00,32785.0,33083.777,-298.77734375,298.77734375,0.9113232995272228
2025-08-24 16:00:00,34626.0,34789.797,-163.796875,163.796875,0.47304590481141334
2025-08-24 17:00:00,36590.0,35568.41,1021.58984375,1021.58984375,2.791991920606723
2025-08-24 18:00:00,38475.0,36962.965,1512.03515625,1512.03515625,3.929915935672515
2025-08-24 19:00:00,40014.0,38584.293,1429.70703125,1429.70703125,3.5730170221672415
2025-08-24 20:00:00,41241.0,38743.113,2497.88671875,2497.88671875,6.05680443915036
2025-08-24 21:00:00,42075.0,39601.477,2473.5234375,2473.5234375,5.878843582887701
2025-08-24 22:00:00,42654.0,40304.59,2349.41015625,2349.41015625,5.508065260585174
2025-08-24 23:00:00,42883.0,39663.79,3219.2109375,3219.2109375,7.506962986498146
2025-08-25 00:00:00,42241.0,40693.098,1547.90234375,1547.90234375,3.6644547803082315
2025-08-25 01:00:00,40724.0,38619.523,2104.4765625,2104.4765625,5.16765681784697
2025-08-25 02:00:00,39450.0,37575.285,1874.71484375,1874.71484375,4.752128881495564
2025-08-25 03:00:00,37749.0,36019.05,1729.94921875,1729.94921875,4.582768334922779
2025-08-25 04:00:00,35492.0,34473.62,1018.37890625,1018.37890625,2.86931958258199
2025-08-25 05:00:00,33287.0,32799.26,487.73828125,487.73828125,1.4652515433953195
2025-08-25 06:00:00,31718.0,31142.922,575.078125,575.078125,1.8130970584526136
2025-08-25 07:00:00,30525.0,30187.553,337.447265625,337.447265625,1.1054783476658476
2025-08-25 08:00:00,29767.0,29454.35,312.650390625,312.650390625,1.050325496774952
2025-08-25 09:00:00,29420.0,29054.164,365.8359375,365.8359375,1.2434940091774305
2025-08-25 10:00:00,29541.0,28871.752,669.248046875,669.248046875,2.2654888015808536
2025-08-25 11:00:00,30404.0,29249.385,1154.615234375,1154.615234375,3.7975767477141167
2025-08-25 12:00:00,31934.0,29871.594,2062.40625,2062.40625,6.458339857205486
2025-08-25 13:00:00,32918.0,30170.498,2747.501953125,2747.501953125,8.346503290373049
2025-08-25 14:00:00,33593.0,31084.396,2508.603515625,2508.603515625,7.467637649584735
2025-08-25 15:00:00,34265.0,32084.686,2180.314453125,2180.314453125,6.363094858091347
2025-08-25 16:00:00,35022.0,33199.13,1822.87109375,1822.87109375,5.2049314538004685
2025-08-25 17:00:00,35796.0,34646.336,1149.6640625,1149.6640625,3.2117109802771258
2025-08-25 18:00:00,36382.0,35790.785,591.21484375,591.21484375,1.625020185119015
2025-08-25 19:00:00,37043.0,36693.117,349.8828125,349.8828125,0.944531524174608
2025-08-25 20:00:00,37513.0,37229.066,283.93359375,283.93359375,0.7568938601284888
2025-08-25 21:00:00,37968.0,37710.7,257.30078125,257.30078125,0.6776779952855035
2025-08-25 22:00:00,38159.0,38018.656,140.34375,140.34375,0.36778676065934646
2025-08-25 23:00:00,38188.0,37858.15,329.8515625,329.8515625,0.8637571030166544
2025-08-26 00:00:00,37919.0,37860.98,58.01953125,58.01953125,0.1530091280097049
2025-08-26 01:00:00,37144.0,36528.434,615.56640625,615.56640625,1.6572431785752746
2025-08-26 02:00:00,36565.0,35836.58,728.421875,728.421875,1.9921287433337893
2025-08-26 03:00:00,35312.0,35129.887,182.11328125,182.11328125,0.5157263288683733
2025-08-26 04:00:00,33469.0,33365.27,103.73046875,103.73046875,0.3099299911858735
2025-08-26 05:00:00,31698.0,31797.6,-99.599609375,99.599609375,0.31421417557890086
2025-08-26 06:00:00,30288.0,30510.99,-222.990234375,222.990234375,0.7362329449782091
2025-08-26 07:00:00,29441.0,29684.254,-243.25390625,243.25390625,0.826241996705275
2025-08-26 08:00:00,28919.0,29279.258,-360.2578125,360.2578125,1.245747821501435
2025-08-26 09:00:00,28637.0,28987.045,-350.044921875,350.044921875,1.2223519288857072
2025-08-26 10:00:00,28716.0,29120.025,-404.025390625,404.025390625,1.4069696010064077
2025-08-26 11:00:00,29488.0,29702.08,-214.080078125,214.080078125,0.7259904982535269
2025-08-26 12:00:00,31046.0,30720.396,325.603515625,325.603515625,1.048777670633898
2025-08-26 13:00:00,31929.0,31519.166,409.833984375,409.833984375,1.283579142394062
2025-08-26 14:00:00,32588.0,32225.123,362.876953125,362.876953125,1.1135293762274456
2025-08-26 15:00:00,33227.0,32675.318,551.681640625,551.681640625,1.6603414109760135
2025-08-26 16:00:00,34087.0,33386.992,700.0078125,700.0078125,2.0535917285182035
2025-08-26 17:00:00,34799.0,34276.277,522.72265625,522.72265625,1.5021197627805396
2025-08-26 18:00:00,35662.0,35300.695,361.3046875,361.3046875,1.0131363566261007
2025-08-26 19:00:00,36591.0,35834.67,756.328125,756.328125,2.0669785603017137
2025-08-26 20:00:00,37434.0,36671.17,762.828125,762.828125,2.0377948522733345
2025-08-26 21:00:00,38225.0,36930.88,1294.12109375,1294.12109375,3.385535889470242
2025-08-26 22:00:00,38909.0,37106.223,1802.77734375,1802.77734375,4.633317082808604
2025-08-26 23:00:00,39135.0,36916.89,2218.109375,2218.109375,5.667840488054172
2025-08-27 00:00:00,38895.0,36642.39,2252.609375,2252.609375,5.791514012083816
2025-08-27 01:00:00,37947.0,35778.19,2168.80859375,2168.80859375,5.715362462777031
2025-08-27 02:00:00,37169.0,35117.184,2051.81640625,2051.81640625,5.520235697086282
2025-08-27 03:00:00,35901.0,34297.08,1603.921875,1603.921875,4.4676245090666
2025-08-27 04:00:00,33928.0,32570.38,1357.619140625,1357.619140625,4.001471176093492
2025-08-27 05:00:00,32046.0,30897.57,1148.4296875,1148.4296875,3.583691217312613
2025-08-27 06:00:00,30667.0,29771.514,895.486328125,895.486328125,2.9200323739687613
2025-08-27 07:00:00,29818.0,29115.363,702.63671875,702.63671875,2.3564179983566973
2025-08-27 08:00:00,29202.0,28680.852,521.1484375,521.1484375,1.7846326878296008
2025-08-27 09:00:00,28925.0,28609.652,315.34765625,315.34765625,1.0902252592912705
2025-08-27 10:00:00,29062.0,28680.852,381.1484375,381.1484375,1.3115010580827198
2025-08-27 11:00:00,29926.0,29100.203,825.796875,825.796875,2.759462925215532
2025-08-27 12:00:00,31431.0,30313.107,1117.892578125,1117.892578125,3.5566560978810733
2025-08-27 13:00:00,32427.0,30986.994,1440.005859375,1440.005859375,4.440761894023499
2025-08-27 14:00:00,33147.0,31914.738,1232.26171875,1232.26171875,3.717566352158566
2025-08-27 15:00:00,33842.0,33280.133,561.8671875,561.8671875,1.6602659047928607
2025-08-27 16:00:00,34812.0,34132.99,679.01171875,679.01171875,1.9505105100252786
2025-08-27 17:00:00,35861.0,34579.363,1281.63671875,1281.63671875,3.573901226262514
2025-08-27 18:00:00,36820.0,35494.938,1325.0625,1325.0625,3.598757468766974
2025-08-27 19:00:00,37733.0,36025.934,1707.06640625,1707.06640625,4.5240675436620466
2025-08-27 20:00:00,38663.0,36854.668,1808.33203125,1808.33203125,4.677164294674495
2025-08-27 21:00:00,39208.0,37197.64,2010.359375,2010.359375,5.127421380840644
2025-08-27 22:00:00,39695.0,37675.703,2019.296875,2019.296875,5.087030797329638
2025-08-27 23:00:00,39673.0,37648.395,2024.60546875,2024.60546875,5.103232598366647
2025-08-28 00:00:00,39315.0,37056.445,2258.5546875,2258.5546875,5.744765833651278
2025-08-28 01:00:00,38578.0,36089.207,2488.79296875,2488.79296875,6.45132710029032
2025-08-28 02:00:00,38080.0,35612.5,2467.5,2467.5,6.4797794117647065
2025-08-28 03:00:00,36876.0,34591.805,2284.1953125,2284.1953125,6.194259986169866
2025-08-28 04:00:00,34987.0,33222.184,1764.81640625,1764.81640625,5.044206151570584
2025-08-28 05:00:00,32992.0,31519.871,1472.12890625,1472.12890625,4.462078401582202
2025-08-28 06:00:00,31405.0,30293.586,1111.4140625,1111.4140625,3.538971700366184
2025-08-28 07:00:00,30386.0,29523.242,862.7578125,862.7578125,2.8393267047324424
2025-08-28 08:00:00,29669.0,28954.898,714.1015625,714.1015625,2.4068946122215107
2025-08-28 09:00:00,29262.0,28732.107,529.892578125,529.892578125,1.8108556425568998
2025-08-28 10:00:00,29373.0,28945.205,427.794921875,427.794921875,1.456422298965036
2025-08-28 11:00:00,30232.0,29615.295,616.705078125,616.705078125,2.0399083028744376
2025-08-28 12:00:00,31887.0,30526.385,1360.615234375,1360.615234375,4.266990417333083
2025-08-28 13:00:00,32928.0,31537.895,1390.10546875,1390.10546875,4.221651690810253
2025-08-28 14:00:00,33677.0,32157.51,1519.490234375,1519.490234375,4.51195247312706
2025-08-28 15:00:00,34578.0,32632.365,1945.634765625,1945.634765625,5.6267995998178035
2025-08-28 16:00:00,35566.0,33870.492,1695.5078125,1695.5078125,4.7672153531462635
2025-08-28 17:00:00,36501.0,35029.96,1471.0390625,1471.0390625,4.030133592230349
2025-08-28 18:00:00,37551.0,35778.656,1772.34375,1772.34375,4.719831029799472
2025-08-28 19:00:00,38578.0,36599.746,1978.25390625,1978.25390625,5.127932775804863
2025-08-28 20:00:00,39334.0,37038.004,2295.99609375,2295.99609375,5.837179269207302
2025-08-28 21:00:00,40103.0,38000.92,2102.078125,2102.078125,5.241697940303718
2025-08-28 22:00:00,40641.0,38574.598,2066.40234375,2066.40234375,5.0845263250166095
2025-08-28 23:00:00,40520.0,38029.953,2490.046875,2490.046875,6.145229207798618
2025-08-29 00:00:00,39772.0,38085.234,1686.765625,1686.765625,4.241088265614
2025-08-29 01:00:00,38758.0,37392.42,1365.578125,1365.578125,3.5233451803498634
2025-08-29 02:00:00,38053.0,36548.645,1504.35546875,1504.35546875,3.953316344966231
2025-08-29 03:00:00,36682.0,35904.094,777.90625,777.90625,2.120675671991713
2025-08-29 04:00:00,34814.0,33876.117,937.8828125,937.8828125,2.6939817673924282
2025-08-29 05:00:00,32872.0,32535.703,336.296875,336.296875,1.023049631905573
2025-08-29 06:00:00,31374.0,30699.736,674.263671875,674.263671875,2.149116057483904
2025-08-29 07:00:00,30365.0,29932.084,432.916015625,432.916015625,1.4257072801745432
2025-08-29 08:00:00,29651.0,29339.64,311.359375,311.359375,1.050080520049914
2025-08-29 09:00:00,29291.0,29023.24,267.759765625,267.759765625,0.9141366482025195
2025-08-29 10:00:00,29284.0,28970.258,313.7421875,313.7421875,1.0713775013659337
2025-08-29 11:00:00,30002.0,29532.201,469.798828125,469.798828125,1.5658917009699354
2025-08-29 12:00:00,31468.0,30777.729,690.271484375,690.271484375,2.193566430580272
2025-08-29 13:00:00,32434.0,31509.986,924.013671875,924.013671875,2.8489044578991183
2025-08-29 14:00:00,33300.0,32792.168,507.83203125,507.83203125,1.525021114864865
2025-08-29 15:00:00,34128.0,33646.68,481.3203125,481.3203125,1.4103384684130331
2025-08-29 16:00:00,34988.0,34896.957,91.04296875,91.04296875,0.2602119833943066
2025-08-29 17:00:00,35867.0,35539.04,327.9609375,327.9609375,0.9143807329857528
2025-08-29 18:00:00,36746.0,36270.414,475.5859375,475.5859375,1.2942522655527133
2025-08-29 19:00:00,37768.0,36646.22,1121.78125,1121.78125,2.970189710866342
2025-08-29 20:00:00,38442.0,37102.21,1339.7890625,1339.7890625,3.4852220553040945
2025-08-29 21:00:00,39006.0,37977.812,1028.1875,1028.1875,2.635972670871148
2025-08-29 22:00:00,39258.0,38280.29,977.7109375,977.7109375,2.490475667379897
2025-09-02 18:00:00,37053.0,33995.5,3057.5,3057.5,8.25169352009284
2025-09-02 19:00:00,38394.0,35068.992,3325.0078125,3325.0078125,8.660227672292546
2025-09-02 20:00:00,39383.0,35827.562,3555.4375,3555.4375,9.027848310184597
2025-09-02 21:00:00,40139.0,36170.414,3968.5859375,3968.5859375,9.887107146416204
2025-09-02 22:00:00,40418.0,36969.086,3448.9140625,3448.9140625,8.533114113761195
2025-09-02 23:00:00,40456.0,36812.19,3643.80859375,3643.80859375,9.006843468830334
2025-09-03 00:00:00,40021.0,36836.668,3184.33203125,3184.33203125,7.956652835386422
2025-09-03 01:00:00,38737.0,35207.51,3529.48828125,3529.48828125,9.11141358713891
2025-09-03 02:00:00,37771.0,34441.645,3329.35546875,3329.35546875,8.81458120979058
2025-09-03 03:00:00,36110.0,33255.027,2854.97265625,2854.97265625,7.906321396427582
2025-09-03 04:00:00,33920.0,31692.889,2227.111328125,2227.111328125,6.565776321123232
2025-09-03 05:00:00,31807.0,30018.646,1788.353515625,1788.353515625,5.622515533137359
2025-09-03 06:00:00,30250.0,28712.676,1537.32421875,1537.32421875,5.082063533057851
2025-09-03 07:00:00,29191.0,28061.465,1129.53515625,1129.53515625,3.8694637259771847
2025-09-03 08:00:00,28505.0,27434.861,1070.138671875,1070.138671875,3.75421389887739
2025-09-03 09:00:00,28156.0,27134.96,1021.0390625,1021.0390625,3.626364052067055
2025-09-03 10:00:00,28217.0,27087.957,1129.04296875,1129.04296875,4.001286347769075
2025-09-03 11:00:00,28968.0,28071.715,896.28515625,896.28515625,3.094052596830986
2025-09-03 12:00:00,30572.0,29583.957,988.04296875,988.04296875,3.231855844400105
2025-09-03 13:00:00,31530.0,30576.398,953.6015625,953.6015625,3.024426141769743
2025-09-03 14:00:00,32271.0,31404.29,866.7109375,866.7109375,2.68572692975117
2025-09-03 15:00:00,33385.0,32557.586,827.4140625,827.4140625,2.478400666466976
2025-09-03 16:00:00,34686.0,33856.094,829.90625,829.90625,2.392625987430087
2025-09-03 17:00:00,36161.0,35230.066,930.93359375,930.93359375,2.574413300931943
2025-09-03 18:00:00,37809.0,36169.688,1639.3125,1639.3125,4.3357732285963655
2025-09-03 19:00:00,39520.0,37689.9,1830.1015625,1830.1015625,4.630823791751012
2025-09-03 20:00:00,40851.0,38273.734,2577.265625,2577.265625,6.308941335585421
2025-09-03 21:00:00,41860.0,39153.133,2706.8671875,2706.8671875,6.466476797658863
2025-09-03 22:00:00,42642.0,39456.336,3185.6640625,3185.6640625,7.470719155996436
2025-09-03 23:00:00,42514.0,39205.984,3308.015625,3308.015625,7.7810030225337545
2025-09-04 00:00:00,41605.0,38998.105,2606.89453125,2606.89453125,6.2658202890277614
2025-09-04 01:00:00,39990.0,36009.777,3980.22265625,3980.22265625,9.953044901850463
2025-09-04 02:00:00,38682.0,35574.684,3107.31640625,3107.31640625,8.032977628483533
2025-09-04 03:00:00,36909.0,34703.09,2205.91015625,2205.91015625,5.97661859234875
2025-09-04 04:00:00,34573.0,32778.62,1794.37890625,1794.37890625,5.1901162937841665
2025-09-04 05:00:00,32325.0,30843.492,1481.5078125,1481.5078125,4.583164153132251
2025-09-04 06:00:00,30664.0,29602.691,1061.30859375,1061.30859375,3.4610898569984347
2025-09-04 07:00:00,29430.0,28714.54,715.4609375,715.4609375,2.4310599303431872
2025-09-04 08:00:00,28627.0,28225.725,401.275390625,401.275390625,1.40173748777378
2025-09-04 09:00:00,28173.0,27698.537,474.462890625,474.462890625,1.6841049608667873
2025-09-04 10:00:00,28121.0,27696.195,424.8046875,424.8046875,1.5106315120372675
2025-09-04 11:00:00,28840.0,28451.545,388.455078125,388.455078125,1.3469316162447988
2025-09-04 12:00:00,30392.0,29551.164,840.8359375,840.8359375,2.766635751184522
2025-09-04 13:00:00,31216.0,30155.695,1060.3046875,1060.3046875,3.396670577588416
2025-09-04 14:00:00,31904.0,31017.322,886.677734375,886.677734375,2.7792055365314696
2025-09-04 15:00:00,32769.0,32121.26,647.740234375,647.740234375,1.9766859970551436
2025-09-04 16:00:00,33803.0,32838.598,964.40234375,964.40234375,2.85300814646629
2025-09-04 17:00:00,35059.0,34168.93,890.0703125,890.0703125,2.538778380729627
2025-09-04 18:00:00,36533.0,35683.176,849.82421875,849.82421875,2.326182407001889
2025-09-04 19:00:00,38009.0,36809.125,1199.875,1199.875,3.1568181220237315
2025-09-04 20:00:00,39249.0,37530.758,1718.2421875,1718.2421875,4.377798638181864
2025-09-04 21:00:00,40391.0,38646.055,1744.9453125,1744.9453125,4.320133971676858
2025-09-04 22:00:00,41189.0,39129.473,2059.52734375,2059.52734375,5.000187777683362
2025-09-04 23:00:00,41132.0,38274.56,2857.44140625,2857.44140625,6.947003321623067
2025-09-05 00:00:00,40267.0,38438.6,1828.3984375,1828.3984375,4.540687007971788
2025-09-05 01:00:00,38954.0,37307.363,1646.63671875,1646.63671875,4.227131279842892
2025-09-05 02:00:00,38109.0,36210.816,1898.18359375,1898.18359375,4.980932571702223
2025-09-05 03:00:00,36606.0,35263.76,1342.23828125,1342.23828125,3.666716607250178
2025-09-05 04:00:00,34622.0,33360.777,1261.22265625,1261.22265625,3.6428359316330656
2025-09-05 05:00:00,32610.0,31299.62,1310.380859375,1310.380859375,4.018340568460594
2025-09-05 06:00:00,31058.0,30011.443,1046.556640625,1046.556640625,3.3696845921340715
2025-09-05 07:00:00,30047.0,29071.553,975.447265625,975.447265625,3.2464048511498653
2025-09-05 08:00:00,29347.0,28703.775,643.224609375,643.224609375,2.191789993440556
2025-09-05 09:00:00,29050.0,28266.348,783.65234375,783.65234375,2.697598429432014
2025-09-05 10:00:00,29113.0,28196.67,916.330078125,916.330078125,3.14749451490743
2025-09-05 11:00:00,29843.0,28481.506,1361.494140625,1361.494140625,4.562189259206514
2025-09-05 12:00:00,31381.0,29683.037,1697.962890625,1697.962890625,5.4107991798381185
2025-09-05 13:00:00,32271.0,30322.666,1948.333984375,1948.333984375,6.037414348408788
2025-09-05 14:00:00,32799.0,30951.623,1847.376953125,1847.376953125,5.632418528385012
2025-09-05 15:00:00,33484.0,31386.6,2097.400390625,2097.400390625,6.263888396323618
2025-09-05 16:00:00,34044.0,32178.248,1865.751953125,1865.751953125,5.480413444733286
2025-09-05 17:00:00,34490.0,32904.703,1585.296875,1585.296875,4.596395694404174
2025-09-05 18:00:00,34762.0,33507.773,1254.2265625,1254.2265625,3.608039130372245
2025-09-05 19:00:00,34972.0,34250.86,721.140625,721.140625,2.06205142685577
2025-09-05 20:00:00,34938.0,34859.234,78.765625,78.765625,0.22544400080141963
2025-09-05 21:00:00,34763.0,35556.79,-793.7890625,793.7890625,2.2834308388228863
2025-09-05 22:00:00,34540.0,35679.664,-1139.6640625,1139.6640625,3.299548530689056
2025-09-05 23:00:00,34136.0,35675.785,-1539.78515625,1539.78515625,4.510736923629014
2025-09-06 00:00:00,33437.0,34783.758,-1346.7578125,1346.7578125,4.027747143882525
2025-09-06 01:00:00,32735.0,33950.848,-1215.84765625,1215.84765625,3.7142130937834126
2025-09-06 02:00:00,32481.0,33556.98,-1075.98046875,1075.98046875,3.3126457582894613
2025-09-06 03:00:00,31682.0,32580.87,-898.869140625,898.869140625,2.837160345385392
2025-09-06 04:00:00,30610.0,31308.455,-698.455078125,698.455078125,2.281787252940216
2025-09-06 05:00:00,29381.0,29591.02,-210.01953125,210.01953125,0.7148141018004833
2025-09-06 06:00:00,28261.0,28684.404,-423.404296875,423.404296875,1.498192904975054
2025-09-06 07:00:00,27542.0,28028.518,-486.517578125,486.517578125,1.766456967994336
2025-09-06 08:00:00,27066.0,27318.107,-252.107421875,252.107421875,0.9314543038313752
2025-09-06 09:00:00,26688.0,26818.348,-130.34765625,130.34765625,0.48841298055305754
2025-09-06 10:00:00,26587.0,26684.914,-97.9140625,97.9140625,0.36827796479482455
2025-09-06 11:00:00,26699.0,27319.953,-620.953125,620.953125,2.3257542417319
2025-09-06 12:00:00,27093.0,28160.502,-1067.501953125,1067.501953125,3.9401393464178938
2025-09-06 13:00:00,27548.0,28814.46,-1266.4609375,1266.4609375,4.597288142514883
2025-09-06 14:00:00,28323.0,29377.436,-1054.435546875,1054.435546875,3.72289498596547
2025-09-06 15:00:00,29047.0,30148.693,-1101.693359375,1101.693359375,3.7927956738217374
2025-09-06 16:00:00,29656.0,30629.348,-973.34765625,973.34765625,3.282127246594281
2025-09-06 17:00:00,30103.0,30957.916,-854.916015625,854.916015625,2.8399694901670927
2025-09-06 18:00:00,30699.0,31253.258,-554.2578125,554.2578125,1.8054588504511546
2025-09-06 19:00:00,31363.0,31513.797,-150.796875,150.796875,0.4808113860281223
2025-09-06 20:00:00,32071.0,31687.94,383.060546875,383.060546875,1.1944141026940227
2025-09-06 21:00:00,32879.0,31689.158,1189.841796875,1189.841796875,3.618850320493324
2025-09-06 22:00:00,33582.0,31753.344,1828.65625,1828.65625,5.4453464653683525
2025-09-06 23:00:00,33976.0,31491.674,2484.326171875,2484.326171875,7.312003095935365
2025-09-07 00:00:00,33739.0,31644.41,2094.58984375,2094.58984375,6.208215548030469
2025-09-07 01:00:00,32800.0,30463.271,2336.728515625,2336.728515625,7.124172303734756
2025-09-07 02:00:00,32223.0,30260.559,1962.44140625,1962.44140625,6.090188394159451
2025-09-07 03:00:00,31214.0,29680.8,1533.19921875,1533.19921875,4.9118960041968345
2025-09-07 04:00:00,30036.0,28732.809,1303.19140625,1303.19140625,4.338764836363031
2025-09-07 05:00:00,28762.0,27772.877,989.123046875,989.123046875,3.4389925835303523
2025-09-07 06:00:00,27538.0,26861.053,676.947265625,676.947265625,2.458229594106326
2025-09-07 07:00:00,26717.0,26294.867,422.1328125,422.1328125,1.5800157671145714
2025-09-07 08:00:00,26225.0,25953.404,271.595703125,271.595703125,1.035636618207817
2025-09-07 09:00:00,25940.0,25587.594,352.40625,352.40625,1.3585437548188126
2025-09-07 10:00:00,25801.0,25458.64,342.359375,342.359375,1.326922890585636
2025-09-07 11:00:00,25980.0,25587.283,392.716796875,392.716796875,1.5116119972093918
2025-09-07 12:00:00,26313.0,25852.549,460.451171875,460.451171875,1.749899942518907
2025-09-07 13:00:00,26635.0,26249.785,385.21484375,385.21484375,1.4462731133846443
2025-09-07 14:00:00,27533.0,27075.06,457.939453125,457.939453125,1.663238488813424
2025-09-07 15:00:00,28442.0,28027.783,414.216796875,414.216796875,1.4563560821144785
2025-09-07 16:00:00,29427.0,28769.992,657.0078125,657.0078125,2.2326700394195806
2025-09-07 17:00:00,30584.0,29327.836,1256.1640625,1256.1640625,4.1072589017133145
2025-09-07 18:00:00,31855.0,29814.129,2040.87109375,2040.87109375,6.40675276644169
2025-09-07 19:00:00,33030.0,30273.104,2756.896484375,2756.896484375,8.346643912730851
2025-09-07 20:00:00,34376.0,30852.836,3523.1640625,3523.1640625,10.248906395450314
2025-09-07 21:00:00,35544.0,31412.447,4131.552734375,4131.552734375,11.623769790611636
2025-09-07 22:00:00,36433.0,32486.832,3946.16796875,3946.16796875,10.831301207010128
2025-09-07 23:00:00,36967.0,32673.477,4293.5234375,4293.5234375,11.614476255849812
2025-09-08 00:00:00,36665.0,33368.727,3296.2734375,3296.2734375,8.990245295240692
2025-09-08 01:00:00,35480.0,31850.857,3629.142578125,3629.142578125,10.22869948738726
2025-09-08 02:00:00,34879.0,31565.648,3313.3515625,3313.3515625,9.499560086298347
2025-09-08 03:00:00,33462.0,30791.305,2670.6953125,2670.6953125,7.981278203633973
2025-09-08 04:00:00,31568.0,29754.336,1813.6640625,1813.6640625,5.745261221806893
2025-09-08 05:00:00,29756.0,28484.125,1271.875,1271.875,4.274348030649281
2025-09-08 06:00:00,28424.0,27506.025,917.974609375,917.974609375,3.2295757436497325
2025-09-08 07:00:00,27571.0,26983.277,587.72265625,587.72265625,2.131669711834899
2025-09-08 08:00:00,27076.0,26548.46,527.5390625,527.5390625,1.9483640955089379
2025-09-08 09:00:00,26916.0,26255.244,660.755859375,660.755859375,2.4548813322001783
2025-09-08 10:00:00,27168.0,26166.666,1001.333984375,1001.333984375,3.685711073229535
2025-09-08 11:00:00,28160.0,26631.895,1528.10546875,1528.10546875,5.426510897549716
2025-09-08 12:00:00,29802.0,27550.438,2251.5625,2251.5625,7.555071807261257
2025-09-08 13:00:00,30742.0,28227.557,2514.443359375,2514.443359375,8.17917949181901
2025-09-08 14:00:00,31377.0,28967.574,2409.42578125,2409.42578125,7.678955225961692
2025-09-08 15:00:00,32144.0,29908.268,2235.732421875,2235.732421875,6.955364677311474
2025-09-08 16:00:00,33166.0,30997.844,2168.15625,2168.15625,6.537285925345233
2025-09-08 17:00:00,34072.0,31791.46,2280.5390625,2280.5390625,6.693293796959381
2025-09-08 18:00:00,35063.0,33052.266,2010.734375,2010.734375,5.734633017710977
2025-09-08 19:00:00,36166.0,34058.57,2107.4296875,2107.4296875,5.827101939667091
2025-09-08 20:00:00,36917.0,35118.453,1798.546875,1798.546875,4.871866281117101
2025-09-08 21:00:00,37546.0,36075.44,1470.55859375,1470.55859375,3.916685116257391
2025-09-08 22:00:00,38024.0,35677.8,2346.19921875,2346.19921875,6.170311431595834
2025-09-08 23:00:00,38057.0,35983.07,2073.9296875,2073.9296875,5.449535400846099
2025-09-09 00:00:00,37557.0,35770.48,1786.51953125,1786.51953125,4.756821714327556
2025-09-09 01:00:00,36714.0,35157.03,1556.96875,1556.96875,4.240803916761998
2025-09-09 02:00:00,36211.0,34572.855,1638.14453125,1638.14453125,4.523886474413851
2025-09-09 03:00:00,34861.0,33769.703,1091.296875,1091.296875,3.130423324058403
2025-09-09 04:00:00,32956.0,31507.562,1448.4375,1448.4375,4.395064631630053
2025-09-09 05:00:00,31163.0,29932.371,1230.62890625,1230.62890625,3.9490065341911884
2025-09-09 06:00:00,29890.0,28420.47,1469.529296875,1469.529296875,4.91645800225828
2025-09-09 07:00:00,28916.0,27758.719,1157.28125,1157.28125,4.002217630377645
2025-09-09 08:00:00,28317.0,27333.91,983.08984375,983.08984375,3.471730210650846
2025-09-09 09:00:00,27988.0,27156.059,831.94140625,831.94140625,2.9724932337073033
2025-09-09 10:00:00,28032.0,27400.07,631.9296875,631.9296875,2.254315380636416
2025-09-09 11:00:00,28781.0,28004.19,776.810546875,776.810546875,2.6990394596261424
2025-09-09 12:00:00,30328.0,29288.457,1039.54296875,1039.54296875,3.427667398938275
2025-09-09 13:00:00,31284.0,30155.105,1128.89453125,1128.89453125,3.608536412383327
2025-09-09 14:00:00,31905.0,30854.762,1050.23828125,1050.23828125,3.291767062372669
2025-09-09 15:00:00,32597.0,31805.271,791.728515625,791.728515625,2.4288385913581005
2025-09-09 16:00:00,33459.0,32936.25,522.75,522.75,1.5623599031650677
2025-09-09 17:00:00,34417.0,34319.12,97.87890625,97.87890625,0.2843911620710695
2025-09-09 18:00:00,35548.0,35099.098,448.90234375,448.90234375,1.2628061881118489
2025-09-09 19:00:00,36889.0,36395.27,493.73046875,493.73046875,1.3384219381116322
2025-09-09 20:00:00,38044.0,37161.613,882.38671875,882.38671875,2.31938470915256
2025-09-09 21:00:00,39238.0,38182.438,1055.5625,1055.5625,2.6901536775574697
2025-09-09 22:00:00,40218.0,38595.035,1622.96484375,1622.96484375,4.035419075413993
2025-09-09 23:00:00,40558.0,38222.94,2335.05859375,2335.05859375,5.757331707061493
2025-09-10 00:00:00,39973.0,38108.69,1864.30859375,1864.30859375,4.663919630125335
2025-09-10 01:00:00,38753.0,36544.01,2208.98828125,2208.98828125,5.700173615591051
2025-09-10 02:00:00,37922.0,36065.668,1856.33203125,1856.33203125,4.895132195691156
2025-09-10 03:00:00,36312.0,34725.7,1586.30078125,1586.30078125,4.368530461693104
2025-09-10 04:00:00,34264.0,32885.438,1378.5625,1378.5625,4.02335541676395
2025-09-10 05:00:00,32148.0,31265.86,882.140625,882.140625,2.7439984602463605
2025-09-10 06:00:00,30602.0,29827.016,774.984375,774.984375,2.5324631560028754
2025-09-10 07:00:00,29632.0,28713.078,918.921875,918.921875,3.101113239065875
2025-09-10 08:00:00,28938.0,28338.984,599.015625,599.015625,2.0699966307277626
2025-09-10 09:00:00,28523.0,27684.703,838.296875,838.296875,2.9390207025908914
2025-09-10 10:00:00,28544.0,27715.117,828.8828125,828.8828125,2.903877566213565
2025-09-10 11:00:00,29125.0,28406.963,718.037109375,718.037109375,2.465363465665236
2025-09-10 12:00:00,30688.0,29771.133,916.8671875,916.8671875,2.9877059029588113
2025-09-10 13:00:00,31635.0,30845.037,789.962890625,789.962890625,2.49711677137664
2025-09-10 14:00:00,32411.0,31398.64,1012.359375,1012.359375,3.1235055228163278
2025-09-10 15:00:00,33450.0,32303.256,1146.744140625,1146.744140625,3.42823360426009
2025-09-10 16:00:00,34850.0,33751.586,1098.4140625,1098.4140625,3.1518337517934003
2025-09-10 17:00:00,36358.0,34523.855,1834.14453125,1834.14453125,5.044679386242368
2025-09-10 18:00:00,38088.0,35906.3,2181.69921875,2181.69921875,5.728048778486663
2025-09-10 19:00:00,39620.0,36952.438,2667.5625,2667.5625,6.732868500757193
2025-09-10 20:00:00,40799.0,38107.395,2691.60546875,2691.60546875,6.597233924238339
2025-09-10 21:00:00,41722.0,38991.723,2730.27734375,2730.27734375,6.543975225900005
2025-09-10 22:00:00,42406.0,39947.61,2458.390625,2458.390625,5.79727072819884
2025-09-10 23:00:00,42634.0,40229.97,2404.03125,2404.03125,5.638765421963691
2025-09-11 00:00:00,41936.0,39093.074,2842.92578125,2842.92578125,6.779201118966998
2025-09-11 01:00:00,40579.0,37345.53,3233.46875,3233.46875,7.9683302939944305
2025-09-11 02:00:00,39513.0,36924.26,2588.73828125,2588.73828125,6.551611574038923
2025-09-11 03:00:00,37835.0,35559.61,2275.390625,2275.390625,6.013983414827541
2025-09-11 04:00:00,35548.0,33689.13,1858.87109375,1858.87109375,5.229186153229437
2025-09-11 05:00:00,33415.0,31813.75,1601.25,1601.25,4.792009576537483
2025-09-11 06:00:00,31718.0,30282.07,1435.9296875,1435.9296875,4.527176012043634
2025-09-11 07:00:00,30544.0,29292.527,1251.47265625,1251.47265625,4.097278209304609
2025-09-11 08:00:00,29793.0,28503.79,1289.2109375,1289.2109375,4.32722766253818
2025-09-11 09:00:00,29297.0,28151.176,1145.82421875,1145.82421875,3.9110633127965317
2025-09-11 10:00:00,29269.0,28077.654,1191.345703125,1191.345703125,4.070332785968089
2025-09-11 11:00:00,30004.0,28569.506,1434.494140625,1434.494140625,4.781009667461005
2025-09-11 12:00:00,31620.0,30032.908,1587.091796875,1587.091796875,5.019265644765971
2025-09-11 13:00:00,32541.0,31091.268,1449.732421875,1449.732421875,4.4550948707015765
2025-09-11 14:00:00,33330.0,32799.066,530.93359375,530.93359375,1.5929600772577257
2025-09-11 15:00:00,34631.0,34365.74,265.26171875,265.26171875,0.7659660961277468
2025-09-11 16:00:00,36586.0,35513.48,1072.51953125,1072.51953125,2.9315025727054063
2025-09-11 17:00:00,38843.0,37672.406,1170.59375,1170.59375,3.0136543263908555
2025-09-11 18:00:00,41121.0,39339.336,1781.6640625,1781.6640625,4.332735250845067
2025-09-11 19:00:00,43350.0,41321.867,2028.1328125,2028.1328125,4.678507064590542
2025-09-11 20:00:00,44907.0,42650.84,2256.16015625,2256.16015625,5.024072318903512
2025-09-11 21:00:00,46171.0,43816.57,2354.4296875,2354.4296875,5.099369057416993
2025-09-11 22:00:00,46866.0,44099.176,2766.82421875,2766.82421875,5.90369184216703
2025-09-11 23:00:00,46532.0,43667.223,2864.77734375,2864.77734375,6.156574709339809
2025-09-12 00:00:00,45424.0,42582.52,2841.48046875,2841.48046875,6.255460700840965
2025-09-12 01:00:00,43669.0,40545.62,3123.37890625,3123.37890625,7.152393932194463
2025-09-12 02:00:00,42106.0,39538.36,2567.640625,2567.640625,6.098039768679048
2025-09-12 03:00:00,40061.0,37898.74,2162.26171875,2162.26171875,5.397423226454657
2025-09-12 04:00:00,37625.0,35942.473,1682.52734375,1682.52734375,4.471833471760797
2025-09-12 05:00:00,35200.0,33976.06,1223.94140625,1223.94140625,3.477106267755682
2025-09-12 06:00:00,33353.0,31755.734,1597.265625,1597.265625,4.7889713818846875
2025-09-12 07:00:00,32013.0,30678.086,1334.9140625,1334.9140625,4.169912418392528
2025-09-12 08:00:00,31070.0,29832.596,1237.404296875,1237.404296875,3.9826337202285162
2025-09-12 09:00:00,30389.0,29242.387,1146.61328125,1146.61328125,3.7731194881371546
2025-09-12 10:00:00,30264.0,29204.232,1059.767578125,1059.767578125,3.501743253122522
2025-09-12 11:00:00,30894.0,29882.842,1011.158203125,1011.158203125,3.2729921768790056
2025-09-12 12:00:00,32330.0,31240.113,1089.88671875,1089.88671875,3.371131205536653
2025-09-12 13:00:00,33239.0,32480.871,758.12890625,758.12890625,2.2808415001955535
2025-09-12 14:00:00,34322.0,33759.914,562.0859375,562.0859375,1.6376841020336812
2025-09-12 15:00:00,36004.0,34962.016,1041.984375,1041.984375,2.894079477280302
2025-09-12 16:00:00,38274.0,37077.12,1196.87890625,1196.87890625,3.127133057036108
2025-09-12 17:00:00,40644.0,39180.438,1463.5625,1463.5625,3.6009312567660663
2025-09-12 18:00:00,43058.0,41025.777,2032.22265625,2032.22265625,4.719733049026894
2025-09-12 19:00:00,45065.0,43163.484,1901.515625,1901.515625,4.2194954510152005
2025-09-12 20:00:00,46594.0,44290.88,2303.12109375,2303.12109375,4.942956375820922
2025-09-12 21:00:00,47450.0,45601.81,1848.19140625,1848.19140625,3.895029307165437
2025-09-12 22:00:00,47976.0,45479.555,2496.4453125,2496.4453125,5.203529499124563
2025-09-12 23:00:00,47825.0,45150.777,2674.22265625,2674.22265625,5.591683546785154
2025-09-13 00:00:00,46476.0,43124.324,3351.67578125,3351.67578125,7.211627035997075
2025-09-13 01:00:00,44274.0,40627.605,3646.39453125,3646.39453125,8.235972650426888
2025-09-13 02:00:00,42513.0,40161.695,2351.3046875,2351.3046875,5.530789846635146
2025-09-13 03:00:00,40617.0,38384.824,2232.17578125,2232.17578125,5.495668762463993
2025-09-13 04:00:00,38690.0,36825.258,1864.7421875,1864.7421875,4.8197006655466526
2025-09-13 05:00:00,38215.0,34269.95,3945.05078125,3945.05078125,10.323304412534345
2025-09-13 06:00:00,34560.0,31923.205,2636.794921875,2636.794921875,7.629614935980903
2025-09-13 07:00:00,33034.0,30770.48,2263.51953125,2263.51953125,6.8520903652297624
2025-09-13 08:00:00,31878.0,29700.578,2177.421875,2177.421875,6.830484581843277
2025-09-13 09:00:00,31110.0,28684.54,2425.4609375,2425.4609375,7.796402884924461
2025-09-13 10:00:00,30584.0,28500.25,2083.75,2083.75,6.813202981951346
2025-09-13 11:00:00,30460.0,28708.396,1751.603515625,1751.603515625,5.750503990889691
2025-09-13 12:00:00,30630.0,29486.363,1143.63671875,1143.63671875,3.733714393568397
2025-09-13 13:00:00,30947.0,30916.979,30.021484375,30.021484375,0.09700935268362038
2025-09-13 14:00:00,32484.0,32678.656,-194.65625,194.65625,0.5992373168329023
2025-09-13 15:00:00,34612.0,34944.01,-332.01171875,332.01171875,0.9592387575118455
2025-09-13 16:00:00,37162.0,37096.79,65.2109375,65.2109375,0.17547747026532481
2025-09-13 17:00:00,39736.0,39266.35,469.6484375,469.6484375,1.181921777481377
2025-09-13 18:00:00,41915.0,40552.516,1362.484375,1362.484375,3.250588989621854
2025-09-13 19:00:00,43640.0,42092.758,1547.2421875,1547.2421875,3.545467890696609
2025-09-13 20:00:00,44752.0,43379.4,1372.6015625,1372.6015625,3.0671289830622097
2025-09-13 21:00:00,45465.0,44539.637,925.36328125,925.36328125,2.0353310925987023
2025-09-13 22:00:00,45617.0,44818.11,798.890625,798.890625,1.7513002279851808
2025-09-13 23:00:00,45147.0,43707.094,1439.90625,1439.90625,3.189373048043059
2025-09-14 00:00:00,43792.0,42924.99,867.01171875,867.01171875,1.9798404246209353
2025-09-14 01:00:00,42036.0,40992.61,1043.390625,1043.390625,2.482135847844704
2025-09-14 02:00:00,40575.0,39449.35,1125.6484375,1125.6484375,2.7742413739987675
2025-09-14 03:00:00,38728.0,38112.258,615.7421875,615.7421875,1.5899147580561868
2025-09-14 04:00:00,36758.0,36913.637,-155.63671875,155.63671875,0.4234091048207193
2025-09-14 05:00:00,34880.0,34919.13,-39.12890625,39.12890625,0.11218149727637615
2025-09-14 06:00:00,32944.0,32681.959,262.041015625,262.041015625,0.7954134762779261
2025-09-14 07:00:00,31685.0,31263.557,421.443359375,421.443359375,1.330103706406817
2025-09-14 08:00:00,30703.0,30074.576,628.423828125,628.423828125,2.0467831421196623
2025-09-14 09:00:00,29960.0,29382.025,577.974609375,577.974609375,1.9291542368991987
2025-09-14 10:00:00,29451.0,28919.846,531.154296875,531.154296875,1.803518715408645
2025-09-14 11:00:00,29270.0,28955.773,314.2265625,314.2265625,1.073544798428425
2025-09-14 12:00:00,29433.0,29051.166,381.833984375,381.833984375,1.2972988970713144
2025-09-14 13:00:00,29743.0,29609.58,133.419921875,133.419921875,0.44857587289446255
2025-09-14 14:00:00,31053.0,31371.291,-318.291015625,318.291015625,1.0249928046404535
2025-09-14 15:00:00,32995.0,33724.31,-729.30859375,729.30859375,2.2103609448401276
2025-09-14 16:00:00,35292.0,35560.195,-268.1953125,268.1953125,0.7599323146888813
2025-09-14 17:00:00,37570.0,37923.207,-353.20703125,353.20703125,0.9401305063880755
2025-09-14 18:00:00,39545.0,39568.01,-23.01171875,23.01171875,0.05819122202554052
2025-09-14 19:00:00,40896.0,39655.21,1240.7890625,1240.7890625,3.0340108140160407
2025-09-14 20:00:00,41703.0,40739.848,963.15234375,963.15234375,2.3095516959211566
2025-09-14 21:00:00,42152.0,41738.336,413.6640625,413.6640625,0.9813628356898841
2025-09-14 22:00:00,42231.0,41029.86,1201.140625,1201.140625,2.8442154459993843
2025-09-14 23:00:00,41867.0,40942.41,924.58984375,924.58984375,2.2083976491031123
2025-09-15 00:00:00,41156.0,40600.676,555.32421875,555.32421875,1.3493153337301973
2025-09-15 01:00:00,40057.0,38919.758,1137.2421875,1137.2421875,2.839059808522855
2025-09-15 02:00:00,43804.0,38365.97,5438.03125,5438.03125,12.414462720299516
2025-09-15 03:00:00,42140.0,37461.617,4678.3828125,4678.3828125,11.102000029663028
2025-09-15 04:00:00,39986.0,35927.016,4058.984375,4058.984375,10.151013792327314
2025-09-15 05:00:00,37822.0,33667.9,4154.1015625,4154.1015625,10.983294279784253
2025-09-15 06:00:00,31152.0,31750.658,-598.658203125,598.658203125,1.9217328040735746
2025-09-15 07:00:00,30096.0,30488.201,-392.201171875,392.201171875,1.3031671048478202
2025-09-15 08:00:00,29346.0,29801.855,-455.85546875,455.85546875,1.5533819558031758
2025-09-15 09:00:00,28907.0,29239.0,-332.0,332.0,1.1485107413429274
2025-09-15 10:00:00,29014.0,28774.36,239.640625,239.640625,0.825948249121114
2025-09-15 11:00:00,29839.0,29384.09,454.91015625,454.91015625,1.5245489334428097
2025-09-15 12:00:00,31543.0,30364.207,1178.79296875,1178.79296875,3.7370984647940904
2025-09-15 13:00:00,32614.0,31088.367,1525.6328125,1525.6328125,4.677846361991782
2025-09-15 14:00:00,33642.0,33053.85,588.1484375,588.1484375,1.7482564577016826
2025-09-15 15:00:00,35161.0,35217.918,-56.91796875,56.91796875,0.16187812846619834
2025-09-15 16:00:00,37346.0,37510.984,-164.984375,164.984375,0.4417725459219194
2025-09-15 17:00:00,39776.0,40052.234,-276.234375,276.234375,0.6944749974859211
2025-09-15 18:00:00,42161.0,42020.27,140.73046875,140.73046875,0.3337930047911577
2025-09-15 19:00:00,44217.0,43511.906,705.09375,705.09375,1.5946214125788722
2025-09-15 20:00:00,45570.0,44732.145,837.85546875,837.85546875,1.838611956879526
2025-09-15 21:00:00,46364.0,44970.4,1393.6015625,1393.6015625,3.0057837168924166
2025-09-15 22:00:00,46717.0,44569.918,2147.08203125,2147.08203125,4.5959330249159835
2025-09-15 23:00:00,46357.0,43739.023,2617.9765625,2617.9765625,5.647424472032271
2025-09-16 00:00:00,45172.0,42522.523,2649.4765625,2649.4765625,5.865307186974232
2025-09-16 01:00:00,43454.0,40971.78,2482.21875,2482.21875,5.7122905831453945
2025-09-16 02:00:00,42037.0,42220.71,-183.7109375,183.7109375,0.43702199847753165
2025-09-16 03:00:00,39866.0,40712.8,-846.80078125,846.80078125,2.1241177475793913
2025-09-16 04:00:00,37352.0,38640.54,-1288.5390625,1288.5390625,3.4497190578817736
2025-09-16 05:00:00,34855.0,36881.37,-2026.37109375,2026.37109375,5.813717095825563
2025-09-16 06:00:00,32996.0,31636.92,1359.080078125,1359.080078125,4.118923742650624
2025-09-16 07:00:00,31568.0,30431.623,1136.376953125,1136.376953125,3.599774940208439
2025-09-16 08:00:00,30623.0,29768.662,854.337890625,854.337890625,2.789856939636874
2025-09-16 09:00:00,30038.0,29043.553,994.447265625,994.447265625,3.3106307531293697
2025-09-16 10:00:00,29871.0,29083.654,787.345703125,787.345703125,2.635819701801078
2025-09-16 11:00:00,30518.0,29706.07,811.9296875,811.9296875,2.6604944213251196
2025-09-16 12:00:00,32048.0,31121.268,926.732421875,926.732421875,2.8917012664596857
2025-09-16 13:00:00,32922.0,32468.668,453.33203125,453.33203125,1.3769881272401434
2025-09-16 14:00:00,33824.0,34057.914,-233.9140625,233.9140625,0.6915623891319773
2025-09-16 15:00:00,35473.0,36285.43,-812.4296875,812.4296875,2.2902762312181095
2025-09-16 16:00:00,37799.0,38745.086,-946.0859375,946.0859375,2.502939065848303
2025-09-16 17:00:00,40356.0,40456.797,-100.796875,100.796875,0.24976924125284963
2025-09-16 18:00:00,42834.0,42580.715,253.28515625,253.28515625,0.5913180096418733
2025-09-16 19:00:00,44951.0,44102.793,848.20703125,848.20703125,1.8869592027986029
2025-09-16 20:00:00,46345.0,45023.8,1321.19921875,1321.19921875,2.850791280073363
2025-09-16 21:00:00,46972.0,45993.266,978.734375,978.734375,2.0836548901473217
2025-09-16 22:00:00,46938.0,46112.586,825.4140625,825.4140625,1.7585198826111041
2025-09-16 23:00:00,46357.0,45784.605,572.39453125,572.39453125,1.2347531791315227
2025-09-17 00:00:00,45107.0,43886.156,1220.84375,1220.84375,2.7065505353936197
2025-09-17 01:00:00,43315.0,41665.098,1649.90234375,1649.90234375,3.8090784803185964
2025-09-17 02:00:00,41774.0,41033.727,740.2734375,740.2734375,1.7720913427012017
2025-09-17 03:00:00,39610.0,39185.734,424.265625,424.265625,1.071107359252714
2025-09-17 04:00:00,36959.0,37138.76,-179.76171875,179.76171875,0.48638144633242236
2025-09-17 05:00:00,34395.0,34425.42,-30.421875,30.421875,0.08844853903183603
2025-09-17 06:00:00,32416.0,32742.484,-326.484375,326.484375,1.0071704559476802
2025-09-17 07:00:00,31120.0,30980.787,139.212890625,139.212890625,0.44734219352506427
2025-09-17 08:00:00,30042.0,30099.953,-57.953125,57.953125,0.19290701351441314
2025-09-17 09:00:00,29464.0,29509.36,-45.359375,45.359375,0.15394846253054573
2025-09-17 10:00:00,29368.0,29412.084,-44.083984375,44.083984375,0.15010890893149004
2025-09-17 11:00:00,30105.0,29746.115,358.884765625,358.884765625,1.1921101665005813
2025-09-17 12:00:00,31708.0,31328.148,379.8515625,379.8515625,1.1979675870442792
2025-09-17 13:00:00,32675.0,31974.305,700.6953125,700.6953125,2.144438599846978
2025-09-17 14:00:00,33578.0,33141.41,436.58984375,436.58984375,1.3002258733396868
2025-09-17 15:00:00,34865.0,34584.598,280.40234375,280.40234375,0.8042516671447011
2025-09-17 16:00:00,36721.0,36345.223,375.77734375,375.77734375,1.0233309107867434
2025-09-17 17:00:00,38397.0,37912.87,484.12890625,484.12890625,1.2608508639997917
2025-09-17 18:00:00,40437.0,39853.395,583.60546875,583.60546875,1.4432462070628385
2025-09-17 19:00:00,42115.0,41852.754,262.24609375,262.24609375,0.6226904754837944
2025-09-17 20:00:00,43160.0,43804.34,-644.33984375,644.33984375,1.4929097399212232
2025-09-17 21:00:00,43746.0,43650.168,95.83203125,95.83203125,0.21906467162712018
2025-09-17 22:00:00,43844.0,43935.36,-91.359375,91.359375,0.20837372274427518
2025-09-17 23:00:00,43296.0,43159.574,136.42578125,136.42578125,0.31510019690040647
2025-09-18 00:00:00,42133.0,42197.96,-64.9609375,64.9609375,0.1541806600526903
2025-09-18 01:00:00,40766.0,40244.668,521.33203125,521.33203125,1.278840286635922
2025-09-18 02:00:00,39552.0,39880.72,-328.71875,328.71875,0.8311052538430421
2025-09-18 03:00:00,37587.0,38179.86,-592.859375,592.859375,1.5772989996541358
2025-09-18 04:00:00,35277.0,36318.73,-1041.73046875,1041.73046875,2.9530018673640046
2025-09-18 05:00:00,33086.0,33548.332,-462.33203125,462.33203125,1.3973645386266094
2025-09-18 06:00:00,31341.0,31974.178,-633.177734375,633.177734375,2.020285678105357
2025-09-18 07:00:00,30133.0,30831.264,-698.263671875,698.263671875,2.3172723322437196
2025-09-18 08:00:00,29324.0,29781.963,-457.962890625,457.962890625,1.5617340425078434
2025-09-18 09:00:00,28795.0,29116.059,-321.05859375,321.05859375,1.1149803568327834
2025-09-18 10:00:00,28708.0,28844.758,-136.7578125,136.7578125,0.4763752699595931
2025-09-18 11:00:00,29434.0,29583.582,-149.58203125,149.58203125,0.5081947110484474
2025-09-18 12:00:00,31131.0,30750.006,380.994140625,380.994140625,1.2238416389611642
2025-09-18 13:00:00,32142.0,31353.21,788.7890625,788.7890625,2.454075858689565
2025-09-18 14:00:00,32752.0,32464.32,287.6796875,287.6796875,0.8783576193820225
2025-09-18 15:00:00,33683.0,33494.27,188.73046875,188.73046875,0.5603137153757088
2025-09-18 16:00:00,35051.0,34963.914,87.0859375,87.0859375,0.2484549299592023
2025-09-18 17:00:00,36337.0,36648.523,-311.5234375,311.5234375,0.8573174381484437
2025-09-18 18:00:00,37737.0,37350.633,386.3671875,386.3671875,1.0238418196994992
2025-09-18 19:00:00,38943.0,39128.49,-185.48828125,185.48828125,0.47630711873764225
2025-09-18 20:00:00,39577.0,39497.777,79.22265625,79.22265625,0.20017347512444097
2025-09-18 21:00:00,39610.0,40864.566,-1254.56640625,1254.56640625,3.167297162963898
2025-09-18 22:00:00,39505.0,41275.68,-1770.6796875,1770.6796875,4.482166023288191
2025-09-18 23:00:00,39029.0,39873.188,-844.1875,844.1875,2.1629749673319836
2025-09-19 00:00:00,38330.0,38929.543,-599.54296875,599.54296875,1.5641611498825985
2025-09-19 01:00:00,37401.0,37560.027,-159.02734375,159.02734375,0.42519543260875375
2025-09-19 02:00:00,36586.0,36836.285,-250.28515625,250.28515625,0.6841009026676871
2025-09-19 03:00:00,35056.0,35831.79,-775.7890625,775.7890625,2.212999379564126
2025-09-19 04:00:00,33153.0,34083.312,-930.3125,930.3125,2.8061186016348447
2025-09-19 05:00:00,31227.0,32254.832,-1027.83203125,1027.83203125,3.291485032984277
2025-09-19 06:00:00,29751.0,30696.072,-945.072265625,945.072265625,3.1766067212026488
2025-09-19 07:00:00,28778.0,29791.76,-1013.759765625,1013.759765625,3.522690130047258
2025-09-19 08:00:00,28127.0,28901.887,-774.88671875,774.88671875,2.7549568697337077
2025-09-19 09:00:00,27742.0,28507.418,-765.41796875,765.41796875,2.759058354660803
2025-09-19 10:00:00,27765.0,28407.066,-642.06640625,642.06640625,2.3125028137943455
2025-09-19 11:00:00,28454.0,28724.955,-270.955078125,270.955078125,0.95225654784916
2025-09-19 12:00:00,29954.0,30049.125,-95.125,95.125,0.3175702744207785
2025-09-19 13:00:00,30926.0,30983.15,-57.150390625,57.150390625,0.18479722765634093
2025-09-19 14:00:00,31731.0,31506.758,224.2421875,224.2421875,0.7066975118968832
2025-09-19 15:00:00,32850.0,32783.547,66.453125,66.453125,0.2022926179604262
2025-09-19 16:00:00,34306.0,34650.13,-344.12890625,344.12890625,1.0031157997143356
2025-09-19 17:00:00,35841.0,35937.273,-96.2734375,96.2734375,0.26861258753941014
2025-09-19 18:00:00,37382.0,37249.664,132.3359375,132.3359375,0.3540097841206998
2025-09-19 19:00:00,38911.0,37835.906,1075.09375,1075.09375,2.7629558479607312
2025-09-19 20:00:00,39962.0,39167.375,794.625,794.625,1.9884515289525049
2025-09-19 21:00:00,40741.0,39614.73,1126.26953125,1126.26953125,2.764462166490759
2025-09-19 22:00:00,41147.0,39539.457,1607.54296875,1607.54296875,3.9068290975040707
2025-09-19 23:00:00,40787.0,38325.523,2461.4765625,2461.4765625,6.034953692352955
2025-09-20 00:00:00,39387.0,37637.28,1749.71875,1749.71875,4.442376291669841
2025-09-20 01:00:00,37807.0,36380.13,1426.87109375,1426.87109375,3.774092347316634
2025-09-20 02:00:00,36618.0,35485.434,1132.56640625,1132.56640625,3.092922623436561
2025-09-20 03:00:00,35195.0,34192.297,1002.703125,1002.703125,2.8489931098167354
2025-09-20 04:00:00,33606.0,32760.9,845.099609375,845.099609375,2.514728350220199
2025-09-20 05:00:00,31845.0,30837.049,1007.951171875,1007.951171875,3.1651787466635266
2025-09-20 06:00:00,30361.0,29329.566,1031.43359375,1031.43359375,3.397231954645763
2025-09-20 07:00:00,29154.0,28093.283,1060.716796875,1060.716796875,3.638323375437333
2025-09-20 08:00:00,28388.0,27615.809,772.19140625,772.19140625,2.7201331768705086
2025-09-20 09:00:00,27713.0,27256.58,456.419921875,456.419921875,1.6469524117742576
2025-09-20 10:00:00,27468.0,27153.36,314.640625,314.640625,1.1454806502111547
2025-09-20 11:00:00,27621.0,27501.47,119.529296875,119.529296875,0.4327478978856667
2025-09-20 12:00:00,28120.0,28395.57,-275.5703125,275.5703125,0.9799797741820768
2025-09-20 13:00:00,28656.0,29006.55,-350.55078125,350.55078125,1.2233067464056393
2025-09-20 14:00:00,29610.0,30035.736,-425.736328125,425.736328125,1.437812658308004
2025-09-20 15:00:00,30983.0,31061.35,-78.349609375,78.349609375,0.2528793511764516
2025-09-20 16:00:00,32637.0,32585.154,51.845703125,51.845703125,0.15885560291999878
2025-09-20 17:00:00,34299.0,34254.07,44.9296875,44.9296875,0.13099416163736552
2025-09-20 18:00:00,35966.0,36155.64,-189.640625,189.640625,0.5272774981927376
2025-09-20 19:00:00,37501.0,36753.67,747.328125,747.328125,1.9928218580837844
2025-09-20 20:00:00,38650.0,38152.6,497.3984375,497.3984375,1.2869299805950842
2025-09-20 21:00:00,39428.0,38838.75,589.25,589.25,1.4944962970477833
2025-09-20 22:00:00,39710.0,38396.23,1313.76953125,1313.76953125,3.308409799168975
2025-09-20 23:00:00,39458.0,37494.5,1963.5,1963.5,4.97617720107456
2025-09-21 00:00:00,38455.0,37198.84,1256.16015625,1256.16015625,3.2665717234429854
2025-09-21 01:00:00,37179.0,36430.64,748.359375,748.359375,2.0128550391349953
2025-09-21 02:00:00,36009.0,34872.496,1136.50390625,1136.50390625,3.156166253575495
2025-09-21 03:00:00,34450.0,33768.133,681.8671875,681.8671875,1.979295174165457
2025-09-21 04:00:00,32741.0,32286.992,454.0078125,454.0078125,1.386664465043829
2025-09-21 05:00:00,31060.0,30499.99,560.009765625,560.009765625,1.8029934501770766
2025-09-21 06:00:00,29625.0,29220.455,404.544921875,404.544921875,1.3655524789029536
2025-09-21 07:00:00,28649.0,27930.646,718.353515625,718.353515625,2.5074296332332717
2025-09-21 08:00:00,27931.0,27258.492,672.5078125,672.5078125,2.4077469925888795
2025-09-21 09:00:00,27387.0,26932.592,454.408203125,454.408203125,1.6592113160441087
2025-09-21 10:00:00,27126.0,26628.45,497.55078125,497.55078125,1.8342209734203345
2025-09-21 11:00:00,27034.0,26542.64,491.359375,491.359375,1.8175607568247394
2025-09-21 12:00:00,27248.0,27193.994,54.005859375,54.005859375,0.19820118678435117
2025-09-21 13:00:00,27648.0,27577.67,70.330078125,70.330078125,0.2543767293294271
2025-09-21 14:00:00,28729.0,28336.822,392.177734375,392.177734375,1.3650935792230847
2025-09-21 15:00:00,30058.0,29632.812,425.1875,425.1875,1.414556856743629
2025-09-21 16:00:00,31445.0,30952.566,492.43359375,492.43359375,1.5660155628875814
2025-09-21 17:00:00,32988.0,32295.502,692.498046875,692.498046875,2.099242290757245
2025-09-21 18:00:00,34398.0,34140.285,257.71484375,257.71484375,0.7492146164021164
2025-09-21 19:00:00,35666.0,35665.125,0.875,0.875,0.0024533168844277464
2025-09-21 20:00:00,36636.0,36178.96,457.0390625,457.0390625,1.2475135454198056
2025-09-21 21:00:00,37348.0,36949.55,398.44921875,398.44921875,1.0668555712487953
2025-09-21 22:00:00,38074.0,36773.29,1300.7109375,1300.7109375,3.416270781898408
2025-09-21 23:00:00,38324.0,36889.785,1434.21484375,1434.21484375,3.742341205902307
2025-09-22 00:00:00,37951.0,36858.605,1092.39453125,1092.39453125,2.8784341157018263
2025-09-22 01:00:00,37034.0,35803.117,1230.8828125,1230.8828125,3.323656133552951
2025-09-22 02:00:00,35969.0,35426.95,542.05078125,542.05078125,1.506994304122995
2025-09-22 03:00:00,34514.0,33585.797,928.203125,928.203125,2.689352509126731
2025-09-22 04:00:00,32706.0,32468.518,237.482421875,237.482421875,0.7261127067663425
2025-09-22 05:00:00,30759.0,30662.193,96.806640625,96.806640625,0.314726228502227
2025-09-22 06:00:00,29387.0,29552.842,-165.841796875,165.841796875,0.5643372813659101
2025-09-22 07:00:00,28437.0,28567.426,-130.42578125,130.42578125,0.4586481740338291
2025-09-22 08:00:00,27807.0,27993.117,-186.1171875,186.1171875,0.6693177527241343
2025-09-22 09:00:00,27537.0,27739.754,-202.75390625,202.75390625,0.73629627864328
2025-09-22 10:00:00,27707.0,27715.805,-8.8046875,8.8046875,0.03177784494892987
2025-09-22 11:00:00,28707.0,28228.805,478.1953125,478.1953125,1.6657794701640714
2025-09-22 12:00:00,30446.0,29051.775,1394.224609375,1394.224609375,4.579335904141759
2025-09-22 13:00:00,31621.0,29292.223,2328.77734375,2328.77734375,7.364654323867051
2025-09-22 14:00:00,32377.0,30272.088,2104.912109375,2104.912109375,6.501257403017574
2025-09-22 15:00:00,33495.0,31438.95,2056.05078125,2056.05078125,6.138381194954471
2025-09-22 16:00:00,34997.0,33687.164,1309.8359375,1309.8359375,3.7427091965025574
2025-09-22 17:00:00,36679.0,35764.82,914.1796875,914.1796875,2.492378983887238
2025-09-22 18:00:00,38593.0,37636.71,956.2890625,956.2890625,2.47788216127277
2025-09-22 19:00:00,40607.0,39331.61,1275.390625,1275.390625,3.1408146994360577
2025-09-22 20:00:00,42225.0,40663.19,1561.80859375,1561.80859375,3.6987770130254587
2025-09-22 21:00:00,43533.0,41845.992,1687.0078125,1687.0078125,3.875239042795121
2025-09-22 22:00:00,44327.0,41701.703,2625.296875,2625.296875,5.9225683556297515
2025-09-22 23:00:00,44146.0,41030.707,3115.29296875,3115.29296875,7.056795561885562
2025-09-23 00:00:00,43082.0,40719.13,2362.87109375,2362.87109375,5.4845900695185925
2025-09-23 01:00:00,41648.0,39607.984,2040.015625,2040.015625,4.898231907894736
2025-09-23 02:00:00,40398.0,38714.586,1683.4140625,1683.4140625,4.167072782068419
2025-09-23 03:00:00,38550.0,37618.895,931.10546875,931.10546875,2.415318985084306
2025-09-23 04:00:00,36233.0,35583.254,649.74609375,649.74609375,1.7932439868352055
2025-09-23 05:00:00,33974.0,32697.416,1276.583984375,1276.583984375,3.757532184538176
2025-09-23 06:00:00,32251.0,31068.389,1182.611328125,1182.611328125,3.666898167886267
2025-09-23 07:00:00,31049.0,29397.797,1651.203125,1651.203125,5.3180557344842025
2025-09-23 08:00:00,30264.0,29122.207,1141.79296875,1141.79296875,3.7727761325337035
2025-09-23 09:00:00,29843.0,28817.115,1025.884765625,1025.884765625,3.437606023606876
2025-09-23 10:00:00,29884.0,28759.361,1124.638671875,1124.638671875,3.7633471820204796
2025-09-23 11:00:00,30641.0,29243.068,1397.931640625,1397.931640625,4.562291180526092
2025-09-23 12:00:00,32244.0,30413.424,1830.576171875,1830.576171875,5.677261418791093
2025-09-23 13:00:00,33383.0,31122.658,2260.341796875,2260.341796875,6.770936694949525
2025-09-23 14:00:00,33941.0,32127.643,1813.357421875,1813.357421875,5.342675294997202
2025-09-23 15:00:00,34524.0,33061.38,1462.62109375,1462.62109375,4.236534276879852
2025-09-23 16:00:00,35383.0,34147.79,1235.2109375,1235.2109375,3.4909728895232175
2025-09-23 17:00:00,36322.0,35077.52,1244.48046875,1244.48046875,3.4262443388304606
2025-09-23 18:00:00,37229.0,36422.535,806.46484375,806.46484375,2.166227520884257
2025-09-23 19:00:00,38052.0,37353.26,698.73828125,698.73828125,1.836272157179649
2025-09-23 20:00:00,38485.0,38837.12,-352.12109375,352.12109375,0.9149567201507081
2025-09-23 21:00:00,38849.0,39512.81,-663.80859375,663.80859375,1.708689010656645
2025-09-23 22:00:00,39146.0,39631.15,-485.1484375,485.1484375,1.239330806468094
2025-09-23 23:00:00,38976.0,39630.418,-654.41796875,654.41796875,1.679028039691092
2025-09-24 00:00:00,38348.0,38933.8,-585.80078125,585.80078125,1.527591481302806
2025-09-24 01:00:00,37562.0,38198.375,-636.375,636.375,1.6941989244449178
2025-09-24 02:00:00,36692.0,37172.797,-480.796875,480.796875,1.310358865692794
2025-09-24 03:00:00,35283.0,36090.555,-807.5546875,807.5546875,2.2887925842473713
2025-09-24 04:00:00,33456.0,34358.55,-902.55078125,902.55078125,2.6977247167922047
2025-09-24 05:00:00,31610.0,32491.732,-881.732421875,881.732421875,2.7894097496836445
2025-09-24 06:00:00,30251.0,31189.842,-938.841796875,938.841796875,3.1035066506065916
2025-09-24 07:00:00,29379.0,30279.771,-900.771484375,900.771484375,3.0660386138908744
2025-09-24 08:00:00,28734.0,29668.984,-934.984375,934.984375,3.2539304482494606
2025-09-24 09:00:00,28478.0,29317.178,-839.177734375,839.177734375,2.946757968870707
2025-09-24 10:00:00,28533.0,29206.781,-673.78125,673.78125,2.3614104720849545
2025-09-24 11:00:00,29317.0,29836.17,-519.169921875,519.169921875,1.7708835210799196
2025-09-24 12:00:00,31008.0,31078.982,-70.982421875,70.982421875,0.22891647921504127
2025-09-24 13:00:00,32015.0,32040.84,-25.83984375,25.83984375,0.08071167811963142
2025-09-24 14:00:00,32558.0,32477.555,80.4453125,80.4453125,0.2470830901775293
2025-09-24 15:00:00,33139.0,33164.76,-25.76171875,25.76171875,0.07773837095265397
2025-09-24 16:00:00,33781.0,34047.062,-266.0625,266.0625,0.7876098990556822
2025-09-24 17:00:00,34392.0,35092.973,-700.97265625,700.97265625,2.0381852065887416
2025-09-24 18:00:00,35000.0,36810.707,-1810.70703125,1810.70703125,5.1734486607142856
2025-09-24 19:00:00,35585.0,36946.895,-1361.89453125,1361.89453125,3.82715900309119
2025-09-24 20:00:00,36029.0,37661.094,-1632.09375,1632.09375,4.529944627938605
2025-09-24 21:00:00,36582.0,37798.426,-1216.42578125,1216.42578125,3.325203054097644
2025-09-24 22:00:00,37128.0,37696.855,-568.85546875,568.85546875,1.5321468130521438
2025-09-24 23:00:00,37313.0,36410.21,902.7890625,902.7890625,2.419502753731943
2025-09-25 00:00:00,36716.0,36227.13,488.87109375,488.87109375,1.3314933373733522
2025-09-25 01:00:00,35744.0,35440.48,303.51953125,303.51953125,0.849148196200761
2025-09-25 02:00:00,34952.0,34952.438,-0.4375,0.4375,0.0012517166399633782
2025-09-25 03:00:00,33584.0,33901.06,-317.05859375,317.05859375,0.9440763272689376
2025-09-25 04:00:00,31777.0,32285.777,-508.77734375,508.77734375,1.6010867726657645
2025-09-25 05:00:00,30103.0,30598.545,-495.544921875,495.544921875,1.6461645745440654
2025-09-25 06:00:00,28684.0,29443.652,-759.65234375,759.65234375,2.64834870921071
2025-09-25 07:00:00,27768.0,28720.25,-952.25,952.25,3.429307116104869
2025-09-25 08:00:00,27204.0,28140.1,-936.099609375,936.099609375,3.441036646724746
2025-09-25 09:00:00,26889.0,27766.062,-877.0625,877.0625,3.2617892074826136
2025-09-25 10:00:00,26939.0,27767.059,-828.05859375,828.05859375,3.073828255503174
2025-09-25 11:00:00,27737.0,28524.17,-787.169921875,787.169921875,2.837977870263547
2025-09-25 12:00:00,29458.0,29877.07,-419.0703125,419.0703125,1.4226027310068572
2025-09-25 13:00:00,30474.0,30915.283,-441.283203125,441.283203125,1.448064589896305
2025-09-25 14:00:00,30971.0,31419.863,-448.86328125,448.86328125,1.4493018670691937
2025-09-25 15:00:00,31758.0,32580.463,-822.462890625,822.462890625,2.58978175774608
2025-09-25 16:00:00,33037.0,33889.727,-852.7265625,852.7265625,2.5811258967218573
2025-09-25 17:00:00,34454.0,34591.305,-137.3046875,137.3046875,0.39851595605735185
2025-09-25 18:00:00,35879.0,35385.73,493.26953125,493.26953125,1.3748140451238886
2025-09-25 19:00:00,37227.0,36223.17,1003.828125,1003.828125,2.6965055604802965
2025-09-25 20:00:00,38279.0,36780.844,1498.15625,1498.15625,3.9137810548864915
2025-09-25 21:00:00,39217.0,36902.38,2314.62109375,2314.62109375,5.902086069179183
2025-09-25 22:00:00,39848.0,37784.605,2063.39453125,2063.39453125,5.1781633488506325
2025-09-25 23:00:00,39776.0,37315.98,2460.01953125,2460.01953125,6.184683053223049
2025-09-26 00:00:00,38843.0,36913.42,1929.578125,1929.578125,4.9676341297016195
2025-09-26 01:00:00,37382.0,35356.145,2025.85546875,2025.85546875,5.41933408793002
2025-09-26 02:00:00,36130.0,34260.875,1869.125,1869.125,5.173332410738999
2025-09-26 03:00:00,34392.0,33210.65,1181.3515625,1181.3515625,3.434960346882996
2025-09-26 04:00:00,32259.0,31004.416,1254.583984375,1254.583984375,3.889097567733036
2025-09-26 05:00:00,30313.0,29606.418,706.58203125,706.58203125,2.3309538193184443
2025-09-26 06:00:00,28740.0,28315.172,424.828125,424.828125,1.4781771920668059
2025-09-26 07:00:00,27680.0,27346.219,333.78125,333.78125,1.2058571170520231
2025-09-26 08:00:00,27004.0,26786.824,217.17578125,217.17578125,0.804235599355651
2025-09-26 09:00:00,26625.0,26400.3,224.69921875,224.69921875,0.8439407276995304
2025-09-26 10:00:00,26662.0,26359.182,302.818359375,302.818359375,1.1357676069874727
2025-09-26 11:00:00,27382.0,27134.621,247.37890625,247.37890625,0.9034362217880358
2025-09-26 12:00:00,28919.0,28559.83,359.169921875,359.169921875,1.2419859672706524
2025-09-26 13:00:00,29861.0,29634.59,226.41015625,226.41015625,0.7582135770737751
2025-09-26 14:00:00,30686.0,30566.188,119.8125,119.8125,0.3904467835495014
2025-09-26 15:00:00,31721.0,31769.934,-48.93359375,48.93359375,0.15426245625926044
2025-09-26 16:00:00,33052.0,33143.08,-91.078125,91.078125,0.27556010226310057
2025-09-26 17:00:00,34442.0,34318.57,123.4296875,123.4296875,0.3583696867197027
2025-09-26 18:00:00,36001.0,35814.684,186.31640625,186.31640625,0.517531197050082
2025-09-26 19:00:00,37598.0,37634.848,-36.84765625,36.84765625,0.0980042987658918
2025-09-26 20:00:00,38961.0,37713.133,1247.8671875,1247.8671875,3.202862317445651
2025-09-26 21:00:00,40106.0,38660.367,1445.6328125,1445.6328125,3.6045300266793
2025-09-26 22:00:00,40757.0,39255.066,1501.93359375,1501.93359375,3.685093588217975
2025-09-26 23:00:00,40433.0,37900.273,2532.7265625,2532.7265625,6.26400851408503
2025-09-27 00:00:00,38839.0,36606.375,2232.625,2232.625,5.748410103246736
2025-09-27 01:00:00,36762.0,35532.63,1229.37109375,1229.37109375,3.344135503373048
2025-09-27 02:00:00,35120.0,34309.043,810.95703125,810.95703125,2.3091031641514808
2025-09-27 03:00:00,33603.0,32460.998,1142.001953125,1142.001953125,3.3985118981192155
2025-09-27 04:00:00,32202.0,30718.023,1483.9765625,1483.9765625,4.608336632817838
2025-09-27 05:00:00,30429.0,29001.277,1427.72265625,1427.72265625,4.691980203917315
2025-09-27 06:00:00,28899.0,27790.256,1108.744140625,1108.744140625,3.8366176705941384
2025-09-27 07:00:00,27870.0,26754.49,1115.509765625,1115.509765625,4.00254670120201
2025-09-27 08:00:00,27177.0,25991.92,1185.080078125,1185.080078125,4.36059932341686
2025-09-27 09:00:00,26613.0,25556.371,1056.62890625,1056.62890625,3.9703487252470597
2025-09-27 10:00:00,26403.0,25513.271,889.728515625,889.728515625,3.3698008393932506
2025-09-27 11:00:00,26453.0,25882.719,570.28125,570.28125,2.1558282614448268
2025-09-27 12:00:00,26900.0,26756.598,143.40234375,143.40234375,0.5330942146840149
2025-09-27 13:00:00,27223.0,27763.188,-540.1875,540.1875,1.9843055504536604
2025-09-27 14:00:00,28170.0,29062.42,-892.419921875,892.419921875,3.1679798433617323
2025-09-27 15:00:00,29465.0,30452.47,-987.470703125,987.470703125,3.351334475224843
2025-09-27 16:00:00,31020.0,31936.492,-916.4921875,916.4921875,2.9545202691811734
2025-09-27 17:00:00,32725.0,33282.043,-557.04296875,557.04296875,1.702193945760122
2025-09-27 18:00:00,34513.0,35123.496,-610.49609375,610.49609375,1.7688873576623303
2025-09-27 19:00:00,36299.0,37030.38,-731.37890625,731.37890625,2.0148734297088073
2025-09-27 20:00:00,37917.0,37847.72,69.28125,69.28125,0.18271817390616346
2025-09-27 21:00:00,39154.0,38954.953,199.046875,199.046875,0.5083691959953006
2025-09-27 22:00:00,39917.0,39736.477,180.5234375,180.5234375,0.45224700628804765
2025-09-27 23:00:00,39875.0,37912.45,1962.55078125,1962.55078125,4.921757445141066
2025-09-28 00:00:00,38653.0,36652.645,2000.35546875,2000.35546875,5.175162261014669
2025-09-28 01:00:00,36765.0,34648.203,2116.796875,2116.796875,5.757641438868489
2025-09-28 02:00:00,35172.0,33347.47,1824.53125,1824.53125,5.18745379847606
2025-09-28 03:00:00,33517.0,32319.047,1197.953125,1197.953125,3.5741657218724825
2025-09-28 04:00:00,31714.0,30445.895,1268.10546875,1268.10546875,3.9985667804439675
2025-09-28 05:00:00,30003.0,29011.402,991.59765625,991.59765625,3.3049950213312003
2025-09-28 06:00:00,28545.0,27717.814,827.185546875,827.185546875,2.897829906726222
2025-09-28 07:00:00,27494.0,26679.734,814.265625,814.265625,2.9616120789990545
2025-09-28 08:00:00,26704.0,26085.932,618.068359375,618.068359375,2.3145160252209407
2025-09-28 09:00:00,26223.0,25561.955,661.044921875,661.044921875,2.5208592528505513
2025-09-28 10:00:00,25972.0,25393.94,578.060546875,578.060546875,2.2257067105921764
2025-09-28 11:00:00,26012.0,25358.611,653.388671875,653.388671875,2.5118740268914346
2025-09-28 12:00:00,26374.0,25616.826,757.173828125,757.173828125,2.8709100937476304
2025-09-28 13:00:00,26734.0,26115.123,618.876953125,618.876953125,2.314943342279494
2025-09-28 14:00:00,27782.0,27316.459,465.541015625,465.541015625,1.6756929509214598
2025-09-28 15:00:00,29258.0,29191.959,66.041015625,66.041015625,0.2257195147481031
2025-09-28 16:00:00,30983.0,30480.627,502.373046875,502.373046875,1.621447396556176
2025-09-28 17:00:00,32963.0,32128.406,834.59375,834.59375,2.531910778751934
2025-09-28 18:00:00,35082.0,34151.477,930.5234375,930.5234375,2.6524241420101475
2025-09-28 19:00:00,36994.0,35830.88,1163.12109375,1163.12109375,3.1440803745201924
2025-09-28 20:00:00,38753.0,37364.723,1388.27734375,1388.27734375,3.5823738646040306
2025-09-28 21:00:00,40017.0,38856.355,1160.64453125,1160.64453125,2.9003786671914438
2025-09-28 22:00:00,40781.0,39325.766,1455.234375,1455.234375,3.5684126799244744
2025-09-28 23:00:00,40936.0,38568.28,2367.71875,2367.71875,5.783952389095173
2025-09-29 00:00:00,39661.0,37933.902,1727.09765625,1727.09765625,4.35464979766017
2025-09-29 01:00:00,38162.0,35823.38,2338.62109375,2338.62109375,6.128140804334154
2025-09-29 02:00:00,36666.0,34395.36,2270.640625,2270.640625,6.192768845797196
2025-09-29 03:00:00,34765.0,33146.93,1618.0703125,1618.0703125,4.654308392060981
2025-09-29 04:00:00,32515.0,31520.57,994.4296875,994.4296875,3.0583720974934647
2025-09-29 05:00:00,30538.0,29646.74,891.259765625,891.259765625,2.9185269684491453
2025-09-29 06:00:00,28909.0,28231.914,677.0859375,677.0859375,2.342128532636895
2025-09-29 07:00:00,27884.0,27676.709,207.291015625,207.291015625,0.7434048760041602
2025-09-29 08:00:00,27212.0,27012.225,199.775390625,199.775390625,0.7341444606239894
2025-09-29 09:00:00,26853.0,26783.023,69.9765625,69.9765625,0.26059122816817487
2025-09-29 10:00:00,27018.0,26455.432,562.568359375,562.568359375,2.0821983839477385
2025-09-29 11:00:00,27765.0,26979.354,785.646484375,785.646484375,2.829628973077616
2025-09-29 12:00:00,29502.0,28176.488,1325.51171875,1325.51171875,4.492955456409735
2025-09-29 13:00:00,30652.0,29115.77,1536.23046875,1536.23046875,5.011844149647658
2025-09-29 14:00:00,31464.0,30210.783,1253.216796875,1253.216796875,3.983018042445334
2025-09-29 15:00:00,32612.0,31898.232,713.767578125,713.767578125,2.188665454817245
2025-09-29 16:00:00,34296.0,33778.4,517.6015625,517.6015625,1.509218458420807
2025-09-29 17:00:00,36016.0,35494.24,521.76171875,521.76171875,1.448694243530653
2025-09-29 18:00:00,37696.0,37704.707,-8.70703125,8.70703125,0.023098024326188456
2025-09-29 19:00:00,39288.0,39106.555,181.4453125,181.4453125,0.4618339251170841
2025-09-29 20:00:00,40411.0,40967.06,-556.05859375,556.05859375,1.376008002152879
2025-09-29 21:00:00,41278.0,41623.586,-345.5859375,345.5859375,0.8372157989728185
2025-09-29 22:00:00,41465.0,41111.492,353.5078125,353.5078125,0.8525450681297481
2025-09-29 23:00:00,40868.0,40302.945,565.0546875,565.0546875,1.3826335702750319
2025-09-30 00:00:00,39637.0,38726.227,910.7734375,910.7734375,2.297786001715569
2025-09-30 01:00:00,38381.0,37556.18,824.8203125,824.8203125,2.1490328873661446
2025-09-30 02:00:00,37137.0,36082.582,1054.41796875,1054.41796875,2.839265338476452
2025-09-30 03:00:00,35400.0,34865.57,534.4296875,534.4296875,1.5096883827683616
2025-09-30 04:00:00,33147.0,32905.418,241.58203125,241.58203125,0.7288201986605123
2025-09-30 05:00:00,31028.0,30866.219,161.78125,161.78125,0.5214040544024752
2025-09-30 06:00:00,29518.0,29288.756,229.244140625,229.244140625,0.7766249089538587
2025-09-30 07:00:00,28529.0,28414.63,114.369140625,114.369140625,0.4008873098426163
2025-09-30 08:00:00,27855.0,27971.88,-116.880859375,116.880859375,0.41960459298151137
2025-09-30 09:00:00,27427.0,27687.752,-260.751953125,260.751953125,0.9507126303460093
2025-09-30 10:00:00,27507.0,27763.238,-256.23828125,256.23828125,0.9315384493038136
2025-09-30 11:00:00,28379.0,28167.287,211.712890625,211.712890625,0.7460195589168047
2025-09-30 12:00:00,30029.0,29256.812,772.1875,772.1875,2.5714725765093744
2025-09-30 13:00:00,30999.0,30293.303,705.697265625,705.697265625,2.276516228346076
2025-09-30 14:00:00,31531.0,31379.879,151.12109375,151.12109375,0.47927783371919697
2025-09-30 15:00:00,32282.0,33228.758,-946.7578125,946.7578125,2.9327731011089773
2025-09-30 16:00:00,33641.0,34751.8,-1110.80078125,1110.80078125,3.301925570732142
2025-09-30 17:00:00,35157.0,36385.805,-1228.8046875,1228.8046875,3.4951921025684785
2025-09-30 18:00:00,36766.0,37825.21,-1059.2109375,1059.2109375,2.880952340477615
2025-09-30 19:00:00,38185.0,38637.824,-452.82421875,452.82421875,1.1858693695168259
2025-09-30 20:00:00,39236.0,39507.695,-271.6953125,271.6953125,0.6924643503415231
2025-09-30 21:00:00,39934.0,39768.14,165.859375,165.859375,0.4153337381679772
2025-09-30 22:00:00,40229.0,39538.293,690.70703125,690.70703125,1.7169381074597927
2025-09-30 23:00:00,40009.0,38184.57,1824.4296875,1824.4296875,4.560048207903222
2025-10-01 00:00:00,39069.0,38058.1,1010.8984375,1010.8984375,2.587469445084338
2025-10-01 01:00:00,38078.0,36879.64,1198.359375,1198.359375,3.1471174300120808
2025-10-01 02:00:00,36922.0,36380.996,541.00390625,541.00390625,1.465261649558529
2025-10-01 03:00:00,35124.0,34848.16,275.83984375,275.83984375,0.7853315218938617
2025-10-01 04:00:00,33035.0,33049.54,-14.5390625,14.5390625,0.04401108672619949
2025-10-01 05:00:00,30993.0,30965.506,27.494140625,27.494140625,0.08871080768237989
2025-10-01 06:00:00,29442.0,29496.34,-54.33984375,54.33984375,0.18456573517424088
2025-10-01 07:00:00,28422.0,28091.316,330.68359375,330.68359375,1.1634775657941032
2025-10-01 08:00:00,27775.0,27598.951,176.048828125,176.048828125,0.6338391651665167
2025-10-01 09:00:00,27418.0,27304.324,113.67578125,113.67578125,0.41460274728280694
2025-10-01 10:00:00,27473.0,27278.021,194.978515625,194.978515625,0.7097095898700543
2025-10-01 11:00:00,28146.0,27862.994,283.005859375,283.005859375,1.0054922879805301
2025-10-01 12:00:00,29820.0,29476.125,343.875,343.875,1.153169014084507
2025-10-01 13:00:00,30810.0,30438.074,371.92578125,371.92578125,1.2071593029860435
2025-10-01 14:00:00,31387.0,31325.03,61.970703125,61.970703125,0.19744067010227165
2025-10-01 15:00:00,32429.0,32874.535,-445.53515625,445.53515625,1.3738788006105644
2025-10-01 16:00:00,34002.0,34421.14,-419.140625,419.140625,1.2326940327039586
2025-10-01 17:00:00,35788.0,36086.266,-298.265625,298.265625,0.8334235637643903
2025-10-01 18:00:00,37700.0,37119.863,580.13671875,580.13671875,1.5388241876657824
2025-10-01 19:00:00,39601.0,38564.895,1036.10546875,1036.10546875,2.616361881644403
2025-10-01 20:00:00,41017.0,39545.895,1471.10546875,1471.10546875,3.586575002438013
2025-10-01 21:00:00,42040.0,39999.727,2040.2734375,2040.2734375,4.853171830399619
2025-10-01 22:00:00,42509.0,39615.0,2894.0,2894.0,6.807970076924887
2025-10-01 23:00:00,42092.0,38592.176,3499.82421875,3499.82421875,8.314701650551173
2025-10-02 00:00:00,40871.0,38039.016,2831.984375,2831.984375,6.929080215800934
2025-10-02 01:00:00,39361.0,37003.45,2357.55078125,2357.55078125,5.989560176951805
2025-10-02 02:00:00,37903.0,36174.266,1728.734375,1728.734375,4.560943394981928
2025-10-02 03:00:00,36040.0,34790.438,1249.5625,1249.5625,3.4671545504994454
2025-10-02 04:00:00,33819.0,33020.11,798.890625,798.890625,2.3622538366007273
2025-10-02 05:00:00,31645.0,30713.11,931.890625,931.890625,2.9448273818928743
2025-10-02 06:00:00,30113.0,28882.758,1230.2421875,1230.2421875,4.085418880549929
2025-10-02 07:00:00,28992.0,27782.957,1209.04296875,1209.04296875,4.170264103028422
2025-10-02 08:00:00,28257.0,27183.559,1073.44140625,1073.44140625,3.7988512802137526
2025-10-02 09:00:00,27846.0,26933.51,912.490234375,912.490234375,3.2769167362457803
2025-10-02 10:00:00,27840.0,27047.943,792.056640625,792.056640625,2.84503103672773
2025-10-02 11:00:00,28653.0,27758.836,894.1640625,894.1640625,3.120664720971626
2025-10-02 12:00:00,30462.0,29371.53,1090.470703125,1090.470703125,3.579773826817018
2025-10-02 13:00:00,31535.0,30282.379,1252.62109375,1252.62109375,3.9721613881401616
2025-10-02 14:00:00,32077.0,31587.236,489.763671875,489.763671875,1.5268375218224897
2025-10-02 15:00:00,33144.0,33046.684,97.31640625,97.31640625,0.29361696310041036
2025-10-02 16:00:00,34862.0,34923.17,-61.171875,61.171875,0.17546863346910677
2025-10-02 17:00:00,36823.0,36936.703,-113.703125,113.703125,0.3087828938435217
2025-10-02 18:00:00,38907.0,38899.87,7.12890625,7.12890625,0.01832293995939034
2025-10-02 19:00:00,40975.0,40637.15,337.8515625,337.8515625,0.8245309640024404
2025-10-02 20:00:00,42503.0,41718.863,784.13671875,784.13671875,1.8448973454814954
2025-10-02 21:00:00,43588.0,42748.133,839.8671875,839.8671875,1.926831209277783
2025-10-02 22:00:00,44065.0,42146.156,1918.84375,1918.84375,4.354575626914785
2025-10-02 23:00:00,43589.0,40624.21,2964.7890625,2964.7890625,6.80169093693363
2025-10-03 00:00:00,42129.0,39189.387,2939.61328125,2939.61328125,6.977647893968525
2025-10-03 01:00:00,40598.0,38085.79,2512.2109375,2512.2109375,6.188016497118085
2025-10-03 02:00:00,39237.0,37523.504,1713.49609375,1713.49609375,4.367041551978999
2025-10-03 03:00:00,37320.0,35627.027,1692.97265625,1692.97265625,4.536368317926045
2025-10-03 04:00:00,35022.0,33581.938,1440.0625,1440.0625,4.11187967563246
2025-10-03 05:00:00,32825.0,31339.172,1485.828125,1485.828125,4.526513709063214
2025-10-03 06:00:00,31074.0,29717.85,1356.150390625,1356.150390625,4.364260766637703
2025-10-03 07:00:00,29929.0,28373.115,1555.884765625,1555.884765625,5.198585871980353
2025-10-03 08:00:00,29104.0,27744.96,1359.0390625,1359.0390625,4.6695954593870255
2025-10-03 09:00:00,28594.0,27111.115,1482.884765625,1482.884765625,5.185999739892985
2025-10-03 10:00:00,28565.0,27098.766,1466.234375,1466.234375,5.132975231927183
2025-10-03 11:00:00,29227.0,27965.912,1261.087890625,1261.087890625,4.314804429551442
2025-10-03 12:00:00,30772.0,29522.824,1249.17578125,1249.17578125,4.059455938028077
2025-10-03 13:00:00,31853.0,30725.674,1127.326171875,1127.326171875,3.5391522678397638
2025-10-03 14:00:00,32574.0,32236.121,337.87890625,337.87890625,1.0372656297967704
2025-10-03 15:00:00,33871.0,33400.656,470.34375,470.34375,1.3886326060641847
2025-10-03 16:00:00,35745.0,35195.344,549.65625,549.65625,1.537715065044062
2025-10-03 17:00:00,37829.0,36920.383,908.6171875,908.6171875,2.4019064408258215
2025-10-03 18:00:00,39830.0,38813.977,1016.0234375,1016.0234375,2.5508999184032137
2025-10-03 19:00:00,41672.0,41065.08,606.921875,606.921875,1.456426077462085
2025-10-03 20:00:00,42932.0,42076.977,855.0234375,855.0234375,1.9915760679679495
2025-10-03 21:00:00,43815.0,43492.844,322.15625,322.15625,0.7352647495150063
2025-10-03 22:00:00,44196.0,43358.1,837.8984375,837.8984375,1.895869394289076
2025-10-03 23:00:00,43541.0,41549.312,1991.6875,1991.6875,4.574280563147378
2025-10-04 00:00:00,41770.0,40149.12,1620.87890625,1620.87890625,3.8804857702896816
2025-10-04 01:00:00,39908.0,38607.99,1300.01171875,1300.01171875,3.2575215965470585
2025-10-04 02:00:00,38322.0,37341.914,980.0859375,980.0859375,2.557502054955378
2025-10-04 03:00:00,36727.0,36515.78,211.21875,211.21875,0.5751048275110954
2025-10-04 04:00:00,34993.0,33859.28,1133.71875,1133.71875,3.2398443974509186
2025-10-04 05:00:00,33280.0,32039.25,1240.75,1240.75,3.728215144230769
2025-10-04 06:00:00,31379.0,29985.955,1393.044921875,1393.044921875,4.439417833184614
2025-10-04 07:00:00,30091.0,28808.357,1282.642578125,1282.642578125,4.2625455389485225
2025-10-04 08:00:00,29140.0,27791.947,1348.052734375,1348.052734375,4.626124689001373
2025-10-04 09:00:00,28448.0,27276.488,1171.51171875,1171.51171875,4.118081126089708
2025-10-04 10:00:00,28087.0,27087.275,999.724609375,999.724609375,3.5593855142058604
2025-10-04 11:00:00,28024.0,27646.504,377.49609375,377.49609375,1.3470457242006852
2025-10-04 12:00:00,28454.0,28504.28,-50.279296875,50.279296875,0.17670379164616573
2025-10-04 13:00:00,28915.0,29426.668,-511.66796875,511.66796875,1.7695589443195572
2025-10-04 14:00:00,29943.0,30053.525,-110.525390625,110.525390625,0.3691192954112814
2025-10-04 15:00:00,31368.0,31931.678,-563.677734375,563.677734375,1.7969833409047435
2025-10-04 16:00:00,33164.0,33749.676,-585.67578125,585.67578125,1.7659986167229524
2025-10-04 17:00:00,34907.0,36023.19,-1116.19140625,1116.19140625,3.1976148229581463
2025-10-04 18:00:00,36616.0,37522.57,-906.5703125,906.5703125,2.4758857125300415
2025-10-04 19:00:00,38098.0,39713.938,-1615.9375,1615.9375,4.241528426689065
2025-10-04 20:00:00,39378.0,40494.5,-1116.5,1116.5,2.8353395296866273
2025-10-04 21:00:00,40220.0,41022.387,-802.38671875,802.38671875,1.9949943280706115
2025-10-04 22:00:00,40559.0,40990.625,-431.625,431.625,1.0641904386202816
2025-10-04 23:00:00,40144.0,39284.82,859.1796875,859.1796875,2.140244339129135
2025-10-05 00:00:00,38647.0,38767.664,-120.6640625,120.6640625,0.31222103268041507
2025-10-05 01:00:00,37888.0,37342.527,545.47265625,545.47265625,1.4396976780247044
2025-10-05 02:00:00,36414.0,36189.79,224.2109375,224.2109375,0.6157272958202888
2025-10-05 03:00:00,34954.0,34655.832,298.16796875,298.16796875,0.8530296067688962
2025-10-05 04:00:00,33320.0,32960.953,359.046875,359.046875,1.0775716536614646
2025-10-05 05:00:00,31638.0,31325.85,312.150390625,312.150390625,0.9866312365667868
2025-10-05 06:00:00,30253.0,29608.03,644.970703125,644.970703125,2.131923125392523
2025-10-05 07:00:00,29157.0,28504.896,652.103515625,652.103515625,2.236524730339198
2025-10-05 08:00:00,28543.0,27464.682,1078.318359375,1078.318359375,3.77787324168798
2025-10-05 09:00:00,28019.0,26750.178,1268.822265625,1268.822265625,4.5284352247582
2025-10-05 10:00:00,27742.0,26464.227,1277.7734375,1277.7734375,4.605916795833033
2025-10-05 11:00:00,27729.0,26358.383,1370.6171875,1370.6171875,4.94290161022756
2025-10-05 12:00:00,28073.0,26711.086,1361.9140625,1361.9140625,4.8513306825063225
2025-10-05 13:00:00,28397.0,27112.967,1284.033203125,1284.033203125,4.521721319593619
2025-10-05 14:00:00,29204.0,28616.662,587.337890625,587.337890625,2.011155631505958
2025-10-05 15:00:00,30681.0,30102.512,578.48828125,578.48828125,1.8854935668654866
2025-10-05 16:00:00,32161.0,31855.213,305.787109375,305.787109375,0.9508009992693013
2025-10-05 17:00:00,33906.0,33210.4,695.6015625,695.6015625,2.0515589055034504
2025-10-05 18:00:00,35746.0,35151.332,594.66796875,594.66796875,1.6635930418788116
2025-10-05 19:00:00,37525.0,36926.605,598.39453125,598.39453125,1.5946556462358425
2025-10-05 20:00:00,38859.0,38228.04,630.9609375,630.9609375,1.6237189261175018
2025-10-05 21:00:00,39835.0,39512.47,322.53125,322.53125,0.8096680055227815
2025-10-05 22:00:00,40354.0,38919.516,1434.484375,1434.484375,3.5547513877186896
2025-10-05 23:00:00,40164.0,37805.71,2358.2890625,2358.2890625,5.871648895777313
2025-10-06 00:00:00,39052.0,36824.938,2227.0625,2227.0625,5.702812916111851
2025-10-06 01:00:00,38021.0,35927.02,2093.98046875,2093.98046875,5.507431337287288
2025-10-06 02:00:00,36641.0,34884.72,1756.28125,1756.28125,4.793213203788106
2025-10-06 03:00:00,34888.0,33938.242,949.7578125,949.7578125,2.7223051264044944
2025-10-06 04:00:00,32844.0,32542.059,301.94140625,301.94140625,0.9193198339118256
2025-10-06 05:00:00,30981.0,30921.65,59.349609375,59.349609375,0.19156776532390818
2025-10-06 06:00:00,29271.0,29363.541,-92.541015625,92.541015625,0.31615255927368385
2025-10-06 07:00:00,28336.0,28114.86,221.140625,221.140625,0.7804228719649915
2025-10-06 08:00:00,27717.0,27793.377,-76.376953125,76.376953125,0.27555995643467907
2025-10-06 09:00:00,27444.0,27453.42,-9.419921875,9.419921875,0.034324157830491184
2025-10-06 10:00:00,27596.0,27469.775,126.224609375,126.224609375,0.45740183133425133
2025-10-06 11:00:00,28450.0,27891.727,558.2734375,558.2734375,1.9622967926186292
2025-10-06 12:00:00,30038.0,29160.717,877.283203125,877.283203125,2.920577945019642
2025-10-06 13:00:00,31167.0,29827.629,1339.37109375,1339.37109375,4.297401398113389
2025-10-06 14:00:00,31782.0,30431.498,1350.501953125,1350.501953125,4.249266733135108
2025-10-06 15:00:00,32888.0,32323.885,564.115234375,564.115234375,1.7152615980752857
2025-10-06 16:00:00,34195.0,33702.63,492.37109375,492.37109375,1.4398920712092411
2025-10-06 17:00:00,35573.0,35093.582,479.41796875,479.41796875,1.3477018209034943
2025-10-06 18:00:00,36831.0,36718.84,112.16015625,112.16015625,0.30452650281013277
2025-10-06 19:00:00,37947.0,37654.625,292.375,292.375,0.7704825150868316
2025-10-06 20:00:00,38654.0,37856.38,797.62109375,797.62109375,2.0634891440730585
2025-10-06 21:00:00,39059.0,37989.883,1069.1171875,1069.1171875,2.7371852517985613
2025-10-06 22:00:00,39109.0,37843.85,1265.1484375,1265.1484375,3.234929140351326
2025-10-06 23:00:00,38871.0,37497.79,1373.2109375,1373.2109375,3.532738899179337
2025-10-07 00:00:00,37862.0,36525.47,1336.53125,1336.53125,3.5300069991020018
2025-10-07 01:00:00,36934.0,35787.51,1146.48828125,1146.48828125,3.104154116126063
2025-10-07 02:00:00,35670.0,34872.926,797.07421875,797.07421875,2.234578690075694
2025-10-07 03:00:00,34093.0,34072.88,20.12109375,20.12109375,0.05901825521368023
2025-10-07 04:00:00,32279.0,32032.428,246.572265625,246.572265625,0.7638782664425788
2025-10-07 05:00:00,30546.0,30420.412,125.587890625,125.587890625,0.4111434905552282
2025-10-07 06:00:00,29141.0,28956.373,184.626953125,184.626953125,0.6335642329535706
2025-10-07 07:00:00,28103.0,28141.016,-38.015625,38.015625,0.13527247980642637
2025-10-07 08:00:00,27531.0,27561.111,-30.111328125,30.111328125,0.10937244606080418
2025-10-07 09:00:00,27178.0,27394.322,-216.322265625,216.322265625,0.795946227187431
2025-10-07 10:00:00,27281.0,27398.082,-117.08203125,117.08203125,0.42917059950148456
2025-10-07 11:00:00,28138.0,28005.268,132.732421875,132.732421875,0.4717194607825716
2025-10-07 12:00:00,29737.0,29452.324,284.67578125,284.67578125,0.9573117034334331
2025-10-07 13:00:00,30675.0,30313.146,361.853515625,361.853515625,1.1796365627546863
2025-10-07 14:00:00,30929.0,30778.379,150.62109375,150.62109375,0.48698985984027937
2025-10-07 15:00:00,31260.0,31389.643,-129.642578125,129.642578125,0.41472353846769033
2025-10-07 16:00:00,31999.0,32472.205,-473.205078125,473.205078125,1.478812082018188
2025-10-07 17:00:00,32592.0,33276.062,-684.0625,684.0625,2.0988662862052037
2025-10-07 18:00:00,33365.0,33883.723,-518.72265625,518.72265625,1.5546910122883262
2025-10-07 19:00:00,33901.0,34690.715,-789.71484375,789.71484375,2.329473595911625
2025-10-14 06:00:00,28291.0,29121.904,-830.904296875,830.904296875,2.936991611731646
2025-10-14 07:00:00,27571.0,28182.432,-611.431640625,611.431640625,2.217662183544304
2025-10-14 08:00:00,27064.0,27734.725,-670.724609375,670.724609375,2.4782907529374816
2025-10-14 09:00:00,26853.0,27443.043,-590.04296875,590.04296875,2.197307447026403
2025-10-14 10:00:00,27035.0,27443.043,-408.04296875,408.04296875,1.5093137368226373
2025-10-14 11:00:00,27939.0,28171.965,-232.96484375,232.96484375,0.8338338657432264
2025-10-14 12:00:00,29636.0,29430.955,205.044921875,205.044921875,0.6918778575887434
2025-10-14 13:00:00,30939.0,30208.469,730.53125,730.53125,2.361198648954394
2025-10-14 14:00:00,31352.0,30762.797,589.203125,589.203125,1.8793159128604235
2025-10-14 15:00:00,32009.0,31314.447,694.552734375,694.552734375,2.16986701982255
2025-10-14 16:00:00,32908.0,32161.055,746.9453125,746.9453125,2.269798567217698
2025-10-14 17:00:00,33817.0,32959.0,858.0,858.0,2.537185439276104
2025-10-14 18:00:00,34830.0,33431.2,1398.80078125,1398.80078125,4.016080336635085
2025-10-14 19:00:00,35991.0,33875.805,2115.1953125,2115.1953125,5.87701178766914
2025-10-18 06:00:00,29240.0,27019.64,2220.359375,2220.359375,7.593568313953488
2025-10-18 07:00:00,28163.0,26256.273,1906.7265625,1906.7265625,6.770324761211518
2025-10-18 08:00:00,27529.0,25625.746,1903.25390625,1903.25390625,6.913632555668568
2025-10-18 09:00:00,27165.0,25833.88,1331.119140625,1331.119140625,4.90012567872262
2025-10-18 10:00:00,27003.0,25733.373,1269.626953125,1269.626953125,4.701799626430397
2025-10-18 11:00:00,27181.0,25847.184,1333.81640625,1333.81640625,4.907164586475847
2025-10-18 12:00:00,27756.0,27067.297,688.703125,688.703125,2.481276570831532
2025-10-18 13:00:00,28417.0,27868.494,548.505859375,548.505859375,1.9302032564134146
2025-10-18 14:00:00,29178.0,28415.432,762.568359375,762.568359375,2.613504556086778
2025-10-18 15:00:00,30339.0,29094.193,1244.806640625,1244.806640625,4.102991662958568
2025-10-18 16:00:00,31127.0,30233.666,893.333984375,893.333984375,2.8699649319722425
2025-10-18 17:00:00,31601.0,31162.59,438.41015625,438.41015625,1.3873300093351475
2025-10-18 18:00:00,32039.0,32117.328,-78.328125,78.328125,0.24447743375261402
2025-10-18 19:00:00,32199.0,33036.85,-837.8515625,837.8515625,2.6021042967172896
2025-10-18 20:00:00,32317.0,33561.383,-1244.3828125,1244.3828125,3.850551760683232
2025-10-18 21:00:00,32493.0,34107.477,-1614.4765625,1614.4765625,4.968690371772381
2025-10-18 22:00:00,32691.0,34345.15,-1654.1484375,1654.1484375,5.059950559787097
2025-10-18 23:00:00,32562.0,33775.555,-1213.5546875,1213.5546875,3.7269046357717586
2025-10-19 00:00:00,32158.0,34028.25,-1870.25,1870.25,5.815815660177872
2025-10-19 01:00:00,31819.0,32750.596,-931.595703125,931.595703125,2.9277969236148214
2025-10-19 02:00:00,31056.0,31778.715,-722.71484375,722.71484375,2.32713435004508
2025-10-19 03:00:00,30151.0,30922.107,-771.107421875,771.107421875,2.557485396421346
2025-10-19 04:00:00,28985.0,29729.484,-744.484375,744.484375,2.5685160427807485
2025-10-19 05:00:00,27807.0,28584.14,-777.140625,777.140625,2.794766156003884
2025-10-20 06:00:00,26038.0,27292.557,-1254.556640625,1254.556640625,4.818175899166603
2025-10-20 07:00:00,25629.0,26486.021,-857.021484375,857.021484375,3.3439521025986183
2025-10-20 08:00:00,25392.0,26029.041,-637.041015625,637.041015625,2.508825675901859
2025-10-20 09:00:00,25434.0,25702.322,-268.322265625,268.322265625,1.054974701678855
2025-10-20 10:00:00,25846.0,25727.025,118.974609375,118.974609375,0.46032116913642346
2025-10-20 11:00:00,26804.0,26263.793,540.20703125,540.20703125,2.015397072265334
2025-10-20 12:00:00,28630.0,27816.672,813.328125,813.328125,2.8408247467691234
2025-10-20 13:00:00,29997.0,28486.283,1510.716796875,1510.716796875,5.036226278877888
2025-10-20 14:00:00,30365.0,28803.7,1561.30078125,1561.30078125,5.141777642845382
2025-10-20 15:00:00,30580.0,29137.588,1442.412109375,1442.412109375,4.716847970487247
2025-10-20 16:00:00,30971.0,29447.393,1523.607421875,1523.607421875,4.919464731119434
2025-10-20 17:00:00,31399.0,30177.63,1221.369140625,1221.369140625,3.8898345190133443
2025-10-20 18:00:00,31870.0,30542.56,1327.439453125,1327.439453125,4.165169291261375
2025-10-20 19:00:00,32424.0,30750.137,1673.86328125,1673.86328125,5.162420679897607
2025-10-20 20:00:00,32955.0,30934.79,2020.2109375,2020.2109375,6.130210703990289
2025-10-20 21:00:00,33416.0,30670.717,2745.283203125,2745.283203125,8.21547523080261
2025-10-20 22:00:00,33799.0,30891.59,2907.41015625,2907.41015625,8.602059694813455
2025-10-20 23:00:00,33951.0,30870.729,3080.271484375,3080.271484375,9.072697370843274
2025-10-21 00:00:00,33796.0,30764.62,3031.380859375,3031.380859375,8.969643920508345
2025-10-21 01:00:00,33642.0,30796.553,2845.447265625,2845.447265625,8.458020526796862
2025-10-21 02:00:00,32738.0,30444.385,2293.615234375,2293.615234375,7.0059723696468925
2025-10-21 03:00:00,31521.0,29614.572,1906.427734375,1906.427734375,6.048119458059706
2025-10-21 04:00:00,30015.0,28491.646,1523.353515625,1523.353515625,5.075307398384141
2025-10-21 05:00:00,28508.0,27551.926,956.07421875,956.07421875,3.3537049907043635
2025-10-21 06:00:00,27496.0,26577.877,918.123046875,918.123046875,3.339114950811027
2025-10-21 07:00:00,26838.0,26089.47,748.529296875,748.529296875,2.789065119885983
2025-10-21 08:00:00,26522.0,25876.752,645.248046875,645.248046875,2.4328785418709
2025-10-21 09:00:00,26413.0,25939.865,473.134765625,473.134765625,1.7912950654033997
2025-10-21 10:00:00,26625.0,26386.16,238.83984375,238.83984375,0.8970510563380281
2025-10-21 11:00:00,27609.0,27155.129,453.87109375,453.87109375,1.643924422289833
2025-10-21 12:00:00,29439.0,28610.795,828.205078125,828.205078125,2.813292157087537
2025-10-21 13:00:00,30732.0,29627.371,1104.62890625,1104.62890625,3.5943931610373547
2025-10-21 14:00:00,30981.0,29902.182,1078.818359375,1078.818359375,3.4821934714018266
2025-10-21 15:00:00,30977.0,29985.66,991.33984375,991.33984375,3.200244838912742
2025-10-21 16:00:00,31048.0,30164.453,883.546875,883.546875,2.8457448950012885
2025-10-21 17:00:00,31236.0,30498.99,737.009765625,737.009765625,2.35948830075874
2025-10-21 18:00:00,31496.0,30797.094,698.90625,698.90625,2.219031781813564
2025-10-21 19:00:00,31764.0,31284.658,479.341796875,479.341796875,1.5090725251070394
2025-10-21 20:00:00,31912.0,31505.168,406.83203125,406.83203125,1.274855951522938
2025-10-21 21:00:00,31913.0,31899.639,13.361328125,13.361328125,0.0418679789584182
2025-10-21 22:00:00,32176.0,31881.72,294.279296875,294.279296875,0.9145925437437842
2025-10-21 23:00:00,32217.0,32011.072,205.927734375,205.927734375,0.6391896650060527
2025-10-22 00:00:00,32045.0,31983.246,61.75390625,61.75390625,0.19270995865189577
2025-10-22 01:00:00,32071.0,32306.172,-235.171875,235.171875,0.7332851329861869
2025-10-22 02:00:00,31480.0,31586.396,-106.396484375,106.396484375,0.3379812083068615
2025-10-22 03:00:00,30472.0,30695.955,-223.955078125,223.955078125,0.7349536562253872
2025-10-22 04:00:00,29235.0,29548.217,-313.216796875,313.216796875,1.071376079613477
2025-10-22 05:00:00,28019.0,28118.422,-99.421875,99.421875,0.35483734251757737
2025-10-22 06:00:00,27225.0,27116.346,108.654296875,108.654296875,0.3990975091827364
2025-10-22 07:00:00,26799.0,26486.78,312.220703125,312.220703125,1.1650460954699802
2025-10-22 08:00:00,26462.0,26082.164,379.8359375,379.8359375,1.4354014719220014
2025-10-22 09:00:00,26407.0,26124.973,282.02734375,282.02734375,1.0680022105881017
2025-10-22 10:00:00,26766.0,26433.043,332.95703125,332.95703125,1.243955134312187
2025-10-22 11:00:00,27735.0,27153.246,581.75390625,581.75390625,2.097544280692266
2025-10-22 12:00:00,29664.0,29052.805,611.1953125,611.1953125,2.060394122505394
2025-10-22 13:00:00,30970.0,29775.033,1194.966796875,1194.966796875,3.858465601792057
2025-10-22 14:00:00,31070.0,30110.166,959.833984375,959.833984375,3.0892629043289346
2025-10-22 15:00:00,30915.0,30019.996,895.00390625,895.00390625,2.8950474082160764
2025-10-22 16:00:00,30894.0,30061.326,832.673828125,832.673828125,2.695260659432252
2025-10-22 17:00:00,30963.0,30408.11,554.890625,554.890625,1.7921087265445854
2025-10-22 18:00:00,30955.0,30872.812,82.1875,82.1875,0.26550638022936524
2025-10-22 19:00:00,31403.0,31232.568,170.431640625,170.431640625,0.5427240729388912
2025-10-22 20:00:00,31849.0,31847.2,1.80078125,1.80078125,0.005654121793462903
2025-10-22 21:00:00,32191.0,31503.443,687.556640625,687.556640625,2.135866051458482
2025-10-22 22:00:00,32528.0,31194.43,1333.5703125,1333.5703125,4.099761167302017
2025-10-22 23:00:00,32562.0,31134.182,1427.818359375,1427.818359375,4.384922177307905
2025-10-23 00:00:00,32342.0,31374.953,967.046875,967.046875,2.9900651629460144
2025-10-23 01:00:00,32345.0,31282.045,1062.955078125,1062.955078125,3.286304152496522
2025-10-23 02:00:00,31582.0,30638.686,943.314453125,943.314453125,2.9868737037711353
2025-10-23 03:00:00,30695.0,30014.016,680.984375,680.984375,2.2185514741814627
2025-10-23 04:00:00,29437.0,28964.639,472.361328125,472.361328125,1.604651724445426
2025-10-23 05:00:00,28150.0,27888.41,261.58984375,261.58984375,0.9292712033747781
2025-10-23 06:00:00,27270.0,26959.03,310.970703125,310.970703125,1.1403399454528786
2025-10-23 07:00:00,26729.0,26498.986,230.013671875,230.013671875,0.8605397578472819
2025-10-23 08:00:00,26577.0,26107.514,469.486328125,469.486328125,1.7665136325582271
2025-10-23 09:00:00,26436.0,25998.021,437.978515625,437.978515625,1.6567503238954457
2025-10-23 10:00:00,26750.0,26289.137,460.86328125,460.86328125,1.7228533878504673
2025-10-23 11:00:00,27748.0,27040.11,707.890625,707.890625,2.551141073230503
2025-10-23 12:00:00,29655.0,28816.953,838.046875,838.046875,2.8259884505142474
2025-10-23 13:00:00,31011.0,29904.65,1106.349609375,1106.349609375,3.5676037837380283
2025-10-23 14:00:00,31279.0,30079.295,1199.705078125,1199.705078125,3.83549690886857
2025-10-23 15:00:00,31127.0,30206.875,920.125,920.125,2.95603495357728
2025-10-23 16:00:00,31202.0,30422.91,779.08984375,779.08984375,2.4969227733799118
2025-10-23 17:00:00,31377.0,30609.486,767.513671875,767.513671875,2.446102788268477
2025-10-23 18:00:00,31475.0,30609.486,865.513671875,865.513671875,2.7498448669579028
2025-10-23 19:00:00,31886.0,30963.963,922.037109375,922.037109375,2.8916675323809824
2025-10-23 20:00:00,32196.0,31538.668,657.33203125,657.33203125,2.0416574458007206
2025-10-23 21:00:00,32430.0,31839.059,590.94140625,590.94140625,1.822206001387604
2025-10-23 22:00:00,32524.0,31832.387,691.61328125,691.61328125,2.12647054867175
2025-10-23 23:00:00,32346.0,31826.91,519.08984375,519.08984375,1.6048038204105608
2025-10-24 00:00:00,32255.0,31999.771,255.228515625,255.228515625,0.7912835703766857
2025-10-24 01:00:00,32425.0,32047.879,377.12109375,377.12109375,1.1630565728604472
2025-10-24 02:00:00,31769.0,31418.398,350.6015625,350.6015625,1.1035964698290788
2025-10-24 03:00:00,30759.0,30707.885,51.115234375,51.115234375,0.1661797664911083
2025-10-24 04:00:00,29630.0,29215.559,414.44140625,414.44140625,1.3987222620654742
2025-10-24 05:00:00,28344.0,28138.432,205.568359375,205.568359375,0.7252623460873553
2025-10-24 06:00:00,27493.0,26975.545,517.455078125,517.455078125,1.882133918179173
2025-10-24 07:00:00,26912.0,26493.502,418.498046875,418.498046875,1.5550611135367123
2025-10-24 08:00:00,26513.0,26173.436,339.564453125,339.564453125,1.2807470038283106
2025-10-24 09:00:00,26305.0,26014.963,290.037109375,290.037109375,1.1025930787873028
2025-10-24 10:00:00,26575.0,26299.438,275.5625,275.5625,1.0369238005644403
2025-10-24 11:00:00,27392.0,26972.05,419.94921875,419.94921875,1.5331090053665304
2025-10-24 12:00:00,29022.0,28620.814,401.185546875,401.185546875,1.3823497583729585
2025-10-24 13:00:00,30390.0,29926.16,463.83984375,463.83984375,1.5262910291214216
2025-10-24 14:00:00,30880.0,30252.955,627.044921875,627.044921875,2.0305858869009064
2025-10-24 15:00:00,31035.0,30227.8,807.19921875,807.19921875,2.6009319115514744
2025-10-24 16:00:00,31234.0,30368.506,865.494140625,865.494140625,2.7710000020010246
2025-10-24 17:00:00,31338.0,30520.326,817.673828125,817.673828125,2.6092087182494095
2025-10-24 18:00:00,31301.0,30578.004,722.99609375,722.99609375,2.30981787722437
2025-10-24 19:00:00,31187.0,30971.004,215.99609375,215.99609375,0.6925837488376567
2025-10-24 20:00:00,31083.0,31158.604,-75.603515625,75.603515625,0.243231076874819
2025-10-24 21:00:00,31004.0,31307.338,-303.337890625,303.337890625,0.9783830816185008
2025-10-24 22:00:00,31036.0,31383.459,-347.458984375,347.458984375,1.1195353279256348
2025-10-24 23:00:00,30927.0,31307.291,-380.291015625,380.291015625,1.2296408174895723
2025-10-25 00:00:00,30997.0,30301.824,695.17578125,695.17578125,2.2427195575378263
2025-10-25 01:00:00,30959.0,30554.986,404.013671875,404.013671875,1.3049958715559287
2025-10-25 02:00:00,30399.0,30109.152,289.84765625,289.84765625,0.9534776020592782
2025-10-25 03:00:00,29685.0,29420.436,264.564453125,264.564453125,0.8912395254337208
2025-10-25 04:00:00,28768.0,28481.674,286.326171875,286.326171875,0.9952939789870688
2025-10-25 05:00:00,27743.0,27376.344,366.65625,366.65625,1.3216171646901922
2025-10-25 06:00:00,26944.0,26552.373,391.626953125,391.626953125,1.4534848319663003
2025-10-25 07:00:00,26351.0,26029.926,321.07421875,321.07421875,1.2184517428181094
2025-10-25 08:00:00,26077.0,25600.262,476.73828125,476.73828125,1.8281945056946736
2025-10-25 09:00:00,25857.0,25326.432,530.568359375,530.568359375,2.0519331684843563
2025-10-25 10:00:00,25869.0,25363.584,505.416015625,505.416015625,1.9537516549731337
2025-10-25 11:00:00,26213.0,25804.34,408.66015625,408.66015625,1.5589980400946095
2025-10-25 12:00:00,26868.0,26839.2,28.80078125,28.80078125,0.10719361787256217
2025-10-25 13:00:00,27717.0,27912.791,-195.791015625,195.791015625,0.7063932446693365
2025-10-25 14:00:00,28496.0,28455.416,40.583984375,40.583984375,0.14241993393809657
2025-10-25 15:00:00,29146.0,28802.596,343.404296875,343.404296875,1.1782210144616758
2025-10-25 16:00:00,29561.0,28896.566,664.43359375,664.43359375,2.2476695434863503
2025-10-25 17:00:00,29701.0,28988.854,712.146484375,712.146484375,2.3977188794148345
2025-10-25 18:00:00,29723.0,28996.746,726.25390625,726.25390625,2.443407146822326
2025-10-25 19:00:00,29634.0,28927.291,706.708984375,706.708984375,2.3847910655834514
2025-10-25 20:00:00,29651.0,28901.912,749.087890625,749.087890625,2.5263495012815755
2025-10-25 21:00:00,29742.0,28873.39,868.609375,868.609375,2.9204807175038665
2025-10-25 22:00:00,29845.0,28984.104,860.896484375,860.896484375,2.8845585001675325
2025-10-25 23:00:00,29925.0,29017.57,907.4296875,907.4296875,3.03234649122807
2025-10-26 00:00:00,30100.0,29299.607,800.392578125,800.392578125,2.6591115552325584
2025-10-26 01:00:00,30135.0,29252.973,882.02734375,882.02734375,2.926920005807201
2025-10-26 02:00:00,29601.0,28950.031,650.96875,650.96875,2.1991444545792374
2025-10-26 03:00:00,28953.0,28458.64,494.359375,494.359375,1.7074547542568992
2025-10-26 04:00:00,28039.0,27413.531,625.46875,625.46875,2.2307099040621994
2025-10-26 05:00:00,27125.0,26396.855,728.14453125,728.14453125,2.684403801843318
2025-10-26 06:00:00,26425.0,25761.904,663.095703125,663.095703125,2.5093498699148533
2025-10-26 07:00:00,25895.0,25163.312,731.6875,731.6875,2.825593743966017
2025-10-26 08:00:00,25603.0,24800.402,802.59765625,802.59765625,3.134779737726048
2025-10-26 09:00:00,25477.0,24659.613,817.38671875,817.38671875,3.208331902304039
2025-10-26 10:00:00,25486.0,24586.729,899.271484375,899.271484375,3.528492052008946
2025-10-26 11:00:00,25662.0,24811.979,850.021484375,850.021484375,3.312374266912166
2025-10-26 12:00:00,26070.0,25297.896,772.103515625,772.103515625,2.961655219121596
2025-10-26 13:00:00,26955.0,25931.488,1023.51171875,1023.51171875,3.797112664626229
2025-10-26 14:00:00,27621.0,26635.506,985.494140625,985.494140625,3.5679162254263064
2025-10-26 15:00:00,28299.0,27178.531,1120.46875,1120.46875,3.959393441464363
2025-10-26 16:00:00,28735.0,27559.297,1175.703125,1175.703125,4.091536888811554
2025-10-26 17:00:00,29090.0,27730.822,1359.177734375,1359.177734375,4.672319471897559
2025-10-26 18:00:00,29387.0,28014.25,1372.75,1372.75,4.671283220471637
2025-10-26 19:00:00,29690.0,27964.434,1725.56640625,1725.56640625,5.811944783597171
2025-10-26 20:00:00,29718.0,28012.22,1705.779296875,1705.779296875,5.7398859172050605
2025-10-26 21:00:00,29835.0,28268.656,1566.34375,1566.34375,5.25002094855036
2025-10-26 22:00:00,30042.0,28441.332,1600.66796875,1600.66796875,5.328100555056254
2025-10-26 23:00:00,30305.0,28584.236,1720.763671875,1720.763671875,5.678151037370071
2025-10-27 00:00:00,30712.0,29637.096,1074.904296875,1074.904296875,3.499948869741469
2025-10-27 01:00:00,30837.0,29644.287,1192.712890625,1192.712890625,3.8677980692836527
2025-10-27 02:00:00,30328.0,29170.328,1157.671875,1157.671875,3.8171718379055655
2025-10-27 03:00:00,29400.0,28634.838,765.162109375,765.162109375,2.6025922087585034
2025-10-27 04:00:00,28261.0,27755.918,505.08203125,505.08203125,1.7872050927072645
2025-10-27 05:00:00,27155.0,26923.254,231.74609375,231.74609375,0.8534196050451115
2025-10-27 06:00:00,26356.0,26194.273,161.7265625,161.7265625,0.6136233210654121
2025-10-27 07:00:00,25912.0,25814.348,97.65234375,97.65234375,0.3768614686245755
2025-10-27 08:00:00,25735.0,25360.291,374.708984375,374.708984375,1.4560286938993587
2025-10-27 09:00:00,25715.0,25360.291,354.708984375,354.708984375,1.3793855118607816
2025-10-27 10:00:00,26084.0,25420.838,663.162109375,663.162109375,2.5424095590208555
2025-10-27 11:00:00,27136.0,26135.912,1000.087890625,1000.087890625,3.68546539882444
2025-10-27 12:00:00,29018.0,27525.736,1492.263671875,1492.263671875,5.142544875163692
2025-10-27 13:00:00,30489.0,28431.084,2057.916015625,2057.916015625,6.749699943012234
2025-10-27 14:00:00,30940.0,28978.186,1961.814453125,1961.814453125,6.340706054056238
2025-10-27 15:00:00,31219.0,29391.098,1827.90234375,1827.90234375,5.855095754988949
2025-10-27 16:00:00,31538.0,29616.107,1921.892578125,1921.892578125,6.093894914468261
2025-10-27 17:00:00,31720.0,29877.295,1842.705078125,1842.705078125,5.809284609473518
2025-10-27 18:00:00,31800.0,30100.52,1699.48046875,1699.48046875,5.344278203616352
2025-10-27 19:00:00,31872.0,30328.88,1543.119140625,1543.119140625,4.84161376953125
2025-10-27 20:00:00,31816.0,30329.848,1486.15234375,1486.15234375,4.671084811887101
2025-10-27 21:00:00,31798.0,30460.973,1337.02734375,1337.02734375,4.2047529522297
2025-10-27 22:00:00,31838.0,30736.86,1101.140625,1101.140625,3.458573481374458
2025-10-27 23:00:00,31903.0,30931.312,971.6875,971.6875,3.0457558850264865
2025-10-28 00:00:00,32118.0,30840.709,1277.291015625,1277.291015625,3.9768697167476184
2025-10-28 01:00:00,32029.0,30809.7,1219.30078125,1219.30078125,3.8068649700271626
2025-10-28 02:00:00,31458.0,30472.08,985.919921875,985.919921875,3.1340832916110366
2025-10-28 03:00:00,30568.0,29854.873,713.126953125,713.126953125,2.3329198937614497
2025-10-28 04:00:00,29289.0,28613.02,675.98046875,675.98046875,2.307967048209225
2025-10-28 05:00:00,28014.0,27725.521,288.478515625,288.478515625,1.029765530181338
2025-10-28 06:00:00,27213.0,26723.498,489.501953125,489.501953125,1.7987798226031675
2025-10-28 07:00:00,26692.0,26160.475,531.525390625,531.525390625,1.991328452813577
2025-10-28 08:00:00,26401.0,25864.363,536.63671875,536.63671875,2.0326378498920494
2025-10-28 09:00:00,26324.0,25855.285,468.71484375,468.71484375,1.7805608712581675
2025-10-28 10:00:00,26677.0,26137.334,539.666015625,539.666015625,2.022963660175432
2025-10-28 11:00:00,27593.0,27225.117,367.8828125,367.8828125,1.3332468832674953
2025-10-28 12:00:00,29505.0,28631.707,873.29296875,873.29296875,2.959813485002542
2025-10-28 13:00:00,30999.0,29846.154,1152.845703125,1152.845703125,3.7189770738572214
2025-10-28 14:00:00,31349.0,30352.008,996.9921875,996.9921875,3.1802998102012823
2025-10-28 15:00:00,31587.0,30603.775,983.224609375,983.224609375,3.11275084488872
2025-10-28 16:00:00,31761.0,30710.422,1050.578125,1050.578125,3.307761484210195
2025-10-28 17:00:00,31912.0,30838.02,1073.98046875,1073.98046875,3.3654439356668333
2025-10-28 18:00:00,31877.0,30950.346,926.654296875,926.654296875,2.906968337280798
2025-10-28 19:00:00,31868.0,31034.357,833.642578125,833.642578125,2.615923742076691
2025-10-28 20:00:00,31660.0,30952.57,707.4296875,707.4296875,2.234458899241946
2025-10-28 21:00:00,31548.0,30933.523,614.4765625,614.4765625,1.9477512441359197
2025-10-28 22:00:00,31552.0,30989.238,562.76171875,562.76171875,1.7836007820423427
2025-10-28 23:00:00,31692.0,31104.32,587.6796875,587.6796875,1.8543471144137322
2025-10-29 00:00:00,32051.0,31313.703,737.296875,737.296875,2.3003864934011418
2025-10-29 01:00:00,32321.0,31324.107,996.892578125,996.892578125,3.0843494264564835
2025-10-29 02:00:00,31895.0,30721.29,1173.7109375,1173.7109375,3.6799214218529555
2025-10-29 03:00:00,31107.0,30149.613,957.38671875,957.38671875,3.077721151991513
2025-10-29 04:00:00,30026.0,28905.906,1120.09375,1120.09375,3.7304128088989543
2025-10-29 05:00:00,28951.0,27592.014,1358.986328125,1358.986328125,4.694091147542399
2025-10-29 06:00:00,28281.0,26935.504,1345.49609375,1345.49609375,4.757597304727556
2025-10-29 07:00:00,27904.0,26439.68,1464.3203125,1464.3203125,5.247707541929472
2025-10-29 08:00:00,27690.0,26191.36,1498.640625,1498.640625,5.412208829902492
2025-10-29 09:00:00,27745.0,26078.004,1666.99609375,1666.99609375,6.008275702829339
2025-10-29 10:00:00,28150.0,26315.697,1834.302734375,1834.302734375,6.516173123889876
2025-10-29 11:00:00,29287.0,27113.826,2173.173828125,2173.173828125,7.420267791596954
2025-10-29 12:00:00,31252.0,29097.78,2154.220703125,2154.220703125,6.893065093833995
2025-10-29 13:00:00,32822.0,30293.125,2528.875,2528.875,7.704816891109621
2025-10-29 14:00:00,33030.0,30656.01,2373.990234375,2373.990234375,7.1873758231153495
2025-10-29 15:00:00,32976.0,30837.973,2138.02734375,2138.02734375,6.483586073962883
2025-10-29 16:00:00,32872.0,30830.746,2041.25390625,2041.25390625,6.209704022420297
2025-10-29 17:00:00,32628.0,30921.482,1706.517578125,1706.517578125,5.2302242801428225
2025-10-29 18:00:00,32392.0,30807.91,1584.08984375,1584.08984375,4.890373684088664
2025-10-29 19:00:00,32221.0,30847.121,1373.87890625,1373.87890625,4.263923857887713
2025-10-29 20:00:00,31880.0,30659.988,1220.01171875,1220.01171875,3.8268874490276037
2025-10-29 21:00:00,31650.0,30524.17,1125.830078125,1125.830078125,3.557125049368089
2025-10-29 22:00:00,31642.0,30552.404,1089.595703125,1089.595703125,3.4435108498988685
2025-10-29 23:00:00,31810.0,30624.182,1185.818359375,1185.818359375,3.7278162822225713
2025-10-30 00:00:00,32165.0,31205.266,959.734375,959.734375,2.9837847815949012
2025-10-30 01:00:00,32478.0,31266.463,1211.537109375,1211.537109375,3.7303316379549236
2025-10-30 02:00:00,32204.0,30971.098,1232.90234375,1232.90234375,3.828413686964352
2025-10-30 03:00:00,31447.0,30461.732,985.267578125,985.267578125,3.133105155102236
2025-10-30 04:00:00,30297.0,29664.154,632.845703125,632.845703125,2.0888064928045678
2025-10-30 05:00:00,29185.0,28458.477,726.5234375,726.5234375,2.489372751413397
2025-10-30 06:00:00,28530.0,27562.162,967.837890625,967.837890625,3.392351526901507
2025-10-30 07:00:00,28156.0,27261.73,894.26953125,894.26953125,3.176124205320358
2025-10-30 08:00:00,28117.0,27138.473,978.52734375,978.52734375,3.4801982563929292
2025-10-30 09:00:00,28256.0,27510.863,745.13671875,745.13671875,2.6370920114312004
2025-10-30 10:00:00,28831.0,28061.719,769.28125,769.28125,2.668243383857653
2025-10-30 11:00:00,29995.0,28648.605,1346.39453125,1346.39453125,4.48872989248208
2025-10-30 12:00:00,32152.0,30670.586,1481.4140625,1481.4140625,4.6075331627892515
2025-10-30 13:00:00,33538.0,31779.705,1758.294921875,1758.294921875,5.242694620654183
2025-10-30 14:00:00,33654.0,32205.781,1448.21875,1448.21875,4.303258899387888
2025-10-30 15:00:00,33044.0,31858.691,1185.30859375,1185.30859375,3.5870614748517125
2025-10-30 16:00:00,32496.0,31481.936,1014.064453125,1014.064453125,3.1205823889863367
2025-10-30 17:00:00,31746.0,31051.611,694.388671875,694.388671875,2.187326503732754
2025-10-30 18:00:00,31199.0,30845.863,353.13671875,353.13671875,1.1318847358889708
2025-10-30 19:00:00,30823.0,30805.57,17.4296875,17.4296875,0.05654766732634721
2025-10-30 20:00:00,30505.0,30654.533,-149.533203125,149.533203125,0.4901924377151287
2025-10-30 21:00:00,30359.0,30484.053,-125.052734375,125.052734375,0.4119132197206759
2025-10-30 22:00:00,30373.0,30464.129,-91.12890625,91.12890625,0.3000326153162348
2025-10-30 23:00:00,30439.0,30650.838,-211.837890625,211.837890625,0.695942345757088
2025-10-31 00:00:00,30986.0,31103.312,-117.3125,117.3125,0.3785983992770929
2025-10-31 01:00:00,31576.0,31345.873,230.126953125,230.126953125,0.7288033732106663
2025-10-31 02:00:00,31408.0,31174.287,233.712890625,233.712890625,0.7441189844147987
2025-10-31 03:00:00,30876.0,30488.805,387.1953125,387.1953125,1.2540332701774841
2025-10-31 04:00:00,29939.0,29519.662,419.337890625,419.337890625,1.4006409386586058
2025-10-31 05:00:00,28909.0,28406.596,502.404296875,502.404296875,1.7378819636618354
2025-10-31 06:00:00,28299.0,27637.256,661.744140625,661.744140625,2.33840114712534
2025-10-31 07:00:00,27966.0,27558.932,407.068359375,407.068359375,1.4555830629156834
2025-10-31 08:00:00,27907.0,27334.793,572.20703125,572.20703125,2.0504068199734835
2025-10-31 09:00:00,28035.0,27492.492,542.5078125,542.5078125,1.9351090155163189
2025-10-31 10:00:00,28579.0,27886.203,692.796875,692.796875,2.424146663634137
2025-10-31 11:00:00,29669.0,28871.451,797.548828125,797.548828125,2.688155408422933
2025-10-31 12:00:00,31661.0,30665.621,995.37890625,995.37890625,3.1438643954707683
2025-10-31 13:00:00,33145.0,31875.33,1269.669921875,1269.669921875,3.8306529548197314
2025-10-31 14:00:00,33369.0,31761.666,1607.333984375,1607.333984375,4.816847925844347
2025-10-31 15:00:00,32809.0,31496.203,1312.796875,1312.796875,4.001331570605626
2025-10-31 16:00:00,32271.0,30945.576,1325.423828125,1325.423828125,4.107166893263301
2025-10-31 17:00:00,31791.0,30451.74,1339.259765625,1339.259765625,4.212700970793621
2025-10-31 18:00:00,31444.0,30091.236,1352.763671875,1352.763671875,4.3021360891585045
2025-10-31 19:00:00,31182.0,29731.906,1450.09375,1450.09375,4.650419312423834
2025-10-31 20:00:00,30926.0,29521.115,1404.884765625,1404.884765625,4.5427302775172995
2025-10-31 21:00:00,30782.0,29456.057,1325.943359375,1325.943359375,4.307528293726853
2025-10-31 22:00:00,30776.0,29580.115,1195.884765625,1195.884765625,3.885770618745126
2025-10-31 23:00:00,30461.0,29709.342,751.658203125,751.658203125,2.467608427579528
2025-11-01 00:00:00,30245.0,29631.625,613.375,613.375,2.0280211605224
2025-11-01 01:00:00,30134.0,30021.219,112.78125,112.78125,0.37426577951815226
2025-11-01 02:00:00,29928.0,29816.092,111.908203125,111.908203125,0.3739247631816359
2025-11-01 03:00:00,29643.0,29554.21,88.7890625,88.7890625,0.2995279239618122
2025-11-01 04:00:00,29051.0,28755.111,295.888671875,295.888671875,1.0185145842656018
2025-11-01 05:00:00,28227.0,27478.203,748.796875,748.796875,2.652768182945407
2025-11-01 06:00:00,27640.0,26849.268,790.732421875,790.732421875,2.8608264177822
2025-11-01 07:00:00,27304.0,26722.223,581.77734375,581.77734375,2.1307403448212714
2025-11-01 08:00:00,27132.0,26641.232,490.767578125,490.767578125,1.8088146031438892
2025-11-01 09:00:00,27108.0,26504.18,603.8203125,603.8203125,2.2274616810535637
2025-11-01 10:00:00,27271.0,26886.416,384.583984375,384.583984375,1.4102305906457409
2025-11-01 11:00:00,27705.0,27853.15,-148.150390625,148.150390625,0.5347424314203212
2025-11-01 12:00:00,28473.0,28886.068,-413.068359375,413.068359375,1.4507370469392056
2025-11-01 13:00:00,29386.0,29967.422,-581.421875,581.421875,1.978567600217791
2025-11-01 14:00:00,30098.0,30581.371,-483.37109375,483.37109375,1.6059907427403814
2025-11-01 15:00:00,30407.0,29989.045,417.955078125,417.955078125,1.3745357257374946
2025-11-01 16:00:00,30374.0,29793.111,580.888671875,580.888671875,1.912453650737473
2025-11-01 17:00:00,30208.0,29537.49,670.509765625,670.509765625,2.2196430270954712
2025-11-01 18:00:00,29780.0,29294.824,485.17578125,485.17578125,1.6292000713566153
2025-11-01 19:00:00,29558.0,29209.863,348.13671875,348.13671875,1.1778087785032816
2025-11-01 20:00:00,29278.0,29001.14,276.859375,276.859375,0.9456225664321333
2025-11-01 21:00:00,29124.0,28730.37,393.630859375,393.630859375,1.3515686697397336
2025-11-01 22:00:00,29244.0,28762.336,481.6640625,481.6640625,1.6470526005334427
2025-11-01 23:00:00,29610.0,28833.44,776.560546875,776.560546875,2.622629337639311
2025-11-02 00:00:00,30280.0,29181.012,1098.98828125,1098.98828125,3.629419687087186
2025-11-02 01:00:00,30719.0,29194.28,1524.720703125,1524.720703125,4.963445109297178
2025-11-02 02:00:00,30428.0,29126.05,1301.94921875,1301.94921875,4.278786705501512
2025-11-02 03:00:00,30006.0,28842.324,1163.67578125,1163.67578125,3.878143642104912
2025-11-02 04:00:00,29444.0,28066.316,1377.68359375,1377.68359375,4.678996039091156
2025-11-02 05:00:00,28989.0,27941.783,1047.216796875,1047.216796875,3.61246264746973
2025-11-02 06:00:00,28922.0,26804.232,2117.767578125,2117.767578125,7.322341394526657
2025-11-02 07:00:00,28235.0,26776.209,1458.791015625,1458.791015625,5.166605332477422
2025-11-02 08:00:00,28279.0,26573.393,1705.607421875,1705.607421875,6.0313569145832595
2025-11-02 09:00:00,28546.0,26790.23,1755.76953125,1755.76953125,6.150667453408533
2025-11-02 10:00:00,28324.0,27347.988,976.01171875,976.01171875,3.4458823568351926
2025-11-02 11:00:00,28753.0,27540.195,1212.8046875,1212.8046875,4.218010946683824
2025-11-02 12:00:00,29265.0,28277.225,987.775390625,987.775390625,3.37527897018623
2025-11-02 13:00:00,30216.0,29049.37,1166.630859375,1166.630859375,3.8609705433379666
2025-11-02 14:00:00,30954.0,28767.615,2186.384765625,2186.384765625,7.063335160641597
2025-11-02 15:00:00,30707.0,28668.129,2038.87109375,2038.87109375,6.639759969225258
2025-11-02 16:00:00,30069.0,28643.64,1425.359375,1425.359375,4.74029523762014
2025-11-02 17:00:00,29923.0,28504.637,1418.36328125,1418.36328125,4.740043716372021
2025-11-02 18:00:00,29780.0,28344.783,1435.216796875,1435.216796875,4.819398243368032
2025-11-02 19:00:00,29262.0,28302.525,959.474609375,959.474609375,3.2789098809889956
2025-11-02 20:00:00,29155.0,28184.588,970.412109375,970.412109375,3.328458615589093
2025-11-02 21:00:00,29141.0,27976.467,1164.533203125,1164.533203125,3.9962019255516283
2025-11-02 22:00:00,29564.0,28229.566,1334.43359375,1334.43359375,4.513711249323501
2025-11-02 23:00:00,29838.0,28498.715,1339.28515625,1339.28515625,4.488521872276962
2025-11-03 00:00:00,31208.0,29917.95,1290.05078125,1290.05078125,4.13371821728403
2025-11-03 01:00:00,31610.0,30177.373,1432.626953125,1432.626953125,4.532195359459032
2025-11-03 02:00:00,30904.0,29949.96,954.0390625,954.0390625,3.0871054313357496
2025-11-03 03:00:00,30675.0,29584.287,1090.712890625,1090.712890625,3.555706244906275
2025-11-03 04:00:00,29874.0,28728.09,1145.91015625,1145.91015625,3.835810926725581
2025-11-03 05:00:00,28872.0,28168.701,703.298828125,703.298828125,2.4359200198289
2025-11-03 06:00:00,28071.0,27587.26,483.740234375,483.740234375,1.723273963788251
2025-11-03 07:00:00,27515.0,27209.74,305.259765625,305.259765625,1.1094303675268036
2025-11-03 08:00:00,27288.0,27297.732,-9.732421875,9.732421875,0.03566557415347406
2025-11-03 09:00:00,27273.0,27397.656,-124.65625,124.65625,0.45706834598320684
2025-11-03 10:00:00,27503.0,27407.773,95.2265625,95.2265625,0.34624063738501254
2025-11-03 11:00:00,28129.0,28302.967,-173.966796875,173.966796875,0.6184606522627892
2025-11-03 12:00:00,29489.0,29572.566,-83.56640625,83.56640625,0.2833816211129574
2025-11-03 13:00:00,31629.0,30508.516,1120.484375,1120.484375,3.5425855227797274
2025-11-03 14:00:00,32415.0,31087.494,1327.505859375,1327.505859375,4.095344313975011
2025-11-03 15:00:00,32073.0,31048.537,1024.462890625,1024.462890625,3.194159856031553
2025-11-03 16:00:00,31599.0,30660.617,938.3828125,938.3828125,2.969659838918953
2025-11-03 17:00:00,31365.0,30470.277,894.72265625,894.72265625,2.852614877251714
2025-11-03 18:00:00,31223.0,30474.63,748.369140625,748.369140625,2.3968521302405277
2025-11-03 19:00:00,31202.0,30333.986,868.013671875,868.013671875,2.7819167741651176
2025-11-03 20:00:00,31283.0,30268.371,1014.62890625,1014.62890625,3.243387482818144
2025-11-03 21:00:00,31305.0,30256.53,1048.470703125,1048.470703125,3.349211637517968
2025-11-03 22:00:00,31364.0,30341.746,1022.25390625,1022.25390625,3.2593224915508228
2025-11-03 23:00:00,31629.0,30588.734,1040.265625,1040.265625,3.2889614752284295
2025-11-04 00:00:00,32112.0,31177.385,934.615234375,934.615234375,2.910485906748256
2025-11-04 01:00:00,32371.0,31410.914,960.0859375,960.0859375,2.965882850390782
2025-11-04 02:00:00,31918.0,30991.22,926.779296875,926.779296875,2.9036258439595213
2025-11-04 03:00:00,31397.0,30741.111,655.888671875,655.888671875,2.0890170139663025
2025-11-04 04:00:00,30587.0,29514.668,1072.33203125,1072.33203125,3.5058424534933144
2025-11-04 05:00:00,29512.0,28306.904,1205.095703125,1205.095703125,4.083409132302114
2025-11-04 06:00:00,28445.0,27777.352,667.6484375,667.6484375,2.3471556952012658
2025-11-04 07:00:00,27800.0,27185.63,614.369140625,614.369140625,2.2099609375
2025-11-04 08:00:00,27511.0,27061.479,449.521484375,449.521484375,1.633969991548835
2025-11-04 09:00:00,27425.0,27079.459,345.541015625,345.541015625,1.2599490086599818
2025-11-04 10:00:00,27515.0,27253.701,261.298828125,261.298828125,0.9496595606941669
2025-11-04 11:00:00,27967.0,27824.863,142.13671875,142.13671875,0.5082301238960203
2025-11-04 12:00:00,29156.0,29065.475,90.525390625,90.525390625,0.31048631713883934
2025-11-04 13:00:00,31104.0,30562.674,541.326171875,541.326171875,1.7403747809767234
2025-11-04 14:00:00,31833.0,31317.188,515.8125,515.8125,1.6203703703703702
2025-11-04 15:00:00,31742.0,31241.912,500.087890625,500.087890625,1.575476941040262
2025-11-04 16:00:00,31593.0,30939.887,653.11328125,653.11328125,2.0672721211977336
2025-11-04 17:00:00,31484.0,30746.125,737.875,737.875,2.343650743234659
2025-11-04 18:00:00,31288.0,30928.406,359.59375,359.59375,1.1493024482229608
2025-11-04 19:00:00,31376.0,31133.15,242.849609375,242.849609375,0.7739979901039011
2025-11-04 20:00:00,31553.0,31267.725,285.275390625,285.275390625,0.9041149514309257
2025-11-04 21:00:00,31587.0,31237.5,349.5,349.5,1.1064678506980719
2025-11-04 22:00:00,31643.0,30860.959,782.041015625,782.041015625,2.4714502911386402
2025-11-04 23:00:00,31825.0,31053.207,771.79296875,771.79296875,2.4251153770620584
2025-11-05 00:00:00,32142.0,31559.22,582.779296875,582.779296875,1.8131394962198992
2025-11-05 01:00:00,32318.0,31581.516,736.484375,736.484375,2.278867426820967
2025-11-05 02:00:00,31864.0,31244.164,619.8359375,619.8359375,1.945254636894301
2025-11-05 03:00:00,31187.0,30779.61,407.390625,407.390625,1.3062834674704202
2025-11-05 04:00:00,30316.0,29850.783,465.216796875,465.216796875,1.5345586385901835
2025-11-05 05:00:00,28991.0,28755.732,235.267578125,235.267578125,0.8115193616122245
2025-11-05 06:00:00,27942.0,27841.834,100.166015625,100.166015625,0.35847833234915183
2025-11-05 07:00:00,27186.0,27191.744,-5.744140625,5.744140625,0.021129039303317883
2025-11-05 08:00:00,26871.0,27038.162,-167.162109375,167.162109375,0.622091136820364
2025-11-05 09:00:00,26656.0,26967.674,-311.673828125,311.673828125,1.169244553290066
2025-11-05 10:00:00,26757.0,27160.877,-403.876953125,403.876953125,1.5094253956908472
2025-11-05 11:00:00,27213.0,27713.828,-500.828125,500.828125,1.8404002682541432
2025-11-05 12:00:00,28360.0,28859.453,-499.453125,499.453125,1.7611182122708042
2025-11-05 13:00:00,30396.0,30301.105,94.89453125,94.89453125,0.3121941414988814
2025-11-05 14:00:00,31305.0,30808.361,496.638671875,496.638671875,1.5864515951924612
2025-11-05 15:00:00,31286.0,30884.824,401.17578125,401.17578125,1.2822853073259606
2025-11-05 16:00:00,31152.0,30840.328,311.671875,311.671875,1.000487528890601
2025-11-05 17:00:00,31278.0,30642.518,635.482421875,635.482421875,2.0317233258999936
2025-11-05 18:00:00,31312.0,30644.982,667.017578125,667.017578125,2.1302298739301224
2025-11-05 19:00:00,31390.0,30651.31,738.689453125,738.689453125,2.3532636289423383
2025-11-05 20:00:00,31581.0,30604.344,976.65625,976.65625,3.092543776321206
2025-11-05 21:00:00,31635.0,30758.66,876.33984375,876.33984375,2.7701591394025606
2025-11-05 22:00:00,31732.0,30791.002,940.998046875,940.998046875,2.9654545785799824
2025-11-05 23:00:00,31816.0,30929.045,886.955078125,886.955078125,2.787764263656651
2025-11-06 00:00:00,32166.0,31430.592,735.408203125,735.408203125,2.286290502782441
2025-11-06 01:00:00,32247.0,31474.377,772.623046875,772.623046875,2.395953257279747
2025-11-06 02:00:00,31738.0,31203.27,534.73046875,534.73046875,1.6848272378536768
2025-11-06 03:00:00,31224.0,30743.348,480.65234375,480.65234375,1.5393682543876506
2025-11-06 04:00:00,30364.0,29798.785,565.21484375,565.21484375,1.8614637193716244
2025-11-06 05:00:00,29156.0,28470.936,685.064453125,685.064453125,2.349651711911785
2025-11-06 06:00:00,28086.0,27614.477,471.5234375,471.5234375,1.6788557911414939
2025-11-06 07:00:00,27467.0,26928.438,538.5625,538.5625,1.9607620053154695
2025-11-06 08:00:00,27220.0,26738.205,481.794921875,481.794921875,1.7700033867560618
2025-11-06 09:00:00,27194.0,26545.17,648.830078125,648.830078125,2.3859310072994044
2025-11-06 10:00:00,27246.0,26827.303,418.697265625,418.697265625,1.5367293020076342
2025-11-06 11:00:00,27717.0,27337.645,379.35546875,379.35546875,1.3686743469711729
2025-11-06 12:00:00,28930.0,28391.543,538.45703125,538.45703125,1.8612410343933634
2025-11-06 13:00:00,30881.0,29937.117,943.8828125,943.8828125,3.056516345001781
2025-11-06 14:00:00,31801.0,30675.64,1125.359375,1125.359375,3.5387546775258643
2025-11-06 15:00:00,31837.0,30642.455,1194.544921875,1194.544921875,3.7520649617583315
2025-11-06 16:00:00,31807.0,30630.262,1176.73828125,1176.73828125,3.6996204648347844
2025-11-06 17:00:00,31680.0,30748.492,931.5078125,931.5078125,2.9403655697601008
2025-11-06 18:00:00,31702.0,30743.979,958.021484375,958.021484375,3.021959133098858
2025-11-06 19:00:00,31847.0,30706.969,1140.03125,1140.03125,3.579713159795271
2025-11-06 20:00:00,32162.0,31041.63,1120.369140625,1120.369140625,3.483518253295815
2025-11-06 21:00:00,32201.0,30775.8,1425.19921875,1425.19921875,4.425947078506879
2025-11-06 22:00:00,32211.0,30688.836,1522.1640625,1522.1640625,4.72560324889013
2025-11-06 23:00:00,32290.0,30862.492,1427.5078125,1427.5078125,4.420897530195107
2025-11-07 00:00:00,32756.0,31326.258,1429.7421875,1429.7421875,4.364825337342777
2025-11-07 01:00:00,32767.0,31335.727,1431.2734375,1431.2734375,4.368033196508683
2025-11-07 02:00:00,32345.0,31037.352,1307.6484375,1307.6484375,4.042814770443655
2025-11-07 03:00:00,31694.0,30662.402,1031.59765625,1031.59765625,3.2548673447655703
2025-11-07 04:00:00,30776.0,29758.861,1017.138671875,1017.138671875,3.304973589404081
2025-11-07 05:00:00,29500.0,28436.56,1063.439453125,1063.439453125,3.6048795021186444
2025-11-07 06:00:00,28424.0,27581.04,842.9609375,842.9609375,2.9656661184210527
2025-11-07 07:00:00,27711.0,26889.938,821.0625,821.0625,2.962947926816066
2025-11-07 08:00:00,27249.0,26808.705,440.294921875,440.294921875,1.6158204773569673
2025-11-07 09:00:00,27064.0,26760.854,303.146484375,303.146484375,1.1201096821423293
2025-11-07 10:00:00,26935.0,27026.238,-91.23828125,91.23828125,0.3387350334137739
2025-11-07 11:00:00,27307.0,27583.809,-276.80859375,276.80859375,1.013690972095067
2025-11-07 12:00:00,28412.0,28581.592,-169.591796875,169.591796875,0.5969020022349711
2025-11-07 13:00:00,30168.0,30055.855,112.14453125,112.14453125,0.37173339714266773
2025-11-07 14:00:00,31120.0,30655.014,464.986328125,464.986328125,1.4941720055430592
2025-11-07 15:00:00,31239.0,30721.68,517.3203125,517.3203125,1.6560079147860045
2025-11-07 16:00:00,31280.0,30746.766,533.234375,533.234375,1.7047134750639386
2025-11-07 17:00:00,31514.0,30628.889,885.111328125,885.111328125,2.8086289526083648
2025-11-07 18:00:00,31698.0,30591.592,1106.408203125,1106.408203125,3.490466916288094
2025-11-07 19:00:00,31867.0,30724.623,1142.376953125,1142.376953125,3.5848274174694827
2025-11-07 20:00:00,32162.0,30939.428,1222.572265625,1222.572265625,3.801294277796779
2025-11-07 21:00:00,32171.0,30904.512,1266.48828125,1266.48828125,3.9367389302477385
2025-11-07 22:00:00,32154.0,30937.732,1216.267578125,1216.267578125,3.782632263870747
2025-11-07 23:00:00,32113.0,31146.598,966.40234375,966.40234375,3.0093804495064305
2025-11-08 00:00:00,32053.0,30628.604,1424.396484375,1424.396484375,4.443878839344211
2025-11-08 01:00:00,31788.0,30574.67,1213.330078125,1213.330078125,3.816943746460929
2025-11-08 02:00:00,31146.0,30275.762,870.23828125,870.23828125,2.794061135458807
2025-11-08 03:00:00,30593.0,29896.87,696.130859375,696.130859375,2.2754579785408424
2025-11-08 04:00:00,29905.0,28853.855,1051.14453125,1051.14453125,3.5149457657582346
2025-11-08 05:00:00,29105.0,27786.002,1318.998046875,1318.998046875,4.531860666122659
2025-11-08 06:00:00,28263.0,26830.896,1432.103515625,1432.103515625,5.067061230672611
2025-11-08 07:00:00,27670.0,26303.615,1366.384765625,1366.384765625,4.938145159468739
2025-11-08 08:00:00,27180.0,26041.219,1138.78125,1138.78125,4.189776490066225
2025-11-08 09:00:00,26972.0,26051.695,920.3046875,920.3046875,3.412074327079935
2025-11-08 10:00:00,26932.0,25972.031,959.96875,959.96875,3.5644168646962724
2025-11-08 11:00:00,27192.0,26243.408,948.591796875,948.591796875,3.4884958696491615
2025-11-08 12:00:00,27690.0,26899.662,790.337890625,790.337890625,2.854235791350668
2025-11-08 13:00:00,28553.0,28188.535,364.46484375,364.46484375,1.2764502635449866
2025-11-08 14:00:00,29292.0,28925.602,366.3984375,366.3984375,1.2508481411306842
2025-11-08 15:00:00,29983.0,29172.363,810.63671875,810.63671875,2.7036544666977953
2025-11-08 16:00:00,30340.0,29395.549,944.451171875,944.451171875,3.1128911399967043
2025-11-08 17:00:00,30488.0,29340.92,1147.080078125,1147.080078125,3.7623985768991077
2025-11-08 18:00:00,30691.0,29363.133,1327.8671875,1327.8671875,4.3265686601935425
2025-11-08 19:00:00,30722.0,29526.756,1195.244140625,1195.244140625,3.890515398167437
2025-11-08 20:00:00,30700.0,29549.979,1150.021484375,1150.021484375,3.74599832043974
2025-11-08 21:00:00,30698.0,29431.701,1266.298828125,1266.298828125,4.125020614127957
2025-11-08 22:00:00,30769.0,29520.773,1248.2265625,1248.2265625,4.056766753875654
2025-11-08 23:00:00,30923.0,29803.486,1119.513671875,1119.513671875,3.620326850160075
2025-11-09 00:00:00,31376.0,30260.094,1115.90625,1115.90625,3.556559950280469
2025-11-09 01:00:00,31546.0,30124.129,1421.87109375,1421.87109375,4.507294407373359
2025-11-09 02:00:00,31161.0,29826.305,1334.6953125,1334.6953125,4.283223620872245
2025-11-09 03:00:00,30780.0,29514.287,1265.712890625,1265.712890625,4.112127649853801
2025-11-09 04:00:00,30400.0,29168.135,1231.865234375,1231.865234375,4.052188270970395
2025-11-09 05:00:00,29730.0,28355.129,1374.87109375,1374.87109375,4.624524365119409
2025-11-09 06:00:00,29019.0,27635.652,1383.34765625,1383.34765625,4.767041098073676
2025-11-09 07:00:00,28470.0,27160.047,1309.953125,1309.953125,4.601170091324201
2025-11-09 08:00:00,28131.0,27075.852,1055.1484375,1055.1484375,3.7508387099640967
2025-11-09 09:00:00,28038.0,27058.422,979.578125,979.578125,3.4937517832941007
2025-11-09 10:00:00,28132.0,26977.156,1154.84375,1154.84375,4.105089399971563
2025-11-09 11:00:00,28386.0,27687.436,698.564453125,698.564453125,2.460947132829564
2025-11-09 12:00:00,28820.0,28139.92,680.080078125,680.080078125,2.3597504445697433
2025-11-09 13:00:00,29630.0,29289.678,340.322265625,340.322265625,1.1485732893182585
2025-11-09 14:00:00,30467.0,30295.91,171.08984375,171.08984375,0.56155789460728
2025-11-09 15:00:00,31348.0,30838.436,509.564453125,509.564453125,1.6255086548583642
2025-11-09 16:00:00,31688.0,30794.55,893.44921875,893.44921875,2.8195191200138856
2025-11-09 17:00:00,31759.0,30746.39,1012.609375,1012.609375,3.1884170628798136
2025-11-09 18:00:00,31527.0,30463.197,1063.802734375,1063.802734375,3.374259315428046
2025-11-09 19:00:00,31390.0,30502.957,887.04296875,887.04296875,2.8258775684931505
2025-11-09 20:00:00,31145.0,30370.656,774.34375,774.34375,2.486253812811045
2025-11-09 21:00:00,31011.0,30636.2,374.80078125,374.80078125,1.208605918061333
2025-11-09 22:00:00,31210.0,30676.01,533.990234375,533.990234375,1.7109587772348607
2025-11-09 23:00:00,31987.0,31092.9,894.099609375,894.099609375,2.7951968280082533
2025-11-10 00:00:00,33434.0,32058.172,1375.828125,1375.828125,4.115056903152479
2025-11-10 01:00:00,34084.0,32313.225,1770.775390625,1770.775390625,5.195327398852834
2025-11-10 02:00:00,34036.0,32535.412,1500.587890625,1500.587890625,4.4088256276442594
2025-11-10 03:00:00,33868.0,32450.256,1417.744140625,1417.744140625,4.1860875771377115
2025-11-10 04:00:00,33394.0,31909.309,1484.69140625,1484.69140625,4.445982530544409
2025-11-10 05:00:00,32642.0,31341.863,1300.13671875,1300.13671875,3.98301794850193
2025-11-10 06:00:00,31953.0,30441.66,1511.33984375,1511.33984375,4.729884028886176
2025-11-10 07:00:00,31503.0,29852.361,1650.638671875,1650.638671875,5.23962375607085
2025-11-10 08:00:00,31365.0,29718.5,1646.5,1646.5,5.249481906583772
2025-11-10 09:00:00,31425.0,29764.826,1660.173828125,1660.173828125,5.282971608989659
2025-11-10 10:00:00,31694.0,29890.855,1803.14453125,1803.14453125,5.689229921278476
2025-11-10 11:00:00,32324.0,30556.896,1767.103515625,1767.103515625,5.466846663856577
2025-11-10 12:00:00,33698.0,31661.934,2036.06640625,2036.06640625,6.042098659415989
2025-11-10 13:00:00,35862.0,32854.125,3007.875,3007.875,8.387359879538229
2025-11-10 14:00:00,36935.0,33383.168,3551.83203125,3551.83203125,9.616439775957764
2025-11-10 15:00:00,36564.0,33706.91,2857.08984375,2857.08984375,7.813942248523137
2025-11-10 16:00:00,35830.0,33748.71,2081.2890625,2081.2890625,5.808788898967346
2025-11-10 17:00:00,35287.0,33400.887,1886.11328125,1886.11328125,5.345065551761271
2025-11-10 18:00:00,34703.0,32912.3,1790.69921875,1790.69921875,5.160070364954039
2025-11-10 19:00:00,34092.0,32624.307,1467.693359375,1467.693359375,4.305096091091752
2025-11-10 20:00:00,33626.0,32471.955,1154.044921875,1154.044921875,3.432001789909594
2025-11-10 21:00:00,33167.0,32436.074,730.92578125,730.92578125,2.2037741768926944
2025-11-10 22:00:00,33177.0,32960.133,216.8671875,216.8671875,0.6536672619585858
2025-11-10 23:00:00,33766.0,33918.887,-152.88671875,152.88671875,0.4527830324883018
2025-11-11 00:00:00,35031.0,33838.5,1192.5,1192.5,3.4041277725443178
2025-11-11 01:00:00,35741.0,34298.85,1442.1484375,1442.1484375,4.034997446909712
2025-11-11 02:00:00,35622.0,34247.816,1374.18359375,1374.18359375,3.857682313598338
2025-11-11 03:00:00,35384.0,34065.25,1318.75,1318.75,3.726966990730274
2025-11-11 04:00:00,34642.0,33574.344,1067.65625,1067.65625,3.0819705848392127
2025-11-11 05:00:00,33582.0,32324.75,1257.25,1257.25,3.7438210946340305
2025-11-11 06:00:00,32642.0,31755.719,886.28125,886.28125,2.7151560872495555
2025-11-11 07:00:00,31938.0,31042.117,895.8828125,895.8828125,2.8050686094933934
2025-11-11 08:00:00,31565.0,30688.883,876.1171875,876.1171875,2.7755969824172344
2025-11-11 09:00:00,31490.0,30729.88,760.119140625,760.119140625,2.413842936249603
2025-11-11 10:00:00,31533.0,30468.623,1064.376953125,1064.376953125,3.3754382809279173
2025-11-11 11:00:00,31983.0,30917.014,1065.986328125,1065.986328125,3.3329779199105776
2025-11-11 12:00:00,33108.0,32102.197,1005.802734375,1005.802734375,3.0379447093602754
2025-11-11 13:00:00,34951.0,33938.508,1012.4921875,1012.4921875,2.896890468083889
2025-11-11 14:00:00,35599.0,34596.875,1002.125,1002.125,2.8150369392398664
2025-11-11 15:00:00,35085.0,33934.504,1150.49609375,1150.49609375,3.27916800270771
2025-11-11 16:00:00,34232.0,33266.848,965.15234375,965.15234375,2.8194447994566487
2025-11-11 17:00:00,33452.0,33034.465,417.53515625,417.53515625,1.2481620119873251
2025-11-11 18:00:00,32540.0,32067.93,472.0703125,472.0703125,1.4507385141364475
2025-11-11 19:00:00,32054.0,32093.041,-39.041015625,39.041015625,0.12179764031010169
2025-11-11 20:00:00,31740.0,31852.342,-112.341796875,112.341796875,0.3539439094990548
2025-11-11 21:00:00,31416.0,31710.742,-294.7421875,294.7421875,0.9381913276674305
2025-11-11 22:00:00,31288.0,31807.996,-519.99609375,519.99609375,1.661966548676809
2025-11-11 23:00:00,31540.0,32298.588,-758.587890625,758.587890625,2.405161352647432
2025-11-12 00:00:00,32380.0,33163.348,-783.34765625,783.34765625,2.4192330335083385
2025-11-12 01:00:00,32744.0,33665.086,-921.0859375,921.0859375,2.812991502259956
2025-11-12 02:00:00,32365.0,33665.086,-1300.0859375,1300.0859375,4.016950216283021
2025-11-12 03:00:00,31896.0,33561.418,-1665.41796875,1665.41796875,5.22140070463381
2025-11-12 04:00:00,31144.0,32658.045,-1514.044921875,1514.044921875,4.861433733223093
2025-11-12 05:00:00,30108.0,31572.553,-1464.552734375,1464.552734375,4.864330856832071
2025-11-12 06:00:00,29213.0,30439.104,-1226.103515625,1226.103515625,4.197116063482011
2025-11-12 07:00:00,28641.0,29927.467,-1286.466796875,1286.466796875,4.4916965080653615
2025-11-12 08:00:00,28449.0,29542.193,-1093.193359375,1093.193359375,3.842642480842912
2025-11-12 09:00:00,28385.0,29507.78,-1122.779296875,1122.779296875,3.955537420732781
2025-11-12 10:00:00,28507.0,29606.74,-1099.740234375,1099.740234375,3.8577901370715963
2025-11-12 11:00:00,29117.0,30428.312,-1311.3125,1311.3125,4.503597554693135
2025-11-12 12:00:00,30489.0,31458.586,-969.5859375,969.5859375,3.1801172144051955
2025-11-12 13:00:00,32583.0,32739.658,-156.658203125,156.658203125,0.4807973579013596
2025-11-12 14:00:00,33436.0,33191.242,244.7578125,244.7578125,0.7320188195358296
2025-11-12 15:00:00,32915.0,32936.074,-21.07421875,21.07421875,0.06402618487012
2025-11-12 16:00:00,32176.0,32263.5,-87.5,87.5,0.2719418199900547
2025-11-12 17:00:00,31835.0,31934.428,-99.427734375,99.427734375,0.3123220806502277
2025-11-12 18:00:00,31396.0,31282.0,114.0,114.0,0.36310358007389476
2025-11-12 19:00:00,31211.0,31141.406,69.59375,69.59375,0.22297827688955818
2025-11-12 20:00:00,31269.0,30907.324,361.67578125,361.67578125,1.1566592511752853
2025-11-12 21:00:00,31314.0,30671.906,642.09375,642.09375,2.0505005748227627
2025-11-12 22:00:00,31430.0,30481.668,948.33203125,948.33203125,3.0172829502068086
2025-11-12 23:00:00,31643.0,30647.402,995.59765625,995.59765625,3.146344076889043
2025-11-13 00:00:00,32260.0,31450.906,809.09375,809.09375,2.5080401425914447
2025-11-13 01:00:00,32510.0,31727.62,782.380859375,782.380859375,2.4065852333897264
2025-11-13 02:00:00,32139.0,31460.717,678.283203125,678.283203125,2.1104676658421235
2025-11-13 03:00:00,31766.0,31150.48,615.51953125,615.51953125,1.9376677304350565
2025-11-13 04:00:00,30881.0,30273.58,607.419921875,607.419921875,1.966969728554775
2025-11-13 05:00:00,29795.0,29240.986,554.013671875,554.013671875,1.8594182643899984
2025-11-13 06:00:00,28834.0,28411.092,422.908203125,422.908203125,1.466699740323923
2025-11-13 07:00:00,28273.0,27863.006,409.994140625,409.994140625,1.4501260588724225
2025-11-13 08:00:00,27945.0,27507.596,437.404296875,437.404296875,1.5652327674897117
2025-11-13 09:00:00,27891.0,27434.22,456.779296875,456.779296875,1.637730080940088
2025-11-13 10:00:00,27950.0,27572.129,377.87109375,377.87109375,1.3519538237924866
2025-11-13 11:00:00,28398.0,28089.193,308.806640625,308.806640625,1.0874239052926262
2025-11-13 12:00:00,29598.0,29378.838,219.162109375,219.162109375,0.7404625629265491
2025-11-13 13:00:00,31541.0,30964.506,576.494140625,576.494140625,1.8277611382803336
2025-11-13 14:00:00,32503.0,31849.92,653.080078125,653.080078125,2.009291690382426
2025-11-13 15:00:00,32252.0,31554.855,697.14453125,697.14453125,2.161554419105792
2025-11-13 16:00:00,31837.0,31085.22,751.779296875,751.779296875,2.361338370056852
2025-11-13 17:00:00,31735.0,30833.115,901.884765625,901.884765625,2.8419245805104776
2025-11-13 18:00:00,31662.0,30798.936,863.064453125,863.064453125,2.7258684010012004
2025-11-13 19:00:00,31708.0,31321.91,386.08984375,386.08984375,1.217641742620159
2025-11-13 20:00:00,31901.0,31469.742,431.2578125,431.2578125,1.3518629901883954
2025-11-13 21:00:00,31951.0,31174.201,776.798828125,776.798828125,2.431219142202122
2025-11-13 22:00:00,31998.0,30857.32,1140.6796875,1140.6796875,3.564846826364148
2025-11-13 23:00:00,32171.0,30827.139,1343.861328125,1343.861328125,4.177244500093251
2025-11-14 00:00:00,32543.0,31558.281,984.71875,984.71875,3.025900347232892
2025-11-14 01:00:00,32674.0,31616.887,1057.11328125,1057.11328125,3.2353347654098057
2025-11-14 02:00:00,32311.0,31522.42,788.580078125,788.580078125,2.4405932286992047
2025-11-14 03:00:00,31801.0,31177.535,623.46484375,623.46484375,1.9605196180937707
2025-11-14 04:00:00,30979.0,30227.514,751.486328125,751.486328125,2.425792724506924
2025-11-14 05:00:00,29726.0,29159.957,566.04296875,566.04296875,1.9042016038148424
2025-11-14 06:00:00,28557.0,28112.541,444.458984375,444.458984375,1.5563924234863606
2025-11-14 07:00:00,27763.0,27558.357,204.642578125,204.642578125,0.7371054213341497
2025-11-14 08:00:00,27225.0,27203.44,21.560546875,21.560546875,0.07919392791551882
2025-11-14 09:00:00,26937.0,27166.957,-229.95703125,229.95703125,0.8536846391580354
2025-11-14 10:00:00,26926.0,27135.748,-209.748046875,209.748046875,0.778979599179232
2025-11-14 11:00:00,27253.0,27436.15,-183.150390625,183.150390625,0.6720375394451987
2025-11-14 12:00:00,28248.0,28604.367,-356.3671875,356.3671875,1.261566084324554
2025-11-14 13:00:00,30053.0,30167.988,-114.98828125,114.98828125,0.3826183118157921
2025-11-14 14:00:00,30977.0,31111.54,-134.5390625,134.5390625,0.4343192126416373
2025-11-14 15:00:00,31232.0,31080.477,151.5234375,151.5234375,0.48515444896260246
2025-11-14 16:00:00,31418.0,30719.988,698.01171875,698.01171875,2.221693674804252
2025-11-14 17:00:00,31722.0,30940.266,781.734375,781.734375,2.464328778135048
2025-11-14 18:00:00,31948.0,31247.229,700.771484375,700.771484375,2.193475286011644
2025-11-14 19:00:00,32188.0,31704.977,483.0234375,483.0234375,1.500632029017025
2025-11-14 20:00:00,32676.0,31882.55,793.44921875,793.44921875,2.428232399161464
2025-11-14 21:00:00,32849.0,31823.49,1025.509765625,1025.509765625,3.1218903638619135
2025-11-14 22:00:00,32862.0,31529.88,1332.119140625,1332.119140625,4.053676406259509
2025-11-14 23:00:00,32840.0,31160.426,1679.57421875,1679.57421875,5.114416013246041
2025-11-15 00:00:00,32874.0,30804.383,2069.6171875,2069.6171875,6.295604999391617
2025-11-15 01:00:00,32627.0,30707.744,1919.255859375,1919.255859375,5.882415972584056
2025-11-15 02:00:00,31907.0,30672.256,1234.744140625,1234.744140625,3.869822109960197
2025-11-15 03:00:00,31313.0,30285.842,1027.158203125,1027.158203125,3.2802931789512346
2025-11-15 04:00:00,30599.0,29447.744,1151.255859375,1151.255859375,3.762397004395569
2025-11-15 05:00:00,29662.0,28299.447,1362.552734375,1362.552734375,4.593596973821724
2025-11-15 06:00:00,28626.0,27170.424,1455.576171875,1455.576171875,5.0848046247292675
2025-11-15 07:00:00,27733.0,26502.896,1230.103515625,1230.103515625,4.435522718872823
2025-11-15 08:00:00,27097.0,26071.512,1025.48828125,1025.48828125,3.7845085479942426
2025-11-15 09:00:00,26636.0,25817.406,818.59375,818.59375,3.0732608124342997
2025-11-15 10:00:00,26433.0,25743.533,689.466796875,689.466796875,2.608356209567586
2025-11-15 11:00:00,26491.0,26098.766,392.234375,392.234375,1.4806325733267902
2025-11-15 12:00:00,26884.0,26606.906,277.09375,277.09375,1.0307013465258146
2025-11-15 13:00:00,27581.0,28044.986,-463.986328125,463.986328125,1.6822679675319967
2025-11-15 14:00:00,28158.0,28718.525,-560.525390625,560.525390625,1.9906434783187728
2025-11-15 15:00:00,29023.0,29127.314,-104.314453125,104.314453125,0.3594199535713055
2025-11-15 16:00:00,29562.0,29344.14,217.859375,217.859375,0.7369574961098708
2025-11-15 17:00:00,30179.0,30020.025,158.974609375,158.974609375,0.5267722899201431
2025-11-15 18:00:00,30629.0,30244.879,384.12109375,384.12109375,1.254109157171308
2025-11-15 19:00:00,31135.0,30491.81,643.189453125,643.189453125,2.0658084250040147
2025-11-15 20:00:00,31644.0,30560.436,1083.564453125,1083.564453125,3.4242335138572875
2025-11-15 21:00:00,31930.0,30497.902,1432.09765625,1432.09765625,4.485116367835891
2025-11-15 22:00:00,32171.0,30170.074,2000.92578125,2000.92578125,6.2196567755121075
2025-11-15 23:00:00,32222.0,29920.176,2301.82421875,2301.82421875,7.1436416695115135
2025-11-16 00:00:00,32205.0,30550.799,1654.201171875,1654.201171875,5.136473131113181
2025-11-16 01:00:00,31833.0,30327.291,1505.708984375,1505.708984375,4.730025396208337
2025-11-16 02:00:00,31033.0,29998.842,1034.158203125,1034.158203125,3.332446760303548
2025-11-16 03:00:00,30454.0,29606.861,847.138671875,847.138671875,2.781699191813883
2025-11-16 04:00:00,29735.0,28983.576,751.423828125,751.423828125,2.5270685324533377
2025-11-16 05:00:00,28774.0,28206.502,567.498046875,567.498046875,1.9722598417842498
2025-11-16 06:00:00,27833.0,27210.318,622.681640625,622.681640625,2.2372063400459883
2025-11-16 07:00:00,27040.0,26668.273,371.7265625,371.7265625,1.3747284116124259
2025-11-16 08:00:00,26531.0,26115.05,415.94921875,415.94921875,1.567785679959293
2025-11-16 09:00:00,26277.0,25739.1,537.900390625,537.900390625,2.047038819595083
2025-11-16 10:00:00,26208.0,25838.502,369.498046875,369.498046875,1.4098673949748168
2025-11-16 11:00:00,26365.0,25838.951,526.048828125,526.048828125,1.995254421107529
2025-11-16 12:00:00,26706.0,26226.354,479.646484375,479.646484375,1.7960251792668314
2025-11-16 13:00:00,27360.0,26772.736,587.263671875,587.263671875,2.146431549250731
2025-11-16 14:00:00,27977.0,27271.84,705.16015625,705.16015625,2.5204995398005505
2025-11-16 15:00:00,28628.0,27932.656,695.34375,695.34375,2.4288939150482047
2025-11-16 16:00:00,28887.0,28358.982,528.017578125,528.017578125,1.827872669799564
2025-11-16 17:00:00,29161.0,28754.656,406.34375,406.34375,1.3934492987208942
2025-11-16 18:00:00,29512.0,29065.475,446.525390625,446.525390625,1.5130299221503118
2025-11-16 19:00:00,29900.0,29416.246,483.75390625,483.75390625,1.6179060409698995
2025-11-16 20:00:00,30212.0,29783.9,428.099609375,428.099609375,1.41698533488349
2025-11-16 21:00:00,30460.0,29794.432,665.568359375,665.568359375,2.1850569907255415
2025-11-16 22:00:00,30682.0,29872.21,809.7890625,809.7890625,2.6392968597223128
2025-11-16 23:00:00,31069.0,29912.576,1156.423828125,1156.423828125,3.722114738565773
2025-11-17 00:00:00,31784.0,31382.953,401.046875,401.046875,1.2617885571356657
2025-11-17 01:00:00,31884.0,31178.219,705.78125,705.78125,2.213590672437586
2025-11-17 02:00:00,31582.0,30693.535,888.46484375,888.46484375,2.8132000625356217
2025-11-17 03:00:00,31011.0,30197.846,813.154296875,813.154296875,2.6221479374254297
2025-11-17 04:00:00,30276.0,29576.67,699.330078125,699.330078125,2.3098496436946756
2025-11-17 05:00:00,29161.0,28804.873,356.126953125,356.126953125,1.221243966684956
2025-11-17 06:00:00,28127.0,28250.584,-123.583984375,123.583984375,0.43937847753048676
2025-11-17 07:00:00,27426.0,27868.877,-442.876953125,442.876953125,1.6148069464194559
2025-11-17 08:00:00,27058.0,27545.754,-487.75390625,487.75390625,1.8026236464261955
2025-11-17 09:00:00,26932.0,27505.209,-573.208984375,573.208984375,2.1283565437954852
2025-11-17 10:00:00,26972.0,27610.121,-638.12109375,638.12109375,2.3658649479089426
2025-11-17 11:00:00,27409.0,27921.045,-512.044921875,512.044921875,1.86816345680251
2025-11-17 12:00:00,28561.0,28830.592,-269.591796875,269.591796875,0.9439158183361928
2025-11-17 13:00:00,30614.0,29258.998,1355.001953125,1355.001953125,4.426085951280459
2025-11-17 14:00:00,31792.0,29727.102,2064.8984375,2064.8984375,6.495025281517362
2025-11-17 15:00:00,32152.0,30148.723,2003.27734375,2003.27734375,6.230646130100771
2025-11-17 16:00:00,32413.0,30251.92,2161.080078125,2161.080078125,6.667325079829081
2025-11-17 17:00:00,32637.0,30406.395,2230.60546875,2230.60546875,6.834591012501148
2025-11-17 18:00:00,32689.0,30842.658,1846.341796875,1846.341796875,5.648205197084646
2025-11-17 19:00:00,32949.0,31563.111,1385.888671875,1385.888671875,4.206163075890012
2025-11-17 20:00:00,33336.0,31852.7,1483.30078125,1483.30078125,4.449546380039597
2025-11-17 21:00:00,33391.0,32091.406,1299.59375,1299.59375,3.89204800694798
2025-11-17 22:00:00,33504.0,31789.729,1714.271484375,1714.271484375,5.116617372179441
2025-11-17 23:00:00,33518.0,31557.08,1960.919921875,1960.919921875,5.850348833089683
2025-11-18 00:00:00,33900.0,31664.943,2235.056640625,2235.056640625,6.593087435471976
2025-11-18 01:00:00,33908.0,31804.334,2103.666015625,2103.666015625,6.204040390542056
2025-11-18 02:00:00,33240.0,31544.014,1695.986328125,1695.986328125,5.102245271134176
2025-11-18 03:00:00,32615.0,31161.35,1453.650390625,1453.650390625,4.456999511344473
2025-11-18 04:00:00,31742.0,30267.371,1474.62890625,1474.62890625,4.645671054911474
2025-11-18 05:00:00,30451.0,29202.812,1248.1875,1248.1875,4.099003316804046
2025-11-18 06:00:00,29225.0,28589.562,635.4375,635.4375,2.174294268605646
2025-11-18 07:00:00,28251.0,28043.78,207.220703125,207.220703125,0.733498648277937
2025-11-18 08:00:00,27622.0,27815.055,-193.0546875,193.0546875,0.6989163981608862
2025-11-18 09:00:00,27433.0,27780.646,-347.646484375,347.646484375,1.267256531822987
2025-11-18 10:00:00,27489.0,27739.742,-250.7421875,250.7421875,0.9121546345811051
2025-11-18 11:00:00,27717.0,28042.172,-325.171875,325.171875,1.1731856802684273
2025-11-18 12:00:00,28801.0,28723.617,77.3828125,77.3828125,0.26868099197944517
2025-11-18 13:00:00,30605.0,30277.777,327.22265625,327.22265625,1.0691803831073354
2025-11-18 14:00:00,31609.0,31064.932,544.068359375,544.068359375,1.721245086446898
2025-11-18 15:00:00,31722.0,31388.064,333.935546875,333.935546875,1.0526938619097157
2025-11-18 16:00:00,31804.0,31533.883,270.1171875,270.1171875,0.8493182854357942
2025-11-18 17:00:00,31902.0,31539.535,362.46484375,362.46484375,1.1361821946899882
2025-11-18 18:00:00,32125.0,31548.35,576.650390625,576.650390625,1.7950206712062255
2025-11-18 19:00:00,32457.0,31593.766,863.234375,863.234375,2.6596246572388083
2025-11-18 20:00:00,32698.0,31958.695,739.3046875,739.3046875,2.261008891981161
2025-11-18 21:00:00,32773.0,32100.514,672.486328125,672.486328125,2.0519523025813933
2025-11-18 22:00:00,32834.0,32182.643,651.357421875,651.357421875,1.9837894313059632
2025-11-18 23:00:00,32842.0,32154.11,687.890625,687.890625,2.0945454753060107
2025-11-19 00:00:00,33179.0,32424.984,754.015625,754.015625,2.272568868862835
2025-11-19 01:00:00,33125.0,32450.895,674.10546875,674.10546875,2.035035377358491
2025-11-19 02:00:00,32530.0,32354.34,175.66015625,175.66015625,0.5399943321549339
2025-11-19 03:00:00,31929.0,31762.303,166.697265625,166.697265625,0.5220873363556642
2025-11-19 04:00:00,31173.0,31225.025,-52.025390625,52.025390625,0.16689247305360408
2025-11-19 05:00:00,29983.0,29883.824,99.17578125,99.17578125,0.3307733757462562
2025-11-19 06:00:00,28832.0,28790.979,41.021484375,41.021484375,0.14227762338720865
2025-11-19 07:00:00,28027.0,27924.908,102.091796875,102.091796875,0.3642623073286474
2025-11-19 08:00:00,27475.0,27460.273,14.7265625,14.7265625,0.05359986351228389
2025-11-19 09:00:00,27211.0,27293.514,-82.513671875,82.513671875,0.3032364553856896
2025-11-19 10:00:00,27267.0,27313.336,-46.3359375,46.3359375,0.16993412366596986
2025-11-19 11:00:00,27714.0,27439.113,274.88671875,274.88671875,0.9918695199177312
2025-11-19 12:00:00,28905.0,28630.992,274.0078125,274.0078125,0.9479599117799689
2025-11-19 13:00:00,30845.0,29931.418,913.58203125,913.58203125,2.961848050737559
2025-11-19 14:00:00,31947.0,30884.293,1062.70703125,1062.70703125,3.326468936832879
2025-11-19 15:00:00,32197.0,30898.434,1298.56640625,1298.56640625,4.033190689349939
2025-11-19 16:00:00,32235.0,30978.691,1256.30859375,1256.30859375,3.8973432410423454
2025-11-19 17:00:00,32445.0,31027.645,1417.35546875,1417.35546875,4.368486573431961
2025-11-19 18:00:00,32313.0,31213.625,1099.375,1099.375,3.4022684368520415
2025-11-19 19:00:00,32294.0,31452.248,841.751953125,841.751953125,2.6065273831826343
2025-11-19 20:00:00,32470.0,31558.08,911.919921875,911.919921875,2.808499913381583
2025-11-19 21:00:00,32546.0,31626.49,919.509765625,919.509765625,2.825261984959749
2025-11-19 22:00:00,32493.0,31679.967,813.033203125,813.033203125,2.5021795559812885
2025-11-19 23:00:00,32634.0,31666.406,967.59375,967.59375,2.964986670343813
2025-11-20 00:00:00,33247.0,32521.938,725.0625,725.0625,2.180835864890065
2025-11-20 01:00:00,33336.0,32372.213,963.787109375,963.787109375,2.8911300377219824
2025-11-20 02:00:00,32814.0,31992.416,821.583984375,821.583984375,2.503760542375206
2025-11-20 03:00:00,32360.0,31335.193,1024.806640625,1024.806640625,3.166893203414709
2025-11-20 04:00:00,31435.0,30453.918,981.08203125,981.08203125,3.120986261332909
2025-11-20 05:00:00,30244.0,29474.633,769.3671875,769.3671875,2.5438671720010584
2025-11-20 06:00:00,29020.0,28252.63,767.369140625,767.369140625,2.644276845709855
2025-11-20 07:00:00,28109.0,27537.328,571.671875,571.671875,2.033768099185314
2025-11-20 08:00:00,27669.0,26897.436,771.564453125,771.564453125,2.7885520008854674
2025-11-20 09:00:00,27400.0,26844.508,555.4921875,555.4921875,2.02734375
2025-11-20 10:00:00,27388.0,26832.75,555.25,555.25,2.0273477435373155
2025-11-20 11:00:00,27761.0,27316.62,444.380859375,444.380859375,1.600737939465437
2025-11-20 12:00:00,28799.0,28483.568,315.431640625,315.431640625,1.0952867829612138
2025-11-20 13:00:00,30612.0,29913.098,698.90234375,698.90234375,2.2830992543773685
2025-11-20 14:00:00,31797.0,31063.494,733.505859375,733.505859375,2.306839825691103
2025-11-20 15:00:00,32121.0,31197.082,923.91796875,923.91796875,2.8763673881572807
2025-11-20 16:00:00,32404.0,31234.865,1169.134765625,1169.134765625,3.607995203138501
2025-11-20 17:00:00,32588.0,31374.621,1213.37890625,1213.37890625,3.723391758469375
2025-11-20 18:00:00,32570.0,31351.55,1218.44921875,1218.44921875,3.741016944273871
2025-11-20 19:00:00,32467.0,31352.691,1114.30859375,1114.30859375,3.432126755628792
2025-11-20 20:00:00,32497.0,31582.85,914.150390625,914.150390625,2.8130300970089546
2025-11-20 21:00:00,32254.0,31491.818,762.181640625,762.181640625,2.363060831602282
2025-11-20 22:00:00,32171.0,31576.55,594.44921875,594.44921875,1.8477797356314694
2025-11-20 23:00:00,32364.0,31588.633,775.3671875,775.3671875,2.3957705706958348
2025-11-21 00:00:00,33012.0,32494.219,517.78125,517.78125,1.5684637404580153
2025-11-21 01:00:00,33006.0,32319.951,686.048828125,686.048828125,2.078557923180634
2025-11-21 02:00:00,32650.0,31834.764,815.236328125,815.236328125,2.496895338820827
2025-11-21 03:00:00,32239.0,31542.832,696.16796875,696.16796875,2.1593969066968577
2025-11-21 04:00:00,31494.0,30573.639,920.361328125,920.361328125,2.9223386299771383
2025-11-21 05:00:00,30331.0,29527.662,803.337890625,803.337890625,2.648570408575385
2025-11-21 06:00:00,29190.0,28439.275,750.724609375,750.724609375,2.5718554620589242
2025-11-21 07:00:00,28411.0,27580.42,830.580078125,830.580078125,2.9234454194678117
2025-11-21 08:00:00,27928.0,27107.908,820.091796875,820.091796875,2.936450146358493
2025-11-21 09:00:00,27646.0,26783.543,862.45703125,862.45703125,3.119644907943283
2025-11-21 10:00:00,27616.0,26765.174,850.826171875,850.826171875,3.0809174821661354
2025-11-21 11:00:00,27950.0,26979.762,970.23828125,970.23828125,3.471335532200358
2025-11-21 12:00:00,28911.0,28010.732,900.267578125,900.267578125,3.1139274951575526
2025-11-21 13:00:00,30569.0,29738.205,830.794921875,830.794921875,2.7177693803362883
2025-11-21 14:00:00,31723.0,30584.914,1138.0859375,1138.0859375,3.5875734876903196
2025-11-21 15:00:00,32187.0,31082.117,1104.8828125,1104.8828125,3.4326989545468667
2025-11-21 16:00:00,32342.0,31319.525,1022.474609375,1022.474609375,3.1614452086296456
2025-11-21 17:00:00,32567.0,31337.041,1229.958984375,1229.958984375,3.776703363450732
2025-11-21 18:00:00,32589.0,31364.043,1224.95703125,1224.95703125,3.7588052141826997
2025-11-21 19:00:00,32570.0,31393.842,1176.158203125,1176.158203125,3.6111704118053423
2025-11-21 20:00:00,32609.0,31332.969,1276.03125,1276.03125,3.913125977490877
2025-11-21 21:00:00,32423.0,31138.816,1284.18359375,1284.18359375,3.960717989544459
2025-11-21 22:00:00,32320.0,31144.809,1175.19140625,1175.19140625,3.636112024288366
2025-11-21 23:00:00,32299.0,31252.766,1046.234375,1046.234375,3.2392159973993
2025-11-22 00:00:00,32650.0,31214.445,1435.5546875,1435.5546875,4.396798430321593
2025-11-22 01:00:00,32538.0,31142.45,1395.55078125,1395.55078125,4.2889875875898955
2025-11-22 02:00:00,31959.0,30672.162,1286.837890625,1286.837890625,4.026527396429801
2025-11-22 03:00:00,31349.0,30388.291,960.708984375,960.708984375,3.0645602232128617
2025-11-22 04:00:00,30759.0,29659.752,1099.248046875,1099.248046875,3.5737444223641863
2025-11-22 05:00:00,29886.0,28909.951,976.048828125,976.048828125,3.2659065385966675
2025-11-22 06:00:00,28943.0,27845.83,1097.169921875,1097.169921875,3.790795431969734
2025-11-22 07:00:00,28299.0,27017.738,1281.26171875,1281.26171875,4.527586553411781
2025-11-22 08:00:00,27743.0,26639.701,1103.298828125,1103.298828125,3.976854803463937
2025-11-22 09:00:00,27461.0,26448.129,1012.87109375,1012.87109375,3.6883984332325843
2025-11-22 10:00:00,27409.0,26350.5,1058.5,1058.5,3.8618701886241746
2025-11-22 11:00:00,27620.0,26710.965,909.03515625,909.03515625,3.2912206960535846
2025-11-22 12:00:00,28115.0,27272.443,842.556640625,842.556640625,2.996822481326694
2025-11-22 13:00:00,28937.0,28531.393,405.607421875,405.607421875,1.401691335919411
2025-11-22 14:00:00,29788.0,29145.088,642.912109375,642.912109375,2.158292296814153
2025-11-22 15:00:00,30409.0,29550.615,858.384765625,858.384765625,2.8227984005557567
2025-11-22 16:00:00,30524.0,29690.143,833.857421875,833.857421875,2.7318091399390645
2025-11-22 17:00:00,30586.0,29844.432,741.568359375,741.568359375,2.4245352755345584
2025-11-22 18:00:00,30428.0,29832.37,595.630859375,595.630859375,1.9575090685388457
2025-11-22 19:00:00,30233.0,29835.422,397.578125,397.578125,1.3150468858532067
2025-11-22 20:00:00,30040.0,29826.762,213.23828125,213.23828125,0.709847807090546
2025-11-22 21:00:00,29867.0,29827.064,39.935546875,39.935546875,0.13371127624133658
2025-11-22 22:00:00,29836.0,29722.715,113.28515625,113.28515625,0.37969284170130047
2025-11-22 23:00:00,30048.0,29746.781,301.21875,301.21875,1.0024585662939296
2025-11-23 00:00:00,30824.0,30373.334,450.666015625,450.666015625,1.4620620802783546
2025-11-23 01:00:00,30976.0,30401.623,574.376953125,574.376953125,1.854264440615315
2025-11-23 02:00:00,30642.0,30014.426,627.57421875,627.57421875,2.048085042588604
2025-11-23 03:00:00,30253.0,29815.379,437.62109375,437.62109375,1.446537843354378
2025-11-23 04:00:00,29875.0,29270.418,604.58203125,604.58203125,2.0237055439330542
2025-11-23 05:00:00,29197.0,28290.854,906.146484375,906.146484375,3.1035602437750454
2025-11-23 06:00:00,28467.0,27384.816,1082.18359375,1082.18359375,3.8015371965784945
2025-11-23 07:00:00,27906.0,26778.852,1127.1484375,1127.1484375,4.039089935856088
2025-11-23 08:00:00,27490.0,26544.873,945.126953125,945.126953125,3.438075493361222
2025-11-23 09:00:00,27408.0,26212.52,1195.48046875,1195.48046875,4.3617938877335085
2025-11-23 10:00:00,27464.0,26430.922,1033.078125,1033.078125,3.761571966938538
2025-11-23 11:00:00,27659.0,26459.87,1199.130859375,1199.130859375,4.335409303933621
2025-11-23 12:00:00,28184.0,26843.928,1340.072265625,1340.072265625,4.754727028189753
2025-11-23 13:00:00,28833.0,27687.232,1145.767578125,1145.767578125,3.9738063265182255
2025-11-23 14:00:00,29654.0,28177.623,1476.376953125,1476.376953125,4.978677254754839
2025-11-23 15:00:00,30337.0,28959.812,1377.1875,1377.1875,4.539629824966212
2025-11-23 16:00:00,30374.0,28615.436,1758.564453125,1758.564453125,5.789703210393758
2025-11-23 17:00:00,30096.0,28578.492,1517.5078125,1517.5078125,5.042224257376395
2025-11-23 18:00:00,29841.0,28753.598,1087.40234375,1087.40234375,3.643987613518314
2025-11-23 19:00:00,29673.0,28712.924,960.076171875,960.076171875,3.235521086088363
2025-11-23 20:00:00,29434.0,28701.707,732.29296875,732.29296875,2.487915229836244
2025-11-23 21:00:00,29262.0,28495.13,766.869140625,766.869140625,2.6206996809001435
2025-11-23 22:00:00,29271.0,28579.883,691.1171875,691.1171875,2.3610986556660176
2025-11-23 23:00:00,29913.0,28858.89,1054.109375,1054.109375,3.5239172767692977
2025-11-24 00:00:00,31139.0,30251.178,887.822265625,887.822265625,2.851158565223675
2025-11-24 01:00:00,31363.0,30470.748,892.251953125,892.251953125,2.844919022813506
2025-11-24 02:00:00,31128.0,30253.652,874.34765625,874.34765625,2.8088783611218195
2025-11-24 03:00:00,30714.0,29880.24,833.759765625,833.759765625,2.7145919307970305
2025-11-24 04:00:00,29979.0,29425.51,553.490234375,553.490234375,1.8462598297975248
2025-11-24 05:00:00,28999.0,28589.402,409.59765625,409.59765625,1.4124544165316044
2025-11-24 06:00:00,28111.0,27949.732,161.267578125,161.267578125,0.5736813991853723
2025-11-24 07:00:00,27504.0,27533.105,-29.10546875,29.10546875,0.10582267579261198
2025-11-24 08:00:00,27129.0,27257.072,-128.072265625,128.072265625,0.4720862015739615
2025-11-24 09:00:00,26955.0,27181.72,-226.720703125,226.720703125,0.8411081547950289
2025-11-24 10:00:00,27002.0,27136.086,-134.0859375,134.0859375,0.49657779979260797
2025-11-24 11:00:00,27417.0,27795.58,-378.580078125,378.580078125,1.3808224026151659
2025-11-24 12:00:00,28410.0,28872.88,-462.880859375,462.880859375,1.6292884877683915
2025-11-24 13:00:00,30155.0,29534.867,620.1328125,620.1328125,2.056484206599237
2025-11-24 14:00:00,31429.0,30338.812,1090.1875,1090.1875,3.4687311082121606
2025-11-24 15:00:00,32010.0,31022.52,987.48046875,987.48046875,3.0849124297094654
2025-11-24 16:00:00,32330.0,31046.29,1283.7109375,1283.7109375,3.970649358181256
2025-11-24 17:00:00,32506.0,30824.99,1681.009765625,1681.009765625,5.171383023518735
2025-11-24 18:00:00,32549.0,30654.287,1894.712890625,1894.712890625,5.821109375480046
2025-11-24 19:00:00,32475.0,30527.717,1947.283203125,1947.283203125,5.996253127405696
2025-11-24 20:00:00,32386.0,30411.477,1974.5234375,1974.5234375,6.096842578583338
2025-11-24 21:00:00,32222.0,30388.8,1833.19921875,1833.19921875,5.689278191142697
2025-11-24 22:00:00,31991.0,30444.824,1546.17578125,1546.17578125,4.83315864227439
2025-11-24 23:00:00,32135.0,30737.38,1397.619140625,1397.619140625,4.349211578107981
2025-11-25 00:00:00,32690.0,31187.236,1502.763671875,1502.763671875,4.597013373738147
2025-11-25 01:00:00,32703.0,31328.615,1374.384765625,1374.384765625,4.202625953658686
2025-11-25 02:00:00,32239.0,31181.889,1057.111328125,1057.111328125,3.2789829961382173
2025-11-25 03:00:00,31717.0,30842.594,874.40625,874.40625,2.7569008733486773
2025-11-25 04:00:00,30904.0,30035.441,868.55859375,868.55859375,2.810505415965571
2025-11-25 05:00:00,29823.0,29024.197,798.802734375,798.802734375,2.678478806206619
2025-11-25 06:00:00,28786.0,28135.191,650.80859375,650.80859375,2.2608510864656433
2025-11-25 07:00:00,28023.0,27550.17,472.830078125,472.830078125,1.6872928598829533
2025-11-25 08:00:00,27577.0,27365.271,211.728515625,211.728515625,0.7677721130833666
2025-11-25 09:00:00,27440.0,27097.42,342.580078125,342.580078125,1.248469672467201
2025-11-25 10:00:00,27457.0,27118.396,338.603515625,338.603515625,1.2332138093200278
2025-11-25 11:00:00,27887.0,27387.77,499.23046875,499.23046875,1.790190657833399
2025-11-25 12:00:00,28943.0,28258.902,684.09765625,684.09765625,2.3636031380644718
2025-11-25 13:00:00,30739.0,29743.87,995.130859375,995.130859375,3.2373559952340676
2025-11-25 14:00:00,31888.0,30833.246,1054.75390625,1054.75390625,3.3076828469957356
2025-11-25 15:00:00,32204.0,31429.457,774.54296875,774.54296875,2.405114174481431
2025-11-25 16:00:00,32337.0,31450.312,886.6875,886.6875,2.7420215233324057
2025-11-25 17:00:00,32451.0,31492.541,958.458984375,958.458984375,2.953557623416844
2025-11-25 18:00:00,32460.0,31443.094,1016.90625,1016.90625,3.1327980591497226
2025-11-25 19:00:00,32401.0,31505.393,895.607421875,895.607421875,2.7641351250733
2025-11-25 20:00:00,32485.0,31408.986,1076.013671875,1076.013671875,3.3123400704171155
2025-11-25 21:00:00,32528.0,31374.807,1153.193359375,1153.193359375,3.5452329051125187
2025-11-25 22:00:00,32426.0,31596.441,829.55859375,829.55859375,2.558313062819959
2025-11-25 23:00:00,32792.0,31616.56,1175.439453125,1175.439453125,3.584531145172603
2025-11-26 00:00:00,33700.0,32079.037,1620.962890625,1620.962890625,4.809978903931751
2025-11-26 01:00:00,34022.0,32218.895,1803.10546875,1803.10546875,5.299822082035154
2025-11-26 02:00:00,33707.0,32134.861,1572.138671875,1572.138671875,4.664131105927552
2025-11-26 03:00:00,33524.0,31727.016,1796.984375,1796.984375,5.36029225331106
2025-11-26 04:00:00,32871.0,31175.266,1695.734375,1695.734375,5.1587550576496
2025-11-26 05:00:00,31988.0,30055.107,1932.892578125,1932.892578125,6.04255526486495
2025-11-26 06:00:00,31069.0,29032.81,2036.189453125,2036.189453125,6.553765660706815
2025-11-26 07:00:00,30424.0,28277.111,2146.888671875,2146.888671875,7.056562818416381
2025-11-26 08:00:00,30081.0,27876.766,2204.234375,2204.234375,7.3276632259565835
2025-11-26 09:00:00,29951.0,27985.258,1965.7421875,1965.7421875,6.56319384160796
2025-11-26 10:00:00,30085.0,28229.293,1855.70703125,1855.70703125,6.168213499252119
2025-11-26 11:00:00,30732.0,29243.377,1488.623046875,1488.623046875,4.843886004409085
2025-11-26 12:00:00,31882.0,30367.732,1514.267578125,1514.267578125,4.749600332868075
2025-11-26 13:00:00,33525.0,32027.598,1497.40234375,1497.40234375,4.466524515287099
2025-11-26 14:00:00,34766.0,32874.84,1891.16015625,1891.16015625,5.439682897802451
2025-11-26 15:00:00,34996.0,33285.758,1710.2421875,1710.2421875,4.886964760258315
2025-11-26 16:00:00,34768.0,32561.473,2206.52734375,2206.52734375,6.346431614559365
2025-11-26 17:00:00,34393.0,32589.68,1803.3203125,1803.3203125,5.243277156688861
2025-11-26 18:00:00,33993.0,32214.84,1778.16015625,1778.16015625,5.2309597748065775
2025-11-26 19:00:00,33510.0,32096.252,1413.748046875,1413.748046875,4.218884055132796
2025-11-26 20:00:00,33160.0,32016.729,1143.271484375,1143.271484375,3.4477427152442703
2025-11-26 21:00:00,32863.0,32028.91,834.08984375,834.08984375,2.538081866384688
2025-11-26 22:00:00,32771.0,32204.125,566.875,566.875,1.7298068414146655
2025-11-26 23:00:00,33152.0,32337.576,814.423828125,814.423828125,2.4566355819407577
2025-11-27 00:00:00,34090.0,33368.035,721.96484375,721.96484375,2.1178200168671166
2025-11-27 01:00:00,34331.0,33501.508,829.4921875,829.4921875,2.4161608677288746
2025-11-27 02:00:00,34172.0,33105.945,1066.0546875,1066.0546875,3.119673087615592
2025-11-27 03:00:00,33812.0,33120.086,691.9140625,691.9140625,2.0463565080444814
2025-11-27 04:00:00,33231.0,32132.549,1098.451171875,1098.451171875,3.3055014049381604
2025-11-27 05:00:00,32461.0,31755.45,705.55078125,705.55078125,2.1735337212347123
2025-11-27 06:00:00,31519.0,30816.46,702.5390625,702.5390625,2.228938299121165
2025-11-27 07:00:00,30845.0,30226.38,618.619140625,618.619140625,2.00557348233101
2025-11-27 08:00:00,30278.0,29929.93,348.0703125,348.0703125,1.1495815856397384
2025-11-27 09:00:00,30053.0,30075.39,-22.390625,22.390625,0.07450379329850597
2025-11-27 10:00:00,30036.0,30055.68,-19.6796875,19.6796875,0.0655203339326142
2025-11-27 11:00:00,30281.0,30840.957,-559.95703125,559.95703125,1.8492025733958588
2025-11-27 12:00:00,30818.0,31693.512,-875.51171875,875.51171875,2.840910243202025
2025-11-27 13:00:00,31602.0,33088.027,-1486.02734375,1486.02734375,4.7023205611986585
2025-11-27 14:00:00,32508.0,34274.86,-1766.859375,1766.859375,5.435152500922849
2025-11-27 15:00:00,33099.0,34049.105,-950.10546875,950.10546875,2.870495993081362
2025-11-27 16:00:00,33138.0,33943.76,-805.76171875,805.76171875,2.4315339451686886
2025-11-27 17:00:00,32835.0,33345.758,-510.7578125,510.7578125,1.5555285899192934
2025-11-27 18:00:00,32145.0,33038.887,-893.88671875,893.88671875,2.780795516410017
2025-11-27 19:00:00,30871.0,32721.656,-1850.65625,1850.65625,5.9948049949791065
2025-11-27 20:00:00,29717.0,32345.383,-2628.3828125,2628.3828125,8.844711150183397
2025-11-27 21:00:00,28967.0,31874.28,-2907.279296875,2907.279296875,10.036521893447716
2025-11-27 22:00:00,28737.0,32304.232,-3567.232421875,3567.232421875,12.413377951334517
2025-11-27 23:00:00,28963.0,32740.215,-3777.21484375,3777.21484375,13.041517949625383
2025-11-28 00:00:00,29987.0,33448.715,-3461.71484375,3461.71484375,11.544051901657385
2025-11-28 01:00:00,30520.0,33458.85,-2938.8515625,2938.8515625,9.629264621559633
2025-11-28 02:00:00,30879.0,33492.76,-2613.76171875,2613.76171875,8.464528380938502
2025-11-28 03:00:00,31114.0,33398.492,-2284.4921875,2284.4921875,7.342328815002892
2025-11-28 04:00:00,31157.0,32908.703,-1751.703125,1751.703125,5.6221816124787365
2025-11-28 05:00:00,30933.0,32005.896,-1072.896484375,1072.896484375,3.468452734539165
2025-11-28 06:00:00,30534.0,31054.582,-520.58203125,520.58203125,1.7049257589899784
2025-11-28 07:00:00,30237.0,30962.854,-725.853515625,725.853515625,2.4005473943347555
2025-11-28 08:00:00,30133.0,30662.299,-529.298828125,529.298828125,1.7565420904821956
2025-11-28 09:00:00,30240.0,30530.816,-290.81640625,290.81640625,0.961694465112434
2025-11-28 10:00:00,30530.0,30457.988,72.01171875,72.01171875,0.23587199066491976
2025-11-28 11:00:00,30979.0,30664.188,314.8125,314.8125,1.0162125956292973
2025-11-28 12:00:00,31759.0,31410.777,348.22265625,348.22265625,1.0964534659466607
2025-11-28 13:00:00,32727.0,32419.967,307.033203125,307.033203125,0.938164827588841
2025-11-28 14:00:00,33550.0,33049.445,500.5546875,500.5546875,1.4919662816691504
2025-11-28 15:00:00,33849.0,33340.008,508.9921875,508.9921875,1.503714105291146
2025-11-28 16:00:00,33819.0,33401.33,417.671875,417.671875,1.2350213637304475
2025-11-28 17:00:00,33721.0,33023.84,697.16015625,697.16015625,2.067436185907891
2025-11-28 18:00:00,33409.0,32765.996,643.00390625,643.00390625,1.9246427796402166
2025-11-28 19:00:00,32933.0,31915.39,1017.609375,1017.609375,3.0899382837882974
2025-11-28 20:00:00,32728.0,31420.463,1307.537109375,1307.537109375,3.9951634972347834
2025-11-28 21:00:00,32581.0,30774.174,1806.826171875,1806.826171875,5.545643693793929
2025-11-28 22:00:00,32699.0,30627.945,2071.0546875,2071.0546875,6.3336942643505925
2025-11-28 23:00:00,33089.0,30486.062,2602.9375,2602.9375,7.866473752606606
2025-11-29 00:00:00,33885.0,30451.139,3433.861328125,3433.861328125,10.133868461339826
2025-11-29 01:00:00,33892.0,30311.533,3580.466796875,3580.466796875,10.564342018396673
2025-11-29 02:00:00,33614.0,30508.16,3105.83984375,3105.83984375,9.239721079758434
2025-11-29 03:00:00,33345.0,30575.418,2769.58203125,2769.58203125,8.30583905008247
2025-11-29 04:00:00,32852.0,30454.02,2397.98046875,2397.98046875,7.299343932637282
2025-11-29 05:00:00,32126.0,29893.162,2232.837890625,2232.837890625,6.950251791773018
2025-11-29 06:00:00,31321.0,29075.531,2245.46875,2245.46875,7.16921155135532
2025-11-29 07:00:00,30662.0,28731.045,1930.955078125,1930.955078125,6.297550969033332
2025-11-29 08:00:00,30259.0,28417.764,1841.236328125,1841.236328125,6.084921273422783
2025-11-29 09:00:00,29990.0,28251.998,1738.001953125,1738.001953125,5.795271600950317
2025-11-29 10:00:00,29947.0,28172.312,1774.6875,1774.6875,5.926094433499182
2025-11-29 11:00:00,30042.0,28496.0,1546.0,1546.0,5.146128753079022
2025-11-29 12:00:00,30523.0,28951.672,1571.328125,1571.328125,5.148013383350261
2025-11-29 13:00:00,31232.0,29811.262,1420.73828125,1420.73828125,4.548982714043289
2025-11-29 14:00:00,32083.0,31101.625,981.375,981.375,3.0588629492254467
2025-11-29 15:00:00,32866.0,31331.098,1534.90234375,1534.90234375,4.670182996866062
2025-11-29 16:00:00,33569.0,31495.074,2073.92578125,2073.92578125,6.178098189549883
2025-11-29 17:00:00,33990.0,31318.424,2671.576171875,2671.576171875,7.859888708075904
2025-11-29 18:00:00,34072.0,31264.723,2807.27734375,2807.27734375,8.239250245803005
2025-11-29 19:00:00,33776.0,31425.17,2350.830078125,2350.830078125,6.960060629218972
2025-11-29 20:00:00,33508.0,31396.6,2111.400390625,2111.400390625,6.301182973095977
2025-11-29 21:00:00,33416.0,31286.463,2129.537109375,2129.537109375,6.3728067673419915
2025-11-29 22:00:00,33642.0,31566.287,2075.712890625,2075.712890625,6.170004430845371
2025-11-29 23:00:00,34268.0,31890.209,2377.791015625,2377.791015625,6.938808846810435
2025-11-30 00:00:00,35380.0,32928.426,2451.57421875,2451.57421875,6.92926573982476
2025-11-30 01:00:00,35605.0,33044.152,2560.84765625,2560.84765625,7.192382126808032
2025-11-30 02:00:00,35475.0,33163.285,2311.71484375,2311.71484375,6.516461856941508
2025-11-30 03:00:00,35403.0,33238.496,2164.50390625,2164.50390625,6.1138996871734035
2025-11-30 04:00:00,35054.0,32791.22,2262.78125,2262.78125,6.455129942374622
2025-11-30 05:00:00,34409.0,32706.002,1702.998046875,1702.998046875,4.949280847670668
2025-11-30 06:00:00,33765.0,32268.771,1496.228515625,1496.228515625,4.431300209166297
2025-11-30 07:00:00,33316.0,32007.168,1308.83203125,1308.83203125,3.9285389339956773
2025-11-30 08:00:00,33063.0,32121.078,941.921875,941.921875,2.848869960378671
2025-11-30 09:00:00,33104.0,31921.352,1182.6484375,1182.6484375,3.572524279543258
2025-11-30 10:00:00,33121.0,32009.234,1111.765625,1111.765625,3.356678919718607
2025-11-30 11:00:00,33431.0,31745.402,1685.59765625,1685.59765625,5.042019850587778
2025-11-30 12:00:00,33992.0,32177.916,1814.083984375,1814.083984375,5.336796847419981
2025-11-30 13:00:00,34765.0,32964.66,1800.33984375,1800.33984375,5.178598716381418
2025-11-30 14:00:00,35594.0,34076.09,1517.91015625,1517.91015625,4.26451131159746
2025-11-30 15:00:00,36111.0,34042.38,2068.62109375,2068.62109375,5.728506808867104
2025-11-30 16:00:00,36156.0,34131.4,2024.6015625,2024.6015625,5.599628173747096
2025-11-30 17:00:00,35733.0,33502.902,2230.09765625,2230.09765625,6.241003151848432
2025-11-30 18:00:00,35277.0,33328.07,1948.9296875,1948.9296875,5.524646901663973
2025-11-30 19:00:00,34962.0,32930.0,2032.0,2032.0,5.812024483725187
2025-11-30 20:00:00,34756.0,32816.305,1939.6953125,1939.6953125,5.5808934068937734
2025-11-30 21:00:00,34679.0,32712.986,1966.013671875,1966.013671875,5.669176365740073
2025-11-30 22:00:00,35072.0,32783.316,2288.68359375,2288.68359375,6.525671743128421
2025-11-30 23:00:00,36179.0,33115.35,3063.6484375,3063.6484375,8.468029623538516
2025-12-01 00:00:00,37742.0,34991.906,2750.09375,2750.09375,7.286560728101319
2025-12-01 01:00:00,38147.0,34980.883,3166.1171875,3166.1171875,8.299780290717488
2025-12-01 02:00:00,37971.0,35330.69,2640.30859375,2640.30859375,6.953487118458823
2025-12-01 03:00:00,37671.0,34975.164,2695.8359375,2695.8359375,7.156263272809323
2025-12-01 04:00:00,36900.0,34351.85,2548.1484375,2548.1484375,6.905551321138212
2025-12-01 05:00:00,35698.0,33334.113,2363.88671875,2363.88671875,6.621902399994398
2025-12-01 06:00:00,34655.0,32651.016,2003.984375,2003.984375,5.782670249603232
2025-12-01 07:00:00,33979.0,32455.941,1523.05859375,1523.05859375,4.482352611171606
2025-12-01 08:00:00,33686.0,32246.975,1439.025390625,1439.025390625,4.271879684809713
2025-12-01 09:00:00,33515.0,32125.389,1389.611328125,1389.611328125,4.146236992764433
2025-12-01 10:00:00,33545.0,32072.951,1472.048828125,1472.048828125,4.388280900655835
2025-12-01 11:00:00,34061.0,32958.34,1102.66015625,1102.66015625,3.2373099916326593
2025-12-01 12:00:00,35323.0,33463.773,1859.2265625,1859.2265625,5.263501295190102
2025-12-01 13:00:00,37260.0,34969.43,2290.5703125,2290.5703125,6.147531702898551
2025-12-01 14:00:00,38631.0,36519.062,2111.9375,2111.9375,5.466950117781057
2025-12-01 15:00:00,38987.0,36864.793,2122.20703125,2122.20703125,5.443370947367071
2025-12-01 16:00:00,39216.0,36703.242,2512.7578125,2512.7578125,6.407481162025704
2025-12-01 17:00:00,39253.0,36397.156,2855.84375,2855.84375,7.275478944284513
2025-12-01 18:00:00,39071.0,36256.242,2814.7578125,2814.7578125,7.204212363389726
2025-12-01 19:00:00,38688.0,35678.4,3009.6015625,3009.6015625,7.779160366263441
2025-12-01 20:00:00,38396.0,35626.52,2769.48046875,2769.48046875,7.21294006862694
2025-12-01 21:00:00,38137.0,35403.88,2733.12109375,2733.12109375,7.1665865006424205
2025-12-01 22:00:00,37962.0,35936.727,2025.2734375,2025.2734375,5.335001942732206
2025-12-01 23:00:00,38321.0,36445.566,1875.43359375,1875.43359375,4.894010056496438
2025-12-02 00:00:00,39423.0,36747.12,2675.87890625,2675.87890625,6.787608518504426
2025-12-02 01:00:00,39709.0,36885.293,2823.70703125,2823.70703125,7.111000103880732
2025-12-02 02:00:00,39432.0,37014.242,2417.7578125,2417.7578125,6.131461281446541
2025-12-02 03:00:00,38971.0,36993.027,1977.97265625,1977.97265625,5.075498848502733
2025-12-02 04:00:00,38162.0,36117.113,2044.88671875,2044.88671875,5.358436975918453
2025-12-02 05:00:00,37048.0,35025.293,2022.70703125,2022.70703125,5.45969291527208
2025-12-02 06:00:00,36042.0,33984.035,2057.96484375,2057.96484375,5.70990745172299
2025-12-02 07:00:00,35447.0,33436.65,2010.3515625,2010.3515625,5.671429352272407
2025-12-02 08:00:00,35217.0,33412.53,1804.46875,1804.46875,5.123857086066389
2025-12-02 09:00:00,35185.0,33483.23,1701.76953125,1701.76953125,4.8366335974136705
2025-12-02 10:00:00,35364.0,33508.69,1855.30859375,1855.30859375,5.246319968753535
2025-12-02 11:00:00,36034.0,33677.65,2356.3515625,2356.3515625,6.53924505328301
2025-12-02 12:00:00,37352.0,34775.395,2576.60546875,2576.60546875,6.898172704942172
2025-12-02 13:00:00,39330.0,36993.906,2336.09375,2336.09375,5.939724764810577
2025-12-02 14:00:00,40341.0,37228.332,3112.66796875,3112.66796875,7.71589194306041
2025-12-02 15:00:00,39899.0,37123.44,2775.55859375,2775.55859375,6.956461549788215
2025-12-02 16:00:00,38812.0,36812.93,1999.0703125,1999.0703125,5.150650088890034
2025-12-02 17:00:00,37923.0,36446.85,1476.1484375,1476.1484375,3.892488562350025
2025-12-02 18:00:00,37105.0,36365.46,739.5390625,739.5390625,1.993098133674707
2025-12-02 19:00:00,36319.0,36149.438,169.5625,169.5625,0.4668699578732895
2025-12-02 20:00:00,35529.0,36047.5,-518.5,518.5,1.4593712178783529
2025-12-02 21:00:00,34843.0,35620.81,-777.80859375,777.80859375,2.2323238347731253
2025-12-02 22:00:00,34682.0,35625.22,-943.21875,943.21875,2.719620408280953
2025-12-02 23:00:00,35309.0,35788.402,-479.40234375,479.40234375,1.3577341294004361
2025-12-03 00:00:00,36890.0,36501.51,388.48828125,388.48828125,1.0530991630523177
2025-12-03 01:00:00,37548.0,36919.984,628.015625,628.015625,1.672567447001172
2025-12-03 02:00:00,37605.0,36424.473,1180.52734375,1180.52734375,3.1392829244781275
2025-12-03 03:00:00,37334.0,36205.23,1128.76953125,1128.76953125,3.023435825922751
2025-12-03 04:00:00,36708.0,35513.758,1194.2421875,1194.2421875,3.253356727416367
2025-12-03 05:00:00,35486.0,34693.76,792.23828125,792.23828125,2.232537567632306
2025-12-03 06:00:00,34528.0,33793.75,734.25,734.25,2.1265349860982394
2025-12-03 07:00:00,33867.0,33300.91,566.08984375,566.08984375,1.6715086773260106
2025-12-03 08:00:00,33517.0,33185.906,331.09375,331.09375,0.9878382611808934
2025-12-03 09:00:00,33292.0,33277.242,14.7578125,14.7578125,0.0443284047218551
2025-12-03 10:00:00,33375.0,33251.574,123.42578125,123.42578125,0.36981507490636706
2025-12-03 11:00:00,34159.0,33804.754,354.24609375,354.24609375,1.0370505393893263
2025-12-03 12:00:00,35522.0,34801.074,720.92578125,720.92578125,2.0295191184336465
2025-12-03 13:00:00,37596.0,35960.24,1635.76171875,1635.76171875,4.350892964012129
2025-12-03 14:00:00,38642.0,37368.574,1273.42578125,1273.42578125,3.2954448042285596
2025-12-03 15:00:00,38483.0,37188.004,1294.99609375,1294.99609375,3.365112111191955
2025-12-03 16:00:00,37975.0,36189.67,1785.328125,1785.328125,4.701324884792626
2025-12-03 17:00:00,37349.0,35799.715,1549.28515625,1549.28515625,4.148130221023321
2025-12-03 18:00:00,36597.0,35375.254,1221.74609375,1221.74609375,3.338377718802087
2025-12-03 19:00:00,36055.0,34937.297,1117.703125,1117.703125,3.099994799611704
2025-12-03 20:00:00,35906.0,34397.27,1508.73046875,1508.73046875,4.201889569292041
2025-12-03 21:00:00,35829.0,33932.152,1896.84765625,1896.84765625,5.294168568059393
2025-12-03 22:00:00,36005.0,34211.273,1793.7265625,1793.7265625,4.981881856686572
2025-12-03 23:00:00,36760.0,34642.066,2117.93359375,2117.93359375,5.761516849156692
2025-12-04 00:00:00,38038.0,35615.215,2422.78515625,2422.78515625,6.369381030154056
2025-12-04 01:00:00,38491.0,36158.875,2332.125,2332.125,6.0588838949364785
2025-12-04 02:00:00,38279.0,36436.71,1842.2890625,1842.2890625,4.8127930784503254
2025-12-04 03:00:00,38063.0,36653.562,1409.4375,1409.4375,3.702907022567848
2025-12-04 04:00:00,37403.0,35936.97,1466.03125,1466.03125,3.9195552495789108
2025-12-04 05:00:00,36342.0,35037.098,1304.90234375,1304.90234375,3.59061786294095
2025-12-04 06:00:00,35289.0,34380.43,908.5703125,908.5703125,2.5746558771855255
2025-12-04 07:00:00,34784.0,33724.69,1059.30859375,1059.30859375,3.045390391415593
2025-12-04 08:00:00,34529.0,33807.19,721.80859375,721.80859375,2.090441639636248
2025-12-04 09:00:00,34531.0,33713.223,817.77734375,817.77734375,2.368241127537575
2025-12-04 10:00:00,34859.0,33775.86,1083.140625,1083.140625,3.107205097679222
2025-12-04 11:00:00,35374.0,34464.42,909.578125,909.578125,2.5713182704811444
2025-12-04 12:00:00,36603.0,35206.258,1396.7421875,1396.7421875,3.8159227044231345
2025-12-04 13:00:00,38671.0,36791.953,1879.046875,1879.046875,4.85905943730444
2025-12-04 14:00:00,39973.0,37429.645,2543.35546875,2543.35546875,6.362683483226178
2025-12-04 15:00:00,40048.0,37900.5,2147.5,2147.5,5.36231522173392
2025-12-04 16:00:00,39735.0,37723.594,2011.40625,2011.40625,5.062051717629294
2025-12-04 17:00:00,39277.0,37081.234,2195.765625,2195.765625,5.590461656949359
2025-12-04 18:00:00,38755.0,35962.938,2792.0625,2792.0625,7.204392981550768
2025-12-04 19:00:00,38197.0,35550.227,2646.7734375,2646.7734375,6.929270459721967
2025-12-04 20:00:00,37711.0,35045.85,2665.1484375,2665.1484375,7.067297174564451
2025-12-04 21:00:00,37214.0,34857.184,2356.81640625,2356.81640625,6.333144532299673
2025-12-04 22:00:00,37007.0,35267.41,1739.58984375,1739.58984375,4.7007048497581545
2025-12-04 23:00:00,37627.0,35698.168,1928.83203125,1928.83203125,5.126191381853457
2025-12-05 00:00:00,38969.0,36161.617,2807.3828125,2807.3828125,7.204143838692294
2025-12-05 01:00:00,39469.0,37056.633,2412.3671875,2412.3671875,6.112055505586663
2025-12-05 02:00:00,39409.0,36689.71,2719.2890625,2719.2890625,6.90017270801086
2025-12-05 03:00:00,39282.0,36652.875,2629.125,2629.125,6.692950969909882
2025-12-05 04:00:00,38599.0,36462.562,2136.4375,2136.4375,5.534955568797119
2025-12-05 05:00:00,37446.0,35181.29,2264.7109375,2264.7109375,6.047938197671313
2025-12-05 06:00:00,36358.0,34548.625,1809.375,1809.375,4.976552615655427
2025-12-05 07:00:00,35606.0,34036.797,1569.203125,1569.203125,4.407131171712632
2025-12-05 08:00:00,35227.0,33959.96,1267.0390625,1267.0390625,3.596783894455957
2025-12-05 09:00:00,35077.0,33627.58,1449.421875,1449.421875,4.132114704792314
2025-12-05 10:00:00,35094.0,33538.734,1555.265625,1555.265625,4.431713754487947
2025-12-05 11:00:00,35510.0,34202.367,1307.6328125,1307.6328125,3.682435405519572
2025-12-05 12:00:00,36613.0,34713.133,1899.8671875,1899.8671875,5.189050849425068
2025-12-05 13:00:00,38482.0,36033.76,2448.23828125,2448.23828125,6.362034928667949
2025-12-05 14:00:00,39595.0,37308.207,2286.79296875,2286.79296875,5.775458943679757
2025-12-05 15:00:00,39366.0,37113.344,2252.65625,2252.65625,5.722339709393894
2025-12-05 16:00:00,38558.0,36661.098,1896.90234375,1896.90234375,4.919607717594274
2025-12-05 17:00:00,37674.0,35710.473,1963.52734375,1963.52734375,5.2118897482348565
2025-12-05 18:00:00,36661.0,35294.344,1366.65625,1366.65625,3.7278204358855462
2025-12-05 19:00:00,35842.0,34608.3,1233.69921875,1233.69921875,3.44204904511467
2025-12-05 20:00:00,35228.0,34545.25,682.75,682.75,1.9380890200976497
2025-12-05 21:00:00,34745.0,34564.31,180.69140625,180.69140625,0.5200500971362786
2025-12-05 22:00:00,34614.0,34439.957,174.04296875,174.04296875,0.502810911047553
2025-12-05 23:00:00,35066.0,35186.42,-120.421875,120.421875,0.3434149175839845
2025-12-06 00:00:00,36140.0,35152.67,987.328125,987.328125,2.731953859988932
2025-12-06 01:00:00,36350.0,35396.99,953.01171875,953.01171875,2.6217653885832184
2025-12-06 02:00:00,36207.0,35475.195,731.8046875,731.8046875,2.0211690764216863
2025-12-06 03:00:00,36058.0,35493.87,564.12890625,564.12890625,1.5645041495645904
2025-12-06 04:00:00,35595.0,35000.254,594.74609375,594.74609375,1.6708697675235287
2025-12-06 05:00:00,34759.0,34035.1,723.8984375,723.8984375,2.082621587214822
2025-12-06 06:00:00,33923.0,32853.38,1069.62109375,1069.62109375,3.1530852039913926
2025-12-06 07:00:00,33309.0,32563.75,745.25,745.25,2.237383289801555
2025-12-06 08:00:00,32999.0,32481.205,517.794921875,517.794921875,1.5691230700172734
2025-12-06 09:00:00,32948.0,32091.742,856.2578125,856.2578125,2.5988157475415807
2025-12-06 10:00:00,33120.0,32143.447,976.552734375,976.552734375,2.9485287873641304
2025-12-06 11:00:00,33622.0,32432.145,1189.85546875,1189.85546875,3.5389193645529713
2025-12-06 12:00:00,34331.0,33144.53,1186.46875,1186.46875,3.4559690949870383
2025-12-06 13:00:00,35273.0,34420.547,852.453125,852.453125,2.4167298642020807
2025-12-06 14:00:00,36093.0,35519.918,573.08203125,573.08203125,1.5877927333554982
2025-12-06 15:00:00,36473.0,34895.86,1577.140625,1577.140625,4.324131892084556
2025-12-06 16:00:00,36362.0,34863.527,1498.47265625,1498.47265625,4.120985249023706
2025-12-06 17:00:00,36055.0,34222.715,1832.28515625,1832.28515625,5.081916949798918
2025-12-06 18:00:00,35449.0,33267.934,2181.06640625,2181.06640625,6.152688104742024
2025-12-06 19:00:00,34808.0,32855.4,1952.6015625,1952.6015625,5.6096344590324065
2025-12-06 20:00:00,34212.0,32658.742,1553.2578125,1553.2578125,4.540096493920262
2025-12-06 21:00:00,33808.0,32136.855,1671.14453125,1671.14453125,4.943044638103408
2025-12-06 22:00:00,33797.0,32046.213,1750.787109375,1750.787109375,5.180303309095482
2025-12-06 23:00:00,34225.0,32096.178,2128.822265625,2128.822265625,6.220079665814463
2025-12-07 00:00:00,35184.0,33209.863,1974.13671875,1974.13671875,5.610893357065712
2025-12-07 01:00:00,35351.0,33171.668,2179.33203125,2179.33203125,6.164838423948403
2025-12-07 02:00:00,35131.0,33194.348,1936.65234375,1936.65234375,5.51265931442316
2025-12-07 03:00:00,34905.0,33464.008,1440.9921875,1440.9921875,4.128325991978227
2025-12-07 04:00:00,34423.0,32869.188,1553.8125,1553.8125,4.513878801963803
2025-12-07 05:00:00,33658.0,31900.64,1757.359375,1757.359375,5.221223408996376
2025-12-07 06:00:00,32841.0,31478.947,1362.052734375,1362.052734375,4.147415530510642
2025-12-07 07:00:00,32138.0,30988.975,1149.025390625,1149.025390625,3.5752859251509115
2025-12-07 08:00:00,31640.0,30784.844,855.15625,855.15625,2.702769437420986
2025-12-07 09:00:00,31311.0,30293.627,1017.373046875,1017.373046875,3.249251211634889
2025-12-07 10:00:00,31314.0,30605.04,708.9609375,708.9609375,2.2640382496646865
2025-12-07 11:00:00,31451.0,31452.662,-1.662109375,1.662109375,0.005284758433754094
2025-12-07 12:00:00,31906.0,31816.494,89.505859375,89.505859375,0.2805298670312794
2025-12-07 13:00:00,32757.0,32993.742,-236.7421875,236.7421875,0.7227224333730196
2025-12-07 14:00:00,33732.0,34036.926,-304.92578125,304.92578125,0.9039659114490691
2025-12-07 15:00:00,34526.0,34193.273,332.7265625,332.7265625,0.9636985532642066
2025-12-07 16:00:00,35095.0,34314.113,780.88671875,780.88671875,2.2250654473571734
2025-12-07 17:00:00,35270.0,34077.42,1192.578125,1192.578125,3.381281896796144
2025-12-07 18:00:00,35198.0,33745.93,1452.0703125,1452.0703125,4.12543415108813
2025-12-07 19:00:00,35207.0,33296.7,1910.30078125,1910.30078125,5.425911839264918
2025-12-07 20:00:00,35013.0,33082.297,1930.703125,1930.703125,5.514246494159313
2025-12-07 21:00:00,34836.0,32679.658,2156.341796875,2156.341796875,6.189981045111379
2025-12-07 22:00:00,34956.0,32742.822,2213.177734375,2213.177734375,6.33132433452054
2025-12-07 23:00:00,35630.0,32959.816,2670.18359375,2670.18359375,7.494200375385911
2025-12-08 00:00:00,36979.0,35006.94,1972.05859375,1972.05859375,5.332914880743124
2025-12-08 01:00:00,37376.0,35120.965,2255.03515625,2255.03515625,6.033377451439426
2025-12-08 02:00:00,37281.0,34830.953,2450.046875,2450.046875,6.571837866473539
2025-12-08 03:00:00,36997.0,34670.957,2326.04296875,2326.04296875,6.287112384112225
2025-12-08 04:00:00,36386.0,34092.56,2293.44140625,2293.44140625,6.303087468394438
2025-12-08 05:00:00,35391.0,33554.242,1836.7578125,1836.7578125,5.189900857562657
2025-12-08 06:00:00,34419.0,32480.367,1938.6328125,1938.6328125,5.632449555478079
2025-12-08 07:00:00,33860.0,32393.035,1466.96484375,1466.96484375,4.332441948464265
2025-12-08 08:00:00,33628.0,31985.693,1642.306640625,1642.306640625,4.883747593151541
2025-12-08 09:00:00,33609.0,32003.293,1605.70703125,1605.70703125,4.777610256925229
2025-12-08 10:00:00,33772.0,32065.545,1706.455078125,1706.455078125,5.052869472121876
2025-12-08 11:00:00,34417.0,32602.76,1814.240234375,1814.240234375,5.271349142502252
2025-12-08 12:00:00,35866.0,33366.7,2499.30078125,2499.30078125,6.968440253303965
2025-12-08 13:00:00,38119.0,34627.94,3491.05859375,3491.05859375,9.158316308796138
2025-12-08 14:00:00,39458.0,35418.44,4039.55859375,4039.55859375,10.237616183663642
2025-12-08 15:00:00,39453.0,35729.703,3723.296875,3723.296875,9.437297227080323
2025-12-08 16:00:00,38936.0,36082.305,2853.6953125,2853.6953125,7.329194864649681
2025-12-08 17:00:00,38126.0,36152.215,1973.78515625,1973.78515625,5.177005603131722
2025-12-08 18:00:00,37101.0,35622.375,1478.625,1478.625,3.9854047060726128
2025-12-08 19:00:00,36127.0,35434.418,692.58203125,692.58203125,1.9170759577324437
2025-12-08 20:00:00,35317.0,35045.273,271.7265625,271.7265625,0.7693931038876463
2025-12-08 21:00:00,34695.0,34687.586,7.4140625,7.4140625,0.021369253494739875
2025-12-08 22:00:00,34387.0,34789.8,-402.80078125,402.80078125,1.1713751744845435
2025-12-08 23:00:00,35067.0,35701.125,-634.125,634.125,1.8083240653605954
2025-12-09 00:00:00,36507.0,35805.75,701.25,701.25,1.9208644917413098
2025-12-09 01:00:00,37239.0,36183.293,1055.70703125,1055.70703125,2.8349500020140175
2025-12-09 02:00:00,37275.0,36199.055,1075.9453125,1075.9453125,2.8865065392354126
2025-12-09 03:00:00,37137.0,35848.715,1288.28515625,1288.28515625,3.4690070717882437
2025-12-09 04:00:00,36612.0,34924.38,1687.62109375,1687.62109375,4.60947529157107
2025-12-09 05:00:00,35359.0,33927.543,1431.45703125,1431.45703125,4.048352700161203
2025-12-09 06:00:00,34222.0,32693.717,1528.283203125,1528.283203125,4.465791605180878
2025-12-09 07:00:00,33514.0,32290.697,1223.302734375,1223.302734375,3.6501245281822525
2025-12-09 08:00:00,33164.0,32235.377,928.623046875,928.623046875,2.800093616195272
2025-12-09 09:00:00,33079.0,32422.383,656.6171875,656.6171875,1.9849970902989813
2025-12-09 10:00:00,33173.0,32512.213,660.787109375,660.787109375,1.991942571895819
2025-12-09 11:00:00,33668.0,32807.51,860.48828125,860.48828125,2.555804565908281
2025-12-09 12:00:00,34957.0,34017.246,939.75390625,939.75390625,2.6883139464198873
2025-12-09 13:00:00,37067.0,35430.59,1636.41015625,1636.41015625,4.41473590053147
2025-12-09 14:00:00,38218.0,36402.086,1815.9140625,1815.9140625,4.751462825108588
2025-12-09 15:00:00,37584.0,35903.35,1680.6484375,1680.6484375,4.471712530598127
2025-12-09 16:00:00,36458.0,35293.31,1164.69140625,1164.69140625,3.1946113507323495
2025-12-09 17:00:00,35530.0,34714.445,815.5546875,815.5546875,2.2953973754573602
2025-12-09 18:00:00,34744.0,34379.008,364.9921875,364.9921875,1.0505186147248446
2025-12-09 19:00:00,34112.0,33816.324,295.67578125,295.67578125,0.8667793774917918
2025-12-09 20:00:00,33673.0,33387.62,285.37890625,285.37890625,0.8475006867519971
2025-12-09 21:00:00,33315.0,32865.74,449.26171875,449.26171875,1.3485268460153084
2025-12-09 22:00:00,33311.0,32543.832,767.16796875,767.16796875,2.303046947704962
2025-12-09 23:00:00,33898.0,33201.6,696.3984375,696.3984375,2.0543938801699215
2025-12-10 00:00:00,35252.0,34112.4,1139.6015625,1139.6015625,3.2327288168047206
2025-12-10 01:00:00,35715.0,34814.44,900.55859375,900.55859375,2.5215136322273555
2025-12-10 02:00:00,35468.0,34789.043,678.95703125,678.95703125,1.914280566285102
2025-12-10 03:00:00,35160.0,34493.37,666.62890625,666.62890625,1.8959866503128555
2025-12-10 04:00:00,34442.0,34022.234,419.765625,419.765625,1.2187608878694618
2025-12-10 05:00:00,33176.0,33267.684,-91.68359375,91.68359375,0.2763551776886906
2025-12-10 06:00:00,32044.0,32350.26,-306.259765625,306.259765625,0.9557476146080389
2025-12-10 07:00:00,31399.0,31938.797,-539.796875,539.796875,1.719153078123507
2025-12-10 08:00:00,31093.0,31746.973,-653.97265625,653.97265625,2.1032793755829284
2025-12-10 09:00:00,31023.0,31836.742,-813.7421875,813.7421875,2.6230286803339458
2025-12-10 10:00:00,31238.0,31883.195,-645.1953125,645.1953125,2.065418120558294
2025-12-10 11:00:00,31825.0,32148.455,-323.455078125,323.455078125,1.0163553122545168
2025-12-10 12:00:00,33136.0,33074.77,61.23046875,61.23046875,0.1847853354357798
2025-12-10 13:00:00,35325.0,34699.43,625.5703125,625.5703125,1.7708996815286624
2025-12-10 14:00:00,36590.0,35430.234,1159.765625,1159.765625,3.169624555889587
2025-12-10 15:00:00,36447.0,35650.066,796.93359375,796.93359375,2.186554706148654
2025-12-10 16:00:00,35839.0,34790.664,1048.3359375,1048.3359375,2.925126084712185
2025-12-10 17:00:00,35346.0,34181.1,1164.8984375,1164.8984375,3.2957008926045384
2025-12-10 18:00:00,34769.0,33799.68,969.3203125,969.3203125,2.78788665909287
2025-12-10 19:00:00,34103.0,33094.395,1008.60546875,1008.60546875,2.957527105386623
2025-12-10 20:00:00,33695.0,32615.604,1079.396484375,1079.396484375,3.20343221360736
2025-12-10 21:00:00,33308.0,32379.055,928.9453125,928.9453125,2.788955543713222
2025-12-10 22:00:00,33276.0,32752.764,523.236328125,523.236328125,1.572413535656329
2025-12-10 23:00:00,33914.0,33199.08,714.921875,714.921875,2.10804350710621
2025-12-11 00:00:00,35387.0,34572.715,814.28515625,814.28515625,2.3010855858083477
2025-12-11 01:00:00,36101.0,34792.613,1308.38671875,1308.38671875,3.624239546688458
2025-12-11 02:00:00,36187.0,34592.46,1594.5390625,1594.5390625,4.406386444026861
2025-12-11 03:00:00,36148.0,34606.355,1541.64453125,1541.64453125,4.26481280084652
2025-12-11 04:00:00,35542.0,33529.2,2012.80078125,2012.80078125,5.663161277502673
2025-12-11 05:00:00,34534.0,32594.52,1939.48046875,1939.48046875,5.616147763797996
2025-12-11 06:00:00,33503.0,31770.365,1732.634765625,1732.634765625,5.171580949840313
2025-12-11 07:00:00,32911.0,31232.658,1678.341796875,1678.341796875,5.099637801570903
2025-12-11 08:00:00,32648.0,30976.97,1671.029296875,1671.029296875,5.1183205613666996
2025-12-11 09:00:00,32587.0,31087.111,1499.888671875,1499.888671875,4.602720937413692
2025-12-11 10:00:00,32844.0,31221.35,1622.650390625,1622.650390625,4.94047737981062
2025-12-11 11:00:00,33420.0,31441.47,1978.529296875,1978.529296875,5.920195382630162
2025-12-11 12:00:00,34771.0,32479.393,2291.607421875,2291.607421875,6.590570940942165
2025-12-11 13:00:00,36850.0,34429.895,2420.10546875,2420.10546875,6.567450390094979
2025-12-11 14:00:00,38075.0,34917.754,3157.24609375,3157.24609375,8.292176214707814
2025-12-11 15:00:00,37789.0,34824.3,2964.69921875,2964.69921875,7.845402680012701
2025-12-11 16:00:00,36772.0,34188.043,2583.95703125,2583.95703125,7.026968974355488
2025-12-11 17:00:00,35949.0,32961.68,2987.3203125,2987.3203125,8.30988431527998
2025-12-11 18:00:00,35185.0,32803.01,2381.98828125,2381.98828125,6.76989706195822
2025-12-11 19:00:00,34426.0,32349.299,2076.701171875,2076.701171875,6.03236266738802
2025-12-11 20:00:00,34080.0,32039.291,2040.708984375,2040.708984375,5.987995846170775
2025-12-11 21:00:00,33605.0,32006.992,1598.0078125,1598.0078125,4.755268003273323
2025-12-11 22:00:00,33523.0,32199.47,1323.529296875,1323.529296875,3.948123070354682
2025-12-11 23:00:00,33898.0,32779.605,1118.39453125,1118.39453125,3.2992935608295477
2025-12-12 00:00:00,34949.0,34131.41,817.58984375,817.58984375,2.3393797926979314
2025-12-12 01:00:00,35362.0,34519.195,842.8046875,842.8046875,2.3833626138227473
2025-12-12 02:00:00,35278.0,34701.387,576.61328125,576.61328125,1.6344840445886955
2025-12-12 03:00:00,35221.0,34796.348,424.65234375,424.65234375,1.205679406462054
2025-12-12 04:00:00,34531.0,34082.953,448.046875,448.046875,1.2975207060322609
2025-12-12 05:00:00,33471.0,33264.137,206.86328125,206.86328125,0.6180373494965791
2025-12-12 06:00:00,32476.0,32443.48,32.51953125,32.51953125,0.10013404129203105
2025-12-12 07:00:00,31852.0,31961.324,-109.32421875,109.32421875,0.34322560200301394
2025-12-12 08:00:00,31620.0,31993.021,-373.021484375,373.021484375,1.1797010891049968
2025-12-12 09:00:00,31578.0,31986.611,-408.611328125,408.611328125,1.2939746916365824
2025-12-12 10:00:00,31830.0,31958.822,-128.822265625,128.822265625,0.40471965323594095
2025-12-12 11:00:00,32487.0,32561.334,-74.333984375,74.333984375,0.22881147651368242
2025-12-12 12:00:00,33908.0,33337.88,570.12109375,570.12109375,1.6813763529255632
2025-12-12 13:00:00,35963.0,34910.234,1052.765625,1052.765625,2.9273576314545506
2025-12-12 14:00:00,37287.0,35869.176,1417.82421875,1417.82421875,3.8024625707351087
2025-12-12 15:00:00,37167.0,35813.066,1353.93359375,1353.93359375,3.642837984636909
2025-12-12 16:00:00,36726.0,35130.777,1595.22265625,1595.22265625,4.343578544491641
2025-12-12 17:00:00,36064.0,35049.098,1014.90234375,1014.90234375,2.814170207824978
2025-12-12 18:00:00,35435.0,34463.848,971.15234375,971.15234375,2.740658512064343
2025-12-12 19:00:00,34817.0,33522.086,1294.9140625,1294.9140625,3.7192005701237902
2025-12-12 20:00:00,34426.0,33369.16,1056.83984375,1056.83984375,3.0698885834834138
2025-12-12 21:00:00,34188.0,33264.2,923.80078125,923.80078125,2.7021199872762374
2025-12-12 22:00:00,34200.0,33487.79,712.2109375,712.2109375,2.0824881213450293
2025-12-12 23:00:00,34691.0,33568.37,1122.62890625,1122.62890625,3.2360811341558327
2025-12-13 00:00:00,35704.0,33149.477,2554.5234375,2554.5234375,7.154726186141609
2025-12-13 01:00:00,36008.0,33911.043,2096.95703125,2096.95703125,5.823586512025106
2025-12-13 02:00:00,35892.0,33915.49,1976.51171875,1976.51171875,5.506830822328095
2025-12-13 03:00:00,35791.0,33883.3,1907.69921875,1907.69921875,5.3301087389287805
2025-12-13 04:00:00,35494.0,33185.06,2308.94140625,2308.94140625,6.5051597629176765
2025-12-13 05:00:00,34880.0,32264.725,2615.275390625,2615.275390625,7.497922564865251
2025-12-13 06:00:00,34013.0,31515.107,2497.892578125,2497.892578125,7.34393490172875
2025-12-13 07:00:00,33391.0,31336.176,2054.82421875,2054.82421875,6.1538265363421285
2025-12-13 08:00:00,33037.0,31149.764,1887.236328125,1887.236328125,5.712493047567879
2025-12-13 09:00:00,32881.0,31448.725,1432.275390625,1432.275390625,4.355936226468173
2025-12-13 10:00:00,32990.0,31532.197,1457.802734375,1457.802734375,4.418923111170051
2025-12-13 11:00:00,33360.0,31835.914,1524.0859375,1524.0859375,4.568602930155875
2025-12-13 12:00:00,33944.0,32328.09,1615.91015625,1615.91015625,4.760517782966062
2025-12-13 13:00:00,34846.0,34182.44,663.55859375,663.55859375,1.9042604423750216
2025-12-13 14:00:00,35840.0,35484.69,355.30859375,355.30859375,0.9913744245256697
2025-12-13 15:00:00,36456.0,35106.56,1349.44140625,1349.44140625,3.7015618999615976
2025-12-13 16:00:00,36618.0,34743.094,1874.90625,1874.90625,5.120176552515156
2025-12-13 17:00:00,36528.0,34371.348,2156.65234375,2156.65234375,5.904107379955103
2025-12-13 18:00:00,36189.0,33667.94,2521.05859375,2521.05859375,6.966367110862416
2025-12-13 19:00:00,35671.0,33269.85,2401.1484375,2401.1484375,6.731374050349023
2025-12-13 20:00:00,35279.0,33148.29,2130.7109375,2130.7109375,6.039601285467275
2025-12-13 21:00:00,35217.0,33411.13,1805.87109375,1805.87109375,5.127839094045489
2025-12-13 22:00:00,35724.0,33256.305,2467.6953125,2467.6953125,6.9076679893069075
2025-12-13 23:00:00,36549.0,33847.8,2701.19921875,2701.19921875,7.390624144983447
2025-12-14 00:00:00,37833.0,35192.664,2640.3359375,2640.3359375,6.978922997118918
2025-12-14 01:00:00,38230.0,35625.742,2604.2578125,2604.2578125,6.812079028250065
2025-12-14 02:00:00,38290.0,35649.652,2640.34765625,2640.34765625,6.895658543353356
2025-12-14 03:00:00,38230.0,35868.074,2361.92578125,2361.92578125,6.17819979400994
2025-12-14 04:00:00,37971.0,35825.656,2145.34375,2145.34375,5.649953253798952
2025-12-14 05:00:00,37388.0,35557.203,1830.796875,1830.796875,4.896749959880175
2025-12-14 06:00:00,36846.0,35761.25,1084.75,1084.75,2.94401020463551
2025-12-14 07:00:00,36490.0,34935.508,1554.4921875,1554.4921875,4.260049842422582
2025-12-14 08:00:00,36282.0,34537.52,1744.48046875,1744.48046875,4.80811550837881
2025-12-14 09:00:00,36263.0,34321.96,1941.0390625,1941.0390625,5.352670938697846
2025-12-14 10:00:00,36429.0,34253.383,2175.6171875,2175.6171875,5.972212214170029
2025-12-14 11:00:00,36898.0,34958.973,1939.02734375,1939.02734375,5.2551014790774575
2025-12-14 12:00:00,37531.0,35038.473,2492.52734375,2492.52734375,6.641249483760092
2025-12-14 13:00:00,38426.0,35644.367,2781.6328125,2781.6328125,7.238934087596939
2025-12-14 14:00:00,39420.0,36459.688,2960.3125,2960.3125,7.509671486555049
2025-12-14 15:00:00,39869.0,36638.445,3230.5546875,3230.5546875,8.102923794175926
2025-12-14 16:00:00,39506.0,36462.484,3043.515625,3043.515625,7.703932630486508
2025-12-14 17:00:00,38791.0,35866.668,2924.33203125,2924.33203125,7.538686889355778
2025-12-14 18:00:00,38087.0,35803.676,2283.32421875,2283.32421875,5.995022497833906
2025-12-14 19:00:00,37341.0,35458.844,1882.15625,1882.15625,5.0404548619479925
2025-12-14 20:00:00,36643.0,34975.004,1667.99609375,1667.99609375,4.55201837663401
2025-12-14 21:00:00,36178.0,35055.477,1122.5234375,1122.5234375,3.102779140637957
2025-12-14 22:00:00,36272.0,34960.727,1311.2734375,1311.2734375,3.615112035454345
2025-12-14 23:00:00,37263.0,35428.926,1834.07421875,1834.07421875,4.9219714428521595
2025-12-15 00:00:00,39288.0,37084.164,2203.8359375,2203.8359375,5.609437837253106
2025-12-15 01:00:00,40062.0,36634.85,3427.1484375,3427.1484375,8.554611446008686
2025-12-15 02:00:00,40248.0,36658.824,3589.17578125,3589.17578125,8.917650022982508
2025-12-15 03:00:00,40123.0,37130.742,2992.2578125,2992.2578125,7.457712066645067
2025-12-15 04:00:00,39560.0,37241.72,2318.28125,2318.28125,5.860164939332659
2025-12-15 05:00:00,38521.0,36682.875,1838.125,1838.125,4.7717478777809506
2025-12-15 06:00:00,37560.0,35801.4,1758.6015625,1758.6015625,4.682112786208733
2025-12-15 07:00:00,37000.0,35533.566,1466.43359375,1466.43359375,3.963334037162162
2025-12-15 08:00:00,36763.0,35365.73,1397.26953125,1397.26953125,3.800749479775862
2025-12-15 09:00:00,36743.0,35346.57,1396.4296875,1396.4296875,3.800532584437852
2025-12-15 10:00:00,36982.0,35183.258,1798.7421875,1798.7421875,4.863831559948083
2025-12-15 11:00:00,37589.0,35932.465,1656.53515625,1656.53515625,4.406967879565831
2025-12-15 12:00:00,38872.0,36760.582,2111.41796875,2111.41796875,5.4317194092148595
2025-12-15 13:00:00,40829.0,37753.863,3075.13671875,3075.13671875,7.531746353694678
2025-12-15 14:00:00,42011.0,38398.438,3612.5625,3612.5625,8.59908714384328
2025-12-15 15:00:00,41569.0,38499.855,3069.14453125,3069.14453125,7.383253220548967
2025-12-15 16:00:00,40524.0,38093.32,2430.6796875,2430.6796875,5.99812379700918
2025-12-15 17:00:00,39413.0,36638.71,2774.2890625,2774.2890625,7.039020278842006
2025-12-15 18:00:00,38403.0,36171.99,2231.01171875,2231.01171875,5.809472485873499
2025-12-15 19:00:00,37535.0,35429.414,2105.5859375,2105.5859375,5.609660150526176
2025-12-30 07:00:00,35915.0,34040.36,1874.640625,1874.640625,5.219659264931088
2025-12-30 08:00:00,35662.0,34098.516,1563.484375,1563.484375,4.384174681734058
2025-12-30 09:00:00,35541.0,34040.36,1500.640625,1500.640625,4.222280253791396
2025-12-30 10:00:00,35725.0,34427.074,1297.92578125,1297.92578125,3.633102256822953
2025-12-30 11:00:00,36265.0,34710.76,1554.23828125,1554.23828125,4.285780452916034
2025-12-30 12:00:00,37302.0,36025.656,1276.34375,1276.34375,3.4216496434507535
2025-12-30 13:00:00,38796.0,36949.89,1846.109375,1846.109375,4.758504420558821
2025-12-30 14:00:00,39970.0,38307.37,1662.62890625,1662.62890625,4.1596920346509885
2025-12-30 15:00:00,39808.0,37503.277,2304.72265625,2304.72265625,5.789596704808079
2025-12-30 16:00:00,38527.0,37346.32,1180.6796875,1180.6796875,3.0645513211514004
2025-12-30 17:00:00,37264.0,36466.484,797.515625,797.515625,2.1401771817303565
2025-12-30 18:00:00,36127.0,35146.117,980.8828125,980.8828125,2.715096223046475
2025-12-30 19:00:00,35026.0,34430.496,595.50390625,595.50390625,1.7001767437046764
2025-12-30 20:00:00,34130.0,33978.402,151.59765625,151.59765625,0.44417713521828306
2025-12-30 21:00:00,33483.0,33540.703,-57.703125,57.703125,0.17233558820894185
2025-12-30 22:00:00,33249.0,33721.684,-472.68359375,472.68359375,1.4216475495503624
2025-12-30 23:00:00,33678.0,34830.35,-1152.3515625,1152.3515625,3.421674572421165
2025-12-31 00:00:00,35120.0,35677.35,-557.3515625,557.3515625,1.5869919205580865
2025-12-31 01:00:00,35922.0,36291.145,-369.14453125,369.14453125,1.027628003034352
2025-12-31 02:00:00,35923.0,36208.906,-285.90625,285.90625,0.7958863402277092
2025-12-31 03:00:00,35812.0,36035.938,-223.9375,223.9375,0.6253141405115603
2025-12-31 04:00:00,35266.0,35420.65,-154.6484375,154.6484375,0.43851992712527643
2025-12-31 05:00:00,34271.0,34865.94,-594.94140625,594.94140625,1.7359907976131423
2025-12-31 06:00:00,33541.0,33879.55,-338.55078125,338.55078125,1.0093640059926656
2025-12-31 07:00:00,32991.0,33574.836,-583.8359375,583.8359375,1.7696824512745901
2025-12-31 08:00:00,32743.0,33369.97,-626.96875,626.96875,1.9148176709525702
2025-12-31 09:00:00,32723.0,32983.934,-260.93359375,260.93359375,0.7974011971701861
2025-12-31 10:00:00,32875.0,33183.117,-308.1171875,308.1171875,0.9372385931558934
2025-12-31 11:00:00,33201.0,33568.484,-367.484375,367.484375,1.1068473088159996
2025-12-31 12:00:00,34105.0,34693.508,-588.5078125,588.5078125,1.7255763451106874
2025-12-31 13:00:00,35494.0,35709.266,-215.265625,215.265625,0.6064845466839466
2025-12-31 14:00:00,36730.0,36927.4,-197.3984375,197.3984375,0.5374310849441873
2025-12-31 15:00:00,36714.0,36271.42,442.578125,442.578125,1.2054750912458463
2025-12-31 16:00:00,35647.0,35055.273,591.7265625,591.7265625,1.6599617429236682
2025-12-31 17:00:00,34586.0,34269.145,316.85546875,316.85546875,0.9161379423755276
2025-12-31 18:00:00,33678.0,33372.02,305.98046875,305.98046875,0.9085470299602114
2025-12-31 19:00:00,32891.0,32425.521,465.478515625,465.478515625,1.4152154559757988
2025-12-31 20:00:00,32281.0,32024.701,256.298828125,256.298828125,0.7939618603048232
2025-12-31 21:00:00,31630.0,31671.709,-41.708984375,41.708984375,0.1318652683370218
2025-12-31 22:00:00,31328.0,31896.88,-568.880859375,568.880859375,1.8158862978006896
2025-12-31 23:00:00,31522.0,32028.82,-506.8203125,506.8203125,1.6078304438170168
