timestamp_utc,demand_mw,predicted_demand_mw,error_mw,absolute_error_mw,percentage_error
2025-01-01 00:00:00,33978.0,32480.7,1497.30078125,1497.30078125,4.406677206574843
2025-01-01 01:00:00,34048.0,32806.305,1241.6953125,1241.6953125,3.646896477032425
2025-01-01 02:00:00,33484.0,32657.377,826.623046875,826.623046875,2.4687105688537807
2025-01-01 03:00:00,32983.0,32669.695,313.3046875,313.3046875,0.9498974850680653
2025-01-01 04:00:00,32449.0,31906.31,542.689453125,542.689453125,1.6724381433172053
2025-01-01 05:00:00,31892.0,31192.127,699.873046875,699.873046875,2.1945097418631634
2025-01-01 06:00:00,31478.0,30522.46,955.5390625,955.5390625,3.0355774270919373
2025-01-01 07:00:00,31201.0,30450.754,750.24609375,750.24609375,2.4045578467036313
2025-01-01 08:00:00,30983.0,30060.264,922.736328125,922.736328125,2.978202007955976
2025-01-01 09:00:00,30925.0,30211.45,713.55078125,713.55078125,2.3073590339531123
2025-01-01 10:00:00,30941.0,30195.396,745.603515625,745.603515625,2.4097589464626226
2025-01-01 11:00:00,31283.0,30879.678,403.322265625,403.322265625,1.2892697811111467
2025-01-01 12:00:00,31825.0,31236.324,588.67578125,588.67578125,1.8497275137470544
2025-01-01 13:00:00,32490.0,33109.836,-619.8359375,619.8359375,1.907774507540782
2025-01-01 14:00:00,33037.0,33624.215,-587.21484375,587.21484375,1.7774460264249174
2025-01-01 15:00:00,33190.0,33736.094,-546.09375,546.09375,1.6453562820126544
2025-01-01 16:00:00,32902.0,33645.64,-743.640625,743.640625,2.260168454805179
2025-01-01 17:00:00,32373.0,33399.37,-1026.37109375,1026.37109375,3.170454062799246
2025-01-01 18:00:00,31898.0,33173.582,-1275.58203125,1275.58203125,3.998940470405668
2025-01-01 19:00:00,31260.0,32882.098,-1622.09765625,1622.09765625,5.189052003358925
2025-01-01 20:00:00,30598.0,32250.084,-1652.083984375,1652.083984375,5.3993201659422185
2025-01-01 21:00:00,30127.0,31847.703,-1720.703125,1720.703125,5.711498406744781
2025-01-01 22:00:00,30131.0,32158.064,-2027.064453125,2027.064453125,6.72750473971989
2025-01-01 23:00:00,30753.0,32948.55,-2195.55078125,2195.55078125,7.1393060229896275
2025-01-02 00:00:00,32458.0,33472.285,-1014.28515625,1014.28515625,3.1249157565161134
2025-01-02 01:00:00,33508.0,33580.062,-72.0625,72.0625,0.21506058254745136
2025-01-02 02:00:00,33645.0,33182.28,462.71875,462.71875,1.3752972209838015
2025-01-02 03:00:00,33660.0,32930.0,730.0,730.0,2.1687462863933455
2025-01-02 04:00:00,33229.0,32596.242,632.7578125,632.7578125,1.9042336889464022
2025-01-02 05:00:00,32488.0,31600.04,887.9609375,887.9609375,2.7331966803127306
2025-01-02 06:00:00,31732.0,31221.809,510.19140625,510.19140625,1.607813583291315
2025-01-02 07:00:00,31326.0,30905.049,420.951171875,420.951171875,1.343775687527932
2025-01-02 08:00:00,31077.0,30768.17,308.830078125,308.830078125,0.993757692586157
2025-01-02 09:00:00,31081.0,30701.533,379.466796875,379.466796875,1.2208963575013674
2025-01-02 10:00:00,31179.0,30658.645,520.35546875,520.35546875,1.6689293073863818
2025-01-02 11:00:00,31708.0,30620.98,1087.01953125,1087.01953125,3.4282185292355245
2025-01-02 12:00:00,32883.0,31274.963,1608.037109375,1608.037109375,4.890177627877627
2025-01-02 13:00:00,34483.0,32526.15,1956.849609375,1956.849609375,5.674824143418497
2025-01-02 14:00:00,35905.0,32673.898,3231.1015625,3231.1015625,8.999029557164741
2025-01-02 15:00:00,36125.0,32978.684,3146.31640625,3146.31640625,8.709526384083045
2025-01-02 16:00:00,35627.0,32413.385,3213.615234375,3213.615234375,9.020167946711762
2025-01-02 17:00:00,35142.0,31964.492,3177.5078125,3177.5078125,9.041909431734108
2025-01-02 18:00:00,34524.0,31393.73,3130.26953125,3130.26953125,9.066937583275402
2025-01-02 19:00:00,33875.0,30765.596,3109.404296875,3109.404296875,9.17905327490775
2025-01-02 20:00:00,33454.0,30210.621,3243.37890625,3243.37890625,9.6950406715191
2025-01-02 21:00:00,32936.0,30074.56,2861.439453125,2861.439453125,8.687877863508016
2025-01-02 22:00:00,32707.0,30214.035,2492.96484375,2492.96484375,7.6221140543308765
2025-01-02 23:00:00,32890.0,30800.672,2089.328125,2089.328125,6.352472256004865
2025-01-03 00:00:00,33981.0,32229.97,1751.029296875,1751.029296875,5.152965765795592
2025-01-03 01:00:00,34649.0,33088.69,1560.30859375,1560.30859375,4.503185066668591
2025-01-03 02:00:00,34617.0,33309.01,1307.98828125,1307.98828125,3.778456484530722
2025-01-03 03:00:00,34382.0,33482.363,899.63671875,899.63671875,2.6165921666860563
2025-01-03 04:00:00,33828.0,32877.473,950.52734375,950.52734375,2.809883362155611
2025-01-03 05:00:00,33016.0,31760.234,1255.765625,1255.765625,3.803506254543252
2025-01-03 06:00:00,32170.0,31182.268,987.732421875,987.732421875,3.0703525703294994
2025-01-03 07:00:00,31654.0,31068.86,585.140625,585.140625,1.8485519207683074
2025-01-03 08:00:00,31340.0,31107.596,232.404296875,232.404296875,0.7415580627791959
2025-01-03 09:00:00,31355.0,31302.621,52.37890625,52.37890625,0.16705120794131717
2025-01-03 10:00:00,31539.0,31508.35,30.650390625,30.650390625,0.09718250618282127
2025-01-03 11:00:00,32192.0,31710.932,481.068359375,481.068359375,1.4943723887145874
2025-01-03 12:00:00,33392.0,32602.03,789.970703125,789.970703125,2.3657483922047193
2025-01-03 13:00:00,35115.0,34244.625,870.375,870.375,2.4786416061512178
2025-01-03 14:00:00,36463.0,35380.957,1082.04296875,1082.04296875,2.9675094445053887
2025-01-03 15:00:00,36743.0,35259.61,1483.390625,1483.390625,4.037206066461639
2025-01-03 16:00:00,36202.0,34825.836,1376.1640625,1376.1640625,3.8013481644660514
2025-01-03 17:00:00,35611.0,34717.875,893.125,893.125,2.5080031450956164
2025-01-03 18:00:00,34885.0,33750.324,1134.67578125,1134.67578125,3.2526179769241796
2025-01-03 19:00:00,34333.0,33319.855,1013.14453125,1013.14453125,2.950935051553899
2025-01-03 20:00:00,33773.0,32995.562,777.4375,777.4375,2.3019497823705324
2025-01-03 21:00:00,33221.0,32551.645,669.35546875,669.35546875,2.0148564725625357
2025-01-03 22:00:00,33069.0,32368.781,700.21875,700.21875,2.117447609543681
2025-01-03 23:00:00,33290.0,32680.932,609.068359375,609.068359375,1.8295835367227393
2025-01-04 00:00:00,34250.0,32858.887,1391.11328125,1391.11328125,4.061644616788321
2025-01-04 01:00:00,35062.0,33071.05,1990.94921875,1990.94921875,5.678367516827334
2025-01-04 02:00:00,35035.0,33122.824,1912.17578125,1912.17578125,5.457901473526474
2025-01-04 03:00:00,34948.0,32887.43,2060.5703125,2060.5703125,5.896103675460685
2025-01-04 04:00:00,34465.0,32204.967,2260.033203125,2260.033203125,6.557473387857246
2025-01-04 05:00:00,33887.0,31301.049,2585.951171875,2585.951171875,7.631100929191136
2025-01-04 06:00:00,33010.0,30561.465,2448.53515625,2448.53515625,7.417555759618298
2025-01-04 07:00:00,32362.0,30400.318,1961.681640625,1961.681640625,6.061682345420555
2025-01-04 08:00:00,31924.0,29910.795,2013.205078125,2013.205078125,6.306243196732865
2025-01-04 09:00:00,31671.0,29926.975,1744.025390625,1744.025390625,5.5066950542294215
2025-01-04 10:00:00,31529.0,29928.48,1600.51953125,1600.51953125,5.076340928193092
2025-01-04 11:00:00,31662.0,30107.123,1554.876953125,1554.876953125,4.910861452608806
2025-01-04 12:00:00,32210.0,30805.682,1404.318359375,1404.318359375,4.359883139941012
2025-01-04 13:00:00,33055.0,32380.686,674.314453125,674.314453125,2.0399771687339285
2025-01-04 14:00:00,33922.0,33190.758,731.2421875,731.2421875,2.155657648428748
2025-01-04 15:00:00,34664.0,33533.91,1130.08984375,1130.08984375,3.260125328150242
2025-01-04 16:00:00,35214.0,33401.957,1812.04296875,1812.04296875,5.145802716959165
2025-01-04 17:00:00,35562.0,33004.88,2557.12109375,2557.12109375,7.190599779961756
2025-01-04 18:00:00,35638.0,32633.33,3004.669921875,3004.669921875,8.431084577908413
2025-01-04 19:00:00,35421.0,32324.61,3096.390625,3096.390625,8.741680429688603
2025-01-04 20:00:00,35191.0,31964.605,3226.39453125,3226.39453125,9.16823770637379
2025-01-04 21:00:00,34969.0,31741.016,3227.984375,3227.984375,9.230988518402013
2025-01-04 22:00:00,34961.0,31624.885,3336.115234375,3336.115234375,9.542390762206459
2025-01-04 23:00:00,35332.0,31863.068,3468.931640625,3468.931640625,9.818101552770859
2025-01-05 00:00:00,36276.0,32725.492,3550.5078125,3550.5078125,9.787484321590032
2025-01-05 01:00:00,36412.0,33048.805,3363.1953125,3363.1953125,9.23650256096891
2025-01-05 02:00:00,35989.0,33138.11,2850.890625,2850.890625,7.921561102003389
2025-01-05 03:00:00,35405.0,33067.613,2337.38671875,2337.38671875,6.601854875723767
2025-01-05 04:00:00,34765.0,32581.705,2183.294921875,2183.294921875,6.280152227455775
2025-01-05 05:00:00,33946.0,31898.963,2047.037109375,2047.037109375,6.03027487590585
2025-01-05 06:00:00,33140.0,31215.773,1924.2265625,1924.2265625,5.806356555522028
2025-01-05 07:00:00,32539.0,30602.926,1936.07421875,1936.07421875,5.95001142859338
2025-01-05 08:00:00,32153.0,30486.314,1666.685546875,1666.685546875,5.183608207243492
2025-01-05 09:00:00,31997.0,30382.49,1614.509765625,1614.509765625,5.045816062834016
2025-01-05 10:00:00,31962.0,30467.527,1494.47265625,1494.47265625,4.675779538983793
2025-01-05 11:00:00,32121.0,31281.836,839.1640625,839.1640625,2.612509145107562
2025-01-05 12:00:00,32544.0,31793.754,750.24609375,750.24609375,2.3053284591629795
2025-01-05 13:00:00,33299.0,33557.535,-258.53515625,258.53515625,0.7764051660710531
2025-01-05 14:00:00,34229.0,34532.72,-303.71875,303.71875,0.8873141196061819
2025-01-05 15:00:00,35152.0,35336.24,-184.23828125,184.23828125,0.5241189157089212
2025-01-05 16:00:00,35867.0,35768.234,98.765625,98.765625,0.2753662837705969
2025-01-05 17:00:00,36363.0,35654.992,708.0078125,708.0078125,1.9470555578472624
2025-01-05 18:00:00,36740.0,35629.8,1110.19921875,1110.19921875,3.0217725061241154
2025-01-05 19:00:00,37039.0,35568.92,1470.078125,1470.078125,3.9690005804692348
2025-01-05 20:00:00,37159.0,35483.914,1675.0859375,1675.0859375,4.507887557523076
2025-01-05 21:00:00,37312.0,35129.086,2182.9140625,2182.9140625,5.850434344178816
2025-01-05 22:00:00,37681.0,35113.78,2567.21875,2567.21875,6.813032430137205
2025-01-05 23:00:00,38418.0,35560.21,2857.7890625,2857.7890625,7.438672139361757
2025-01-06 00:00:00,40021.0,37344.555,2676.4453125,2676.4453125,6.687602290047725
2025-01-06 01:00:00,40799.0,37371.984,3427.015625,3427.015625,8.399753976813157
2025-01-06 02:00:00,40757.0,37466.605,3290.39453125,3290.39453125,8.07320099921486
2025-01-06 03:00:00,40577.0,37248.508,3328.4921875,3328.4921875,8.202903584542968
2025-01-06 04:00:00,40066.0,36938.3,3127.69921875,3127.69921875,7.806367540433285
2025-01-06 05:00:00,39237.0,36301.57,2935.4296875,2935.4296875,7.481279627647373
2025-01-06 06:00:00,38411.0,35339.234,3071.765625,3071.765625,7.997098812840071
2025-01-06 07:00:00,37985.0,34924.066,3060.93359375,3060.93359375,8.05826930038173
2025-01-06 08:00:00,37819.0,34663.617,3155.3828125,3155.3828125,8.343379815701104
2025-01-06 09:00:00,37853.0,34442.023,3410.9765625,3410.9765625,9.011112890655959
2025-01-06 10:00:00,38050.0,34585.562,3464.4375,3464.4375,9.104960578186597
2025-01-06 11:00:00,38648.0,35224.543,3423.45703125,3423.45703125,8.858044481603187
2025-01-06 12:00:00,39801.0,36396.797,3404.203125,3404.203125,8.55305928243009
2025-01-06 13:00:00,41402.0,37207.508,4194.4921875,4194.4921875,10.131134214530698
2025-01-06 14:00:00,42569.0,38892.586,3676.4140625,3676.4140625,8.636364637412202
2025-01-06 15:00:00,42365.0,39522.395,2842.60546875,2842.60546875,6.7097969284786965
2025-01-06 16:00:00,41624.0,39032.38,2591.62109375,2591.62109375,6.226266321713434
2025-01-06 17:00:00,40806.0,38652.066,2153.93359375,2153.93359375,5.278472758295349
2025-01-06 18:00:00,40046.0,38739.547,1306.453125,1306.453125,3.2623810742645953
2025-01-06 19:00:00,39264.0,38659.445,604.5546875,604.5546875,1.5397175211389569
2025-01-06 20:00:00,38540.0,38665.176,-125.17578125,125.17578125,0.3247944505708355
2025-01-06 21:00:00,37958.0,38311.145,-353.14453125,353.14453125,0.930356002028558
2025-01-06 22:00:00,37636.0,38420.83,-784.828125,784.828125,2.085312267509831
2025-01-06 23:00:00,38263.0,38896.06,-633.05859375,633.05859375,1.6544928357682356
2025-01-07 00:00:00,40113.0,39291.875,821.125,821.125,2.0470296412634306
2025-01-07 01:00:00,41096.0,39602.14,1493.859375,1493.859375,3.6350481190383492
2025-01-07 02:00:00,41099.0,39561.33,1537.671875,1537.671875,3.7413851310250856
2025-01-07 03:00:00,40908.0,39486.81,1421.19140625,1421.19140625,3.4741160805954823
2025-01-07 04:00:00,40232.0,39021.4,1210.6015625,1210.6015625,3.009051408083118
2025-01-07 05:00:00,39200.0,38166.77,1033.23046875,1033.23046875,2.635792012117347
2025-01-07 06:00:00,38404.0,37822.88,581.12109375,581.12109375,1.5131785588740756
2025-01-07 07:00:00,37980.0,37445.75,534.25,534.25,1.40666140073723
2025-01-07 08:00:00,37758.0,36990.254,767.74609375,767.74609375,2.033333581625086
2025-01-07 09:00:00,37834.0,36884.664,949.3359375,949.3359375,2.5092137693608922
2025-01-07 10:00:00,38045.0,37227.85,817.1484375,817.1484375,2.1478471218294124
2025-01-07 11:00:00,38597.0,37896.355,700.64453125,700.64453125,1.8152823567893877
2025-01-07 12:00:00,39805.0,38700.824,1104.17578125,1104.17578125,2.7739625204120086
2025-01-07 13:00:00,41702.0,39289.28,2412.71875,2412.71875,5.785618795261619
2025-01-07 14:00:00,42955.0,40243.816,2711.18359375,2711.18359375,6.31168337504365
2025-01-07 15:00:00,42757.0,39827.45,2929.55078125,2929.55078125,6.851628461421521
2025-01-07 16:00:00,42106.0,39531.465,2574.53515625,2574.53515625,6.114413993848858
2025-01-07 17:00:00,41206.0,38700.164,2505.8359375,2505.8359375,6.081240444352764
2025-01-07 18:00:00,40210.0,38513.074,1696.92578125,1696.92578125,4.220158620368068
2025-01-07 19:00:00,39255.0,38178.9,1076.1015625,1076.1015625,2.741310820277672
2025-01-07 20:00:00,38565.0,37723.375,841.625,841.625,2.182354466485155
2025-01-07 21:00:00,37831.0,37507.984,323.015625,323.015625,0.8538384525917897
2025-01-07 22:00:00,37805.0,37163.484,641.515625,641.515625,1.6969068244941143
2025-01-07 23:00:00,38539.0,37129.695,1409.3046875,1409.3046875,3.6568273372427926
2025-01-08 00:00:00,40256.0,37945.914,2310.0859375,2310.0859375,5.7384885172396665
2025-01-08 01:00:00,41191.0,38626.67,2564.328125,2564.328125,6.225457320773955
2025-01-08 02:00:00,41147.0,38452.957,2694.04296875,2694.04296875,6.5473618216394875
2025-01-08 03:00:00,41016.0,38559.58,2456.421875,2456.421875,5.988935720206748
2025-01-08 04:00:00,40419.0,38175.242,2243.7578125,2243.7578125,5.551245237388357
2025-01-08 05:00:00,39449.0,37373.98,2075.01953125,2075.01953125,5.260005402545058
2025-01-08 06:00:00,38483.0,37196.59,1286.41015625,1286.41015625,3.3428011232232415
2025-01-08 07:00:00,38013.0,36789.11,1223.890625,1223.890625,3.219663338857759
2025-01-08 08:00:00,37768.0,36650.473,1117.52734375,1117.52734375,2.958926455597331
2025-01-08 09:00:00,37836.0,36725.14,1110.859375,1110.859375,2.9359852389258907
2025-01-08 10:00:00,38079.0,36989.777,1089.22265625,1089.22265625,2.8604287304025844
2025-01-08 11:00:00,38741.0,37417.152,1323.84765625,1323.84765625,3.417174714772463
2025-01-08 12:00:00,40052.0,37809.543,2242.45703125,2242.45703125,5.59886405485369
2025-01-08 13:00:00,42048.0,38652.43,3395.5703125,3395.5703125,8.075462120671613
2025-01-08 14:00:00,43294.0,39722.51,3571.48828125,3571.48828125,8.24938393599575
2025-01-08 15:00:00,43012.0,39913.438,3098.5625,3098.5625,7.203948897981959
2025-01-08 16:00:00,41813.0,39491.574,2321.42578125,2321.42578125,5.551923519599168
2025-01-08 17:00:00,40678.0,37765.535,2912.46484375,2912.46484375,7.159803441049216
2025-01-08 18:00:00,39563.0,38144.723,1418.27734375,1418.27734375,3.584857932285216
2025-01-08 19:00:00,38447.0,37276.016,1170.984375,1170.984375,3.045710653627071
2025-01-08 20:00:00,37631.0,36933.312,697.6875,697.6875,1.854023278679812
2025-01-08 21:00:00,36900.0,36448.8,451.19921875,451.19921875,1.2227621104336042
2025-01-08 22:00:00,36605.0,36438.215,166.78515625,166.78515625,0.4556349030187133
2025-01-08 23:00:00,37362.0,37148.566,213.43359375,213.43359375,0.571258481210856
2025-01-09 00:00:00,39009.0,37681.508,1327.4921875,1327.4921875,3.403040804686098
2025-01-09 01:00:00,40332.0,37687.48,2644.51953125,2644.51953125,6.556876751090945
2025-01-09 02:00:00,40578.0,37422.113,3155.88671875,3155.88671875,7.777334316008674
2025-01-09 03:00:00,40446.0,37944.75,2501.25,2501.25,6.184171487909806
2025-01-09 04:00:00,39863.0,38041.06,1821.94140625,1821.94140625,4.570507503825603
2025-01-09 05:00:00,38937.0,36899.992,2037.0078125,2037.0078125,5.231547917148214
2025-01-09 06:00:00,38059.0,36333.168,1725.83203125,1725.83203125,4.53462264181928
2025-01-09 07:00:00,37410.0,35992.945,1417.0546875,1417.0546875,3.787903468323978
2025-01-09 08:00:00,37201.0,35908.113,1292.88671875,1292.88671875,3.475408507163786
2025-01-09 09:00:00,37055.0,35598.656,1456.34375,1456.34375,3.930221967345837
2025-01-09 10:00:00,37034.0,35958.168,1075.83203125,1075.83203125,2.904984693119836
2025-01-09 11:00:00,37362.0,35933.848,1428.15234375,1428.15234375,3.8224729504576844
2025-01-09 12:00:00,38302.0,36561.035,1740.96484375,1740.96484375,4.545362758472143
2025-01-09 13:00:00,39936.0,38662.25,1273.75,1273.75,3.189478165064102
2025-01-09 14:00:00,41095.0,38952.266,2142.734375,2142.734375,5.214099951332279
2025-01-09 15:00:00,41098.0,38716.8,2381.19921875,2381.19921875,5.793954009319188
2025-01-09 16:00:00,40647.0,38138.367,2508.6328125,2508.6328125,6.171753911727803
2025-01-09 17:00:00,40396.0,37790.383,2605.6171875,2605.6171875,6.450186126101594
2025-01-09 18:00:00,40130.0,37542.266,2587.734375,2587.734375,6.448378706703214
2025-01-09 19:00:00,39924.0,36539.207,3384.79296875,3384.79296875,8.478090794384329
2025-01-09 20:00:00,39582.0,35725.117,3856.8828125,3856.8828125,9.744032167399324
2025-01-09 21:00:00,39173.0,35271.105,3901.89453125,3901.89453125,9.960673247517422
2025-01-09 22:00:00,39136.0,35347.43,3788.5703125,3788.5703125,9.68052512392682
2025-01-09 23:00:00,39394.0,35918.203,3475.796875,3475.796875,8.823163108595217
2025-01-10 00:00:00,40223.0,36328.09,3894.91015625,3894.91015625,9.683291043059942
2025-01-10 01:00:00,40455.0,37060.17,3394.828125,3394.828125,8.391615684093438
2025-01-10 02:00:00,40017.0,37135.66,2881.33984375,2881.33984375,7.200289486343305
2025-01-10 03:00:00,39452.0,37154.812,2297.1875,2297.1875,5.822740292000406
2025-01-10 04:00:00,38508.0,36767.887,1740.11328125,1740.11328125,4.518835777630622
2025-01-10 05:00:00,37324.0,35679.074,1644.92578125,1644.92578125,4.407152988023792
2025-01-10 06:00:00,36271.0,35090.883,1180.1171875,1180.1171875,3.253610839237959
2025-01-10 07:00:00,35601.0,34693.062,907.9375,907.9375,2.550314597904553
2025-01-10 08:00:00,35075.0,34651.555,423.4453125,423.4453125,1.2072567712045617
2025-01-10 09:00:00,34940.0,34497.613,442.38671875,442.38671875,1.2661325665426446
2025-01-10 10:00:00,35001.0,34520.223,480.77734375,480.77734375,1.3736103075626411
2025-01-10 11:00:00,35414.0,34988.953,425.046875,425.046875,1.2002227226520583
2025-01-10 12:00:00,36300.0,35484.508,815.4921875,815.4921875,2.2465349517906334
2025-01-10 13:00:00,37612.0,37105.96,506.0390625,506.0390625,1.3454191813782834
2025-01-10 14:00:00,38860.0,37706.28,1153.71875,1153.71875,2.9689108337622234
2025-01-10 15:00:00,39219.0,37954.855,1264.14453125,1264.14453125,3.2232961861597693
2025-01-10 16:00:00,39000.0,37996.77,1003.23046875,1003.23046875,2.5723858173076923
2025-01-10 17:00:00,38586.0,37888.074,697.92578125,697.92578125,1.8087539036178923
2025-01-10 18:00:00,38034.0,37887.547,146.453125,146.453125,0.3850584345585529
2025-01-10 19:00:00,37563.0,37689.47,-126.46875,126.46875,0.33668437025796666
2025-01-10 20:00:00,37182.0,37473.48,-291.48046875,291.48046875,0.783928967645635
2025-01-10 21:00:00,36802.0,36884.938,-82.9375,82.9375,0.22536139340253247
2025-01-10 22:00:00,36509.0,36736.566,-227.56640625,227.56640625,0.6233159118299597
2025-01-10 23:00:00,36677.0,37044.305,-367.3046875,367.3046875,1.0014578277939854
2025-01-11 00:00:00,37819.0,37115.855,703.14453125,703.14453125,1.8592361808879136
2025-01-11 01:00:00,38552.0,37367.17,1184.828125,1184.828125,3.07332466538701
2025-01-11 02:00:00,38409.0,37427.473,981.52734375,981.52734375,2.555461854643443
2025-01-11 03:00:00,38302.0,37020.387,1281.61328125,1281.61328125,3.346074046394444
2025-01-11 04:00:00,37917.0,35978.53,1938.46875,1938.46875,5.112400110768257
2025-01-11 05:00:00,37243.0,35329.65,1913.3515625,1913.3515625,5.137479694170716
2025-01-11 06:00:00,36551.0,34187.133,2363.8671875,2363.8671875,6.467311940849771
2025-01-11 07:00:00,36052.0,33877.445,2174.5546875,2174.5546875,6.031717207089759
2025-01-11 08:00:00,35810.0,33815.5,1994.5,1994.5,5.5696732756213345
2025-01-11 09:00:00,35777.0,33848.992,1928.0078125,1928.0078125,5.388958863236158
2025-01-11 10:00:00,35819.0,33199.9,2619.1015625,2619.1015625,7.3120454577179705
2025-01-11 11:00:00,36100.0,33462.945,2637.0546875,2637.0546875,7.304860630193906
2025-01-11 12:00:00,36586.0,33908.67,2677.328125,2677.328125,7.317903364675011
2025-01-11 13:00:00,37416.0,35364.367,2051.6328125,2051.6328125,5.4833034330233055
2025-01-11 14:00:00,38333.0,36128.676,2204.32421875,2204.32421875,5.75046100944356
2025-01-11 15:00:00,38569.0,36272.0,2297.0,2297.0,5.955560164899271
2025-01-11 16:00:00,37895.0,35559.01,2335.98828125,2335.98828125,6.164370711835335
2025-01-11 17:00:00,37131.0,35188.535,1942.46484375,1942.46484375,5.231383059303547
2025-01-11 18:00:00,36243.0,34641.387,1601.61328125,1601.61328125,4.419096877328036
2025-01-11 19:00:00,35317.0,33959.176,1357.82421875,1357.82421875,3.844675988192655
2025-01-11 20:00:00,34296.0,33307.996,988.00390625,988.00390625,2.8808138157511083
2025-01-11 21:00:00,33632.0,32883.195,748.8046875,748.8046875,2.2264649366674596
2025-01-11 22:00:00,33346.0,32982.582,363.41796875,363.41796875,1.0898397671384874
2025-01-11 23:00:00,33795.0,33361.38,433.62109375,433.62109375,1.2830924508063324
2025-01-12 00:00:00,35113.0,34694.3,418.69921875,418.69921875,1.19243362501068
2025-01-12 01:00:00,35988.0,35180.055,807.9453125,807.9453125,2.245040881682783
2025-01-12 02:00:00,36011.0,35207.46,803.5390625,803.5390625,2.2313711435394743
2025-01-12 03:00:00,35880.0,34941.453,938.546875,938.546875,2.6157939659977703
2025-01-12 04:00:00,35507.0,34871.035,635.96484375,635.96484375,1.7910970900104204
2025-01-12 05:00:00,34834.0,33818.984,1015.015625,1015.015625,2.9138646868002525
2025-01-12 06:00:00,34109.0,32912.277,1196.72265625,1196.72265625,3.508524601278255
2025-01-12 07:00:00,33645.0,32866.65,778.3515625,778.3515625,2.3134241714965076
2025-01-12 08:00:00,33484.0,32777.74,706.26171875,706.26171875,2.1092513401923307
2025-01-12 09:00:00,33363.0,32758.297,604.703125,604.703125,1.8124962533345323
2025-01-12 10:00:00,33435.0,32708.098,726.90234375,726.90234375,2.1740760991476
2025-01-12 11:00:00,33724.0,33025.58,698.421875,698.421875,2.070993580239592
2025-01-12 12:00:00,34215.0,32912.973,1302.02734375,1302.02734375,3.8054284487797747
2025-01-12 13:00:00,35009.0,34216.66,792.33984375,792.33984375,2.263246147419235
2025-01-12 14:00:00,35930.0,34805.7,1124.30078125,1124.30078125,3.129142168800445
2025-01-12 15:00:00,36253.0,34989.668,1263.33203125,1263.33203125,3.4847654849253855
2025-01-12 16:00:00,35915.0,34556.004,1358.99609375,1358.99609375,3.7839234129193935
2025-01-12 17:00:00,35128.0,34034.062,1093.9375,1093.9375,3.1141468344340697
2025-01-12 18:00:00,34618.0,33378.973,1239.02734375,1239.02734375,3.579141902334046
2025-01-12 19:00:00,34099.0,33215.695,883.3046875,883.3046875,2.59041229214933
2025-01-12 20:00:00,33686.0,32519.002,1166.998046875,1166.998046875,3.4643414085228286
2025-01-12 21:00:00,33326.0,32078.016,1247.984375,1247.984375,3.744776975934706
2025-01-12 22:00:00,33366.0,32061.928,1304.072265625,1304.072265625,3.908386578028532
2025-01-12 23:00:00,33990.0,32286.371,1703.62890625,1703.62890625,5.012147414680788
2025-01-13 00:00:00,35596.0,34897.062,698.9375,698.9375,1.963528205416339
2025-01-13 01:00:00,36878.0,35393.61,1484.390625,1484.390625,4.025138632789197
2025-01-13 02:00:00,37159.0,35570.25,1588.75,1588.75,4.275545628246185
2025-01-13 03:00:00,37178.0,35652.88,1525.12109375,1525.12109375,4.102213926919146
2025-01-13 04:00:00,36657.0,35455.625,1201.375,1201.375,3.2773412990697546
2025-01-13 05:00:00,35828.0,34450.633,1377.3671875,1377.3671875,3.8443875948978454
2025-01-13 06:00:00,35085.0,34150.453,934.546875,934.546875,2.6636650277896536
2025-01-13 07:00:00,34798.0,33685.777,1112.22265625,1112.22265625,3.196225806799241
2025-01-13 08:00:00,34822.0,33611.227,1210.7734375,1210.7734375,3.4770358896674516
2025-01-13 09:00:00,35088.0,33861.08,1226.921875,1226.921875,3.496699370155039
2025-01-13 10:00:00,35514.0,34204.918,1309.08203125,1309.08203125,3.6861013438362336
2025-01-13 11:00:00,36338.0,34731.387,1606.61328125,1606.61328125,4.4213035424349165
2025-01-13 12:00:00,37878.0,35543.78,2334.21875,2334.21875,6.162465679286129
2025-01-13 13:00:00,40177.0,36732.125,3444.875,3444.875,8.57424645941708
2025-01-13 14:00:00,41584.0,37203.664,4380.3359375,4380.3359375,10.533705120959985
2025-01-13 15:00:00,41324.0,37180.79,4143.2109375,4143.2109375,10.026161401364824
2025-01-13 16:00:00,40192.0,36833.23,3358.76953125,3358.76953125,8.356811134678544
2025-01-13 17:00:00,39123.0,36443.5,2679.5,2679.5,6.848912404467961
2025-01-13 18:00:00,37940.0,35453.19,2486.80859375,2486.80859375,6.554582482208751
2025-01-13 19:00:00,36919.0,35107.72,1811.28125,1811.28125,4.906095100083967
2025-01-13 20:00:00,36165.0,34569.523,1595.4765625,1595.4765625,4.411659235448638
2025-01-13 21:00:00,35356.0,34385.84,970.16015625,970.16015625,2.7439760047799524
2025-01-13 22:00:00,35040.0,34347.254,692.74609375,692.74609375,1.9770151077340183
2025-01-13 23:00:00,35592.0,35114.875,477.125,477.125,1.3405400089907844
2025-01-14 00:00:00,37102.0,35581.664,1520.3359375,1520.3359375,4.0977196310171955
2025-01-14 01:00:00,38454.0,36247.402,2206.59765625,2206.59765625,5.738278608857336
2025-01-14 02:00:00,38684.0,36682.79,2001.2109375,2001.2109375,5.173226495450316
2025-01-14 03:00:00,38648.0,36869.227,1778.7734375,1778.7734375,4.60249802706479
2025-01-14 04:00:00,38142.0,36289.887,1852.11328125,1852.11328125,4.855836823580304
2025-01-14 05:00:00,37193.0,35110.914,2082.0859375,2082.0859375,5.5980586064582045
2025-01-14 06:00:00,36246.0,34547.27,1698.73046875,1698.73046875,4.686670167052917
2025-01-14 07:00:00,35735.0,33903.85,1831.1484375,1831.1484375,5.124243563733035
2025-01-14 08:00:00,35553.0,33883.152,1669.84765625,1669.84765625,4.69678411456136
2025-01-14 09:00:00,35541.0,34597.42,943.578125,943.578125,2.654900326383613
2025-01-14 10:00:00,35751.0,34676.105,1074.89453125,1074.89453125,3.0066138884227014
2025-01-14 11:00:00,36378.0,35309.875,1068.125,1068.125,2.9361839573368522
2025-01-14 12:00:00,37629.0,35863.88,1765.12109375,1765.12109375,4.690853048845305
2025-01-14 13:00:00,39614.0,37770.766,1843.234375,1843.234375,4.652987264603423
2025-01-14 14:00:00,40938.0,38385.887,2552.11328125,2552.11328125,6.234093705725732
2025-01-14 15:00:00,40502.0,37695.668,2806.33203125,2806.33203125,6.928872725420968
2025-01-14 16:00:00,39237.0,37663.477,1573.5234375,1573.5234375,4.010305164767948
2025-01-14 17:00:00,38095.0,37372.387,722.61328125,722.61328125,1.8968717187294921
2025-01-14 18:00:00,36974.0,36627.164,346.8359375,346.8359375,0.9380535984746037
2025-01-14 19:00:00,36022.0,35751.91,270.08984375,270.08984375,0.7497913601410249
2025-01-14 20:00:00,35189.0,35573.86,-384.859375,384.859375,1.0936922759953396
2025-01-14 21:00:00,34669.0,35136.74,-467.73828125,467.73828125,1.3491542336092763
2025-01-14 22:00:00,34490.0,34995.285,-505.28515625,505.28515625,1.4650192990721949
2025-01-14 23:00:00,35086.0,35391.355,-305.35546875,305.35546875,0.870305730918315
2025-01-15 00:00:00,36469.0,36313.832,155.16796875,155.16796875,0.42547908840384985
2025-01-15 01:00:00,37767.0,37044.047,722.953125,722.953125,1.9142455715307014
2025-01-15 02:00:00,37937.0,37049.914,887.0859375,887.0859375,2.3383133550359805
2025-01-15 03:00:00,37887.0,37233.805,653.1953125,653.1953125,1.7240618483912686
2025-01-15 04:00:00,37429.0,36584.59,844.41015625,844.41015625,2.256031836944615
2025-01-15 05:00:00,36486.0,36007.805,478.1953125,478.1953125,1.310626850024667
2025-01-15 06:00:00,35607.0,35083.37,523.62890625,523.62890625,1.4705785554806639
2025-01-15 07:00:00,35259.0,35113.086,145.9140625,145.9140625,0.4138349428514706
2025-01-15 08:00:00,35115.0,35631.37,-516.37109375,516.37109375,1.4705142923252172
2025-01-15 09:00:00,35198.0,35015.055,182.9453125,182.9453125,0.5197605332689357
2025-01-15 10:00:00,35410.0,35791.57,-381.5703125,381.5703125,1.0775778381813048
2025-01-15 11:00:00,36022.0,35319.848,702.15234375,702.15234375,1.9492319797623674
2025-01-15 12:00:00,37355.0,36160.496,1194.50390625,1194.50390625,3.197708221790925
2025-01-15 13:00:00,39453.0,37771.797,1681.203125,1681.203125,4.261280827820444
2025-01-15 14:00:00,40739.0,38192.363,2546.63671875,2546.63671875,6.251102674955203
2025-01-15 15:00:00,40467.0,38228.555,2238.4453125,2238.4453125,5.531532637704797
2025-01-15 16:00:00,39211.0,37246.87,1964.12890625,1964.12890625,5.0091273016500475
2025-01-15 17:00:00,37748.0,36510.72,1237.28125,1237.28125,3.2777398802585567
2025-01-15 18:00:00,36338.0,35615.71,722.2890625,722.2890625,1.9876962477296496
2025-01-15 19:00:00,35216.0,35126.035,89.96484375,89.96484375,0.2554658216435711
2025-01-15 20:00:00,34381.0,34612.56,-231.55859375,231.55859375,0.6735074423373375
2025-01-15 21:00:00,33742.0,33883.547,-141.546875,141.546875,0.4194975846126489
2025-01-15 22:00:00,33450.0,33751.176,-301.17578125,301.17578125,0.9003760276532137
2025-01-15 23:00:00,33780.0,34472.53,-692.53125,692.53125,2.0501221136767316
2025-01-16 00:00:00,35157.0,34998.72,158.28125,158.28125,0.45021261768637827
2025-01-16 01:00:00,36416.0,35796.242,619.7578125,619.7578125,1.7018832724626538
2025-01-16 02:00:00,36654.0,36116.13,537.87109375,537.87109375,1.4674280944780924
2025-01-16 03:00:00,36686.0,36104.98,581.01953125,581.01953125,1.5837636462138145
2025-01-16 04:00:00,36159.0,35690.18,468.8203125,468.8203125,1.296552206919439
2025-01-16 05:00:00,34990.0,34529.266,460.734375,460.734375,1.3167601457559301
2025-01-16 06:00:00,34042.0,33862.36,179.640625,179.640625,0.5277029111098055
2025-01-16 07:00:00,33558.0,33601.934,-43.93359375,43.93359375,0.1309183912926873
2025-01-16 08:00:00,33351.0,33513.883,-162.8828125,162.8828125,0.48838959101676116
2025-01-16 09:00:00,33347.0,33595.973,-248.97265625,248.97265625,0.7466118578882658
2025-01-16 10:00:00,33495.0,33722.42,-227.421875,227.421875,0.6789726078519182
2025-01-16 11:00:00,34085.0,34054.008,30.9921875,30.9921875,0.0909261772040487
2025-01-16 12:00:00,35346.0,34821.38,524.62109375,524.62109375,1.4842445927403385
2025-01-16 13:00:00,37473.0,36649.33,823.671875,823.671875,2.1980409227977478
2025-01-16 14:00:00,38676.0,36944.47,1731.53125,1731.53125,4.477017400972179
2025-01-16 15:00:00,38132.0,36769.31,1362.69140625,1362.69140625,3.5736164015787266
2025-01-16 16:00:00,36592.0,35493.586,1098.4140625,1098.4140625,3.0017874467096632
2025-01-16 17:00:00,35321.0,34736.8,584.19921875,584.19921875,1.6539713449505962
2025-01-16 18:00:00,34351.0,33826.27,524.73046875,524.73046875,1.5275551475939566
2025-01-16 19:00:00,33364.0,33352.195,11.8046875,11.8046875,0.035381511509411344
2025-01-16 20:00:00,32522.0,32234.895,287.10546875,287.10546875,0.8828038520078716
2025-01-16 21:00:00,31952.0,32132.418,-180.41796875,180.41796875,0.5646531320418128
2025-01-16 22:00:00,31550.0,32067.926,-517.92578125,517.92578125,1.6416031101426305
2025-01-16 23:00:00,31814.0,32607.105,-793.10546875,793.10546875,2.4929448316778777
2025-01-17 00:00:00,33127.0,33871.777,-744.77734375,744.77734375,2.248248690645093
2025-01-17 01:00:00,34428.0,34635.62,-207.62109375,207.62109375,0.6030588292959219
2025-01-17 02:00:00,34749.0,35111.387,-362.38671875,362.38671875,1.0428694890500447
2025-01-17 03:00:00,34847.0,35032.848,-185.84765625,185.84765625,0.5333246943782821
2025-01-17 04:00:00,34427.0,34698.816,-271.81640625,271.81640625,0.789544271211549
2025-01-17 05:00:00,33513.0,33320.75,192.25,192.25,0.5736579834691016
2025-01-17 06:00:00,32634.0,32658.514,-24.513671875,24.513671875,0.07511696964821965
2025-01-17 07:00:00,32169.0,32361.113,-192.11328125,192.11328125,0.597200041188722
2025-01-17 08:00:00,31926.0,32208.338,-282.337890625,282.337890625,0.8843509698208357
2025-01-17 09:00:00,31911.0,32038.193,-127.193359375,127.193359375,0.39858782042242485
2025-01-17 10:00:00,32086.0,31965.178,120.822265625,120.822265625,0.37655758157763514
2025-01-17 11:00:00,32629.0,32284.688,344.3125,344.3125,1.0552346072512182
2025-01-17 12:00:00,33879.0,33375.094,503.90625,503.90625,1.4873704949969007
2025-01-17 13:00:00,35873.0,34758.184,1114.81640625,1114.81640625,3.1076754278984193
2025-01-17 14:00:00,37063.0,35316.24,1746.76171875,1746.76171875,4.71295286066967
2025-01-17 15:00:00,36880.0,34801.41,2078.58984375,2078.58984375,5.636089598020607
2025-01-17 16:00:00,36058.0,33738.016,2319.984375,2319.984375,6.434035096233845
2025-01-17 17:00:00,35265.0,33368.63,1896.37109375,1896.37109375,5.377487859775982
2025-01-17 18:00:00,34630.0,32396.412,2233.587890625,2233.587890625,6.449863963687553
2025-01-17 19:00:00,34194.0,32091.062,2102.9375,2102.9375,6.1500190091828975
2025-01-17 20:00:00,33977.0,31237.844,2739.15625,2739.15625,8.061795479294817
2025-01-17 21:00:00,33707.0,31067.514,2639.486328125,2639.486328125,7.830677094149584
2025-01-17 22:00:00,33365.0,30871.916,2493.083984375,2493.083984375,7.472153407387981
2025-01-17 23:00:00,33739.0,31464.213,2274.787109375,2274.787109375,6.742307446501082
2025-01-18 00:00:00,34511.0,31812.516,2698.484375,2698.484375,7.819200762075861
2025-01-18 01:00:00,35106.0,32402.643,2703.357421875,2703.357421875,7.70055666232268
2025-01-18 02:00:00,34965.0,32810.64,2154.359375,2154.359375,6.1614739739739735
2025-01-18 03:00:00,34896.0,33087.5,1808.5,1808.5,5.182542411737735
2025-01-18 04:00:00,34471.0,32831.047,1639.953125,1639.953125,4.757486365350585
2025-01-18 05:00:00,33849.0,32160.902,1688.09765625,1688.09765625,4.987141883807498
2025-01-18 06:00:00,33158.0,31370.95,1787.05078125,1787.05078125,5.389501119639303
2025-01-18 07:00:00,32743.0,31531.293,1211.70703125,1211.70703125,3.7006597784259228
2025-01-18 08:00:00,32529.0,31499.13,1029.869140625,1029.869140625,3.166003076101325
2025-01-18 09:00:00,32552.0,31747.684,804.31640625,804.31640625,2.470866325417793
2025-01-18 10:00:00,32789.0,32205.504,583.49609375,583.49609375,1.7795483050718228
2025-01-18 11:00:00,33315.0,32539.652,775.34765625,775.34765625,2.327322996398019
2025-01-18 12:00:00,34210.0,33322.2,887.80078125,887.80078125,2.595149901344636
2025-01-18 13:00:00,35451.0,35015.113,435.88671875,435.88671875,1.229547033228964
2025-01-18 14:00:00,36672.0,36057.543,614.45703125,614.45703125,1.6755481873091185
2025-01-18 15:00:00,37384.0,36054.57,1329.4296875,1329.4296875,3.5561461788465656
2025-01-18 16:00:00,37605.0,35804.684,1800.31640625,1800.31640625,4.787438921021141
2025-01-18 17:00:00,37460.0,35105.652,2354.34765625,2354.34765625,6.284964378670582
2025-01-18 18:00:00,37020.0,34433.97,2586.03125,2586.03125,6.985497703943815
2025-01-18 19:00:00,36603.0,34582.992,2020.0078125,2020.0078125,5.518694676665847
2025-01-18 20:00:00,36307.0,35319.414,987.5859375,987.5859375,2.720097880573994
2025-01-18 21:00:00,36292.0,34813.234,1478.765625,1478.765625,4.074632494764686
2025-01-18 22:00:00,36656.0,34701.098,1954.90234375,1954.90234375,5.33310329482213
2025-01-18 23:00:00,37367.0,35093.152,2273.84765625,2273.84765625,6.085175840313646
2025-01-19 00:00:00,38859.0,35737.477,3121.5234375,3121.5234375,8.03294844823593
2025-01-19 01:00:00,39783.0,36204.84,3578.16015625,3578.16015625,8.994193892491769
2025-01-19 02:00:00,39951.0,35758.258,4192.7421875,4192.7421875,10.494711490325649
2025-01-19 03:00:00,39812.0,36545.37,3266.62890625,3266.62890625,8.205136406736663
2025-01-19 04:00:00,39557.0,36277.79,3279.2109375,3279.2109375,8.2898372917562
2025-01-19 05:00:00,39022.0,35249.03,3772.96875,3772.96875,9.66882463738404
2025-01-19 06:00:00,38478.0,34903.594,3574.40625,3574.40625,9.289480352409168
2025-01-19 07:00:00,38166.0,35045.516,3120.484375,3120.484375,8.176084407587906
2025-01-19 08:00:00,38150.0,35259.83,2890.171875,2890.171875,7.575810943643512
2025-01-19 09:00:00,38249.0,35511.81,2737.19140625,2737.19140625,7.156243055373997
2025-01-19 10:00:00,38524.0,35395.023,3128.9765625,3128.9765625,8.122148693022531
2025-01-19 11:00:00,38984.0,35505.305,3478.6953125,3478.6953125,8.923392449466448
2025-01-19 12:00:00,39698.0,36344.85,3353.1484375,3353.1484375,8.446643250289688
2025-01-19 13:00:00,40657.0,36721.66,3935.33984375,3935.33984375,9.679366022456158
2025-01-19 14:00:00,41596.0,37499.22,4096.78125,4096.78125,9.848978868160401
2025-01-19 15:00:00,41865.0,38487.113,3377.88671875,3377.88671875,8.068521960468171
2025-01-19 16:00:00,41380.0,38493.844,2886.15625,2886.15625,6.974761358144031
2025-01-19 17:00:00,40597.0,37616.777,2980.22265625,2980.22265625,7.340992330098284
2025-01-19 18:00:00,39741.0,37267.383,2473.6171875,2473.6171875,6.2243456065524265
2025-01-19 19:00:00,39087.0,36773.688,2313.3125,2313.3125,5.918367999590657
2025-01-19 20:00:00,38452.0,36466.477,1985.5234375,1985.5234375,5.163641520597108
2025-01-19 21:00:00,37855.0,36272.906,1582.09375,1582.09375,4.179352133139612
2025-01-19 22:00:00,37801.0,36408.67,1392.328125,1392.328125,3.6833102960239144
2025-01-19 23:00:00,38385.0,36757.914,1627.0859375,1627.0859375,4.238858766445226
2025-01-20 00:00:00,40330.0,38848.723,1481.27734375,1481.27734375,3.6728920003719314
2025-01-20 01:00:00,41765.0,39230.383,2534.6171875,2534.6171875,6.068758978810009
2025-01-20 02:00:00,42107.0,39248.23,2858.76953125,2858.76953125,6.78929757819365
2025-01-20 03:00:00,42108.0,39123.137,2984.86328125,2984.86328125,7.088589534648998
2025-01-20 04:00:00,41763.0,38667.484,3095.515625,3095.515625,7.412100723128128
2025-01-20 05:00:00,40952.0,38342.844,2609.15625,2609.15625,6.371254761672201
2025-01-20 06:00:00,40373.0,38080.074,2292.92578125,2292.92578125,5.679354472667376
2025-01-20 07:00:00,40084.0,37484.195,2599.8046875,2599.8046875,6.4858913469214645
2025-01-20 08:00:00,40009.0,37539.383,2469.6171875,2469.6171875,6.172654121572646
2025-01-20 09:00:00,40018.0,37453.305,2564.6953125,2564.6953125,6.408854296816433
2025-01-20 10:00:00,40161.0,37729.03,2431.96875,2431.96875,6.055548293120191
2025-01-20 11:00:00,40524.0,38157.562,2366.4375,2366.4375,5.839595054782351
2025-01-20 12:00:00,41605.0,38896.754,2708.24609375,2708.24609375,6.509424573368586
2025-01-20 13:00:00,43152.0,39249.773,3902.2265625,3902.2265625,9.042979612764181
2025-01-20 14:00:00,44484.0,40311.973,4172.02734375,4172.02734375,9.378714467561371
2025-01-20 15:00:00,44667.0,40508.027,4158.97265625,4158.97265625,9.311063326952784
2025-01-20 16:00:00,44324.0,40080.99,4243.01171875,4243.01171875,9.57271843414403
2025-01-20 17:00:00,43544.0,39704.246,3839.75390625,3839.75390625,8.818101015639353
2025-01-20 18:00:00,42748.0,39361.305,3386.6953125,3386.6953125,7.922464939880228
2025-01-20 19:00:00,42068.0,39062.242,3005.7578125,3005.7578125,7.1449981280308075
2025-01-20 20:00:00,41425.0,39160.22,2264.78125,2264.78125,5.467184671092336
2025-01-20 21:00:00,41075.0,39045.047,2029.953125,2029.953125,4.942064820450395
2025-01-20 22:00:00,41148.0,39163.457,1984.54296875,1984.54296875,4.822939070550209
2025-01-20 23:00:00,41868.0,39464.86,2403.140625,2403.140625,5.73980277300086
2025-01-21 00:00:00,43181.0,40603.297,2577.703125,2577.703125,5.96953087005859
2025-01-21 01:00:00,44190.0,40871.617,3318.3828125,3318.3828125,7.509352370445803
2025-01-21 02:00:00,44031.0,41377.47,2653.53125,2653.53125,6.026506892870931
2025-01-21 03:00:00,43959.0,41391.44,2567.55859375,2567.55859375,5.840803006779044
2025-01-21 04:00:00,43220.0,41339.7,1880.30078125,1880.30078125,4.350533968648774
2025-01-21 05:00:00,42226.0,39919.67,2306.328125,2306.328125,5.461867392128072
2025-01-21 06:00:00,41458.0,39525.348,1932.65234375,1932.65234375,4.66171147607217
2025-01-21 07:00:00,41058.0,39704.703,1353.296875,1353.296875,3.2960613644113206
2025-01-21 08:00:00,41001.0,41923.918,-922.91796875,922.91796875,2.2509645344015996
2025-01-21 09:00:00,41231.0,42392.5,-1161.5,1161.5,2.8170551284227887
2025-01-21 10:00:00,41620.0,42056.234,-436.234375,436.234375,1.0481364127823163
2025-01-21 11:00:00,42295.0,41627.195,667.8046875,667.8046875,1.5789211195176733
2025-01-21 12:00:00,43712.0,41990.457,1721.54296875,1721.54296875,3.938376118114019
2025-01-21 13:00:00,45727.0,43060.945,2666.0546875,2666.0546875,5.830373056399939
2025-01-21 14:00:00,47017.0,41382.473,5634.52734375,5634.52734375,11.984021404491992
2025-01-21 15:00:00,46730.0,42524.535,4205.46484375,4205.46484375,8.999496776695914
2025-01-21 16:00:00,45812.0,42177.65,3634.3515625,3634.3515625,7.933186856063913
2025-01-21 17:00:00,44710.0,41199.227,3510.7734375,3510.7734375,7.852322606799373
2025-01-21 18:00:00,43487.0,40715.715,2771.28515625,2771.28515625,6.372674951709706
2025-01-21 19:00:00,42463.0,40387.824,2075.17578125,2075.17578125,4.887021127216635
2025-01-21 20:00:00,41500.0,39562.164,1937.8359375,1937.8359375,4.669484186746988
2025-01-21 21:00:00,40566.0,39024.03,1541.96875,1541.96875,3.8011358033821425
2025-01-21 22:00:00,40081.0,38962.41,1118.58984375,1118.58984375,2.790823192410369
2025-01-21 23:00:00,40581.0,39991.098,589.90234375,589.90234375,1.453641713486607
2025-01-22 00:00:00,42027.0,40496.76,1530.23828125,1530.23828125,3.6410837824493782
2025-01-22 01:00:00,43380.0,41015.25,2364.75,2364.75,5.4512448132780085
2025-01-22 02:00:00,43423.0,41320.418,2102.58203125,2102.58203125,4.842092972042466
2025-01-22 03:00:00,43212.0,41182.133,2029.8671875,2029.8671875,4.697461787235027
2025-01-22 04:00:00,42491.0,40432.03,2058.96875,2058.96875,4.845658492386623
2025-01-22 05:00:00,41397.0,39202.832,2194.16796875,2194.16796875,5.3003067100272965
2025-01-22 06:00:00,40361.0,38444.605,1916.39453125,1916.39453125,4.74813441502936
2025-01-22 07:00:00,39675.0,37787.09,1887.91015625,1887.91015625,4.758437696912413
2025-01-22 08:00:00,39316.0,37631.387,1684.61328125,1684.61328125,4.284803340243158
2025-01-22 09:00:00,39130.0,37109.406,2020.59375,2020.59375,5.163796958855098
2025-01-22 10:00:00,39202.0,38117.645,1084.35546875,1084.35546875,2.766071804372226
2025-01-22 11:00:00,39575.0,38309.465,1265.53515625,1265.53515625,3.197814671509792
2025-01-22 12:00:00,40653.0,39286.89,1366.109375,1366.109375,3.3604146680441787
2025-01-22 13:00:00,42571.0,40625.184,1945.81640625,1945.81640625,4.5707556934298
2025-01-22 14:00:00,43657.0,41753.42,1903.578125,1903.578125,4.360304475799986
2025-01-22 15:00:00,43181.0,42117.09,1063.91015625,1063.91015625,2.4638386240476136
2025-01-22 16:00:00,42020.0,41666.715,353.28515625,353.28515625,0.8407547745121371
2025-01-22 17:00:00,40775.0,39947.473,827.52734375,827.52734375,2.0294968577559778
2025-01-22 18:00:00,39549.0,39248.094,300.90625,300.90625,0.7608441427090445
2025-01-22 19:00:00,38434.0,38430.08,3.921875,3.921875,0.010204181193734714
2025-01-22 20:00:00,37516.0,37565.7,-49.69921875,49.69921875,0.1324747274496215
2025-01-22 21:00:00,36855.0,37100.05,-245.05078125,245.05078125,0.6649051180301181
2025-01-22 22:00:00,36424.0,37172.95,-748.94921875,748.94921875,2.056197064435537
2025-01-22 23:00:00,36884.0,37264.73,-380.73046875,380.73046875,1.032237470854571
2025-01-23 00:00:00,38051.0,37929.51,121.48828125,121.48828125,0.31927749927728577
2025-01-23 01:00:00,39339.0,38513.203,825.796875,825.796875,2.099181156104629
2025-01-23 02:00:00,39544.0,38609.56,934.44140625,934.44140625,2.3630421966670037
2025-01-23 03:00:00,39357.0,38713.05,643.94921875,643.94921875,1.6361745528114437
2025-01-23 04:00:00,38776.0,38411.918,364.08203125,364.08203125,0.9389365361305962
2025-01-23 05:00:00,37805.0,37243.29,561.7109375,561.7109375,1.4858112352863377
2025-01-23 06:00:00,37015.0,36625.97,389.03125,389.03125,1.0510097257868432
2025-01-23 07:00:00,36556.0,36530.363,25.63671875,25.63671875,0.07012998892110735
2025-01-23 08:00:00,36425.0,36199.008,225.9921875,225.9921875,0.620431537405628
2025-01-23 09:00:00,36478.0,36332.504,145.49609375,145.49609375,0.3988598436043643
2025-01-23 10:00:00,36947.0,36571.26,375.73828125,375.73828125,1.0169656027552982
2025-01-23 11:00:00,37633.0,37151.79,481.2109375,481.2109375,1.2786940650492917
2025-01-23 12:00:00,38976.0,37425.754,1550.24609375,1550.24609375,3.9774376379053775
2025-01-23 13:00:00,41258.0,39492.562,1765.4375,1765.4375,4.2790186145717195
2025-01-23 14:00:00,42496.0,39994.008,2501.9921875,2501.9921875,5.887594567724022
2025-01-23 15:00:00,42038.0,39734.973,2303.02734375,2303.02734375,5.478441752105239
2025-01-23 16:00:00,40670.0,39054.676,1615.32421875,1615.32421875,3.971783178632899
2025-01-23 17:00:00,39542.0,38038.63,1503.37109375,1503.37109375,3.8019601784178847
2025-01-23 18:00:00,38595.0,37827.973,767.02734375,767.02734375,1.9873749028371552
2025-01-23 19:00:00,37809.0,36887.188,921.8125,921.8125,2.438076912904335
2025-01-23 20:00:00,37132.0,36249.63,882.37109375,882.37109375,2.376309096601314
2025-01-23 21:00:00,36560.0,35819.48,740.51953125,740.51953125,2.025491059217724
2025-01-23 22:00:00,36467.0,35740.87,726.12890625,726.12890625,1.991194521759399
2025-01-23 23:00:00,37031.0,35946.78,1084.21875,1084.21875,2.927867867462396
2025-01-24 00:00:00,38308.0,36841.26,1466.73828125,1466.73828125,3.828804117286207
2025-01-24 01:00:00,39716.0,37209.1,2506.8984375,2506.8984375,6.312061732047537
2025-01-24 02:00:00,40127.0,37698.05,2428.94921875,2428.94921875,6.053154282029556
2025-01-24 03:00:00,40263.0,37578.38,2684.62109375,2684.62109375,6.66771252452624
2025-01-24 04:00:00,39763.0,37215.367,2547.6328125,2547.6328125,6.40704376556095
2025-01-24 05:00:00,38949.0,36477.99,2471.01171875,2471.01171875,6.344223776605304
2025-01-24 06:00:00,38245.0,35719.023,2525.9765625,2525.9765625,6.604723656687149
2025-01-24 07:00:00,37943.0,35652.438,2290.5625,2290.5625,6.0368513296260184
2025-01-24 08:00:00,37876.0,35641.637,2234.36328125,2234.36328125,5.899153240178477
2025-01-24 09:00:00,37943.0,35695.574,2247.42578125,2247.42578125,5.923163116385104
2025-01-24 10:00:00,38188.0,35693.996,2494.00390625,2494.00390625,6.530857615612234
2025-01-24 11:00:00,38822.0,36041.11,2780.890625,2780.890625,7.163182280665602
2025-01-24 12:00:00,40100.0,36498.07,3601.9296875,3601.9296875,8.982368298004987
2025-01-24 13:00:00,42070.0,37123.047,4946.953125,4946.953125,11.758861718564297
2025-01-24 14:00:00,43241.0,39526.383,3714.6171875,3714.6171875,8.59049787817118
2025-01-24 15:00:00,42635.0,38744.957,3890.04296875,3890.04296875,9.124059971267737
2025-01-24 16:00:00,41163.0,37578.53,3584.46875,3584.46875,8.707987148652917
2025-01-24 17:00:00,39624.0,36959.25,2664.75,2664.75,6.725090854027862
2025-01-24 18:00:00,38145.0,36019.34,2125.66015625,2125.66015625,5.572578729191243
2025-01-24 19:00:00,36789.0,34944.477,1844.5234375,1844.5234375,5.013790637146974
2025-01-24 20:00:00,35636.0,34462.562,1173.4375,1173.4375,3.2928429116623636
2025-01-24 21:00:00,34788.0,33867.094,920.90625,920.90625,2.6471951535012073
2025-01-24 22:00:00,34221.0,33915.29,305.7109375,305.7109375,0.893343086116712
2025-01-24 23:00:00,34410.0,34927.395,-517.39453125,517.39453125,1.5036167720139495
2025-01-25 00:00:00,35271.0,34576.37,694.62890625,694.62890625,1.9694051947775792
2025-01-25 01:00:00,36418.0,35815.086,602.9140625,602.9140625,1.655538641605799
2025-01-25 02:00:00,36536.0,36393.582,142.41796875,142.41796875,0.3898017537497263
2025-01-25 03:00:00,36435.0,36336.96,98.0390625,98.0390625,0.2690793536434747
2025-01-25 04:00:00,36145.0,36059.68,85.3203125,85.3203125,0.23605011066537557
2025-01-25 05:00:00,35390.0,34893.957,496.04296875,496.04296875,1.4016472697089575
2025-01-25 06:00:00,34636.0,34289.734,346.265625,346.265625,0.9997275233860723
2025-01-25 07:00:00,34107.0,34161.336,-54.3359375,54.3359375,0.15931022224176855
2025-01-25 08:00:00,33865.0,33817.836,47.1640625,47.1640625,0.13927081795363946
2025-01-25 09:00:00,33827.0,33950.582,-123.58203125,123.58203125,0.36533547535991956
2025-01-25 10:00:00,33952.0,33836.914,115.0859375,115.0859375,0.3389665925424128
2025-01-25 11:00:00,34294.0,34089.754,204.24609375,204.24609375,0.595573843092086
2025-01-25 12:00:00,35081.0,35286.383,-205.3828125,205.3828125,0.5854531298993757
2025-01-25 13:00:00,36057.0,36475.066,-418.06640625,418.06640625,1.1594597616274234
2025-01-25 14:00:00,36844.0,37365.28,-521.28125,521.28125,1.4148334871349473
2025-01-25 15:00:00,37148.0,37155.12,-7.12109375,7.12109375,0.019169521239366858
2025-01-25 16:00:00,36499.0,35197.945,1301.0546875,1301.0546875,3.5646310515356583
2025-01-25 17:00:00,35619.0,34892.035,726.96484375,726.96484375,2.0409468085853057
2025-01-25 18:00:00,34780.0,33701.555,1078.4453125,1078.4453125,3.1007628306497987
2025-01-25 19:00:00,33926.0,32910.715,1015.28515625,1015.28515625,2.992646218976596
2025-01-25 20:00:00,33393.0,32197.455,1195.544921875,1195.544921875,3.580226160797173
2025-01-25 21:00:00,32946.0,31705.957,1240.04296875,1240.04296875,3.7638650177563284
2025-01-25 22:00:00,32857.0,31758.414,1098.5859375,1098.5859375,3.3435369555954595
2025-01-25 23:00:00,33237.0,32010.342,1226.658203125,1226.658203125,3.6906405605951202
2025-01-26 00:00:00,34300.0,33105.63,1194.37109375,1194.37109375,3.4821314686588924
2025-01-26 01:00:00,35182.0,33545.45,1636.55078125,1636.55078125,4.651670687425388
2025-01-26 02:00:00,35162.0,33757.656,1404.34375,1404.34375,3.9939245492292814
2025-01-26 03:00:00,35017.0,33806.227,1210.7734375,1210.7734375,3.457673237284747
2025-01-26 04:00:00,34570.0,33911.293,658.70703125,658.70703125,1.9054296536013884
2025-01-26 05:00:00,33870.0,33001.242,868.7578125,868.7578125,2.564977302922941
2025-01-26 06:00:00,33245.0,32422.52,822.48046875,822.48046875,2.4739974996240037
2025-01-26 07:00:00,32765.0,32573.008,191.9921875,191.9921875,0.5859673050511216
2025-01-26 08:00:00,32527.0,32455.127,71.873046875,71.873046875,0.2209642662249823
2025-01-26 09:00:00,32425.0,32166.441,258.55859375,258.55859375,0.797405069390902
2025-01-26 10:00:00,32524.0,32261.86,262.140625,262.140625,0.8059913448530316
2025-01-26 11:00:00,32802.0,32639.012,162.98828125,162.98828125,0.49688519373818674
2025-01-26 12:00:00,33344.0,33547.508,-203.5078125,203.5078125,0.6103281324976008
2025-01-26 13:00:00,34153.0,34196.414,-43.4140625,43.4140625,0.12711639533862323
2025-01-26 14:00:00,35148.0,34685.92,462.078125,462.078125,1.3146640633890976
2025-01-26 15:00:00,35847.0,34748.85,1098.1484375,1098.1484375,3.0634319120149525
2025-01-26 16:00:00,35906.0,33995.586,1910.4140625,1910.4140625,5.32059840277391
2025-01-26 17:00:00,35410.0,33407.434,2002.56640625,2002.56640625,5.655369687235244
2025-01-26 18:00:00,34914.0,32945.65,1968.3515625,1968.3515625,5.637714276507991
2025-01-26 19:00:00,34644.0,32544.385,2099.615234375,2099.615234375,6.060545070935804
2025-01-26 20:00:00,34241.0,32268.154,1972.845703125,1972.845703125,5.761647449329751
2025-01-26 21:00:00,33898.0,31723.086,2174.9140625,2174.9140625,6.416054228863059
2025-01-26 22:00:00,33655.0,31640.525,2014.474609375,2014.474609375,5.985662188010696
2025-01-26 23:00:00,34075.0,32110.094,1964.90625,1964.90625,5.766415994130594
2025-01-27 00:00:00,35319.0,33817.113,1501.88671875,1501.88671875,4.252347797927461
2025-01-27 01:00:00,36270.0,34811.285,1458.71484375,1458.71484375,4.021822011993383
2025-01-27 02:00:00,36548.0,35070.69,1477.30859375,1477.30859375,4.042105159653059
2025-01-27 03:00:00,36377.0,34620.797,1756.203125,1756.203125,4.827784382989251
2025-01-27 04:00:00,36143.0,34022.22,2120.78125,2120.78125,5.8677510167944
2025-01-27 05:00:00,35245.0,33576.84,1668.16015625,1668.16015625,4.733040590863952
2025-01-27 06:00:00,34359.0,33333.33,1025.671875,1025.671875,2.9851621845804592
2025-01-27 07:00:00,33980.0,32764.414,1215.5859375,1215.5859375,3.5773570850500294
2025-01-27 08:00:00,33958.0,32778.742,1179.2578125,1179.2578125,3.47269513074975
2025-01-27 09:00:00,34082.0,32684.04,1397.9609375,1397.9609375,4.101757342585529
2025-01-27 10:00:00,34550.0,32720.684,1829.31640625,1829.31640625,5.294692926917511
2025-01-27 11:00:00,35274.0,33199.402,2074.59765625,2074.59765625,5.88137907878324
2025-01-27 12:00:00,36774.0,33950.44,2823.55859375,2823.55859375,7.678138341627237
2025-01-27 13:00:00,39078.0,35159.473,3918.52734375,3918.52734375,10.027451107400584
2025-01-27 14:00:00,40476.0,36175.41,4300.58984375,4300.58984375,10.625036672966697
2025-01-27 15:00:00,39942.0,36337.64,3604.359375,3604.359375,9.02398321315908
2025-01-27 16:00:00,38526.0,35999.27,2526.73046875,2526.73046875,6.558507160748585
2025-01-27 17:00:00,37276.0,35281.133,1994.8671875,1994.8671875,5.351612800461423
2025-01-27 18:00:00,36142.0,33967.023,2174.9765625,2174.9765625,6.017864430579381
2025-01-27 19:00:00,35084.0,33427.164,1656.8359375,1656.8359375,4.722483005073538
2025-01-27 20:00:00,34246.0,32949.72,1296.28125,1296.28125,3.7852048414413364
2025-01-27 21:00:00,33522.0,32813.22,708.78125,708.78125,2.1143763796909494
2025-01-27 22:00:00,32959.0,32830.492,128.5078125,128.5078125,0.38990203737977486
2025-01-27 23:00:00,33145.0,33531.04,-386.0390625,386.0390625,1.1646977296726506
2025-01-28 00:00:00,34208.0,34324.574,-116.57421875,116.57421875,0.34078057398854067
2025-01-28 01:00:00,35715.0,34987.64,727.359375,727.359375,2.0365655186896263
2025-01-28 02:00:00,36032.0,35499.88,532.12109375,532.12109375,1.4768014369171847
2025-01-28 03:00:00,36008.0,35354.438,653.5625,653.5625,1.815048044878916
2025-01-28 04:00:00,35361.0,34926.54,434.4609375,434.4609375,1.2286443751590734
2025-01-28 05:00:00,34286.0,34273.4,12.6015625,12.6015625,0.03675425100624161
2025-01-28 06:00:00,33398.0,33058.797,339.203125,339.203125,1.0156390352715732
2025-01-28 07:00:00,32787.0,32919.375,-132.375,132.375,0.4037423369018208
2025-01-28 08:00:00,32745.0,32889.176,-144.17578125,144.17578125,0.44029861429225836
2025-01-28 09:00:00,32797.0,32907.46,-110.4609375,110.4609375,0.3368019559715828
2025-01-28 10:00:00,32981.0,33213.555,-232.5546875,232.5546875,0.7051171507837846
2025-01-28 11:00:00,33636.0,33915.758,-279.7578125,279.7578125,0.8317214071233203
2025-01-28 12:00:00,35019.0,34621.88,397.12109375,397.12109375,1.134016087695251
2025-01-28 13:00:00,37152.0,36330.984,821.015625,821.015625,2.2098827115633073
2025-01-28 14:00:00,38416.0,37386.95,1029.05078125,1029.05078125,2.678703616331737
2025-01-28 15:00:00,37833.0,36796.668,1036.33203125,1036.33203125,2.739227740993313
2025-01-28 16:00:00,36574.0,35450.93,1123.0703125,1123.0703125,3.070679478591349
2025-01-28 17:00:00,35438.0,34492.387,945.61328125,945.61328125,2.6683596175009874
2025-01-28 18:00:00,34522.0,33809.418,712.58203125,712.58203125,2.0641389005561672
2025-01-28 19:00:00,33599.0,33185.31,413.69140625,413.69140625,1.2312610680377392
2025-01-28 20:00:00,32952.0,32229.39,722.609375,722.609375,2.1929150734401555
2025-01-28 21:00:00,32312.0,31965.262,346.73828125,346.73828125,1.0730944579413222
2025-01-28 22:00:00,32008.0,31601.938,406.0625,406.0625,1.2686281554611347
2025-01-28 23:00:00,32252.0,31992.092,259.908203125,259.908203125,0.8058669326708422
2025-01-29 00:00:00,33104.0,32796.203,307.796875,307.796875,0.9297875634364428
2025-01-29 01:00:00,34261.0,33849.434,411.56640625,411.56640625,1.2012679321969586
2025-01-29 02:00:00,34291.0,34327.04,-36.0390625,36.0390625,0.10509772972500071
2025-01-29 03:00:00,34023.0,34297.008,-274.0078125,274.0078125,0.8053605281721188
2025-01-29 04:00:00,33365.0,33770.258,-405.2578125,405.2578125,1.2146195489285179
2025-01-29 05:00:00,32273.0,32662.664,-389.6640625,389.6640625,1.2073995677501317
2025-01-29 06:00:00,31172.0,32069.744,-897.744140625,897.744140625,2.8799696542570254
2025-01-29 07:00:00,30731.0,31281.705,-550.705078125,550.705078125,1.7920180863785753
2025-01-29 08:00:00,30530.0,31151.691,-621.69140625,621.69140625,2.036329532427121
2025-01-29 09:00:00,30489.0,31217.629,-728.62890625,728.62890625,2.3898091319820263
2025-01-29 10:00:00,30713.0,31422.498,-709.498046875,709.498046875,2.3100903424445676
2025-01-29 11:00:00,31276.0,32172.574,-896.57421875,896.57421875,2.8666524451656223
2025-01-29 12:00:00,32524.0,33132.336,-608.3359375,608.3359375,1.8704216501660313
2025-01-29 13:00:00,34658.0,34974.45,-316.44921875,316.44921875,0.9130625504933926
2025-01-29 14:00:00,35869.0,35560.812,308.1875,308.1875,0.8592029328947001
2025-01-29 15:00:00,35672.0,35484.8,187.19921875,187.19921875,0.5247791510148014
2025-01-29 16:00:00,34968.0,33778.582,1189.41796875,1189.41796875,3.4014469479238163
2025-01-29 17:00:00,34266.0,33180.17,1085.828125,1085.828125,3.168820769859336
2025-01-29 18:00:00,33628.0,32305.225,1322.775390625,1322.775390625,3.9335535584185797
2025-01-29 19:00:00,33124.0,32080.959,1043.041015625,1043.041015625,3.1488981271132714
2025-01-29 20:00:00,32679.0,31516.635,1162.365234375,1162.365234375,3.5569180035343795
2025-01-29 21:00:00,32225.0,31049.21,1175.7890625,1175.7890625,3.6486859968968193
2025-01-29 22:00:00,32092.0,31036.13,1055.869140625,1055.869140625,3.290131935139599
2025-01-29 23:00:00,32324.0,31147.21,1176.7890625,1176.7890625,3.6406046977478033
2025-01-30 00:00:00,33103.0,32071.38,1031.619140625,1031.619140625,3.116391688442135
2025-01-30 01:00:00,33832.0,32607.613,1224.38671875,1224.38671875,3.61901962269449
2025-01-30 02:00:00,33750.0,32830.13,919.87109375,919.87109375,2.7255439814814815
2025-01-30 03:00:00,33392.0,32593.148,798.8515625,798.8515625,2.3923441617752754
2025-01-30 04:00:00,32501.0,32145.395,355.60546875,355.60546875,1.0941370073228516
2025-01-30 05:00:00,31441.0,31029.17,411.830078125,411.830078125,1.309850444085748
2025-01-30 06:00:00,30361.0,30208.96,152.0390625,152.0390625,0.5007709314581207
2025-01-30 07:00:00,29648.0,29809.443,-161.443359375,161.443359375,0.5445337269798974
2025-01-30 08:00:00,29224.0,29612.31,-388.310546875,388.310546875,1.328738526125787
2025-01-30 09:00:00,29068.0,29587.916,-519.916015625,519.916015625,1.7886198418363835
2025-01-30 10:00:00,29138.0,29831.252,-693.251953125,693.251953125,2.3792022552165557
2025-01-30 11:00:00,29555.0,30082.582,-527.58203125,527.58203125,1.7850855396717984
2025-01-30 12:00:00,30667.0,31015.71,-348.7109375,348.7109375,1.1370885234943098
2025-01-30 13:00:00,32597.0,32506.52,90.48046875,90.48046875,0.27757299368040006
2025-01-30 14:00:00,33849.0,33558.31,290.69140625,290.69140625,0.858788756684097
2025-01-30 15:00:00,33978.0,33490.17,487.828125,487.828125,1.4357175966802047
2025-01-30 16:00:00,33870.0,32888.324,981.67578125,981.67578125,2.898363688367287
2025-01-30 17:00:00,33651.0,32371.197,1279.802734375,1279.802734375,3.803164049731063
2025-01-30 18:00:00,33290.0,32091.262,1198.73828125,1198.73828125,3.6008960085611297
2025-01-30 19:00:00,32811.0,31925.523,885.4765625,885.4765625,2.698718608088751
2025-01-30 20:00:00,32445.0,31409.924,1035.076171875,1035.076171875,3.1902486419325014
2025-01-30 21:00:00,31992.0,31100.678,891.322265625,891.322265625,2.786078599728057
2025-01-30 22:00:00,31767.0,31229.967,537.033203125,537.033203125,1.690537989501684
2025-01-30 23:00:00,31904.0,31328.84,575.16015625,575.16015625,1.8027838398006522
2025-01-31 00:00:00,32572.0,32118.89,453.109375,453.109375,1.3911008688444062
2025-01-31 01:00:00,33337.0,32447.05,889.94921875,889.94921875,2.6695540053094162
2025-01-31 02:00:00,33266.0,32512.32,753.6796875,753.6796875,2.2656156060241686
2025-01-31 03:00:00,32943.0,32441.658,501.341796875,501.341796875,1.5218462097410679
2025-01-31 04:00:00,32283.0,31458.943,824.056640625,824.056640625,2.5526024242635446
2025-01-31 05:00:00,31162.0,30593.828,568.171875,568.171875,1.8232843687824913
2025-01-31 06:00:00,30323.0,29635.578,687.421875,687.421875,2.2669982356626983
2025-01-31 07:00:00,29790.0,29314.834,475.166015625,475.166015625,1.5950520833333333
2025-01-31 08:00:00,29684.0,29072.959,611.041015625,611.041015625,2.05848610573036
2025-01-31 09:00:00,29750.0,29190.684,559.31640625,559.31640625,1.8800551470588234
2025-01-31 10:00:00,29969.0,29117.55,851.44921875,851.44921875,2.841099865694551
2025-01-31 11:00:00,30650.0,29501.762,1148.23828125,1148.23828125,3.7462912928221863
2025-01-31 12:00:00,31899.0,30409.965,1489.03515625,1489.03515625,4.667968137715916
2025-01-31 13:00:00,33958.0,31833.31,2124.689453125,2124.689453125,6.256815634386595
2025-01-31 14:00:00,35343.0,32895.18,2447.8203125,2447.8203125,6.925898515972046
2025-01-31 15:00:00,35285.0,33269.824,2015.17578125,2015.17578125,5.711140091398612
2025-01-31 16:00:00,34862.0,33050.406,1811.59375,1811.59375,5.1964710859962135
2025-01-31 17:00:00,34416.0,32880.47,1535.53125,1535.53125,4.461678434449094
2025-01-31 18:00:00,33802.0,32487.725,1314.275390625,1314.275390625,3.888158661099935
2025-01-31 19:00:00,33235.0,31710.06,1524.939453125,1524.939453125,4.588354003685873
2025-01-31 20:00:00,32745.0,31236.496,1508.50390625,1508.50390625,4.6068221293327225
2025-01-31 21:00:00,32146.0,30942.783,1203.216796875,1203.216796875,3.7429751660393205
2025-01-31 22:00:00,31690.0,30763.268,926.732421875,926.732421875,2.9243686395550648
2025-01-31 23:00:00,31567.0,30822.102,744.8984375,744.8984375,2.3597378195584
2025-02-01 00:00:00,32006.0,30655.332,1350.66796875,1350.66796875,4.220046143691808
2025-02-01 01:00:00,32986.0,31432.982,1553.017578125,1553.017578125,4.708111253637907
2025-02-01 02:00:00,33078.0,31935.58,1142.419921875,1142.419921875,3.453715224242699
2025-02-01 03:00:00,32979.0,31311.908,1667.091796875,1667.091796875,5.055010148503594
2025-02-01 04:00:00,32718.0,30884.145,1833.85546875,1833.85546875,5.60503535897671
2025-02-01 05:00:00,32134.0,30038.713,2095.287109375,2095.287109375,6.520467758059999
2025-02-01 06:00:00,31582.0,29607.25,1974.75,1974.75,6.252770565512
2025-02-01 07:00:00,31278.0,29385.357,1892.642578125,1892.642578125,6.051034523067331
2025-02-01 08:00:00,31122.0,29950.229,1171.771484375,1171.771484375,3.7650905609376006
2025-02-01 09:00:00,31158.0,29927.123,1230.876953125,1230.876953125,3.9504363345689715
2025-02-01 10:00:00,31307.0,29733.094,1573.90625,1573.90625,5.027330149806753
2025-02-01 11:00:00,31640.0,29842.852,1797.1484375,1797.1484375,5.679988740518331
2025-02-01 12:00:00,32325.0,30956.607,1368.392578125,1368.392578125,4.2332330336426915
2025-02-01 13:00:00,33183.0,32017.49,1165.509765625,1165.509765625,3.512370085962692
2025-02-01 14:00:00,34107.0,32506.277,1600.72265625,1600.72265625,4.693237916703316
2025-02-01 15:00:00,34500.0,32389.498,2110.501953125,2110.501953125,6.11739696557971
2025-02-01 16:00:00,34248.0,31951.355,2296.64453125,2296.64453125,6.705923064850502
2025-02-01 17:00:00,33641.0,31381.781,2259.21875,2259.21875,6.715670610267234
2025-02-01 18:00:00,32897.0,30882.805,2014.1953125,2014.1953125,6.1227325060035875
2025-02-01 19:00:00,32124.0,30751.56,1372.439453125,1372.439453125,4.2723180585387865
2025-02-01 20:00:00,31385.0,30013.398,1371.6015625,1371.6015625,4.3702455392703525
2025-02-01 21:00:00,30832.0,29743.12,1088.880859375,1088.880859375,3.5316582102199012
2025-02-01 22:00:00,30531.0,29308.527,1222.47265625,1222.47265625,4.004037392322558
2025-02-01 23:00:00,30665.0,29364.752,1300.248046875,1300.248046875,4.240169727294962
2025-02-02 00:00:00,31296.0,30100.875,1195.125,1195.125,3.8187787576687118
2025-02-02 01:00:00,32049.0,30649.023,1399.9765625,1399.9765625,4.36823789353802
2025-02-02 02:00:00,31906.0,30890.316,1015.68359375,1015.68359375,3.183362357393594
2025-02-02 03:00:00,31601.0,30700.691,900.30859375,900.30859375,2.848987670485111
2025-02-02 04:00:00,31198.0,30274.633,923.3671875,923.3671875,2.959699940701327
2025-02-02 05:00:00,30553.0,29884.625,668.375,668.375,2.187592053153536
2025-02-02 06:00:00,29801.0,29188.355,612.64453125,612.64453125,2.0557851456326968
2025-02-02 07:00:00,29304.0,28901.635,402.365234375,402.365234375,1.3730727353774228
2025-02-02 08:00:00,28972.0,28848.545,123.455078125,123.455078125,0.4261185907945603
2025-02-02 09:00:00,28820.0,28755.586,64.4140625,64.4140625,0.22350472761970852
2025-02-02 10:00:00,28826.0,28828.416,-2.416015625,2.416015625,0.008381376621799764
2025-02-02 11:00:00,29093.0,29296.094,-203.09375,203.09375,0.6980845907950366
2025-02-02 12:00:00,29672.0,29754.564,-82.564453125,82.564453125,0.27825712161296845
2025-02-02 13:00:00,30521.0,30484.33,36.669921875,36.669921875,0.12014652821008487
2025-02-02 14:00:00,31457.0,31044.273,412.7265625,412.7265625,1.3120340862129256
2025-02-02 15:00:00,31778.0,31021.418,756.58203125,756.58203125,2.3808358966895335
2025-02-02 16:00:00,31288.0,30870.379,417.62109375,417.62109375,1.3347644264574279
2025-02-02 17:00:00,30458.0,30388.385,69.615234375,69.615234375,0.22856141038479216
2025-02-02 18:00:00,29765.0,29836.234,-71.234375,71.234375,0.23932261044851336
2025-02-02 19:00:00,29439.0,29514.027,-75.02734375,75.02734375,0.2548569711946737
2025-02-02 20:00:00,29083.0,29001.004,81.99609375,81.99609375,0.2819382242203349
2025-02-02 21:00:00,28860.0,28593.191,266.80859375,266.80859375,0.9244927018364518
2025-02-02 22:00:00,28927.0,28499.156,427.84375,427.84375,1.479046392643551
2025-02-02 23:00:00,29342.0,28704.152,637.84765625,637.84765625,2.1738383758775814
2025-02-03 00:00:00,30265.0,30306.002,-41.001953125,41.001953125,0.13547646828019164
2025-02-03 01:00:00,31252.0,30940.652,311.34765625,311.34765625,0.9962487400806349
2025-02-03 02:00:00,31306.0,30696.418,609.58203125,609.58203125,1.9471731656870888
2025-02-03 03:00:00,31010.0,30573.898,436.1015625,436.1015625,1.4063255804579167
2025-02-03 04:00:00,30407.0,30231.99,175.009765625,175.009765625,0.5755574888183641
2025-02-03 05:00:00,29383.0,29572.273,-189.2734375,189.2734375,0.6441596756627982
2025-02-03 06:00:00,28500.0,29152.436,-652.435546875,652.435546875,2.289247532894737
2025-02-03 07:00:00,27961.0,28814.256,-853.255859375,853.255859375,3.0515927877221847
2025-02-03 08:00:00,27656.0,28662.572,-1006.572265625,1006.572265625,3.639616233819063
2025-02-03 09:00:00,27594.0,28490.084,-896.083984375,896.083984375,3.2473870565159095
2025-02-03 10:00:00,27752.0,28502.836,-750.8359375,750.8359375,2.7055200976506195
2025-02-03 11:00:00,28396.0,29084.277,-688.27734375,688.27734375,2.423853161536836
2025-02-03 12:00:00,29718.0,29928.791,-210.791015625,210.791015625,0.7093041780234202
2025-02-03 13:00:00,31922.0,30605.566,1316.43359375,1316.43359375,4.123907003790489
2025-02-03 14:00:00,33195.0,31523.879,1671.12109375,1671.12109375,5.034255441331526
2025-02-03 15:00:00,33143.0,31776.314,1366.685546875,1366.685546875,4.123602410388318
2025-02-03 16:00:00,32677.0,31353.312,1323.6875,1323.6875,4.050823208984912
2025-02-03 17:00:00,32323.0,30880.875,1442.125,1442.125,4.461606286545185
2025-02-03 18:00:00,32280.0,30796.209,1483.791015625,1483.791015625,4.596626442456629
2025-02-03 19:00:00,32248.0,30700.229,1547.771484375,1547.771484375,4.799589073353387
2025-02-03 20:00:00,32250.0,30552.832,1697.16796875,1697.16796875,5.262536337209302
2025-02-03 21:00:00,32259.0,30507.225,1751.775390625,1751.775390625,5.430346230896804
2025-02-03 22:00:00,32362.0,30613.705,1748.294921875,1748.294921875,5.402308021367654
2025-02-03 23:00:00,32713.0,30749.922,1963.078125,1963.078125,6.000911334943295
2025-02-04 00:00:00,33304.0,31123.652,2180.34765625,2180.34765625,6.546804156407639
2025-02-04 01:00:00,34133.0,31816.05,2316.94921875,2316.94921875,6.788003453402864
2025-02-04 02:00:00,33990.0,31866.852,2123.1484375,2123.1484375,6.2463914018829065
2025-02-04 03:00:00,33506.0,31954.01,1551.990234375,1551.990234375,4.631977061944129
2025-02-04 04:00:00,32739.0,31362.775,1376.224609375,1376.224609375,4.203624452106051
2025-02-04 05:00:00,31702.0,30361.873,1340.126953125,1340.126953125,4.227263116286039
2025-02-04 06:00:00,30744.0,29874.754,869.24609375,869.24609375,2.827368246649753
2025-02-04 07:00:00,30160.0,29386.443,773.556640625,773.556640625,2.5648429728945623
2025-02-04 08:00:00,29998.0,29283.092,714.908203125,714.908203125,2.383186222831522
2025-02-04 09:00:00,30021.0,29387.441,633.55859375,633.55859375,2.110384709869758
2025-02-04 10:00:00,30312.0,29463.918,848.08203125,848.08203125,2.797842541732647
2025-02-04 11:00:00,30977.0,30084.74,892.259765625,892.259765625,2.8803943752622914
2025-02-04 12:00:00,32314.0,31431.537,882.462890625,882.462890625,2.730899581063935
2025-02-04 13:00:00,34395.0,33149.973,1245.02734375,1245.02734375,3.619791666666667
2025-02-04 14:00:00,35916.0,34028.082,1887.91796875,1887.91796875,5.25648170383673
2025-02-04 15:00:00,36261.0,34371.613,1889.38671875,1889.38671875,5.210520169741596
2025-02-04 16:00:00,36256.0,33683.695,2572.3046875,2572.3046875,7.094838612919241
2025-02-04 17:00:00,36189.0,33934.164,2254.8359375,2254.8359375,6.23072186990522
2025-02-04 18:00:00,36056.0,33835.33,2220.671875,2220.671875,6.158952393499002
2025-02-04 19:00:00,35764.0,33845.59,1918.41015625,1918.41015625,5.3640816358628784
2025-02-04 20:00:00,35602.0,33602.297,1999.703125,1999.703125,5.616828057412505
2025-02-04 21:00:00,35396.0,33428.367,1967.6328125,1967.6328125,5.55891290682563
2025-02-04 22:00:00,35360.0,33532.863,1827.13671875,1827.13671875,5.167241851668551
2025-02-04 23:00:00,35628.0,33220.773,2407.2265625,2407.2265625,6.756558219658696
2025-02-05 00:00:00,36242.0,33934.676,2307.32421875,2307.32421875,6.366437334446223
2025-02-05 01:00:00,36879.0,34276.9,2602.1015625,2602.1015625,7.055781237289514
2025-02-05 02:00:00,36736.0,34279.83,2456.171875,2456.171875,6.6860079349956445
2025-02-05 03:00:00,36184.0,33846.035,2337.96484375,2337.96484375,6.461322252238559
2025-02-05 04:00:00,35275.0,32994.234,2280.765625,2280.765625,6.465671509567683
2025-02-05 05:00:00,34051.0,32027.684,2023.31640625,2023.31640625,5.942017580247276
2025-02-05 06:00:00,32921.0,31333.057,1587.943359375,1587.943359375,4.823496732708605
2025-02-05 07:00:00,32210.0,30983.613,1226.38671875,1226.38671875,3.8074719613474075
2025-02-05 08:00:00,31845.0,30729.535,1115.46484375,1115.46484375,3.502794296592872
2025-02-05 09:00:00,31689.0,30804.738,884.26171875,884.26171875,2.7904374349143235
2025-02-05 10:00:00,31819.0,30744.979,1074.021484375,1074.021484375,3.3754092975109207
2025-02-05 11:00:00,32283.0,31102.586,1180.4140625,1180.4140625,3.6564571523712166
2025-02-05 12:00:00,33379.0,31941.742,1437.2578125,1437.2578125,4.305874389586267
2025-02-05 13:00:00,35259.0,33751.844,1507.15625,1507.15625,4.274529198218895
2025-02-05 14:00:00,36547.0,35110.727,1436.2734375,1436.2734375,3.9299352546036608
2025-02-05 15:00:00,36668.0,35305.477,1362.5234375,1362.5234375,3.715837889985819
2025-02-05 16:00:00,36633.0,35370.86,1262.140625,1262.140625,3.445365176207245
2025-02-05 17:00:00,36516.0,35301.42,1214.578125,1214.578125,3.326153261583963
2025-02-05 18:00:00,36411.0,35230.91,1180.08984375,1180.08984375,3.241025634423663
2025-02-05 19:00:00,36064.0,34873.195,1190.8046875,1190.8046875,3.3019207173358476
2025-02-05 20:00:00,35710.0,34452.168,1257.83203125,1257.83203125,3.522352369784374
2025-02-05 21:00:00,35443.0,34370.14,1072.859375,1072.859375,3.0269993369635753
2025-02-05 22:00:00,35217.0,34297.465,919.53515625,919.53515625,2.611054764034415
2025-02-05 23:00:00,35233.0,34247.066,985.93359375,985.93359375,2.798324280504073
2025-02-06 00:00:00,35417.0,34515.543,901.45703125,901.45703125,2.545266485727193
2025-02-06 01:00:00,35718.0,34733.29,984.7109375,984.7109375,2.7569039069936725
2025-02-06 02:00:00,35309.0,34653.668,655.33203125,655.33203125,1.8559914788014387
2025-02-06 03:00:00,34726.0,34472.86,253.140625,253.140625,0.7289656885330875
2025-02-06 04:00:00,33729.0,33780.56,-51.55859375,51.55859375,0.1528613174123158
2025-02-06 05:00:00,32474.0,32503.441,-29.44140625,29.44140625,0.09066147148488021
2025-02-06 06:00:00,31400.0,31478.639,-78.638671875,78.638671875,0.25044163017515925
2025-02-06 07:00:00,30622.0,30995.938,-373.9375,373.9375,1.2211400300437594
2025-02-06 08:00:00,30265.0,30661.266,-396.265625,396.265625,1.3093197587972905
2025-02-06 09:00:00,30153.0,30555.79,-402.7890625,402.7890625,1.3358175388850198
2025-02-06 10:00:00,30307.0,30923.535,-616.53515625,616.53515625,2.034299522387567
2025-02-06 11:00:00,30676.0,31168.643,-492.642578125,492.642578125,1.605954420801278
2025-02-06 12:00:00,31937.0,32175.11,-238.109375,238.109375,0.7455596173717005
2025-02-06 13:00:00,34040.0,33983.164,56.8359375,56.8359375,0.16696808901292598
2025-02-06 14:00:00,35338.0,34891.902,446.09765625,446.09765625,1.2623738079404607
2025-02-06 15:00:00,35506.0,34960.94,545.05859375,545.05859375,1.5351168640511463
2025-02-06 16:00:00,35122.0,34609.723,512.27734375,512.27734375,1.4585654112806787
2025-02-06 17:00:00,34801.0,34481.81,319.19140625,319.19140625,0.9171903285825119
2025-02-06 18:00:00,34309.0,34330.56,-21.55859375,21.55859375,0.062836555277041
2025-02-06 19:00:00,33911.0,34120.48,-209.48046875,209.48046875,0.6177360406652709
2025-02-06 20:00:00,33678.0,33604.875,73.125,73.125,0.21712987707108497
2025-02-06 21:00:00,33456.0,33325.703,130.296875,130.296875,0.3894574216881875
2025-02-06 22:00:00,33218.0,33291.96,-73.9609375,73.9609375,0.22265319254620988
2025-02-06 23:00:00,33301.0,33634.992,-333.9921875,333.9921875,1.0029494234407375
2025-02-07 00:00:00,33821.0,34117.086,-296.0859375,296.0859375,0.8754499793028
2025-02-07 01:00:00,34878.0,34458.133,419.8671875,419.8671875,1.203816696771604
2025-02-07 02:00:00,35165.0,34449.965,715.03515625,715.03515625,2.0333716941561213
2025-02-07 03:00:00,34993.0,33721.09,1271.91015625,1271.91015625,3.6347559690509534
2025-02-07 04:00:00,34389.0,33195.44,1193.55859375,1193.55859375,3.470756909913054
2025-02-07 05:00:00,33321.0,32073.875,1247.125,1247.125,3.7427598211338196
2025-02-07 06:00:00,32353.0,30994.582,1358.41796875,1358.41796875,4.198738814793064
2025-02-07 07:00:00,31661.0,30384.219,1276.78125,1276.78125,4.032662423802154
2025-02-07 08:00:00,31289.0,30262.06,1026.939453125,1026.939453125,3.2821101764997285
2025-02-07 09:00:00,31162.0,30246.959,915.041015625,915.041015625,2.9364001528303705
2025-02-07 10:00:00,31286.0,30347.844,938.15625,938.15625,2.9986455603145177
2025-02-07 11:00:00,31730.0,30697.37,1032.630859375,1032.630859375,3.2544306945319885
2025-02-07 12:00:00,32872.0,31548.195,1323.8046875,1323.8046875,4.027149815952787
2025-02-07 13:00:00,34738.0,33561.043,1176.95703125,1176.95703125,3.3880966988600383
2025-02-07 14:00:00,35965.0,34643.613,1321.38671875,1321.38671875,3.674090695815376
2025-02-07 15:00:00,36012.0,34784.45,1227.55078125,1227.55078125,3.4087270389036988
2025-02-07 16:00:00,35772.0,34506.48,1265.51953125,1265.51953125,3.537737703371352
2025-02-07 17:00:00,35551.0,33494.77,2056.23046875,2056.23046875,5.783889254170065
2025-02-07 18:00:00,35163.0,33224.363,1938.63671875,1938.63671875,5.513285893552882
2025-02-07 19:00:00,34712.0,33104.316,1607.68359375,1607.68359375,4.631492261321733
2025-02-07 20:00:00,34373.0,32916.48,1456.51953125,1456.51953125,4.23739426657551
2025-02-07 21:00:00,34003.0,32558.871,1444.12890625,1444.12890625,4.247063218686586
2025-02-07 22:00:00,33868.0,32441.37,1426.630859375,1426.630859375,4.212326855364947
2025-02-07 23:00:00,33973.0,32814.594,1158.40625,1158.40625,3.4097849763047123
2025-02-08 00:00:00,34216.0,31753.621,2462.37890625,2462.37890625,7.196571505289922
2025-02-08 01:00:00,34606.0,32467.97,2138.029296875,2138.029296875,6.178204059628388
2025-02-08 02:00:00,34379.0,32848.44,1530.55859375,1530.55859375,4.452016038133745
2025-02-08 03:00:00,33827.0,32620.51,1206.490234375,1206.490234375,3.5666486368137877
2025-02-08 04:00:00,33190.0,32149.684,1040.31640625,1040.31640625,3.134427255950588
2025-02-08 05:00:00,32158.0,31425.568,732.431640625,732.431640625,2.277603211098327
2025-02-08 06:00:00,31195.0,30189.002,1005.998046875,1005.998046875,3.224869520355826
2025-02-08 07:00:00,30404.0,29655.959,748.041015625,748.041015625,2.460337506989212
2025-02-08 08:00:00,29844.0,29292.904,551.095703125,551.095703125,1.8465879343419114
2025-02-08 09:00:00,29514.0,29233.008,280.9921875,280.9921875,0.9520640628176459
2025-02-08 10:00:00,29509.0,29232.762,276.23828125,276.23828125,0.936115358873564
2025-02-08 11:00:00,29742.0,29747.023,-5.0234375,5.0234375,0.016890046062806807
2025-02-08 12:00:00,30134.0,30341.297,-207.296875,207.296875,0.6879168879007102
2025-02-08 13:00:00,30966.0,31598.639,-632.638671875,632.638671875,2.0430106306109925
2025-02-08 14:00:00,31864.0,32746.621,-882.62109375,882.62109375,2.769963261831534
2025-02-08 15:00:00,32706.0,33436.29,-730.2890625,730.2890625,2.232890180700789
2025-02-08 16:00:00,33357.0,32875.26,481.73828125,481.73828125,1.4441894692268489
2025-02-08 17:00:00,33558.0,32165.248,1392.751953125,1392.751953125,4.150282952276655
2025-02-08 18:00:00,33349.0,32212.861,1136.138671875,1136.138671875,3.406814812663048
2025-02-08 19:00:00,33083.0,31550.46,1532.5390625,1532.5390625,4.632406560771393
2025-02-08 20:00:00,32606.0,31373.797,1232.203125,1232.203125,3.7790686530086486
2025-02-08 21:00:00,32142.0,31379.139,762.861328125,762.861328125,2.3734096450905358
2025-02-08 22:00:00,31924.0,31346.195,577.8046875,577.8046875,1.8099382517854905
2025-02-08 23:00:00,32131.0,32191.918,-60.91796875,60.91796875,0.1895925080140674
2025-02-09 00:00:00,32788.0,32556.217,231.783203125,231.783203125,0.7069147344302793
2025-02-09 01:00:00,33864.0,32679.293,1184.70703125,1184.70703125,3.4984261494507445
2025-02-09 02:00:00,34088.0,32701.969,1386.03125,1386.03125,4.066038635296879
2025-02-09 03:00:00,33994.0,32494.752,1499.248046875,1499.248046875,4.410331372815791
2025-02-09 04:00:00,33664.0,32332.957,1331.04296875,1331.04296875,3.953906157170865
2025-02-09 05:00:00,33097.0,31749.295,1347.705078125,1347.705078125,4.07198561236668
2025-02-09 06:00:00,32441.0,31450.207,990.79296875,990.79296875,3.0541381854751704
2025-02-09 07:00:00,32142.0,31346.557,795.443359375,795.443359375,2.4747786677089167
2025-02-09 08:00:00,31904.0,30968.55,935.44921875,935.44921875,2.9320750336948342
2025-02-09 09:00:00,31812.0,30795.3,1016.69921875,1016.69921875,3.1959613314158175
2025-02-09 10:00:00,31880.0,30687.691,1192.30859375,1192.30859375,3.7399893154015054
2025-02-09 11:00:00,32007.0,31197.203,809.796875,809.796875,2.5300617833598897
2025-02-09 12:00:00,32500.0,31829.803,670.197265625,670.197265625,2.0621454326923074
2025-02-09 13:00:00,33296.0,32411.809,884.19140625,884.19140625,2.6555484329949546
2025-02-09 14:00:00,34215.0,32960.117,1254.8828125,1254.8828125,3.667639376004676
2025-02-09 15:00:00,34892.0,32352.764,2539.236328125,2539.236328125,7.277416966998166
2025-02-09 16:00:00,35008.0,32516.857,2491.142578125,2491.142578125,7.115923726362546
2025-02-09 17:00:00,34604.0,32217.887,2386.11328125,2386.11328125,6.895483993902439
2025-02-09 18:00:00,34131.0,32010.523,2120.4765625,2120.4765625,6.212758379479066
2025-02-09 19:00:00,33726.0,31325.146,2400.853515625,2400.853515625,7.118702234551979
2025-02-09 20:00:00,33324.0,30510.363,2813.63671875,2813.63671875,8.443274273046452
2025-02-09 21:00:00,32890.0,29984.172,2905.828125,2905.828125,8.834989738522347
2025-02-09 22:00:00,32661.0,29775.582,2885.41796875,2885.41796875,8.834444654940143
2025-02-09 23:00:00,32898.0,30776.46,2121.5390625,2121.5390625,6.448839025168704
2025-02-10 00:00:00,33167.0,32127.768,1039.232421875,1039.232421875,3.1333325952754247
2025-02-10 01:00:00,33746.0,32994.13,751.87109375,751.87109375,2.2280302665501095
2025-02-10 02:00:00,33943.0,33443.65,499.3515625,499.3515625,1.4711474015260877
2025-02-10 03:00:00,34124.0,33667.633,456.3671875,456.3671875,1.3373789341812214
2025-02-10 04:00:00,34128.0,33177.81,950.19140625,950.19140625,2.7841989165787626
2025-02-10 05:00:00,33721.0,32490.092,1230.908203125,1230.908203125,3.6502719466356277
2025-02-10 06:00:00,32840.0,31814.346,1025.654296875,1025.654296875,3.1231860440773445
2025-02-10 07:00:00,32347.0,31516.521,830.478515625,830.478515625,2.567405062679692
2025-02-10 08:00:00,32243.0,31398.541,844.458984375,844.458984375,2.619045946019291
2025-02-10 09:00:00,32381.0,31611.676,769.32421875,769.32421875,2.375850711065131
2025-02-10 10:00:00,32697.0,31881.936,815.064453125,815.064453125,2.492780539881335
2025-02-10 11:00:00,33313.0,31887.746,1425.25390625,1425.25390625,4.278371525380482
2025-02-10 12:00:00,34673.0,32505.715,2167.28515625,2167.28515625,6.250642160326479
2025-02-10 13:00:00,36880.0,34203.594,2676.40625,2676.40625,7.257066838394794
2025-02-10 14:00:00,38154.0,35011.625,3142.375,3142.375,8.236030298264927
2025-02-10 15:00:00,38298.0,35791.773,2506.2265625,2506.2265625,6.544014210924852
2025-02-10 16:00:00,38182.0,35745.918,2436.08203125,2436.08203125,6.380184461919229
2025-02-10 17:00:00,37883.0,35299.688,2583.3125,2583.3125,6.819186706438245
2025-02-10 18:00:00,37473.0,34716.957,2756.04296875,2756.04296875,7.35474333186561
2025-02-10 19:00:00,37018.0,34420.445,2597.5546875,2597.5546875,7.0170043965098055
2025-02-10 20:00:00,36589.0,34280.156,2308.84375,2308.84375,6.310212768864959
2025-02-10 21:00:00,36295.0,33552.973,2742.02734375,2742.02734375,7.554834946273592
2025-02-10 22:00:00,36155.0,33659.61,2495.390625,2495.390625,6.901924007744434
2025-02-10 23:00:00,36580.0,34124.55,2455.44921875,2455.44921875,6.712545704620012
2025-02-11 00:00:00,37266.0,33765.168,3500.83203125,3500.83203125,9.394171714833897
2025-02-11 01:00:00,38021.0,34079.066,3941.93359375,3941.93359375,10.367779894663476
2025-02-11 02:00:00,37991.0,34038.72,3952.28125,3952.28125,10.403204048327236
2025-02-11 03:00:00,37575.0,34448.09,3126.91015625,3126.91015625,8.321783516300732
2025-02-11 04:00:00,36764.0,34048.23,2715.76953125,2715.76953125,7.387034956071156
2025-02-11 05:00:00,35567.0,33335.367,2231.6328125,2231.6328125,6.27444769730368
2025-02-11 06:00:00,34530.0,32137.95,2392.05078125,2392.05078125,6.92745665001448
2025-02-11 07:00:00,33841.0,31952.852,1888.1484375,1888.1484375,5.579469984634024
2025-02-11 08:00:00,33546.0,32137.164,1408.8359375,1408.8359375,4.199713639480117
2025-02-11 09:00:00,33519.0,32127.145,1391.85546875,1391.85546875,4.152437330320117
2025-02-11 10:00:00,33649.0,32274.502,1374.498046875,1374.498046875,4.0848109806383555
2025-02-11 11:00:00,34254.0,33083.176,1170.82421875,1170.82421875,3.4180656821101185
2025-02-11 12:00:00,35610.0,34330.52,1279.48046875,1279.48046875,3.59303698048301
2025-02-11 13:00:00,37682.0,36319.637,1362.36328125,1362.36328125,3.6154219023671783
2025-02-11 14:00:00,39080.0,37475.258,1604.7421875,1604.7421875,4.1063003774309115
2025-02-11 15:00:00,39392.0,37583.75,1808.25,1808.25,4.590399065800162
2025-02-11 16:00:00,39370.0,37323.508,2046.4921875,2046.4921875,5.198100552451105
2025-02-11 17:00:00,39274.0,37160.496,2113.50390625,2113.50390625,5.381432770407903
2025-02-11 18:00:00,38853.0,37173.195,1679.8046875,1679.8046875,4.323487729390266
2025-02-11 19:00:00,38499.0,36768.02,1730.98046875,1730.98046875,4.4961699492194604
2025-02-11 20:00:00,38253.0,36337.13,1915.87109375,1915.87109375,5.00842049969937
2025-02-11 21:00:00,38000.0,36190.66,1809.33984375,1809.33984375,4.761420641447368
2025-02-11 22:00:00,38054.0,36282.125,1771.875,1771.875,4.656212224733274
2025-02-11 23:00:00,38524.0,36419.785,2104.21484375,2104.21484375,5.46208816257398
2025-02-12 00:00:00,39145.0,36771.28,2373.71875,2373.71875,6.063913015710819
2025-02-12 01:00:00,39878.0,37114.477,2763.5234375,2763.5234375,6.92994492577361
2025-02-12 02:00:00,39721.0,37331.195,2389.8046875,2389.8046875,6.016476643337278
2025-02-12 03:00:00,39283.0,36868.246,2414.75390625,2414.75390625,6.147071013542754
2025-02-12 04:00:00,38383.0,36353.598,2029.40234375,2029.40234375,5.28724264322747
2025-02-12 05:00:00,37188.0,35365.066,1822.93359375,1822.93359375,4.901940394078736
2025-02-12 06:00:00,36122.0,34178.56,1943.44140625,1943.44140625,5.380215398510603
2025-02-12 07:00:00,35522.0,33877.203,1644.796875,1644.796875,4.630361114239063
2025-02-12 08:00:00,35298.0,33692.484,1605.515625,1605.515625,4.548460606833248
2025-02-12 09:00:00,35262.0,33836.105,1425.89453125,1425.89453125,4.043714285207872
2025-02-12 10:00:00,35438.0,34207.22,1230.78125,1230.78125,3.4730550538969465
2025-02-12 11:00:00,35908.0,34951.363,956.63671875,956.63671875,2.664132557508076
2025-02-12 12:00:00,37102.0,36079.484,1022.515625,1022.515625,2.7559582367527358
2025-02-12 13:00:00,38687.0,37579.805,1107.1953125,1107.1953125,2.8619311719699123
2025-02-12 14:00:00,39847.0,38897.79,949.2109375,949.2109375,2.382139025522624
2025-02-12 15:00:00,40367.0,39280.383,1086.6171875,1086.6171875,2.6918452882304855
2025-02-12 16:00:00,40685.0,39253.21,1431.7890625,1431.7890625,3.5192062492319036
2025-02-12 17:00:00,40796.0,39088.73,1707.26953125,1707.26953125,4.1848944289881365
2025-02-12 18:00:00,40661.0,38890.66,1770.33984375,1770.33984375,4.353901388923047
2025-02-12 19:00:00,40336.0,38816.957,1519.04296875,1519.04296875,3.7659732466035303
2025-02-12 20:00:00,40046.0,38780.496,1265.50390625,1265.50390625,3.160125621160665
2025-02-12 21:00:00,39792.0,38839.547,952.453125,952.453125,2.393579425512666
2025-02-12 22:00:00,39759.0,38872.336,886.6640625,886.6640625,2.230096487587716
2025-02-12 23:00:00,40133.0,39039.297,1093.703125,1093.703125,2.725196534024369
2025-02-13 00:00:00,40901.0,39175.777,1725.22265625,1725.22265625,4.2180451731009025
2025-02-13 01:00:00,42016.0,39331.727,2684.2734375,2684.2734375,6.3886934441641285
2025-02-13 02:00:00,42200.0,39463.316,2736.68359375,2736.68359375,6.485032212677726
2025-02-13 03:00:00,41944.0,39567.957,2376.04296875,2376.04296875,5.664798227994469
2025-02-13 04:00:00,41266.0,39335.703,1930.296875,1930.296875,4.6776931977899485
2025-02-13 05:00:00,40229.0,38316.29,1912.7109375,1912.7109375,4.754557502050759
2025-02-13 06:00:00,39431.0,37748.664,1682.3359375,1682.3359375,4.266531250792523
2025-02-13 07:00:00,38998.0,37209.652,1788.34765625,1788.34765625,4.585741977152674
2025-02-13 08:00:00,38913.0,37529.36,1383.640625,1383.640625,3.555728484054172
2025-02-13 09:00:00,38999.0,37717.605,1281.39453125,1281.39453125,3.2857112522115948
2025-02-13 10:00:00,39274.0,37763.348,1510.65234375,1510.65234375,3.8464438146101747
2025-02-13 11:00:00,39998.0,38027.273,1970.7265625,1970.7265625,4.92706275938797
2025-02-13 12:00:00,41317.0,38103.49,3213.51171875,3213.51171875,7.777698571411283
2025-02-13 13:00:00,43208.0,39212.43,3995.5703125,3995.5703125,9.24729289136271
2025-02-13 14:00:00,44348.0,39250.05,5097.94921875,5097.94921875,11.495330609610354
2025-02-13 15:00:00,44015.0,38808.883,5206.1171875,5206.1171875,11.82805222651369
2025-02-13 16:00:00,42970.0,38743.105,4226.89453125,4226.89453125,9.836850200721434
2025-02-13 17:00:00,41816.0,38721.65,3094.3515625,3094.3515625,7.399922428017984
2025-02-13 18:00:00,40600.0,38676.332,1923.66796875,1923.66796875,4.7380984451970445
2025-02-13 19:00:00,39615.0,38399.344,1215.65625,1215.65625,3.0686766376372585
2025-02-13 20:00:00,38577.0,37954.812,622.1875,622.1875,1.6128457370972342
2025-02-13 21:00:00,37593.0,37911.527,-318.52734375,318.52734375,0.8473049337642646
2025-02-13 22:00:00,36940.0,37490.926,-550.92578125,550.92578125,1.491407095966432
2025-02-13 23:00:00,37104.0,37793.48,-689.48046875,689.48046875,1.858237572094653
2025-02-14 00:00:00,38175.0,38258.508,-83.5078125,83.5078125,0.21875000000000003
2025-02-14 01:00:00,39892.0,39395.69,496.30859375,496.30859375,1.2441306370951568
2025-02-14 02:00:00,40476.0,39437.44,1038.55859375,1038.55859375,2.565862718030438
2025-02-14 03:00:00,40470.0,38852.26,1617.73828125,1617.73828125,3.997376528910304
2025-02-14 04:00:00,39993.0,37890.4,2102.6015625,2102.6015625,5.257423955442202
2025-02-14 05:00:00,39136.0,37528.438,1607.5625,1607.5625,4.107631081357318
2025-02-14 06:00:00,38275.0,37410.03,864.96875,864.96875,2.259879163945134
2025-02-14 07:00:00,37742.0,37012.285,729.71484375,729.71484375,1.9334291869800222
2025-02-14 08:00:00,37521.0,36251.406,1269.59375,1269.59375,3.3836884677913703
2025-02-14 09:00:00,37461.0,36314.375,1146.625,1146.625,3.0608499506153066
2025-02-14 10:00:00,37518.0,36637.375,880.625,880.625,2.347206674129751
2025-02-14 11:00:00,37840.0,37041.164,798.8359375,798.8359375,2.111088629756871
2025-02-14 12:00:00,38839.0,36721.52,2117.48046875,2117.48046875,5.4519438418857336
2025-02-14 13:00:00,40398.0,39380.44,1017.55859375,1017.55859375,2.5188340852269913
2025-02-14 14:00:00,41268.0,40110.32,1157.6796875,1157.6796875,2.805272093389551
2025-02-14 15:00:00,41291.0,39661.844,1629.15625,1629.15625,3.9455480613208684
2025-02-14 16:00:00,40840.0,38583.062,2256.9375,2256.9375,5.526291625857003
2025-02-14 17:00:00,40121.0,37696.76,2424.23828125,2424.23828125,6.042317692106378
2025-02-14 18:00:00,39149.0,37132.688,2016.3125,2016.3125,5.1503550537689335
2025-02-14 19:00:00,38062.0,36849.008,1212.9921875,1212.9921875,3.1868850493930956
2025-02-14 20:00:00,37235.0,35688.848,1546.15234375,1546.15234375,4.152416661071572
2025-02-14 21:00:00,36529.0,35104.473,1424.52734375,1424.52734375,3.8997162357305153
2025-02-14 22:00:00,35994.0,34704.344,1289.65625,1289.65625,3.582975634828027
2025-02-14 23:00:00,35881.0,34723.668,1157.33203125,1157.33203125,3.22547317870182
2025-02-15 00:00:00,36071.0,34555.14,1515.859375,1515.859375,4.202432355631948
2025-02-15 01:00:00,36573.0,35847.316,725.68359375,725.68359375,1.984205817816422
2025-02-15 02:00:00,36279.0,36105.16,173.83984375,173.83984375,0.4791748497753522
2025-02-15 03:00:00,35760.0,36100.55,-340.55078125,340.55078125,0.9523232137863534
2025-02-15 04:00:00,35024.0,35643.188,-619.1875,619.1875,1.7678948720877112
2025-02-15 05:00:00,34093.0,34305.56,-212.55859375,212.55859375,0.6234669690258997
2025-02-15 06:00:00,33167.0,33569.88,-402.87890625,402.87890625,1.214698062079778
2025-02-15 07:00:00,32370.0,33282.254,-912.25390625,912.25390625,2.8182079278653074
2025-02-15 08:00:00,31957.0,33020.414,-1063.4140625,1063.4140625,3.327640462183559
2025-02-15 09:00:00,31707.0,32692.12,-985.119140625,985.119140625,3.1069452821932066
2025-02-15 10:00:00,31587.0,32718.742,-1131.7421875,1131.7421875,3.5829366115807137
2025-02-15 11:00:00,31711.0,32809.89,-1098.890625,1098.890625,3.465329459808899
2025-02-15 12:00:00,32190.0,33203.332,-1013.33203125,1013.33203125,3.1479715167753963
2025-02-15 13:00:00,32861.0,34629.195,-1768.1953125,1768.1953125,5.380832331639329
2025-02-15 14:00:00,33653.0,34173.1,-520.1015625,520.1015625,1.5454835007280183
2025-02-15 15:00:00,34270.0,35104.84,-834.83984375,834.83984375,2.4360660745550042
2025-02-15 16:00:00,34867.0,36128.86,-1261.859375,1261.859375,3.6190649467978315
2025-02-15 17:00:00,35121.0,36184.9,-1063.8984375,1063.8984375,3.029237315281456
2025-02-15 18:00:00,35213.0,35366.81,-153.80859375,153.80859375,0.4367949159401358
2025-02-15 19:00:00,35024.0,35004.086,19.9140625,19.9140625,0.05685833285746916
2025-02-15 20:00:00,34848.0,34403.445,444.5546875,444.5546875,1.27569641729798
2025-02-15 21:00:00,34832.0,33908.85,923.1484375,923.1484375,2.6502883483578317
2025-02-15 22:00:00,35000.0,33987.348,1012.65234375,1012.65234375,2.8932924107142854
2025-02-15 23:00:00,35496.0,34040.48,1455.51953125,1455.51953125,4.100517047695515
2025-02-16 00:00:00,36284.0,34513.105,1770.89453125,1770.89453125,4.880648581330614
2025-02-16 01:00:00,37153.0,34775.203,2377.796875,2377.796875,6.400013121416843
2025-02-16 02:00:00,37373.0,35036.53,2336.46875,2336.46875,6.251755946806519
2025-02-16 03:00:00,37302.0,35008.473,2293.52734375,2293.52734375,6.148537193045949
2025-02-16 04:00:00,37022.0,34808.684,2213.31640625,2213.31640625,5.978381519772028
2025-02-16 05:00:00,36530.0,34601.78,1928.21875,1928.21875,5.278452641664385
2025-02-16 06:00:00,36049.0,33792.8,2256.19921875,2256.19921875,6.258701264251436
2025-02-16 07:00:00,35720.0,33671.332,2048.66796875,2048.66796875,5.735352656075028
2025-02-16 08:00:00,35688.0,33816.973,1871.02734375,1871.02734375,5.242735215618696
2025-02-16 09:00:00,35848.0,33715.96,2132.0390625,2132.0390625,5.947442151584468
2025-02-16 10:00:00,36091.0,33764.29,2326.7109375,2326.7109375,6.446789885289962
2025-02-16 11:00:00,36561.0,34024.176,2536.82421875,2536.82421875,6.938607310385383
2025-02-16 12:00:00,37147.0,34167.67,2979.328125,2979.328125,8.020373448730718
2025-02-16 13:00:00,38110.0,34915.91,3194.08984375,3194.08984375,8.381238110076096
2025-02-16 14:00:00,39043.0,35692.36,3350.640625,3350.640625,8.581924096508978
2025-02-16 15:00:00,39493.0,36139.67,3353.328125,3353.328125,8.490943015217885
2025-02-16 16:00:00,39291.0,36283.625,3007.375,3007.375,7.654106538393016
2025-02-16 17:00:00,38608.0,36448.55,2159.44921875,2159.44921875,5.593268801155201
2025-02-16 18:00:00,37827.0,35642.48,2184.51953125,2184.51953125,5.775027179660031
2025-02-16 19:00:00,37088.0,35181.605,1906.39453125,1906.39453125,5.140192329729292
2025-02-16 20:00:00,36346.0,34548.543,1797.45703125,1797.45703125,4.945405357535905
2025-02-16 21:00:00,35596.0,34279.344,1316.65625,1316.65625,3.698888217777278
2025-02-16 22:00:00,35258.0,34754.49,503.51171875,503.51171875,1.428077936213058
2025-02-16 23:00:00,35626.0,35061.84,564.16015625,564.16015625,1.5835630052489755
2025-02-17 00:00:00,36998.0,36691.938,306.0625,306.0625,0.827240661657387
2025-02-17 01:00:00,38759.0,36978.383,1780.6171875,1780.6171875,4.5940741182693055
2025-02-17 02:00:00,39485.0,37046.676,2438.32421875,2438.32421875,6.1753177630745855
2025-02-17 03:00:00,39458.0,37072.395,2385.60546875,2385.60546875,6.045936106112829
2025-02-17 04:00:00,39166.0,36683.516,2482.484375,2482.484375,6.338365865801972
2025-02-17 05:00:00,38384.0,36108.547,2275.453125,2275.453125,5.928129233534806
2025-02-17 06:00:00,37722.0,35312.477,2409.5234375,2409.5234375,6.387581351731085
2025-02-17 07:00:00,37406.0,35639.695,1766.3046875,1766.3046875,4.721982268887345
2025-02-17 08:00:00,37299.0,35373.535,1925.46484375,1925.46484375,5.1622425366631814
2025-02-17 09:00:00,37388.0,35545.19,1842.80859375,1842.80859375,4.928877163127207
2025-02-17 10:00:00,37598.0,35506.46,2091.5390625,2091.5390625,5.562899788552582
2025-02-17 11:00:00,38202.0,36216.742,1985.2578125,1985.2578125,5.196737899848176
2025-02-17 12:00:00,39465.0,37101.188,2363.8125,2363.8125,5.989642721398708
2025-02-17 13:00:00,41211.0,38154.996,3056.00390625,3056.00390625,7.4155053414137
2025-02-17 14:00:00,42390.0,39330.883,3059.1171875,3059.1171875,7.216601055673507
2025-02-17 15:00:00,42468.0,39254.45,3213.55078125,3213.55078125,7.566993456838089
2025-02-17 16:00:00,41780.0,38801.45,2978.55078125,2978.55078125,7.129130639660125
2025-02-17 17:00:00,40903.0,38288.797,2614.203125,2614.203125,6.3912258880766695
2025-02-17 18:00:00,40101.0,37447.094,2653.90625,2653.90625,6.618055036034014
2025-02-17 19:00:00,39169.0,37093.76,2075.23828125,2075.23828125,5.2981650827184765
2025-02-17 20:00:00,38445.0,36948.17,1496.828125,1496.828125,3.8934272987384575
2025-02-17 21:00:00,37883.0,36449.887,1433.11328125,1433.11328125,3.7829983930786897
2025-02-17 22:00:00,37811.0,36682.062,1128.9375,1128.9375,2.9857382772209147
2025-02-17 23:00:00,38095.0,36582.78,1512.21875,1512.21875,3.9695990287439296
2025-02-18 00:00:00,38843.0,36867.29,1975.7109375,1975.7109375,5.086401507350102
2025-02-18 01:00:00,40049.0,37689.773,2359.2265625,2359.2265625,5.8908501148592975
2025-02-18 02:00:00,40268.0,38472.98,1795.01953125,1795.01953125,4.457682356337538
2025-02-18 03:00:00,40125.0,38678.91,1446.08984375,1446.08984375,3.6039622274143306
2025-02-18 04:00:00,39646.0,38157.516,1488.484375,1488.484375,3.754437711244514
2025-02-18 05:00:00,38914.0,37878.402,1035.59765625,1035.59765625,2.6612469965822068
2025-02-18 06:00:00,38176.0,37704.355,471.64453125,471.64453125,1.2354477453111903
2025-02-18 07:00:00,42374.0,38003.21,4370.7890625,4370.7890625,10.314789877047247
2025-02-18 08:00:00,42374.0,38383.43,3990.5703125,3990.5703125,9.41749731557087
2025-02-18 09:00:00,42374.0,38708.15,3665.8515625,3665.8515625,8.651181296313776
2025-02-18 10:00:00,42374.0,38795.086,3578.9140625,3578.9140625,8.446014212724783
2025-02-18 11:00:00,42374.0,39261.438,3112.5625,3112.5625,7.345453580025488
2025-02-18 12:00:00,42374.0,40015.133,2358.8671875,2358.8671875,5.566779599518572
2025-02-18 13:00:00,42374.0,39972.43,2401.5703125,2401.5703125,5.66755631401331
2025-02-18 14:00:00,42374.0,41237.3,1136.69921875,1136.69921875,2.6825393372114976
2025-02-18 15:00:00,42374.0,41548.85,825.1484375,825.1484375,1.9472989038089397
2025-02-18 16:00:00,42374.0,41189.453,1184.546875,1184.546875,2.7954568249398215
2025-02-18 17:00:00,42374.0,40842.934,1531.06640625,1531.06640625,3.613221329706896
2025-02-18 18:00:00,42374.0,40720.72,1653.28125,1653.28125,3.9016407466842873
2025-02-18 19:00:00,42374.0,40504.492,1869.5078125,1869.5078125,4.411921962760183
2025-02-18 20:00:00,42374.0,40016.17,2357.828125,2357.828125,5.564327476754614
2025-02-18 21:00:00,42374.0,39660.215,2713.78515625,2713.78515625,6.404363893543211
2025-02-18 22:00:00,42374.0,39481.824,2892.17578125,2892.17578125,6.825354654387124
2025-02-18 23:00:00,42374.0,39672.59,2701.41015625,2701.41015625,6.375159664534856
2025-02-19 00:00:00,42374.0,40052.55,2321.44921875,2321.44921875,5.478475524496154
2025-02-19 01:00:00,42374.0,40618.203,1755.796875,1755.796875,4.143571234719404
2025-02-19 02:00:00,42374.0,40668.367,1705.6328125,1705.6328125,4.0251871725586446
2025-02-19 03:00:00,42374.0,40601.8,1772.19921875,1772.19921875,4.182279744064757
2025-02-19 04:00:00,42374.0,40359.156,2014.84375,2014.84375,4.7549057204889795
2025-02-19 05:00:00,42374.0,39674.938,2699.0625,2699.0625,6.369619342049369
2025-02-19 06:00:00,42374.0,39316.027,3057.97265625,3057.97265625,7.216624949851323
2025-02-19 07:00:00,42575.0,40450.81,2124.19140625,2124.19140625,4.989292792131533
2025-02-19 08:00:00,42475.0,40526.414,1948.5859375,1948.5859375,4.587606680400235
2025-02-19 09:00:00,42409.0,40526.414,1882.5859375,1882.5859375,4.43911890754321
2025-02-19 10:00:00,42588.0,40630.566,1957.43359375,1957.43359375,4.59620924614915
2025-02-19 11:00:00,43079.0,40456.344,2622.65625,2622.65625,6.08801562246106
2025-02-19 12:00:00,44010.0,40593.08,3416.921875,3416.921875,7.763966996137242
2025-02-19 13:00:00,45364.0,41107.27,4256.73046875,4256.73046875,9.383498961180672
2025-02-19 14:00:00,46351.0,41592.066,4758.93359375,4758.93359375,10.267164880477228
2025-02-19 15:00:00,46554.0,41735.973,4818.02734375,4818.02734375,10.349330548932423
2025-02-19 16:00:00,46334.0,41354.156,4979.84375,4979.84375,10.747709565329995
2025-02-19 17:00:00,45748.0,41161.47,4586.53125,4586.53125,10.025643197516832
2025-02-19 18:00:00,45121.0,41329.51,3791.48828125,3791.48828125,8.402934955453114
2025-02-19 19:00:00,44680.0,41295.332,3384.66796875,3384.66796875,7.57535355584154
2025-02-19 20:00:00,44644.0,41193.53,3450.46875,3450.46875,7.72885214138518
2025-02-19 21:00:00,44644.0,40858.1,3785.8984375,3785.8984375,8.48019540699758
2025-02-19 22:00:00,44644.0,40858.1,3785.8984375,3785.8984375,8.48019540699758
2025-02-19 23:00:00,44644.0,40979.664,3664.3359375,3664.3359375,8.207902377699131
2025-02-20 00:00:00,44644.0,40953.05,3690.94921875,3690.94921875,8.267514601626198
2025-02-20 01:00:00,44644.0,41292.203,3351.796875,3351.796875,7.507832799480334
2025-02-20 02:00:00,44644.0,41237.91,3406.08984375,3406.08984375,7.629445936184033
2025-02-20 03:00:00,44644.0,41184.348,3459.65234375,3459.65234375,7.749422864774662
2025-02-20 04:00:00,44644.0,41518.992,3125.0078125,3125.0078125,6.999838304139414
2025-02-20 05:00:00,44644.0,41646.176,2997.82421875,2997.82421875,6.714954347168713
2025-02-20 06:00:00,44644.0,41280.336,3363.6640625,3363.6640625,7.534414618985753
2025-02-20 07:00:00,43486.0,41542.99,1943.01171875,1943.01171875,4.4681316256956265
2025-02-20 08:00:00,43424.0,41026.793,2397.20703125,2397.20703125,5.52046571308493
2025-02-20 09:00:00,43582.0,41054.332,2527.66796875,2527.66796875,5.799798010072966
2025-02-20 10:00:00,43777.0,43154.97,622.03125,622.03125,1.4209088105626242
2025-02-20 11:00:00,44313.0,42969.58,1343.421875,1343.421875,3.0316653690790516
2025-02-20 12:00:00,45499.0,43174.984,2324.015625,2324.015625,5.107838908547441
2025-02-20 13:00:00,47177.0,43053.844,4123.15625,4123.15625,8.739759310681054
2025-02-20 14:00:00,47946.0,44269.7,3676.30078125,3676.30078125,7.66758599518208
2025-02-20 15:00:00,47338.0,44008.258,3329.7421875,3329.7421875,7.033973103003929
2025-02-20 16:00:00,46249.0,43654.973,2594.02734375,2594.02734375,5.608829042249562
2025-02-20 17:00:00,45027.0,43587.7,1439.30078125,1439.30078125,3.196528263597397
2025-02-20 18:00:00,43820.0,41594.5,2225.5,2225.5,5.078731172980374
2025-02-20 19:00:00,42609.0,41325.934,1283.06640625,1283.06640625,3.0112567914055717
2025-02-20 20:00:00,41475.0,41203.867,271.1328125,271.1328125,0.6537258890898131
2025-02-20 21:00:00,40557.0,41609.312,-1052.3125,1052.3125,2.594650738466849
2025-02-20 22:00:00,39951.0,41697.01,-1746.01171875,1746.01171875,4.3703830160696855
2025-02-20 23:00:00,40119.0,41522.598,-1403.59765625,1403.59765625,3.4985858477280094
2025-02-21 00:00:00,41354.0,41444.004,-90.00390625,90.00390625,0.2176425648063065
2025-02-21 01:00:00,43303.0,41367.86,1935.140625,1935.140625,4.468837320739903
2025-02-21 02:00:00,44035.0,41925.094,2109.90625,2109.90625,4.791430112410582
2025-02-21 03:00:00,44097.0,42132.344,1964.65625,1964.65625,4.455305916502256
2025-02-21 04:00:00,43659.0,41531.656,2127.34375,2127.34375,4.872635080968414
2025-02-21 05:00:00,42810.0,40747.63,2062.37109375,2062.37109375,4.81749846706377
2025-02-21 06:00:00,42147.0,40719.004,1427.99609375,1427.99609375,3.3881322365767437
2025-02-21 07:00:00,41755.0,39995.977,1759.0234375,1759.0234375,4.212725272422464
2025-02-21 08:00:00,41590.0,39717.793,1872.20703125,1872.20703125,4.501579781798509
2025-02-21 09:00:00,41692.0,40019.598,1672.40234375,1672.40234375,4.0113267383430875
2025-02-21 10:00:00,41834.0,40220.42,1613.578125,1613.578125,3.857097396854233
2025-02-21 11:00:00,42329.0,40398.625,1930.375,1930.375,4.5604077582744695
2025-02-21 12:00:00,43362.0,41339.004,2022.99609375,2022.99609375,4.665366204856787
2025-02-21 13:00:00,45227.0,42829.84,2397.16015625,2397.16015625,5.300285573330091
2025-02-21 14:00:00,46021.0,43496.742,2524.2578125,2524.2578125,5.485012956041807
2025-02-21 15:00:00,45276.0,43361.223,1914.77734375,1914.77734375,4.229122148047531
2025-02-21 16:00:00,43911.0,42534.402,1376.59765625,1376.59765625,3.134972230762224
2025-02-21 17:00:00,42648.0,41330.332,1317.66796875,1317.66796875,3.089636017515476
2025-02-21 18:00:00,41391.0,40624.49,766.51171875,766.51171875,1.8518801641661229
2025-02-21 19:00:00,40337.0,39520.594,816.40625,816.40625,2.0239637305699483
2025-02-21 20:00:00,39523.0,38655.242,867.7578125,867.7578125,2.1955767844040177
2025-02-21 21:00:00,38705.0,38150.832,554.16796875,554.16796875,1.4317735919131895
2025-02-21 22:00:00,38260.0,38040.777,219.22265625,219.22265625,0.572981328410873
2025-02-21 23:00:00,38382.0,38050.754,331.24609375,331.24609375,0.8630245785785003
2025-02-22 00:00:00,38885.0,38000.637,884.36328125,884.36328125,2.274304439372509
2025-02-22 01:00:00,39926.0,38994.75,931.25,931.25,2.332440014025948
2025-02-22 02:00:00,40195.0,39584.76,610.23828125,610.23828125,1.5181945049135466
2025-02-22 03:00:00,40026.0,39819.13,206.87109375,206.87109375,0.5168417872133114
2025-02-22 04:00:00,39602.0,39257.156,344.84375,344.84375,0.870773572041816
2025-02-22 05:00:00,38777.0,38559.895,217.10546875,217.10546875,0.5598820660443046
2025-02-22 06:00:00,37941.0,37883.83,57.171875,57.171875,0.15068626288184286
2025-02-22 07:00:00,37422.0,37604.63,-182.62890625,182.62890625,0.4880255097268986
2025-02-22 08:00:00,36975.0,37510.844,-535.84375,535.84375,1.4492055442866802
2025-02-22 09:00:00,36884.0,37515.586,-631.5859375,631.5859375,1.7123574924086324
2025-02-22 10:00:00,36849.0,37378.16,-529.16015625,529.16015625,1.4360231112106163
2025-02-22 11:00:00,37167.0,37515.676,-348.67578125,348.67578125,0.9381327017246482
2025-02-22 12:00:00,37832.0,37972.16,-140.16015625,140.16015625,0.3704804299270459
2025-02-22 13:00:00,38755.0,39186.098,-431.09765625,431.09765625,1.1123665494774868
2025-02-22 14:00:00,39278.0,40406.46,-1128.4609375,1128.4609375,2.8730101774530272
2025-02-22 15:00:00,38652.0,38687.734,-35.734375,35.734375,0.09245155490013454
2025-02-22 16:00:00,37539.0,37712.242,-173.2421875,173.2421875,0.46149920749087614
2025-02-22 17:00:00,36307.0,37071.727,-764.7265625,764.7265625,2.106278575756741
2025-02-22 18:00:00,35034.0,35825.52,-791.51953125,791.51953125,2.2592896364959754
2025-02-22 19:00:00,33837.0,35118.652,-1281.65234375,1281.65234375,3.7877245138457902
2025-02-22 20:00:00,32774.0,34816.094,-2042.09375,2042.09375,6.23083465551962
2025-02-22 21:00:00,31920.0,33801.684,-1881.68359375,1881.68359375,5.894998727286968
2025-02-22 22:00:00,31436.0,33624.688,-2188.6875,2188.6875,6.9623600330830895
2025-02-22 23:00:00,31509.0,33864.473,-2355.47265625,2355.47265625,7.475555099336698
2025-02-23 00:00:00,32210.0,34833.688,-2623.6875,2623.6875,8.145568146538341
2025-02-23 01:00:00,33586.0,35704.8,-2118.80078125,2118.80078125,6.308583282468885
2025-02-23 02:00:00,34221.0,35882.2,-1661.19921875,1661.19921875,4.8543269301014
2025-02-23 03:00:00,34332.0,35830.53,-1498.53125,1498.53125,4.364823633927531
2025-02-23 04:00:00,34219.0,35828.344,-1609.34375,1609.34375,4.703070662497443
2025-02-23 05:00:00,33673.0,34706.28,-1033.28125,1033.28125,3.068574971045051
2025-02-23 06:00:00,33139.0,34305.277,-1166.27734375,1166.27734375,3.519349840821992
2025-02-23 07:00:00,32779.0,33938.3,-1159.30078125,1159.30078125,3.5367179634827175
2025-02-23 08:00:00,32604.0,33603.45,-999.44921875,999.44921875,3.0654190245061956
2025-02-23 09:00:00,32622.0,33455.383,-833.3828125,833.3828125,2.554664988351419
2025-02-23 10:00:00,32680.0,33462.49,-782.48828125,782.48828125,2.3943949854651163
2025-02-23 11:00:00,32966.0,33766.14,-800.140625,800.140625,2.427169280470788
2025-02-23 12:00:00,33448.0,34196.797,-748.796875,748.796875,2.2386895330064576
2025-02-23 13:00:00,34292.0,34647.08,-355.078125,355.078125,1.0354546978887205
2025-02-23 14:00:00,34869.0,34649.76,219.23828125,219.23828125,0.6287484047434684
2025-02-23 15:00:00,34555.0,33850.227,704.7734375,704.7734375,2.0395700694544927
2025-02-23 16:00:00,33685.0,33031.793,653.20703125,653.20703125,1.9391629248923854
2025-02-23 17:00:00,32724.0,32093.426,630.57421875,630.57421875,1.9269472520168685
2025-02-23 18:00:00,31875.0,31250.209,624.791015625,624.791015625,1.960128676470588
2025-02-23 19:00:00,31228.0,30491.418,736.58203125,736.58203125,2.3587230410208786
2025-02-23 20:00:00,30613.0,29758.863,854.13671875,854.13671875,2.790111125175579
2025-02-23 21:00:00,30155.0,29362.846,792.154296875,792.154296875,2.626941790333278
2025-02-23 22:00:00,29821.0,29018.818,802.181640625,802.181640625,2.6899890702022065
2025-02-23 23:00:00,30093.0,29150.947,942.052734375,942.052734375,3.1304713201575116
2025-02-24 00:00:00,30860.0,30879.994,-19.994140625,19.994140625,0.06478982704147765
2025-02-24 01:00:00,32076.0,32167.596,-91.595703125,91.595703125,0.2855583711341813
2025-02-24 02:00:00,32700.0,32379.203,320.796875,320.796875,0.9810301987767583
2025-02-24 03:00:00,32566.0,32432.467,133.533203125,133.533203125,0.410038700254867
2025-02-24 04:00:00,32101.0,32631.834,-530.833984375,530.833984375,1.653636909675711
2025-02-24 05:00:00,31198.0,32170.49,-972.490234375,972.490234375,3.117155697079941
2025-02-24 06:00:00,30349.0,31356.227,-1007.2265625,1007.2265625,3.3188130169033574
2025-02-24 07:00:00,29794.0,30937.424,-1143.423828125,1143.423828125,3.8377654162750887
2025-02-24 08:00:00,29632.0,30821.674,-1189.673828125,1189.673828125,4.01482798368318
2025-02-24 09:00:00,29583.0,30834.281,-1251.28125,1251.28125,4.229730757529662
2025-02-24 10:00:00,29843.0,30816.84,-973.83984375,973.83984375,3.263210279630064
2025-02-24 11:00:00,30578.0,31471.393,-893.392578125,893.392578125,2.9216841458728497
2025-02-24 12:00:00,31973.0,32385.799,-412.798828125,412.798828125,1.29108569144278
2025-02-24 13:00:00,34313.0,33163.51,1149.48828125,1149.48828125,3.3500081055285165
2025-02-24 14:00:00,35369.0,33526.63,1842.37109375,1842.37109375,5.208999671322345
2025-02-24 15:00:00,34782.0,33146.42,1635.578125,1635.578125,4.7023694008395145
2025-02-24 16:00:00,33886.0,32788.137,1097.86328125,1097.86328125,3.2398727534970195
2025-02-24 17:00:00,32983.0,31773.906,1209.09375,1209.09375,3.6658089015553466
2025-02-24 18:00:00,32178.0,31311.502,866.498046875,866.498046875,2.6928275432749085
2025-02-24 19:00:00,31620.0,31358.057,261.943359375,261.943359375,0.8284103712049335
2025-02-24 20:00:00,31165.0,31522.299,-357.298828125,357.298828125,1.1464746610781325
2025-02-24 21:00:00,30721.0,30970.035,-249.03515625,249.03515625,0.8106349280622375
2025-02-24 22:00:00,30393.0,30450.174,-57.173828125,57.173828125,0.1881151190241174
2025-02-24 23:00:00,30611.0,30381.111,229.888671875,229.888671875,0.75100020213322
2025-02-25 00:00:00,30937.0,30524.004,412.99609375,412.99609375,1.3349584437728288
2025-02-25 01:00:00,31696.0,31614.254,81.74609375,81.74609375,0.25790665620267544
2025-02-25 02:00:00,32004.0,31799.057,204.943359375,204.943359375,0.6403679520528684
2025-02-25 03:00:00,31683.0,31760.62,-77.619140625,77.619140625,0.24498671408957484
2025-02-25 04:00:00,31065.0,31319.758,-254.7578125,254.7578125,0.8200798728472557
2025-02-25 05:00:00,30028.0,30476.3,-448.30078125,448.30078125,1.4929425244771546
2025-02-25 06:00:00,29062.0,29688.83,-626.830078125,626.830078125,2.1568717848909227
2025-02-25 07:00:00,28909.0,29282.906,-373.90625,373.90625,1.2933904666366876
2025-02-25 08:00:00,29186.0,29177.168,8.83203125,8.83203125,0.030261191153292677
2025-02-25 09:00:00,28739.0,29162.18,-423.1796875,423.1796875,1.4724927363512996
2025-02-25 10:00:00,28826.0,29430.518,-604.517578125,604.517578125,2.0971261296225627
2025-02-25 11:00:00,29519.0,29781.965,-262.96484375,262.96484375,0.8908324934787764
2025-02-25 12:00:00,31015.0,31393.512,-378.51171875,378.51171875,1.2204150209576012
2025-02-25 13:00:00,33292.0,32504.334,787.666015625,787.666015625,2.365931802309864
2025-02-25 14:00:00,34166.0,33231.023,934.9765625,934.9765625,2.736570164783703
2025-02-25 15:00:00,33262.0,32647.414,614.5859375,614.5859375,1.8477119160002404
2025-02-25 16:00:00,32305.0,32112.951,192.048828125,192.048828125,0.5944863894907909
2025-02-25 17:00:00,31698.0,31530.367,167.6328125,167.6328125,0.5288434995898794
2025-02-25 18:00:00,31180.0,31023.314,156.685546875,156.685546875,0.5025193934413085
2025-02-25 19:00:00,30836.0,31007.371,-171.37109375,171.37109375,0.5557500770203658
2025-02-25 20:00:00,30696.0,30555.086,140.9140625,140.9140625,0.4590632737164452
2025-02-25 21:00:00,30546.0,30286.07,259.9296875,259.9296875,0.8509450910102795
2025-02-25 22:00:00,30464.0,30244.098,219.90234375,219.90234375,0.7218433027507879
2025-02-25 23:00:00,30662.0,30107.248,554.751953125,554.751953125,1.8092490807024981
2025-02-26 00:00:00,30929.0,30382.908,546.091796875,546.091796875,1.7656303044876975
2025-02-26 01:00:00,31628.0,30983.008,644.9921875,644.9921875,2.0393075360440114
2025-02-26 02:00:00,31896.0,31326.588,569.412109375,569.412109375,1.7852147898639328
2025-02-26 03:00:00,31266.0,30947.496,318.50390625,318.50390625,1.0186909302437153
2025-02-26 04:00:00,30417.0,30296.816,120.18359375,120.18359375,0.39511981375546573
2025-02-26 05:00:00,29204.0,29583.578,-379.578125,379.578125,1.2997470380769758
2025-02-26 06:00:00,28206.0,28727.625,-521.625,521.625,1.849340565837056
2025-02-26 07:00:00,27606.0,28563.207,-957.20703125,957.20703125,3.4673876376512354
2025-02-26 08:00:00,27360.0,28750.072,-1390.072265625,1390.072265625,5.080673485471491
2025-02-26 09:00:00,27220.0,28568.89,-1348.890625,1348.890625,4.955512950036738
2025-02-26 10:00:00,27339.0,28636.922,-1297.921875,1297.921875,4.747510424668057
2025-02-26 11:00:00,27918.0,29046.012,-1128.01171875,1128.01171875,4.040446016011176
2025-02-26 12:00:00,29302.0,30262.947,-960.947265625,960.947265625,3.279459646525834
2025-02-26 13:00:00,31546.0,31799.225,-253.224609375,253.224609375,0.8027154294522285
2025-02-26 14:00:00,32645.0,32380.826,264.173828125,264.173828125,0.8092321278143667
2025-02-26 15:00:00,32236.0,32094.93,141.0703125,141.0703125,0.43761729898250407
2025-02-26 16:00:00,31555.0,31166.57,388.4296875,388.4296875,1.2309608223736332
2025-02-26 17:00:00,31146.0,30744.596,401.404296875,401.404296875,1.288782819222372
2025-02-26 18:00:00,30855.0,30519.34,335.66015625,335.66015625,1.0878630894506562
2025-02-26 19:00:00,30748.0,30193.451,554.548828125,554.548828125,1.803528125813061
2025-02-26 20:00:00,30709.0,30186.547,522.453125,522.453125,1.7013029567879125
2025-02-26 21:00:00,30526.0,29930.223,595.77734375,595.77734375,1.9517045919871585
2025-02-26 22:00:00,30523.0,29911.51,611.490234375,611.490234375,2.003375272335616
2025-02-26 23:00:00,30590.0,30084.889,505.111328125,505.111328125,1.6512302325106243
2025-02-27 00:00:00,30811.0,30274.627,536.373046875,536.373046875,1.7408491995553537
2025-02-27 01:00:00,31518.0,30804.65,713.349609375,713.349609375,2.263308615315058
2025-02-27 02:00:00,31854.0,31065.104,788.896484375,788.896484375,2.4766010057606582
2025-02-27 03:00:00,31561.0,30623.348,937.65234375,937.65234375,2.970920895250467
2025-02-27 04:00:00,30877.0,29806.93,1070.0703125,1070.0703125,3.4655902856495127
2025-02-27 05:00:00,29861.0,28919.553,941.447265625,941.447265625,3.1527653649408927
2025-02-27 06:00:00,28972.0,28279.197,692.802734375,692.802734375,2.3912837718314233
2025-02-27 07:00:00,28382.0,27727.494,654.505859375,654.505859375,2.3060596835141993
2025-02-27 08:00:00,28151.0,27746.97,404.029296875,404.029296875,1.4352218282654257
2025-02-27 09:00:00,28162.0,27758.932,403.068359375,403.068359375,1.4312490567963922
2025-02-27 10:00:00,28377.0,27925.133,451.8671875,451.8671875,1.592371242555591
2025-02-27 11:00:00,29002.0,28463.346,538.654296875,538.654296875,1.8573005202227433
2025-02-27 12:00:00,30367.0,29454.643,912.357421875,912.357421875,3.0044371254157474
2025-02-27 13:00:00,32576.0,30936.188,1639.8125,1639.8125,5.033805562377211
2025-02-27 14:00:00,33580.0,31454.676,2125.32421875,2125.32421875,6.329137042138178
2025-02-27 15:00:00,32961.0,31202.672,1758.328125,1758.328125,5.3345715390916535
2025-02-27 16:00:00,32026.0,30618.88,1407.119140625,1407.119140625,4.393677451523762
2025-02-27 17:00:00,31431.0,30277.703,1153.296875,1153.296875,3.6692974292895553
2025-02-27 18:00:00,30977.0,29899.045,1077.955078125,1077.955078125,3.4798562744132746
2025-02-27 19:00:00,30606.0,29791.68,814.3203125,814.3203125,2.660655794615435
2025-02-27 20:00:00,30421.0,29789.57,631.4296875,631.4296875,2.0756375119161103
2025-02-27 21:00:00,30128.0,29522.791,605.208984375,605.208984375,2.00879243353359
2025-02-27 22:00:00,29941.0,29582.115,358.884765625,358.884765625,1.198639877175111
2025-02-27 23:00:00,30029.0,29795.12,233.880859375,233.880859375,0.7788499762729362
2025-02-28 00:00:00,30243.0,29950.389,292.611328125,292.611328125,0.9675340678008133
2025-02-28 01:00:00,31021.0,30482.912,538.087890625,538.087890625,1.734592342687212
2025-02-28 02:00:00,31555.0,31004.465,550.53515625,550.53515625,1.7446843804468388
2025-02-28 03:00:00,31459.0,30775.11,683.890625,683.890625,2.173910884007756
2025-02-28 04:00:00,31055.0,30348.098,706.90234375,706.90234375,2.2762915593302204
2025-02-28 05:00:00,30262.0,29651.467,610.533203125,610.533203125,2.0174912534696983
2025-02-28 06:00:00,29432.0,28884.457,547.54296875,547.54296875,1.8603661618306604
2025-02-28 07:00:00,28921.0,28286.025,634.974609375,634.974609375,2.195548595743577
2025-02-28 08:00:00,28871.0,28543.686,327.314453125,327.314453125,1.1337135988535207
2025-02-28 09:00:00,28875.0,28298.965,576.03515625,576.03515625,1.994926948051948
2025-02-28 10:00:00,29080.0,28342.521,737.478515625,737.478515625,2.5360334099896837
2025-02-28 11:00:00,29629.0,29041.613,587.38671875,587.38671875,1.9824723033176956
2025-02-28 12:00:00,30973.0,29976.041,996.958984375,996.958984375,3.218800194927841
2025-02-28 13:00:00,33113.0,31066.182,2046.818359375,2046.818359375,6.181313560761635
2025-02-28 14:00:00,34017.0,31871.354,2145.646484375,2145.646484375,6.307571168459887
2025-02-28 15:00:00,33324.0,31186.086,2137.9140625,2137.9140625,6.415538538290722
2025-02-28 16:00:00,32421.0,30632.93,1788.0703125,1788.0703125,5.515160891089109
2025-02-28 17:00:00,31627.0,30118.795,1508.205078125,1508.205078125,4.768726335488664
2025-02-28 18:00:00,31096.0,29979.514,1116.486328125,1116.486328125,3.59044998753859
2025-02-28 19:00:00,30696.0,29779.56,916.439453125,916.439453125,2.9855337930837895
2025-02-28 20:00:00,30536.0,29866.549,669.451171875,669.451171875,2.1923342018437255
2025-02-28 21:00:00,30359.0,29828.1,530.900390625,530.900390625,1.7487413637636284
2025-02-28 22:00:00,30249.0,29891.102,357.8984375,357.8984375,1.1831744437832656
2025-02-28 23:00:00,30280.0,29607.393,672.607421875,672.607421875,2.2212926746202113
2025-03-01 00:00:00,30406.0,29117.328,1288.671875,1288.671875,4.238215730447938
2025-03-01 01:00:00,30763.0,29340.691,1422.30859375,1422.30859375,4.623439176120665
2025-03-01 02:00:00,30864.0,29631.9,1232.099609375,1232.099609375,3.9920282833560132
2025-03-01 03:00:00,30490.0,29704.957,785.04296875,785.04296875,2.5747555551000327
2025-03-01 04:00:00,29998.0,29317.666,680.333984375,680.333984375,2.267931143326222
2025-03-01 05:00:00,29298.0,28753.498,544.501953125,544.501953125,1.8584953004471296
2025-03-01 06:00:00,28555.0,28067.791,487.208984375,487.208984375,1.7062125175100682
2025-03-01 07:00:00,27991.0,27815.902,175.09765625,175.09765625,0.6255498419134722
2025-03-01 08:00:00,27707.0,27795.354,-88.353515625,88.353515625,0.3188851756776266
2025-03-01 09:00:00,27759.0,28081.764,-322.763671875,322.763671875,1.1627352277639684
2025-03-01 10:00:00,28072.0,28295.678,-223.677734375,223.677734375,0.7968001367020519
2025-03-01 11:00:00,28380.0,28784.896,-404.896484375,404.896484375,1.4266965622797745
2025-03-01 12:00:00,29150.0,29710.584,-560.583984375,560.583984375,1.923101147084048
2025-03-01 13:00:00,30149.0,31127.152,-978.15234375,978.15234375,3.2443939890211952
2025-03-01 14:00:00,30834.0,31963.303,-1129.302734375,1129.302734375,3.662524273123825
2025-03-01 15:00:00,31045.0,31541.994,-496.994140625,496.994140625,1.6008830427605087
2025-03-01 16:00:00,30778.0,30227.344,550.65625,550.65625,1.7891229124699461
2025-03-01 17:00:00,30387.0,29825.3,561.69921875,561.69921875,1.8484852691940632
2025-03-01 18:00:00,29950.0,29276.828,673.171875,673.171875,2.2476523372287143
2025-03-01 19:00:00,29484.0,29039.324,444.67578125,444.67578125,1.5081935329331162
2025-03-01 20:00:00,29064.0,28751.506,312.494140625,312.494140625,1.0751931620733555
2025-03-01 21:00:00,28774.0,28590.215,183.78515625,183.78515625,0.6387195254396331
2025-03-01 22:00:00,28731.0,28660.117,70.8828125,70.8828125,0.24671195746754376
2025-03-01 23:00:00,29059.0,29089.404,-30.404296875,30.404296875,0.10462953603014556
2025-03-02 00:00:00,29570.0,29537.209,32.791015625,32.791015625,0.11089284959418329
2025-03-02 01:00:00,30367.0,29865.115,501.884765625,501.884765625,1.6527308118187505
2025-03-02 02:00:00,30811.0,29930.275,880.724609375,880.724609375,2.858474601197624
2025-03-02 03:00:00,30797.0,30088.146,708.853515625,708.853515625,2.301696644559535
2025-03-02 04:00:00,30519.0,29764.547,754.453125,754.453125,2.4720768209967563
2025-03-02 05:00:00,29982.0,28921.416,1060.583984375,1060.583984375,3.537402389350277
2025-03-02 06:00:00,29360.0,28450.613,909.38671875,909.38671875,3.0973662082765667
2025-03-02 07:00:00,28992.0,27797.025,1194.974609375,1194.974609375,4.121739132778008
2025-03-02 08:00:00,28796.0,27652.094,1143.90625,1143.90625,3.972448430337547
2025-03-02 09:00:00,28797.0,27617.496,1179.50390625,1179.50390625,4.095926333472236
2025-03-02 10:00:00,28963.0,27779.87,1183.130859375,1183.130859375,4.084973446725132
2025-03-02 11:00:00,29332.0,28044.848,1287.15234375,1287.15234375,4.388218818184917
2025-03-02 12:00:00,29912.0,28594.201,1317.798828125,1317.798828125,4.405585812132254
2025-03-02 13:00:00,30800.0,29815.496,984.50390625,984.50390625,3.1964412540584415
2025-03-02 14:00:00,31398.0,29821.309,1576.69140625,1576.69140625,5.021630060035671
2025-03-02 15:00:00,31399.0,29669.262,1729.73828125,1729.73828125,5.508896083473996
2025-03-02 16:00:00,30985.0,28915.703,2069.296875,2069.296875,6.678382685170243
2025-03-02 17:00:00,30324.0,28559.637,1764.36328125,1764.36328125,5.818372514345073
2025-03-02 18:00:00,29845.0,28384.307,1460.693359375,1460.693359375,4.894264899899481
2025-03-02 19:00:00,29470.0,27921.297,1548.703125,1548.703125,5.255185357991177
2025-03-02 20:00:00,29056.0,27598.502,1457.498046875,1457.498046875,5.016168938859444
2025-03-02 21:00:00,28897.0,27506.326,1390.673828125,1390.673828125,4.812519736045264
2025-03-02 22:00:00,28938.0,27572.604,1365.396484375,1365.396484375,4.718351248790518
2025-03-02 23:00:00,29257.0,27696.025,1560.974609375,1560.974609375,5.3353884860887995
2025-03-03 00:00:00,29980.0,29206.488,773.51171875,773.51171875,2.5800924574716477
2025-03-03 01:00:00,30927.0,29747.584,1179.416015625,1179.416015625,3.8135480829857404
2025-03-03 02:00:00,31409.0,29990.756,1418.244140625,1418.244140625,4.515406859896845
2025-03-03 03:00:00,31151.0,29915.65,1235.349609375,1235.349609375,3.9656820306731726
2025-03-03 04:00:00,30428.0,29599.885,828.115234375,828.115234375,2.721556574125805
2025-03-03 05:00:00,29401.0,29389.252,11.748046875,11.748046875,0.039957983997142954
2025-03-03 06:00:00,28462.0,28640.021,-178.021484375,178.021484375,0.6254707482784063
2025-03-03 07:00:00,27955.0,28444.688,-489.6875,489.6875,1.7516991593632625
2025-03-03 08:00:00,27736.0,28265.01,-529.009765625,529.009765625,1.907303741076579
2025-03-03 09:00:00,27760.0,28259.357,-499.357421875,499.357421875,1.7988379750540346
2025-03-03 10:00:00,27999.0,28439.553,-440.552734375,440.552734375,1.5734588177256332
2025-03-03 11:00:00,28610.0,29037.084,-427.083984375,427.083984375,1.4927786940754981
2025-03-03 12:00:00,29947.0,30171.88,-224.880859375,224.880859375,0.7509295067118577
2025-03-03 13:00:00,32037.0,30912.91,1124.08984375,1124.08984375,3.5087237998252023
2025-03-03 14:00:00,33075.0,31460.207,1614.79296875,1614.79296875,4.882216080876796
2025-03-03 15:00:00,33091.0,31506.605,1584.39453125,1584.39453125,4.787992297754676
2025-03-03 16:00:00,33000.0,31267.074,1732.92578125,1732.92578125,5.251290246212121
2025-03-03 17:00:00,32697.0,30729.182,1967.818359375,1967.818359375,6.018345289705477
2025-03-03 18:00:00,32434.0,30473.844,1960.15625,1960.15625,6.043523000554973
2025-03-03 19:00:00,32048.0,30249.836,1798.1640625,1798.1640625,5.610846425673989
2025-03-03 20:00:00,31773.0,30024.383,1748.6171875,1748.6171875,5.503468943757278
2025-03-03 21:00:00,31585.0,29807.137,1777.86328125,1777.86328125,5.628821533164477
2025-03-03 22:00:00,31414.0,29838.55,1575.44921875,1575.44921875,5.015118159896861
2025-03-03 23:00:00,31399.0,30164.717,1234.283203125,1234.283203125,3.930963416430459
2025-03-04 00:00:00,31746.0,30258.705,1487.294921875,1487.294921875,4.684983688889939
2025-03-04 01:00:00,32452.0,30762.904,1689.095703125,1689.095703125,5.20490479207753
2025-03-04 02:00:00,32439.0,31047.146,1391.853515625,1391.853515625,4.290679477249607
2025-03-04 03:00:00,31886.0,30949.104,936.896484375,936.896484375,2.938269097331117
2025-03-04 04:00:00,30873.0,29981.072,891.927734375,891.927734375,2.889021910326175
2025-03-04 05:00:00,29599.0,29150.479,448.521484375,448.521484375,1.5153264785127876
2025-03-04 06:00:00,28428.0,28206.043,221.95703125,221.95703125,0.7807690701069369
2025-03-04 07:00:00,27608.0,27863.969,-255.96875,255.96875,0.9271542668791655
2025-03-04 08:00:00,27144.0,27683.3,-539.30078125,539.30078125,1.9868139598069556
2025-03-04 09:00:00,27002.0,27743.021,-741.021484375,741.021484375,2.7443207331864308
2025-03-04 10:00:00,27024.0,27830.21,-806.2109375,806.2109375,2.9833145999851984
2025-03-04 11:00:00,27426.0,28397.225,-971.224609375,971.224609375,3.54125504767374
2025-03-04 12:00:00,28469.0,29550.805,-1081.8046875,1081.8046875,3.79993918823984
2025-03-04 13:00:00,30402.0,30952.172,-550.171875,550.171875,1.8096568482336688
2025-03-04 14:00:00,31607.0,31581.771,25.228515625,25.228515625,0.07981939325149492
2025-03-04 15:00:00,32008.0,31866.23,141.76953125,141.76953125,0.4429190553924019
2025-03-04 16:00:00,32148.0,31492.645,655.35546875,655.35546875,2.038557511353739
2025-03-04 17:00:00,32317.0,31130.277,1186.72265625,1186.72265625,3.6721312505801897
2025-03-04 18:00:00,32200.0,30967.617,1232.3828125,1232.3828125,3.8272758152173916
2025-03-04 19:00:00,32038.0,30916.361,1121.638671875,1121.638671875,3.5009634555059614
2025-03-04 20:00:00,32023.0,30781.89,1241.109375,1241.109375,3.8756811510476843
2025-03-04 21:00:00,31816.0,30709.652,1106.34765625,1106.34765625,3.477331079488308
2025-03-04 22:00:00,31703.0,30839.834,863.166015625,863.166015625,2.7226635196195943
2025-03-04 23:00:00,31950.0,31062.256,887.744140625,887.744140625,2.7785419111893583
2025-03-05 00:00:00,32609.0,31601.23,1007.76953125,1007.76953125,3.0904643848324085
2025-03-05 01:00:00,33531.0,32413.232,1117.767578125,1117.767578125,3.3335348725805973
2025-03-05 02:00:00,33865.0,32442.71,1422.2890625,1422.2890625,4.199879115606083
2025-03-05 03:00:00,33639.0,32493.33,1145.669921875,1145.669921875,3.40577877426499
2025-03-05 04:00:00,33149.0,31569.328,1579.671875,1579.671875,4.765368110651905
2025-03-05 05:00:00,32191.0,30218.934,1972.06640625,1972.06640625,6.126142108819235
2025-03-05 06:00:00,31401.0,28938.408,2462.591796875,2462.591796875,7.8423992766950095
2025-03-05 07:00:00,30956.0,28126.396,2829.603515625,2829.603515625,9.140727211606798
2025-03-05 08:00:00,30769.0,27857.918,2911.08203125,2911.08203125,9.461087559719198
2025-03-05 09:00:00,30908.0,27709.73,3198.26953125,3198.26953125,10.347707814319918
2025-03-05 10:00:00,31232.0,27987.164,3244.8359375,3244.8359375,10.389459328573258
2025-03-05 11:00:00,31955.0,28911.605,3043.39453125,3043.39453125,9.524001036613988
2025-03-05 12:00:00,33425.0,29850.277,3574.72265625,3574.72265625,10.694757385938669
2025-03-05 13:00:00,35561.0,32083.607,3477.392578125,3477.392578125,9.778669267245016
2025-03-05 14:00:00,36639.0,33091.156,3547.84375,3547.84375,9.683243947705996
2025-03-05 15:00:00,36582.0,33392.035,3189.96484375,3189.96484375,8.720039483215789
2025-03-05 16:00:00,36110.0,33093.547,3016.453125,3016.453125,8.35351183882581
2025-03-05 17:00:00,35550.0,32982.934,2567.06640625,2567.06640625,7.2210025492264425
2025-03-05 18:00:00,35041.0,32712.14,2328.859375,2328.859375,6.646098498901287
2025-03-05 19:00:00,34403.0,32697.648,1705.3515625,1705.3515625,4.956985037642067
2025-03-05 20:00:00,33755.0,32201.617,1553.3828125,1553.3828125,4.601933972744779
2025-03-05 21:00:00,33056.0,31588.8,1467.19921875,1467.19921875,4.438526194185624
2025-03-05 22:00:00,32580.0,31455.564,1124.435546875,1124.435546875,3.4513061598373236
2025-03-05 23:00:00,32522.0,32063.605,458.39453125,458.39453125,1.4094905948281162
2025-03-06 00:00:00,33025.0,32161.295,863.705078125,863.705078125,2.6153068224829674
2025-03-06 01:00:00,34044.0,32994.016,1049.984375,1049.984375,3.084198023146516
2025-03-06 02:00:00,34675.0,33081.84,1593.16015625,1593.16015625,4.59454983777938
2025-03-06 03:00:00,34644.0,33351.418,1292.58203125,1292.58203125,3.731041540382173
2025-03-06 04:00:00,34153.0,32794.695,1358.3046875,1358.3046875,3.9771167613386815
2025-03-06 05:00:00,33114.0,31706.512,1407.48828125,1407.48828125,4.250432690855831
2025-03-06 06:00:00,32316.0,31039.209,1276.791015625,1276.791015625,3.9509562310465403
2025-03-06 07:00:00,31880.0,30724.684,1155.31640625,1155.31640625,3.6239535955144295
2025-03-06 08:00:00,31773.0,30722.541,1050.458984375,1050.458984375,3.30613723719825
2025-03-06 09:00:00,31804.0,31077.78,726.220703125,726.220703125,2.2834256795528867
2025-03-06 10:00:00,32092.0,30879.924,1212.076171875,1212.076171875,3.776879508522373
2025-03-06 11:00:00,32752.0,31878.832,873.16796875,873.16796875,2.6659989275464095
2025-03-06 12:00:00,34168.0,32406.15,1761.849609375,1761.849609375,5.15643177644287
2025-03-06 13:00:00,36238.0,34051.734,2186.265625,2186.265625,6.033074741983553
2025-03-06 14:00:00,36878.0,35067.04,1810.9609375,1810.9609375,4.910680995444439
2025-03-06 15:00:00,36083.0,34687.9,1395.1015625,1395.1015625,3.866367991852119
2025-03-06 16:00:00,35005.0,34206.836,798.1640625,798.1640625,2.2801430152835307
2025-03-06 17:00:00,34284.0,33584.62,699.37890625,699.37890625,2.039957141086221
2025-03-06 18:00:00,33581.0,33037.594,543.40625,543.40625,1.618195557011405
2025-03-06 19:00:00,32982.0,32359.38,622.619140625,622.619140625,1.887754352753017
2025-03-06 20:00:00,32466.0,32155.645,310.35546875,310.35546875,0.9559399641163063
2025-03-06 21:00:00,31960.0,31440.598,519.40234375,519.40234375,1.6251637789424278
2025-03-06 22:00:00,31727.0,31106.16,620.83984375,620.83984375,1.9568186205755351
2025-03-06 23:00:00,31999.0,31169.033,829.966796875,829.966796875,2.5937272942123193
2025-03-07 00:00:00,32559.0,31634.156,924.84375,924.84375,2.840516447065328
2025-03-07 01:00:00,33395.0,32489.594,905.40625,905.40625,2.711203024404851
2025-03-07 02:00:00,33611.0,32735.283,875.716796875,875.716796875,2.60544701697361
2025-03-07 03:00:00,33215.0,32774.176,440.82421875,440.82421875,1.327184160018064
2025-03-07 04:00:00,32450.0,32287.44,162.560546875,162.560546875,0.500957001155624
2025-03-07 05:00:00,31326.0,31529.627,-203.626953125,203.626953125,0.650025388255762
2025-03-07 06:00:00,30308.0,30450.176,-142.17578125,142.17578125,0.4691031452091857
2025-03-07 07:00:00,29576.0,30214.54,-638.5390625,638.5390625,2.158977084460373
2025-03-07 08:00:00,29295.0,30027.41,-732.41015625,732.41015625,2.5001200076804913
2025-03-07 09:00:00,29131.0,30016.314,-885.314453125,885.314453125,3.0390802002162642
2025-03-07 10:00:00,29217.0,30365.37,-1148.369140625,1148.369140625,3.9304827347948117
2025-03-07 11:00:00,29514.0,30938.48,-1424.48046875,1424.48046875,4.826456829809582
2025-03-07 12:00:00,30519.0,32032.824,-1513.82421875,1513.82421875,4.9602680911890955
2025-03-07 13:00:00,32357.0,33486.145,-1129.14453125,1129.14453125,3.489645304725407
2025-03-07 14:00:00,33154.0,33664.617,-510.6171875,510.6171875,1.5401375022621706
2025-03-07 15:00:00,32889.0,33558.2,-669.19921875,669.19921875,2.034720480251756
2025-03-07 16:00:00,32400.0,32799.008,-399.0078125,399.0078125,1.2315055941358024
2025-03-07 17:00:00,32064.0,32231.418,-167.41796875,167.41796875,0.5221368785865769
2025-03-07 18:00:00,31675.0,31893.615,-218.615234375,218.615234375,0.690182271112865
2025-03-07 19:00:00,31322.0,31388.113,-66.11328125,66.11328125,0.21107618048017365
2025-03-07 20:00:00,31019.0,31031.479,-12.478515625,12.478515625,0.040228619958734974
2025-03-07 21:00:00,30728.0,30853.475,-125.474609375,125.474609375,0.4083396556072637
2025-03-07 22:00:00,30518.0,30748.135,-230.134765625,230.134765625,0.7540951753882954
2025-03-07 23:00:00,30639.0,31042.408,-403.408203125,403.408203125,1.316649378651392
2025-03-08 00:00:00,30854.0,30645.068,208.931640625,208.931640625,0.6771622500324107
2025-03-08 01:00:00,31377.0,31373.428,3.572265625,3.572265625,0.011384981435446346
2025-03-08 02:00:00,31706.0,31559.926,146.07421875,146.07421875,0.46071475036270737
2025-03-08 03:00:00,31376.0,31456.543,-80.54296875,80.54296875,0.256702475618307
2025-03-08 04:00:00,30968.0,30534.318,433.681640625,433.681640625,1.4004186276963317
2025-03-08 05:00:00,30255.0,29411.992,843.0078125,843.0078125,2.7863421335316474
2025-03-08 06:00:00,29538.0,28686.945,851.0546875,851.0546875,2.8812197423657664
2025-03-08 07:00:00,29054.0,28142.727,911.2734375,911.2734375,3.136481852756935
2025-03-08 08:00:00,28873.0,28403.123,469.876953125,469.876953125,1.6273922111488242
2025-03-08 09:00:00,28817.0,28110.889,706.111328125,706.111328125,2.450329070080161
2025-03-08 10:00:00,28879.0,28069.625,809.375,809.375,2.802642058243014
2025-03-08 11:00:00,29189.0,28557.768,631.232421875,631.232421875,2.1625695360409742
2025-03-08 12:00:00,29926.0,29212.568,713.431640625,713.431640625,2.3839859674697585
2025-03-08 13:00:00,30834.0,30576.379,257.62109375,257.62109375,0.8355098065447233
2025-03-08 14:00:00,31504.0,30953.646,550.353515625,550.353515625,1.746932185198705
2025-03-08 15:00:00,31893.0,30771.873,1121.126953125,1121.126953125,3.515275932414636
2025-03-08 16:00:00,31989.0,30019.02,1969.98046875,1969.98046875,6.158305882490856
2025-03-08 17:00:00,31880.0,29914.742,1965.2578125,1965.2578125,6.164547718005019
2025-03-08 18:00:00,31454.0,29414.357,2039.642578125,2039.642578125,6.484525269043682
2025-03-08 19:00:00,30970.0,29139.547,1830.453125,1830.453125,5.910407248950597
2025-03-08 20:00:00,30623.0,28858.885,1764.115234375,1764.115234375,5.760752487917578
2025-03-08 21:00:00,30428.0,28588.62,1839.380859375,1839.380859375,6.045027143995662
2025-03-08 22:00:00,30348.0,28472.479,1875.521484375,1875.521484375,6.180049704675762
2025-03-08 23:00:00,30533.0,28814.25,1718.75,1718.75,5.6291553401238
2025-03-09 00:00:00,30888.0,29184.283,1703.716796875,1703.716796875,5.515788645671458
2025-03-09 01:00:00,31477.0,29616.861,1860.138671875,1860.138671875,5.909517018378498
2025-03-09 02:00:00,31789.0,30103.938,1685.0625,1685.0625,5.3007722797194
2025-03-09 03:00:00,31618.0,30053.795,1564.205078125,1564.205078125,4.947198045812512
2025-03-09 04:00:00,31208.0,29604.074,1603.92578125,1603.92578125,5.139469947609587
2025-03-09 05:00:00,30567.0,28716.473,1850.52734375,1850.52734375,6.054003807210391
2025-03-09 06:00:00,29970.0,28321.629,1648.37109375,1648.37109375,5.500070382882883
2025-03-09 07:00:00,29481.0,27683.643,1797.357421875,1797.357421875,6.096663688053323
2025-03-09 08:00:00,29148.0,27733.2,1414.80078125,1414.80078125,4.853852000994922
2025-03-09 09:00:00,29225.0,28020.967,1204.033203125,1204.033203125,4.119874091103507
2025-03-09 10:00:00,29204.0,28208.84,995.16015625,995.16015625,3.407615930180797
2025-03-09 11:00:00,29577.0,28393.71,1183.2890625,1183.2890625,4.000706841464652
2025-03-09 12:00:00,30387.0,29350.049,1036.951171875,1036.951171875,3.412482877134959
2025-03-09 13:00:00,31111.0,29088.373,2022.626953125,2022.626953125,6.501324139773714
2025-03-09 14:00:00,31619.0,29245.93,2373.0703125,2373.0703125,7.505203556405958
2025-03-09 15:00:00,31319.0,29419.977,1899.0234375,1899.0234375,6.063486821099014
2025-03-09 16:00:00,30675.0,29462.639,1212.361328125,1212.361328125,3.9522781682966586
2025-03-09 17:00:00,29986.0,29110.12,875.880859375,875.880859375,2.9209659820416194
2025-03-09 18:00:00,29591.0,28744.477,846.5234375,846.5234375,2.860746299550539
2025-03-09 19:00:00,29144.0,28442.238,701.76171875,701.76171875,2.4079114697707933
2025-03-09 20:00:00,28690.0,28214.166,475.833984375,475.833984375,1.6585360208260718
2025-03-09 21:00:00,28398.0,28037.11,360.890625,360.890625,1.2708311324741177
2025-03-09 22:00:00,28345.0,28047.992,297.0078125,297.0078125,1.0478314076556712
2025-03-09 23:00:00,28722.0,28234.61,487.390625,487.390625,1.6969243959334308
2025-03-10 00:00:00,29074.0,29639.31,-565.310546875,565.310546875,1.9443851787679716
2025-03-10 01:00:00,29809.0,30155.203,-346.203125,346.203125,1.161404693213459
2025-03-10 02:00:00,30450.0,30564.621,-114.62109375,114.62109375,0.3764239532019704
2025-03-10 03:00:00,29964.0,30583.064,-619.064453125,619.064453125,2.066027409975304
2025-03-10 04:00:00,29091.0,30028.723,-937.72265625,937.72265625,3.2234115576982574
2025-03-10 05:00:00,28464.0,29276.969,-812.96875,812.96875,2.856129672568859
2025-03-10 06:00:00,27801.0,28883.643,-1082.642578125,1082.642578125,3.8942576818279915
2025-03-10 07:00:00,27725.0,28282.87,-557.869140625,557.869140625,2.0121519950405773
2025-03-10 08:00:00,27893.0,28179.822,-286.822265625,286.822265625,1.0282947894633063
2025-03-10 09:00:00,28096.0,28318.367,-222.3671875,222.3671875,0.7914549668992027
2025-03-10 10:00:00,28763.0,28406.342,356.658203125,356.658203125,1.2399895807982477
2025-03-10 11:00:00,30320.0,29393.295,926.705078125,926.705078125,3.0564151653199207
2025-03-10 12:00:00,32796.0,30289.28,2506.720703125,2506.720703125,7.643373286757531
2025-03-10 13:00:00,34485.0,31170.102,3314.8984375,3314.8984375,9.612580651007685
2025-03-10 14:00:00,34282.0,31274.686,3007.314453125,3007.314453125,8.77228415239776
2025-03-10 15:00:00,33154.0,31200.88,1953.119140625,1953.119140625,5.891051277749291
2025-03-10 16:00:00,32061.0,30748.455,1312.544921875,1312.544921875,4.093898886107732
2025-03-10 17:00:00,31224.0,30620.71,603.2890625,603.2890625,1.9321325342685114
2025-03-10 18:00:00,30808.0,30709.121,98.87890625,98.87890625,0.32095204573487407
2025-03-10 19:00:00,30480.0,30904.668,-424.66796875,424.66796875,1.3932676140091864
2025-03-10 20:00:00,30218.0,31080.912,-862.912109375,862.912109375,2.855622838622675
2025-03-10 21:00:00,30148.0,30912.812,-764.8125,764.8125,2.536859824864004
2025-03-10 22:00:00,30236.0,30916.219,-680.21875,680.21875,2.249698207434846
2025-03-10 23:00:00,30278.0,30346.457,-68.45703125,68.45703125,0.22609495755994452
2025-03-11 00:00:00,30567.0,29964.81,602.189453125,602.189453125,1.9700639680864984
2025-03-11 01:00:00,30892.0,29942.113,949.88671875,949.88671875,3.0748631320406576
2025-03-11 02:00:00,31187.0,30373.438,813.5625,813.5625,2.608659056658223
2025-03-11 03:00:00,30525.0,30207.943,317.056640625,317.056640625,1.0386785933660934
2025-03-11 04:00:00,29322.0,29021.787,300.212890625,300.212890625,1.0238486140952185
2025-03-11 05:00:00,28118.0,28412.455,-294.455078125,294.455078125,1.0472120283270503
2025-03-11 06:00:00,27389.0,27722.06,-333.060546875,333.060546875,1.216037631439629
2025-03-11 07:00:00,27076.0,27419.184,-343.18359375,343.18359375,1.2674826183705126
2025-03-11 08:00:00,26953.0,27471.355,-518.35546875,518.35546875,1.9231828321522653
2025-03-11 09:00:00,27151.0,27615.28,-464.279296875,464.279296875,1.70998967579463
2025-03-11 10:00:00,27671.0,28026.27,-355.26953125,355.26953125,1.2839056458024647
2025-03-11 11:00:00,28977.0,29116.29,-139.2890625,139.2890625,0.48068834765503676
2025-03-11 12:00:00,31123.0,31040.986,82.013671875,82.013671875,0.26351467363364717
2025-03-11 13:00:00,32658.0,32184.05,473.94921875,473.94921875,1.4512499808622696
2025-03-11 14:00:00,32697.0,32386.363,310.63671875,310.63671875,0.9500465447900419
2025-03-11 15:00:00,31897.0,31722.457,174.54296875,174.54296875,0.5472081034266546
2025-03-11 16:00:00,31334.0,30864.486,469.513671875,469.513671875,1.498416007771111
2025-03-11 17:00:00,30758.0,30302.146,455.853515625,455.853515625,1.4820648794622537
2025-03-11 18:00:00,30404.0,29985.72,418.279296875,418.279296875,1.3757377215991315
2025-03-11 19:00:00,30294.0,30080.822,213.177734375,213.177734375,0.7036962249125239
2025-03-11 20:00:00,30203.0,30110.36,92.640625,92.640625,0.3067265668973281
2025-03-11 21:00:00,30158.0,30145.254,12.74609375,12.74609375,0.04226438672988925
2025-03-11 22:00:00,30430.0,30159.639,270.361328125,270.361328125,0.8884696947913243
2025-03-11 23:00:00,30635.0,29968.207,666.79296875,666.79296875,2.176572445732006
2025-03-12 00:00:00,30733.0,30071.379,661.62109375,661.62109375,2.1528034807861256
2025-03-12 01:00:00,30890.0,30362.719,527.28125,527.28125,1.7069642279054709
2025-03-12 02:00:00,31121.0,30655.283,465.716796875,465.716796875,1.496471183043604
2025-03-12 03:00:00,30345.0,30130.832,214.16796875,214.16796875,0.7057767960125226
2025-03-12 04:00:00,29100.0,29176.88,-76.880859375,76.880859375,0.2641953930412371
2025-03-12 05:00:00,27840.0,28129.105,-289.10546875,289.10546875,1.03845355154454
2025-03-12 06:00:00,27035.0,27422.98,-387.98046875,387.98046875,1.435104378583318
2025-03-12 07:00:00,26491.0,27286.8,-795.80078125,795.80078125,3.00404205673625
2025-03-12 08:00:00,26309.0,27131.092,-822.091796875,822.091796875,3.124755014918849
2025-03-12 09:00:00,26302.0,27243.635,-941.634765625,941.634765625,3.580088075526576
2025-03-12 10:00:00,26649.0,27800.602,-1151.6015625,1151.6015625,4.321368766182596
2025-03-12 11:00:00,27794.0,28729.752,-935.751953125,935.751953125,3.366740854590919
2025-03-12 12:00:00,29871.0,30370.736,-499.736328125,499.736328125,1.672981581215895
2025-03-12 13:00:00,31467.0,31190.861,276.138671875,276.138671875,0.8775500425048464
2025-03-12 14:00:00,31483.0,31172.19,310.810546875,310.810546875,0.9872329411904838
2025-03-12 15:00:00,30936.0,30732.691,203.30859375,203.30859375,0.6571909547129557
2025-03-12 16:00:00,30551.0,30323.9,227.099609375,227.099609375,0.7433459113449642
2025-03-12 17:00:00,30250.0,29990.764,259.236328125,259.236328125,0.8569795971074381
2025-03-12 18:00:00,30079.0,30072.717,6.283203125,6.283203125,0.020889002709531566
2025-03-12 19:00:00,30118.0,30265.664,-147.6640625,147.6640625,0.49028508699116813
2025-03-12 20:00:00,30103.0,30453.723,-350.72265625,350.72265625,1.165075428528718
2025-03-12 21:00:00,30181.0,30446.686,-265.685546875,265.685546875,0.8803073021934329
2025-03-12 22:00:00,30291.0,30547.254,-256.25390625,256.25390625,0.8459737422006536
2025-03-12 23:00:00,30349.0,30431.738,-82.73828125,82.73828125,0.2726227593989917
2025-03-13 00:00:00,30401.0,30423.639,-22.638671875,22.638671875,0.07446686581033518
2025-03-13 01:00:00,30537.0,30259.902,277.09765625,277.09765625,0.9074161058715656
2025-03-13 02:00:00,30755.0,30583.273,171.7265625,171.7265625,0.5583695740529996
2025-03-13 03:00:00,30027.0,30022.469,4.53125,4.53125,0.015090585140040629
2025-03-13 04:00:00,28728.0,28888.479,-160.478515625,160.478515625,0.5586136021477305
2025-03-13 05:00:00,27464.0,27875.947,-411.947265625,411.947265625,1.4999536324825227
2025-03-13 06:00:00,26574.0,27188.05,-614.05078125,614.05078125,2.3107201823210657
2025-03-13 07:00:00,26100.0,26974.19,-874.189453125,874.189453125,3.3493848778735633
2025-03-13 08:00:00,25902.0,26695.912,-793.912109375,793.912109375,3.065061035344761
2025-03-13 09:00:00,25965.0,26705.63,-740.630859375,740.630859375,2.852420024552282
2025-03-13 10:00:00,26395.0,27046.557,-651.556640625,651.556640625,2.4684850942413337
2025-03-13 11:00:00,27480.0,27621.963,-141.962890625,141.962890625,0.5166044054767103
2025-03-13 12:00:00,29449.0,29348.89,100.109375,100.109375,0.33994150904954323
2025-03-13 13:00:00,30985.0,30325.42,659.580078125,659.580078125,2.128707691221559
2025-03-13 14:00:00,31061.0,30458.143,602.857421875,602.857421875,1.9408822055793438
2025-03-13 15:00:00,30567.0,30136.389,430.611328125,430.611328125,1.4087457981646874
2025-03-13 16:00:00,30322.0,30101.477,220.5234375,220.5234375,0.7272720714332828
2025-03-13 17:00:00,30266.0,30318.352,-52.3515625,52.3515625,0.17297152745655192
2025-03-13 18:00:00,30501.0,30439.22,61.779296875,61.779296875,0.20254843078915444
2025-03-13 19:00:00,30987.0,30642.535,344.46484375,344.46484375,1.1116430882305481
2025-03-13 20:00:00,31324.0,30666.184,657.81640625,657.81640625,2.100039606212489
2025-03-13 21:00:00,31635.0,30917.13,717.869140625,717.869140625,2.269224405326379
2025-03-13 22:00:00,31904.0,31030.365,873.634765625,873.634765625,2.73832361341838
2025-03-13 23:00:00,31917.0,30662.674,1254.326171875,1254.326171875,3.9299626276749065
2025-03-14 00:00:00,31776.0,30690.732,1085.267578125,1085.267578125,3.4153687629814953
2025-03-14 01:00:00,31684.0,30412.465,1271.53515625,1271.53515625,4.013177491004924
2025-03-14 02:00:00,31678.0,30516.385,1161.615234375,1161.615234375,3.6669462541037943
2025-03-14 03:00:00,30761.0,30074.193,686.806640625,686.806640625,2.2327188343194306
2025-03-14 04:00:00,29418.0,28752.64,665.359375,665.359375,2.26174238561425
2025-03-14 05:00:00,28081.0,27647.37,433.630859375,433.630859375,1.5442144488266087
2025-03-14 06:00:00,27046.0,27068.861,-22.861328125,22.861328125,0.08452757570435554
2025-03-14 07:00:00,26420.0,26398.53,21.470703125,21.470703125,0.08126685512869038
2025-03-14 08:00:00,26031.0,26254.666,-223.666015625,223.666015625,0.8592294403787791
2025-03-14 09:00:00,25923.0,26123.107,-200.107421875,200.107421875,0.7719300307641863
2025-03-14 10:00:00,26033.0,26709.025,-676.025390625,676.025390625,2.596801715610955
2025-03-14 11:00:00,26856.0,27258.201,-402.201171875,402.201171875,1.4976212834189753
2025-03-14 12:00:00,28521.0,28805.26,-284.259765625,284.259765625,0.9966682992356509
2025-03-14 13:00:00,29810.0,29998.645,-188.64453125,188.64453125,0.6328229830593761
2025-03-14 14:00:00,30311.0,30256.281,54.71875,54.71875,0.18052439708356705
2025-03-14 15:00:00,30586.0,29721.064,864.935546875,864.935546875,2.827880556055058
2025-03-14 16:00:00,30772.0,29802.76,969.240234375,969.240234375,3.1497472844631482
2025-03-14 17:00:00,30708.0,29900.412,807.587890625,807.587890625,2.6298941338576265
2025-03-14 18:00:00,30686.0,30223.232,462.767578125,462.767578125,1.5080739689923743
2025-03-14 19:00:00,30257.0,30542.492,-285.4921875,285.4921875,0.9435574825660178
2025-03-14 20:00:00,29994.0,30303.416,-309.416015625,309.416015625,1.0315930373574715
2025-03-14 21:00:00,29892.0,30396.727,-504.7265625,504.7265625,1.6885004767161784
2025-03-14 22:00:00,29779.0,30422.604,-643.603515625,643.603515625,2.1612663810907016
2025-03-14 23:00:00,29509.0,30428.576,-919.576171875,919.576171875,3.1162566399234133
2025-03-15 00:00:00,29443.0,30156.088,-713.087890625,713.087890625,2.4219267419250756
2025-03-15 01:00:00,29529.0,29815.678,-286.677734375,286.677734375,0.9708345503572758
2025-03-15 02:00:00,29721.0,29913.7,-192.69921875,192.69921875,0.6483604816459743
2025-03-15 03:00:00,29255.0,29298.31,-43.310546875,43.310546875,0.14804493889933346
2025-03-15 04:00:00,28387.0,28221.334,165.666015625,165.666015625,0.5835981809455032
2025-03-15 05:00:00,27415.0,27328.262,86.73828125,86.73828125,0.31638986412547876
2025-03-15 06:00:00,26646.0,26588.97,57.029296875,57.029296875,0.21402573322449897
2025-03-15 07:00:00,26075.0,26302.904,-227.904296875,227.904296875,0.8740337368168745
2025-03-15 08:00:00,25878.0,25981.44,-103.439453125,103.439453125,0.3997196581072726
2025-03-15 09:00:00,25906.0,25828.266,77.734375,77.734375,0.300063209295144
2025-03-15 10:00:00,26042.0,25878.064,163.935546875,163.935546875,0.629504442343138
2025-03-15 11:00:00,26499.0,26226.568,272.431640625,272.431640625,1.028082722461225
2025-03-15 12:00:00,27131.0,27180.19,-49.189453125,49.189453125,0.18130350199034315
2025-03-15 13:00:00,28075.0,28229.139,-154.138671875,154.138671875,0.5490246549421194
2025-03-15 14:00:00,28959.0,28727.465,231.53515625,231.53515625,0.7995274569218551
2025-03-15 15:00:00,29714.0,28879.729,834.271484375,834.271484375,2.807671415410244
2025-03-15 16:00:00,30091.0,29291.803,799.197265625,799.197265625,2.65593455061314
2025-03-15 17:00:00,30123.0,29200.984,922.015625,922.015625,3.06083598911131
2025-03-15 18:00:00,29832.0,29216.992,615.0078125,615.0078125,2.061570838361491
2025-03-15 19:00:00,29486.0,28888.305,597.6953125,597.6953125,2.0270477938682765
2025-03-15 20:00:00,29242.0,28977.023,264.9765625,264.9765625,0.9061506138431024
2025-03-15 21:00:00,29146.0,29010.535,135.46484375,135.46484375,0.46478022284361487
2025-03-15 22:00:00,29275.0,28831.06,443.939453125,443.939453125,1.5164456127241674
2025-03-15 23:00:00,29338.0,28805.023,532.9765625,532.9765625,1.8166765372554368
2025-03-16 00:00:00,29457.0,29363.717,93.283203125,93.283203125,0.3166758431781919
2025-03-16 01:00:00,29818.0,29875.908,-57.908203125,57.908203125,0.19420552392849957
2025-03-16 02:00:00,30269.0,30454.48,-185.48046875,185.48046875,0.6127736917308138
2025-03-16 03:00:00,29990.0,29522.78,467.220703125,467.220703125,1.5579216509669889
2025-03-16 04:00:00,29409.0,28431.275,977.724609375,977.724609375,3.324576182036111
2025-03-16 05:00:00,28763.0,28130.102,632.8984375,632.8984375,2.2003909101971284
2025-03-16 06:00:00,28244.0,27140.701,1103.298828125,1103.298828125,3.906312236669735
2025-03-16 07:00:00,27977.0,26904.443,1072.556640625,1072.556640625,3.8337085485398723
2025-03-16 08:00:00,27881.0,26997.64,883.359375,883.359375,3.1683202718697316
2025-03-16 09:00:00,27960.0,26947.816,1012.18359375,1012.18359375,3.620112996244635
2025-03-16 10:00:00,28170.0,27230.773,939.2265625,939.2265625,3.3341376020589277
2025-03-16 11:00:00,28712.0,27621.19,1090.810546875,1090.810546875,3.7991451200717474
2025-03-16 12:00:00,29572.0,28033.057,1538.943359375,1538.943359375,5.204055726278236
2025-03-16 13:00:00,30639.0,28684.83,1954.169921875,1954.169921875,6.3780473314240025
2025-03-16 14:00:00,31103.0,29671.922,1431.078125,1431.078125,4.601093544031122
2025-03-16 15:00:00,30992.0,29056.15,1935.849609375,1935.849609375,6.246288104591508
2025-03-16 16:00:00,30347.0,29000.787,1346.212890625,1346.212890625,4.436065807575708
2025-03-16 17:00:00,29732.0,28492.191,1239.80859375,1239.80859375,4.169946837582403
2025-03-16 18:00:00,29179.0,28155.361,1023.638671875,1023.638671875,3.5081348636862124
2025-03-16 19:00:00,28572.0,27682.379,889.62109375,889.62109375,3.113611555893882
2025-03-16 20:00:00,28098.0,27497.373,600.626953125,600.626953125,2.137614610025625
2025-03-16 21:00:00,27771.0,27358.883,412.1171875,412.1171875,1.4839839670879695
2025-03-16 22:00:00,27806.0,27419.14,386.859375,386.859375,1.3912802093073438
2025-03-16 23:00:00,28102.0,27514.28,587.720703125,587.720703125,2.091383898388015
2025-03-17 00:00:00,28492.0,28677.793,-185.79296875,185.79296875,0.65208819580935
2025-03-17 01:00:00,29141.0,29372.201,-231.201171875,231.201171875,0.7933879135067431
2025-03-17 02:00:00,29969.0,29753.87,215.130859375,215.130859375,0.7178446373752878
2025-03-17 03:00:00,29817.0,29963.28,-146.279296875,146.279296875,0.49059025681658114
2025-03-17 04:00:00,29135.0,29302.936,-167.935546875,167.935546875,0.5764048288141411
2025-03-17 05:00:00,28316.0,28545.832,-229.83203125,229.83203125,0.8116684250953524
2025-03-17 06:00:00,27693.0,27819.803,-126.802734375,126.802734375,0.45788731583793735
2025-03-17 07:00:00,27539.0,27520.895,18.10546875,18.10546875,0.0657448300591888
2025-03-17 08:00:00,27586.0,27545.865,40.134765625,40.134765625,0.14548961656274922
2025-03-17 09:00:00,27811.0,27822.533,-11.533203125,11.533203125,0.04146993320988098
2025-03-17 10:00:00,28371.0,27954.79,416.2109375,416.2109375,1.4670294931444081
2025-03-17 11:00:00,29654.0,28832.994,821.005859375,821.005859375,2.768617587424968
2025-03-17 12:00:00,31614.0,29786.998,1827.001953125,1827.001953125,5.779091393449105
2025-03-17 13:00:00,33037.0,30795.066,2241.93359375,2241.93359375,6.786129472258377
2025-03-17 14:00:00,32997.0,31178.389,1818.611328125,1818.611328125,5.511444458965967
2025-03-17 15:00:00,32371.0,30868.15,1502.849609375,1502.849609375,4.642580116076118
2025-03-17 16:00:00,31668.0,30246.135,1421.865234375,1421.865234375,4.489911691218264
2025-03-17 17:00:00,30986.0,30149.871,836.12890625,836.12890625,2.6984086563286644
2025-03-17 18:00:00,30597.0,30383.654,213.345703125,213.345703125,0.6972765405922149
2025-03-17 19:00:00,30463.0,30417.686,45.314453125,45.314453125,0.14875243122804716
2025-03-17 20:00:00,30442.0,30488.11,-46.109375,46.109375,0.15146631298863414
2025-03-17 21:00:00,30371.0,30563.016,-192.015625,192.015625,0.6322334628428435
2025-03-17 22:00:00,30537.0,30618.412,-81.412109375,81.412109375,0.2666015305203524
2025-03-17 23:00:00,30777.0,30441.115,335.884765625,335.884765625,1.0913499224258374
2025-03-18 00:00:00,30876.0,29831.004,1044.99609375,1044.99609375,3.384493113583366
2025-03-18 01:00:00,30938.0,29566.885,1371.115234375,1371.115234375,4.43181600095352
2025-03-18 02:00:00,31121.0,30634.754,486.24609375,486.24609375,1.5624372409305614
2025-03-18 03:00:00,30330.0,30058.096,271.904296875,271.904296875,0.8964863068743818
2025-03-18 04:00:00,29099.0,29088.152,10.84765625,10.84765625,0.03727845029038799
2025-03-18 05:00:00,27793.0,28111.229,-318.228515625,318.228515625,1.1449951988810132
2025-03-18 06:00:00,26940.0,27269.844,-329.84375,329.84375,1.2243643281366
2025-03-18 07:00:00,26357.0,27031.781,-674.78125,674.78125,2.5601595401601096
2025-03-18 08:00:00,26169.0,27132.219,-963.21875,963.21875,3.6807625434674613
2025-03-18 09:00:00,26188.0,27174.828,-986.828125,986.828125,3.76824547502673
2025-03-18 10:00:00,26483.0,27715.57,-1232.5703125,1232.5703125,4.654194436053317
2025-03-18 11:00:00,27514.0,28756.91,-1242.91015625,1242.91015625,4.517373541651523
2025-03-18 12:00:00,29251.0,30217.77,-966.76953125,966.76953125,3.3050819843766024
2025-03-18 13:00:00,30503.0,31308.238,-805.23828125,805.23828125,2.6398658533586863
2025-03-18 14:00:00,30751.0,31487.12,-736.119140625,736.119140625,2.393805536811811
2025-03-18 15:00:00,30644.0,31152.705,-508.705078125,508.705078125,1.6600478988545881
2025-03-18 16:00:00,30600.0,30811.152,-211.15234375,211.15234375,0.6900403390522876
2025-03-18 17:00:00,30549.0,30553.93,-4.9296875,4.9296875,0.016136984844021082
2025-03-18 18:00:00,30665.0,30582.781,82.21875,82.21875,0.2681191912603946
2025-03-18 19:00:00,30745.0,30354.652,390.34765625,390.34765625,1.2696297162140184
2025-03-18 20:00:00,30841.0,30553.377,287.623046875,287.623046875,0.9325996137446906
2025-03-18 21:00:00,31173.0,30599.658,573.341796875,573.341796875,1.8392256018830397
2025-03-18 22:00:00,31369.0,30745.064,623.935546875,623.935546875,1.9890195635021837
2025-03-18 23:00:00,31333.0,31088.203,244.796875,244.796875,0.7812749337758912
2025-03-19 00:00:00,31349.0,31759.31,-410.310546875,410.310546875,1.3088473216849024
2025-03-19 01:00:00,31356.0,31428.12,-72.119140625,72.119140625,0.23000108631521876
2025-03-19 02:00:00,31516.0,31877.346,-361.345703125,361.345703125,1.146546843270085
2025-03-19 03:00:00,30765.0,31158.521,-393.521484375,393.521484375,1.279120703315456
2025-03-19 04:00:00,29521.0,29659.324,-138.32421875,138.32421875,0.46856210409538973
2025-03-19 05:00:00,28236.0,28014.898,221.1015625,221.1015625,0.7830484576427256
2025-03-19 06:00:00,27380.0,26665.035,714.96484375,714.96484375,2.6112667777574874
2025-03-19 07:00:00,26721.0,26385.523,335.4765625,335.4765625,1.2554790707683097
2025-03-19 08:00:00,26232.0,26086.932,145.068359375,145.068359375,0.5530205831617871
2025-03-19 09:00:00,25990.0,26081.955,-91.955078125,91.955078125,0.3538094579646018
2025-03-19 10:00:00,26193.0,26388.404,-195.404296875,195.404296875,0.7460172445882487
2025-03-19 11:00:00,26979.0,27247.928,-268.927734375,268.927734375,0.9968039377849439
2025-03-19 12:00:00,28421.0,29138.482,-717.482421875,717.482421875,2.524479863041413
2025-03-19 13:00:00,29597.0,30032.85,-435.849609375,435.849609375,1.4726141479710781
2025-03-19 14:00:00,30029.0,30425.914,-396.9140625,396.9140625,1.3217691648073528
2025-03-19 15:00:00,30202.0,30632.824,-430.82421875,430.82421875,1.4264757921660816
2025-03-19 16:00:00,30526.0,30690.145,-164.14453125,164.14453125,0.5377204063748935
2025-03-19 17:00:00,30746.0,30489.75,256.25,256.25,0.8334417485201328
2025-03-19 18:00:00,30801.0,30732.23,68.76953125,68.76953125,0.2232704498230577
2025-03-19 19:00:00,30832.0,31113.062,-281.0625,281.0625,0.9115934743124027
2025-03-19 20:00:00,30743.0,31126.965,-383.96484375,383.96484375,1.2489504724652767
2025-03-19 21:00:00,30981.0,31439.645,-458.64453125,458.64453125,1.480405833414028
2025-03-19 22:00:00,31307.0,31792.354,-485.353515625,485.353515625,1.5503034964225253
2025-03-19 23:00:00,31655.0,31771.648,-116.6484375,116.6484375,0.3684992497235824
2025-03-20 00:00:00,31915.0,31559.967,355.033203125,355.033203125,1.112433661679461
2025-03-20 01:00:00,32499.0,31746.176,752.82421875,752.82421875,2.31645348703037
2025-03-20 02:00:00,32947.0,31881.234,1065.765625,1065.765625,3.234788068716423
2025-03-20 03:00:00,32384.0,30931.018,1452.982421875,1452.982421875,4.486729316560647
2025-03-20 04:00:00,31310.0,30006.193,1303.806640625,1303.806640625,4.164186012855318
2025-03-20 05:00:00,30186.0,28862.166,1323.833984375,1323.833984375,4.385589294292056
2025-03-20 06:00:00,29539.0,27905.326,1633.673828125,1633.673828125,5.530565788026
2025-03-20 07:00:00,29258.0,27011.44,2246.560546875,2246.560546875,7.678448789647276
2025-03-20 08:00:00,29227.0,26626.895,2600.10546875,2600.10546875,8.896244803606255
2025-03-20 09:00:00,29351.0,26533.71,2817.2890625,2817.2890625,9.598613548090356
2025-03-20 10:00:00,29844.0,27193.316,2650.68359375,2650.68359375,8.881797325258008
2025-03-20 11:00:00,31026.0,27858.408,3167.591796875,3167.591796875,10.20947526872623
2025-03-20 12:00:00,32952.0,29321.787,3630.212890625,3630.212890625,11.016669369461642
2025-03-20 13:00:00,34222.0,30495.297,3726.703125,3726.703125,10.88978763660803
2025-03-20 14:00:00,34144.0,30760.729,3383.271484375,3383.271484375,9.90883166698395
2025-03-20 15:00:00,33362.0,30455.135,2906.865234375,2906.865234375,8.713102435030873
2025-03-20 16:00:00,32570.0,30019.873,2550.126953125,2550.126953125,7.829680543828676
2025-03-20 17:00:00,32030.0,30106.225,1923.775390625,1923.775390625,6.006167313846394
2025-03-20 18:00:00,31987.0,30066.672,1920.328125,1920.328125,6.003464297996061
2025-03-20 19:00:00,31987.0,29967.273,2019.7265625,2019.7265625,6.314210655891456
2025-03-20 20:00:00,31987.0,29880.229,2106.771484375,2106.771484375,6.586336587910714
2025-03-20 21:00:00,31987.0,29991.688,1995.3125,1995.3125,6.237885703567074
2025-03-20 22:00:00,31987.0,30274.336,1712.6640625,1712.6640625,5.354250359521055
2025-03-20 23:00:00,31987.0,30499.305,1487.6953125,1487.6953125,4.650937294838528
2025-03-21 00:00:00,31987.0,30864.775,1122.224609375,1122.224609375,3.5083771825272767
2025-03-21 01:00:00,31987.0,32122.0,-135.0,135.0,0.4220464563729015
2025-03-21 02:00:00,31987.0,32377.951,-390.951171875,390.951171875,1.222218938553162
2025-03-21 03:00:00,31987.0,31522.791,464.208984375,464.208984375,1.4512426434957952
2025-03-21 04:00:00,31987.0,30186.023,1800.9765625,1800.9765625,5.630339083064995
2025-03-21 05:00:00,31987.0,29030.062,2956.9375,2956.9375,9.244185137712195
2025-03-21 06:00:00,28956.0,28562.16,393.83984375,393.83984375,1.3601320753902473
2025-03-21 07:00:00,28742.0,28353.258,388.7421875,388.7421875,1.3525230933825065
2025-03-21 08:00:00,28580.0,28001.729,578.271484375,578.271484375,2.0233431923547935
2025-03-21 09:00:00,28705.0,28035.4,669.599609375,669.599609375,2.3326932916739245
2025-03-21 10:00:00,28770.0,28368.79,401.2109375,401.2109375,1.3945461852624261
2025-03-21 11:00:00,28770.0,29271.207,-501.20703125,501.20703125,1.7421168969412582
2025-03-21 12:00:00,28770.0,30784.938,-2014.9375,2014.9375,7.003606187000348
2025-03-21 13:00:00,28770.0,31843.752,-3073.751953125,3073.751953125,10.683878877737227
2025-03-21 14:00:00,28770.0,31961.062,-3191.0625,3191.0625,11.091631908237748
2025-03-21 15:00:00,28770.0,31699.596,-2929.595703125,2929.595703125,10.18281440085158
2025-03-21 16:00:00,28770.0,30731.32,-1961.3203125,1961.3203125,6.817241266944735
2025-03-21 17:00:00,28770.0,30587.314,-1817.314453125,1817.314453125,6.3166995242440045
2025-03-21 18:00:00,28770.0,30563.045,-1793.044921875,1793.044921875,6.232342446558915
2025-03-21 19:00:00,28770.0,30483.832,-1713.83203125,1713.83203125,5.957010883733056
2025-03-21 20:00:00,28770.0,30502.438,-1732.4375,1732.4375,6.021680570038234
2025-03-21 21:00:00,28770.0,30567.998,-1797.998046875,1797.998046875,6.249558730882864
2025-03-21 22:00:00,28770.0,30555.6,-1785.599609375,1785.599609375,6.206463710027807
2025-03-21 23:00:00,28770.0,30489.768,-1719.767578125,1719.767578125,5.977641912148071
2025-03-22 00:00:00,28770.0,29748.568,-978.568359375,978.568359375,3.4013498761730974
2025-03-22 01:00:00,28770.0,29809.98,-1039.98046875,1039.98046875,3.6148087200208554
2025-03-22 02:00:00,28770.0,29808.953,-1038.953125,1038.953125,3.611237834549878
2025-03-22 03:00:00,28770.0,29812.48,-1042.48046875,1042.48046875,3.6234983272506085
2025-03-22 04:00:00,28770.0,29519.709,-749.708984375,749.708984375,2.605870644334376
2025-03-22 05:00:00,28770.0,29066.873,-296.873046875,296.873046875,1.031884069777546
2025-03-22 06:00:00,27375.0,27039.396,335.603515625,335.603515625,1.2259489155251142
2025-03-22 07:00:00,27193.0,26980.47,212.529296875,212.529296875,0.7815588455668739
2025-03-22 08:00:00,27174.0,26663.762,510.23828125,510.23828125,1.8776708664532273
2025-03-22 09:00:00,27379.0,26660.691,718.30859375,718.30859375,2.623574979911611
2025-03-22 10:00:00,27659.0,26852.074,806.92578125,806.92578125,2.9174076476011424
2025-03-22 11:00:00,28438.0,26918.668,1519.33203125,1519.33203125,5.342612107918981
2025-03-22 12:00:00,29493.0,27169.244,2323.755859375,2323.755859375,7.879008101498661
2025-03-22 13:00:00,30397.0,26898.576,3498.423828125,3498.423828125,11.509108886156529
2025-03-22 14:00:00,30801.0,27081.3,3719.69921875,3719.69921875,12.076553419531834
2025-03-22 15:00:00,30319.0,27323.545,2995.455078125,2995.455078125,9.879795105791747
2025-03-22 16:00:00,29867.0,27342.773,2524.2265625,2524.2265625,8.451557111527773
2025-03-22 17:00:00,29418.0,27355.656,2062.34375,2062.34375,7.010482527704126
2025-03-22 18:00:00,29079.0,27267.234,1811.765625,1811.765625,6.23049494480553
2025-03-22 19:00:00,28816.0,27265.457,1550.54296875,1550.54296875,5.380840396828151
2025-03-22 20:00:00,28750.0,27246.68,1503.3203125,1503.3203125,5.228940217391305
2025-03-22 21:00:00,28884.0,27523.166,1360.833984375,1360.833984375,4.711376486549647
2025-03-22 22:00:00,29057.0,27664.098,1392.90234375,1392.90234375,4.793689450906839
2025-03-22 23:00:00,29306.0,27781.244,1524.755859375,1524.755859375,5.202879476472395
2025-03-23 00:00:00,29380.0,28040.514,1339.486328125,1339.486328125,4.559177427246426
2025-03-23 01:00:00,29400.0,27990.045,1409.955078125,1409.955078125,4.7957655718537415
2025-03-23 02:00:00,29674.0,27986.09,1687.91015625,1687.91015625,5.68817872969603
2025-03-23 03:00:00,29183.0,27908.389,1274.611328125,1274.611328125,4.367650098087928
2025-03-23 04:00:00,28351.0,27679.074,671.92578125,671.92578125,2.370024977073119
2025-03-23 05:00:00,27351.0,27374.787,-23.787109375,23.787109375,0.08696979772220394
2025-03-23 06:00:00,26489.0,26537.127,-48.126953125,48.126953125,0.18168656093095248
2025-03-23 07:00:00,25957.0,26305.484,-348.484375,348.484375,1.3425448819200987
2025-03-23 08:00:00,25715.0,26071.31,-356.310546875,356.310546875,1.3856136374684036
2025-03-23 09:00:00,25556.0,26206.533,-650.533203125,650.533203125,2.545520437959775
2025-03-23 10:00:00,25673.0,26364.564,-691.564453125,691.564453125,2.6937422705760916
2025-03-23 11:00:00,25973.0,26771.389,-798.388671875,798.388671875,3.0739178064721058
2025-03-23 12:00:00,26587.0,27680.59,-1093.58984375,1093.58984375,4.113250249181931
2025-03-23 13:00:00,27323.0,28360.703,-1037.703125,1037.703125,3.797910643047982
2025-03-23 14:00:00,28057.0,28712.416,-655.416015625,655.416015625,2.336016023184945
2025-03-23 15:00:00,28558.0,28533.846,24.154296875,24.154296875,0.08457979156453532
2025-03-23 16:00:00,28682.0,28185.244,496.755859375,496.755859375,1.7319428888327173
2025-03-23 17:00:00,28797.0,27842.615,954.384765625,954.384765625,3.3141812189637814
2025-03-23 18:00:00,28967.0,27372.416,1594.583984375,1594.583984375,5.50482957978044
2025-03-23 19:00:00,28782.0,27212.008,1569.9921875,1569.9921875,5.4547709940240425
2025-03-23 20:00:00,28723.0,27168.9,1554.099609375,1554.099609375,5.410645160237441
2025-03-23 21:00:00,28728.0,27011.422,1716.578125,1716.578125,5.975278909078251
2025-03-23 22:00:00,28968.0,27174.223,1793.77734375,1793.77734375,6.192271968206296
2025-03-23 23:00:00,29302.0,27487.033,1814.966796875,1814.966796875,6.194003129052624
2025-03-24 00:00:00,29468.0,28591.812,876.1875,876.1875,2.9733524501153794
2025-03-24 01:00:00,29659.0,28580.16,1078.83984375,1078.83984375,3.6374788217741663
2025-03-24 02:00:00,30208.0,29028.145,1179.85546875,1179.85546875,3.90577154644465
2025-03-24 03:00:00,29562.0,28713.766,848.234375,848.234375,2.869340284825113
2025-03-24 04:00:00,28433.0,28048.941,384.05859375,384.05859375,1.350749459255091
2025-03-24 05:00:00,27383.0,27415.492,-32.4921875,32.4921875,0.11865824599203885
2025-03-24 06:00:00,25599.0,26806.87,-1207.869140625,1207.869140625,4.718423143970467
2025-03-24 07:00:00,25599.0,26108.7,-509.69921875,509.69921875,1.9910903502089925
2025-03-24 08:00:00,25599.0,26280.031,-681.03125,681.03125,2.6603822414938083
2025-03-24 09:00:00,25599.0,25993.672,-394.671875,394.671875,1.541747236220165
2025-03-24 10:00:00,25599.0,26218.57,-619.5703125,619.5703125,2.4202910758232745
2025-03-24 11:00:00,25599.0,27379.213,-1780.212890625,1780.212890625,6.95422825354506
2025-03-24 12:00:00,25599.0,28791.766,-3192.765625,3192.765625,12.472227919059337
2025-03-24 13:00:00,25599.0,29003.215,-3404.21484375,3404.21484375,13.298233695652172
2025-03-24 14:00:00,25599.0,29349.904,-3750.904296875,3750.904296875,14.652542274600568
2025-03-24 15:00:00,25599.0,29428.137,-3829.13671875,3829.13671875,14.95814961033634
2025-03-24 16:00:00,25599.0,29550.611,-3951.611328125,3951.611328125,15.436584742079768
2025-03-24 17:00:00,25599.0,29377.908,-3778.908203125,3778.908203125,14.76193680661354
2025-03-24 18:00:00,25599.0,29649.951,-4050.951171875,4050.951171875,15.824646165377555
2025-03-24 19:00:00,25599.0,29678.232,-4079.232421875,4079.232421875,15.935124113734911
2025-03-24 20:00:00,25599.0,29715.59,-4116.58984375,4116.58984375,16.08105724344701
2025-03-24 21:00:00,25599.0,29806.002,-4207.001953125,4207.001953125,16.434243342025077
2025-03-24 22:00:00,25599.0,29701.914,-4102.9140625,4102.9140625,16.027634136099067
2025-03-24 23:00:00,25599.0,29949.436,-4350.435546875,4350.435546875,16.994552704695494
2025-03-25 00:00:00,25599.0,29784.424,-4185.423828125,4185.423828125,16.34995049855463
2025-03-25 01:00:00,25599.0,29797.828,-4198.828125,4198.828125,16.40231307863588
2025-03-25 02:00:00,25599.0,30115.082,-4516.08203125,4516.08203125,17.641634560920348
2025-03-25 03:00:00,25599.0,29666.412,-4067.412109375,4067.412109375,15.88894921432478
2025-03-25 04:00:00,25599.0,28391.922,-2792.921875,2792.921875,10.910277256924099
2025-03-25 05:00:00,25599.0,27471.309,-1872.30859375,1872.30859375,7.3139911471151215
2025-03-25 06:00:00,26512.0,25908.445,603.5546875,603.5546875,2.2765339751810503
2025-03-25 07:00:00,26094.0,25809.562,284.4375,284.4375,1.0900494366521039
2025-03-25 08:00:00,25940.0,25674.31,265.689453125,265.689453125,1.024246156996916
2025-03-25 09:00:00,26024.0,25685.84,338.16015625,338.16015625,1.2994165241699969
2025-03-25 10:00:00,26478.0,25807.488,670.51171875,670.51171875,2.532335216972581
2025-03-25 11:00:00,27627.0,25913.076,1713.923828125,1713.923828125,6.2038000076917506
2025-03-25 12:00:00,29714.0,26543.926,3170.07421875,3170.07421875,10.668621588308541
2025-03-25 13:00:00,30918.0,26822.99,4095.009765625,4095.009765625,13.244743403923282
2025-03-25 14:00:00,30819.0,26866.418,3952.58203125,3952.58203125,12.825146926409033
2025-03-25 15:00:00,30568.0,26912.092,3655.908203125,3655.908203125,11.959919533908009
2025-03-25 16:00:00,30415.0,26960.31,3454.689453125,3454.689453125,11.358505517425613
2025-03-25 17:00:00,30314.0,27075.164,3238.8359375,3238.8359375,10.684290880451277
2025-03-25 18:00:00,30416.0,27171.56,3244.439453125,3244.439453125,10.666884051568253
2025-03-25 19:00:00,30660.0,27386.389,3273.611328125,3273.611328125,10.677140665769732
2025-03-25 20:00:00,30916.0,27421.584,3494.416015625,3494.416015625,11.302937041095227
2025-03-25 21:00:00,31273.0,27600.38,3672.619140625,3672.619140625,11.743737858935823
2025-03-25 22:00:00,31670.0,27679.07,3990.9296875,3990.9296875,12.601609370066308
2025-03-25 23:00:00,31846.0,27566.424,4279.576171875,4279.576171875,13.438347584861521
2025-03-26 00:00:00,31778.0,26984.143,4793.857421875,4793.857421875,15.085459820866637
2025-03-26 01:00:00,31584.0,26780.295,4803.705078125,4803.705078125,15.209299259514312
2025-03-26 02:00:00,31636.0,26746.162,4889.837890625,4889.837890625,15.456561798662916
2025-03-26 03:00:00,30705.0,26506.012,4198.98828125,4198.98828125,13.675259017261032
2025-03-26 04:00:00,29284.0,26153.71,3130.2890625,3130.2890625,10.689417642740063
2025-03-26 05:00:00,27826.0,25645.36,2180.640625,2180.640625,7.836701735786675
2025-03-26 06:00:00,26916.0,26182.852,733.1484375,733.1484375,2.723838748328132
2025-03-26 07:00:00,26372.0,25643.664,728.3359375,728.3359375,2.7617774059608675
2025-03-26 08:00:00,26125.0,25593.668,531.33203125,531.33203125,2.033806818181818
2025-03-26 09:00:00,26133.0,25403.24,729.759765625,729.759765625,2.79248370116328
2025-03-26 10:00:00,26514.0,25995.893,518.107421875,518.107421875,1.9540899972655956
2025-03-26 11:00:00,27596.0,26704.746,891.25390625,891.25390625,3.229648884802145
2025-03-26 12:00:00,29628.0,28801.564,826.435546875,826.435546875,2.789373386239368
2025-03-26 13:00:00,30904.0,29777.387,1126.61328125,1126.61328125,3.64552576122832
2025-03-26 14:00:00,30937.0,29815.412,1121.587890625,1121.587890625,3.625393188172738
2025-03-26 15:00:00,30665.0,29698.568,966.431640625,966.431640625,3.15157880523398
2025-03-26 16:00:00,30583.0,29839.22,743.779296875,743.779296875,2.4320024094268056
2025-03-26 17:00:00,30523.0,29793.605,729.39453125,729.39453125,2.389655444255152
2025-03-26 18:00:00,30741.0,30252.164,488.8359375,488.8359375,1.590175783156046
2025-03-26 19:00:00,31347.0,30469.01,877.990234375,877.990234375,2.8008748345136696
2025-03-26 20:00:00,31527.0,30547.227,979.7734375,979.7734375,3.1077280981381037
2025-03-26 21:00:00,31468.0,30924.518,543.482421875,543.482421875,1.7270955315717553
2025-03-26 22:00:00,31821.0,31279.027,541.97265625,541.97265625,1.7031917797995035
2025-03-26 23:00:00,32055.0,31376.51,678.490234375,678.490234375,2.1166440005459366
2025-03-27 00:00:00,32068.0,31576.057,491.943359375,491.943359375,1.5340631139297742
2025-03-27 01:00:00,31827.0,31058.771,768.228515625,768.228515625,2.413763520360072
2025-03-27 02:00:00,31981.0,31106.273,874.7265625,874.7265625,2.7351444998592918
2025-03-27 03:00:00,31137.0,30342.744,794.255859375,794.255859375,2.5508425968301376
2025-03-27 04:00:00,29645.0,29107.617,537.3828125,537.3828125,1.8127266402428739
2025-03-27 05:00:00,28287.0,27737.242,549.7578125,549.7578125,1.9434998851062326
2025-03-27 06:00:00,27264.0,27033.854,230.146484375,230.146484375,0.8441405676899941
2025-03-27 07:00:00,26647.0,26859.812,-212.8125,212.8125,0.7986358689533531
2025-03-27 08:00:00,26352.0,26144.342,207.658203125,207.658203125,0.7880168606747116
2025-03-27 09:00:00,26272.0,26375.027,-103.02734375,103.02734375,0.39215645459043846
2025-03-27 10:00:00,26555.0,26971.494,-416.494140625,416.494140625,1.5684207893993596
2025-03-27 11:00:00,27549.0,27584.203,-35.203125,35.203125,0.1277836763584885
2025-03-27 12:00:00,29446.0,29144.59,301.41015625,301.41015625,1.0236030572913128
2025-03-27 13:00:00,30590.0,30223.43,366.5703125,366.5703125,1.1983338100686498
2025-03-27 14:00:00,30705.0,30396.13,308.869140625,308.869140625,1.0059245745806873
2025-03-27 15:00:00,30718.0,30371.004,346.99609375,346.99609375,1.1296181188553942
2025-03-27 16:00:00,30964.0,30361.186,602.814453125,602.814453125,1.9468235793986564
2025-03-27 17:00:00,31307.0,30757.076,549.923828125,549.923828125,1.7565522986073403
2025-03-27 18:00:00,31580.0,31118.207,461.79296875,461.79296875,1.4622956578530717
2025-03-27 19:00:00,32007.0,31622.975,384.025390625,384.025390625,1.199816885759365
2025-03-27 20:00:00,32433.0,32016.613,416.38671875,416.38671875,1.2838365823389757
2025-03-27 21:00:00,32710.0,32171.98,538.01953125,538.01953125,1.6448166653928464
2025-03-27 22:00:00,33093.0,32604.547,488.453125,488.453125,1.4760013446952527
2025-03-27 23:00:00,33212.0,32847.797,364.203125,364.203125,1.0966010026496447
2025-03-28 00:00:00,33094.0,33122.023,-28.0234375,28.0234375,0.08467830271348281
2025-03-28 01:00:00,32788.0,32513.938,274.0625,274.0625,0.8358622056850068
2025-03-28 02:00:00,32812.0,32648.336,163.6640625,163.6640625,0.4987933149457516
2025-03-28 03:00:00,31873.0,31336.678,536.322265625,536.322265625,1.6826852371129168
2025-03-28 04:00:00,30355.0,29932.709,422.291015625,422.291015625,1.3911744873167518
2025-03-28 05:00:00,28832.0,28643.314,188.685546875,188.685546875,0.6544310033122919
2025-03-28 06:00:00,27702.0,27267.81,434.189453125,434.189453125,1.5673577832827954
2025-03-28 07:00:00,26903.0,26928.898,-25.8984375,25.8984375,0.09626598334758205
2025-03-28 08:00:00,26494.0,26702.625,-208.625,208.625,0.7874424397976901
2025-03-28 09:00:00,26298.0,26653.076,-355.076171875,355.076171875,1.3502021898053085
2025-03-28 10:00:00,26441.0,26971.412,-530.412109375,530.412109375,2.006021365965735
2025-03-28 11:00:00,27204.0,27408.771,-204.771484375,204.771484375,0.7527256446662255
2025-03-28 12:00:00,28781.0,28643.38,137.619140625,137.619140625,0.478159690855078
2025-03-28 13:00:00,30012.0,29464.719,547.28125,547.28125,1.8235414167666268
2025-03-28 14:00:00,30505.0,29709.688,795.3125,795.3125,2.6071545648254384
2025-03-28 15:00:00,30870.0,29800.486,1069.513671875,1069.513671875,3.464572957159054
2025-03-28 16:00:00,31250.0,30161.656,1088.34375,1088.34375,3.4826999999999995
2025-03-28 17:00:00,31393.0,30387.82,1005.1796875,1005.1796875,3.2019230003503965
2025-03-28 18:00:00,31583.0,30799.057,783.943359375,783.943359375,2.482168759696672
2025-03-28 19:00:00,31698.0,31481.078,216.921875,216.921875,0.6843393116284939
2025-03-28 20:00:00,31732.0,31546.582,185.41796875,185.41796875,0.5843248731564351
2025-03-28 21:00:00,31836.0,31756.336,79.6640625,79.6640625,0.250232637580098
2025-03-28 22:00:00,32035.0,32431.986,-396.986328125,396.986328125,1.2392268710004684
2025-03-28 23:00:00,32162.0,32226.656,-64.65625,64.65625,0.20103305142715006
2025-03-29 00:00:00,32013.0,32100.264,-87.263671875,87.263671875,0.27258823563864676
2025-03-29 01:00:00,31731.0,30887.24,843.759765625,843.759765625,2.659102346679903
2025-03-29 02:00:00,31608.0,30855.836,752.1640625,752.1640625,2.379663574095166
2025-03-29 03:00:00,30846.0,30196.227,649.7734375,649.7734375,2.1065079345782274
2025-03-29 04:00:00,29748.0,28842.408,905.591796875,905.591796875,3.0442106927356463
2025-03-29 05:00:00,28517.0,27560.814,956.185546875,956.185546875,3.3530369494512047
2025-03-29 06:00:00,27468.0,26541.992,926.0078125,926.0078125,3.371224015217708
2025-03-29 07:00:00,26732.0,26015.303,716.697265625,716.697265625,2.6810461829455337
2025-03-29 08:00:00,26277.0,25753.678,523.322265625,523.322265625,1.9915601690642006
2025-03-29 09:00:00,25944.0,25684.365,259.634765625,259.634765625,1.0007507154833486
2025-03-29 10:00:00,25902.0,25889.94,12.060546875,12.060546875,0.04656222251177516
2025-03-29 11:00:00,26208.0,26320.994,-112.994140625,112.994140625,0.4311436989659646
2025-03-29 12:00:00,26696.0,27249.44,-553.439453125,553.439453125,2.0731175199468086
2025-03-29 13:00:00,27432.0,28238.18,-806.1796875,806.1796875,2.938829423665792
2025-03-29 14:00:00,28295.0,28541.348,-246.34765625,246.34765625,0.8706402412086941
2025-03-29 15:00:00,29127.0,28833.713,293.287109375,293.287109375,1.0069252218731761
2025-03-29 16:00:00,29760.0,29161.453,598.546875,598.546875,2.0112462197580645
2025-03-29 17:00:00,30224.0,29568.348,655.65234375,655.65234375,2.1693102956259924
2025-03-29 18:00:00,30536.0,30110.012,425.98828125,425.98828125,1.3950362891341368
2025-03-29 19:00:00,30857.0,30633.693,223.306640625,223.306640625,0.7236822783323071
2025-03-29 20:00:00,31355.0,30559.252,795.748046875,795.748046875,2.537866518497847
2025-03-29 21:00:00,31960.0,31050.164,909.8359375,909.8359375,2.846795799436796
2025-03-29 22:00:00,32368.0,30571.61,1796.390625,1796.390625,5.5498968889026195
2025-03-29 23:00:00,32601.0,30571.36,2029.640625,2029.640625,6.225700515321616
2025-03-30 00:00:00,32327.0,31108.467,1218.533203125,1218.533203125,3.7693977267454453
2025-03-30 01:00:00,31836.0,30802.945,1033.0546875,1033.0546875,3.2449261449302678
2025-03-30 02:00:00,31802.0,30434.805,1367.1953125,1367.1953125,4.299085945852462
2025-03-30 03:00:00,31079.0,29257.205,1821.794921875,1821.794921875,5.861819626998939
2025-03-30 04:00:00,29999.0,28256.123,1742.876953125,1742.876953125,5.809783503200107
2025-03-30 05:00:00,28776.0,26834.47,1941.529296875,1941.529296875,6.747043706126633
2025-03-30 06:00:00,27594.0,26155.9,1438.099609375,1438.099609375,5.2116387960244985
2025-03-30 07:00:00,26770.0,25729.6,1040.400390625,1040.400390625,3.886441504015689
2025-03-30 08:00:00,26231.0,25336.91,894.08984375,894.08984375,3.4085236695131713
2025-03-30 09:00:00,25993.0,25164.14,828.859375,828.859375,3.1887791905513025
2025-03-30 10:00:00,25976.0,25060.094,915.90625,915.90625,3.525971088697259
2025-03-30 11:00:00,26168.0,25458.098,709.90234375,709.90234375,2.712864352453378
2025-03-30 12:00:00,26661.0,25915.398,745.6015625,745.6015625,2.796600136904092
2025-03-30 13:00:00,27458.0,26483.018,974.982421875,974.982421875,3.550813685902105
2025-03-30 14:00:00,28333.0,27378.268,954.732421875,954.732421875,3.3696834852468855
2025-03-30 15:00:00,29171.0,28042.262,1128.73828125,1128.73828125,3.8693849413801376
2025-03-30 16:00:00,29540.0,28575.682,964.318359375,964.318359375,3.264449422393365
2025-03-30 17:00:00,29801.0,28517.863,1283.13671875,1283.13671875,4.305683429247341
2025-03-30 18:00:00,29831.0,28581.207,1249.79296875,1249.79296875,4.189577851060977
2025-03-30 19:00:00,29787.0,28817.91,969.08984375,969.08984375,3.2533986092926446
2025-03-30 20:00:00,29830.0,29049.68,780.3203125,780.3203125,2.6158910911833724
2025-03-30 21:00:00,29946.0,29581.113,364.88671875,364.88671875,1.2184823306952515
2025-03-30 22:00:00,30079.0,29610.168,468.83203125,468.83203125,1.5586689426177733
2025-03-30 23:00:00,30484.0,29872.549,611.451171875,611.451171875,2.0058101688590737
2025-03-31 00:00:00,30606.0,30736.383,-130.3828125,130.3828125,0.42600409233483627
2025-03-31 01:00:00,30803.0,30694.297,108.703125,108.703125,0.3528978508586826
2025-03-31 02:00:00,31194.0,30701.25,492.75,492.75,1.5796306982111943
2025-03-31 03:00:00,30491.0,30149.9,341.099609375,341.099609375,1.1186894800924865
2025-03-31 04:00:00,29202.0,29549.416,-347.416015625,347.416015625,1.1896993891685501
2025-03-31 05:00:00,28038.0,28086.52,-48.51953125,48.51953125,0.17304918770953706
2025-03-31 06:00:00,27226.0,26852.744,373.255859375,373.255859375,1.3709537184125469
2025-03-31 07:00:00,26834.0,26497.82,336.1796875,336.1796875,1.2528124301259596
2025-03-31 08:00:00,26475.0,25922.553,552.447265625,552.447265625,2.0866752242681774
2025-03-31 09:00:00,26501.0,25786.545,714.455078125,714.455078125,2.6959551644277573
2025-03-31 10:00:00,27049.0,25801.91,1247.08984375,1247.08984375,4.61048409830308
2025-03-31 11:00:00,28321.0,26275.328,2045.671875,2045.671875,7.223162582535927
2025-03-31 12:00:00,30356.0,27463.096,2892.904296875,2892.904296875,9.52992586926802
2025-03-31 13:00:00,31811.0,28038.807,3772.193359375,3772.193359375,11.85814139566502
2025-03-31 14:00:00,32032.0,28702.234,3329.765625,3329.765625,10.39512245566933
2025-03-31 15:00:00,31771.0,29008.746,2762.25390625,2762.25390625,8.69426176780712
2025-03-31 16:00:00,31443.0,29207.479,2235.521484375,2235.521484375,7.109758879162293
2025-03-31 17:00:00,31059.0,29375.736,1683.263671875,1683.263671875,5.419568150536076
2025-03-31 18:00:00,30721.0,29327.04,1393.9609375,1393.9609375,4.53748555548322
2025-03-31 19:00:00,30425.0,29237.56,1187.439453125,1187.439453125,3.9028412592440427
2025-03-31 20:00:00,30099.0,29178.082,920.91796875,920.91796875,3.0596297842121
2025-03-31 21:00:00,29929.0,29413.111,515.888671875,515.888671875,1.723708349343446
2025-03-31 22:00:00,30033.0,29439.19,593.810546875,593.810546875,1.9771935766490194
2025-03-31 23:00:00,30202.0,29596.094,605.90625,605.90625,2.0061792265412888
2025-04-01 00:00:00,30454.0,29414.766,1039.234375,1039.234375,3.412472499507454
2025-04-01 01:00:00,30758.0,29522.705,1235.294921875,1235.294921875,4.016174399749659
2025-04-01 02:00:00,31301.0,29884.15,1416.849609375,1416.849609375,4.526531450672502
2025-04-01 03:00:00,30633.0,29366.85,1266.150390625,1266.150390625,4.133288906163288
2025-04-01 04:00:00,29275.0,28230.078,1044.921875,1044.921875,3.5693317677198975
2025-04-01 05:00:00,28103.0,27299.912,803.087890625,803.087890625,2.8576589354339395
2025-04-01 06:00:00,27470.0,27108.29,361.7109375,361.7109375,1.3167489534037131
2025-04-01 07:00:00,27176.0,26715.406,460.59375,460.59375,1.6948548351486605
2025-04-01 08:00:00,27179.0,26775.87,403.130859375,403.130859375,1.483243899242062
2025-04-01 09:00:00,27230.0,26725.402,504.59765625,504.59765625,1.853094587770841
2025-04-01 10:00:00,27676.0,27022.854,653.146484375,653.146484375,2.3599742895468996
2025-04-01 11:00:00,28917.0,27838.67,1078.330078125,1078.330078125,3.729052384842826
2025-04-01 12:00:00,30894.0,29607.629,1286.37109375,1286.37109375,4.163821757460996
2025-04-01 13:00:00,32022.0,30689.82,1332.1796875,1332.1796875,4.1602013849853225
2025-04-01 14:00:00,32176.0,31046.783,1129.216796875,1129.216796875,3.5095002389203134
2025-04-01 15:00:00,32079.0,30873.68,1205.3203125,1205.3203125,3.757350018703825
2025-04-01 16:00:00,31915.0,30589.365,1325.634765625,1325.634765625,4.153641753485822
2025-04-01 17:00:00,31746.0,30383.252,1362.748046875,1362.748046875,4.29266064031689
2025-04-01 18:00:00,31662.0,30254.908,1407.091796875,1407.091796875,4.4441027000031585
2025-04-01 19:00:00,31644.0,30095.398,1548.6015625,1548.6015625,4.893823671154089
2025-04-01 20:00:00,31652.0,30260.033,1391.966796875,1391.966796875,4.3977214611241
2025-04-01 21:00:00,31485.0,30474.572,1010.427734375,1010.427734375,3.209235300539939
2025-04-01 22:00:00,31581.0,30616.496,964.50390625,964.50390625,3.0540638556410498
2025-04-01 23:00:00,31654.0,30493.47,1160.529296875,1160.529296875,3.666295876903393
2025-04-02 00:00:00,31799.0,30881.164,917.8359375,917.8359375,2.886367299286141
2025-04-02 01:00:00,31929.0,31030.746,898.25390625,898.25390625,2.813285434088133
2025-04-02 02:00:00,32077.0,31431.643,645.357421875,645.357421875,2.011900807042429
2025-04-02 03:00:00,31314.0,31175.26,138.740234375,138.740234375,0.4430613603340359
2025-04-02 04:00:00,30114.0,29889.607,224.392578125,224.392578125,0.7451437143023178
2025-04-02 05:00:00,28809.0,28425.28,383.720703125,383.720703125,1.3319473189801798
2025-04-02 06:00:00,27978.0,27506.771,471.228515625,471.228515625,1.684282349077847
2025-04-02 07:00:00,27398.0,26966.564,431.435546875,431.435546875,1.5746972292685597
2025-04-02 08:00:00,27033.0,26785.924,247.076171875,247.076171875,0.9139798463914476
2025-04-02 09:00:00,26959.0,26788.977,170.0234375,170.0234375,0.6306741255239438
2025-04-02 10:00:00,27167.0,26800.672,366.328125,366.328125,1.3484305407295616
2025-04-02 11:00:00,27973.0,27758.258,214.7421875,214.7421875,0.7676766435491367
2025-04-02 12:00:00,29616.0,29642.668,-26.66796875,26.66796875,0.09004581560642895
2025-04-02 13:00:00,30874.0,30651.096,222.904296875,222.904296875,0.7219806208298245
2025-04-02 14:00:00,31174.0,30875.46,298.5390625,298.5390625,0.9576540145634181
2025-04-02 15:00:00,31399.0,30964.31,434.689453125,434.689453125,1.3844054050288226
2025-04-02 16:00:00,31604.0,30734.541,869.458984375,869.458984375,2.751104241156183
2025-04-02 17:00:00,31778.0,30718.707,1059.29296875,1059.29296875,3.3334161015482406
2025-04-02 18:00:00,31689.0,30456.45,1232.55078125,1232.55078125,3.889522488087349
2025-04-02 19:00:00,31769.0,30602.88,1166.119140625,1166.119140625,3.6706195996883753
2025-04-02 20:00:00,31800.0,30438.66,1361.33984375,1361.33984375,4.280942904874214
2025-04-02 21:00:00,31722.0,30366.549,1355.451171875,1355.451171875,4.27290578108253
2025-04-02 22:00:00,31886.0,30449.375,1436.625,1436.625,4.505503982939222
2025-04-02 23:00:00,32013.0,30596.773,1416.2265625,1416.2265625,4.423910794052417
2025-04-03 00:00:00,31852.0,30896.934,955.06640625,955.06640625,2.998450352411152
2025-04-03 01:00:00,31541.0,30870.992,670.0078125,670.0078125,2.1242440395041378
2025-04-03 02:00:00,31812.0,31173.912,638.087890625,638.087890625,2.005808784813907
2025-04-03 03:00:00,31002.0,30477.54,524.4609375,524.4609375,1.6917003338494292
2025-04-03 04:00:00,29587.0,29449.979,137.021484375,137.021484375,0.46311381476662045
2025-04-03 05:00:00,28148.0,28043.748,104.251953125,104.251953125,0.3703707301584482
2025-04-03 06:00:00,27293.0,27164.035,128.96484375,128.96484375,0.4725198539918661
2025-04-03 07:00:00,26761.0,26519.045,241.955078125,241.955078125,0.9041331718732485
2025-04-03 08:00:00,26473.0,26239.979,233.021484375,233.021484375,0.8802231873040457
2025-04-03 09:00:00,26549.0,26261.293,287.70703125,287.70703125,1.0836831189498664
2025-04-03 10:00:00,26927.0,26340.426,586.57421875,586.57421875,2.17838681899209
2025-04-03 11:00:00,28021.0,27263.62,757.380859375,757.380859375,2.7029044622782914
2025-04-03 12:00:00,29917.0,28821.21,1095.7890625,1095.7890625,3.6627638549988304
2025-04-03 13:00:00,31176.0,29896.873,1279.126953125,1279.126953125,4.10292196922312
2025-04-03 14:00:00,31457.0,30375.885,1081.115234375,1081.115234375,3.4368033645134624
2025-04-03 15:00:00,31718.0,30547.48,1170.51953125,1170.51953125,3.6903951423481933
2025-04-03 16:00:00,31817.0,30485.0,1332.0,1332.0,4.186441210673539
2025-04-03 17:00:00,31795.0,30736.73,1058.26953125,1058.26953125,3.3284149433873247
2025-04-03 18:00:00,31722.0,30503.152,1218.84765625,1218.84765625,3.84227872218019
2025-04-03 19:00:00,31664.0,30695.568,968.431640625,968.431640625,3.0584627356777414
2025-04-03 20:00:00,31400.0,30702.719,697.28125,697.28125,2.220640923566879
2025-04-03 21:00:00,31372.0,30675.307,696.693359375,696.693359375,2.2207489461143695
2025-04-03 22:00:00,31311.0,30781.725,529.275390625,529.275390625,1.6903816250678674
2025-04-03 23:00:00,31213.0,31030.37,182.630859375,182.630859375,0.5851115220420979
2025-04-04 00:00:00,31310.0,31044.006,265.994140625,265.994140625,0.8495501137815396
2025-04-04 01:00:00,31387.0,30597.85,789.150390625,789.150390625,2.51425873968522
2025-04-04 02:00:00,31598.0,30898.928,699.072265625,699.072265625,2.212394030081018
2025-04-04 03:00:00,30835.0,30276.178,558.822265625,558.822265625,1.8122985750770229
2025-04-04 04:00:00,29627.0,29127.408,499.591796875,499.591796875,1.6862719710905594
2025-04-04 05:00:00,28438.0,27815.13,622.869140625,622.869140625,2.1902705556825377
2025-04-04 06:00:00,27710.0,26861.078,848.921875,848.921875,3.063593919162757
2025-04-04 07:00:00,27247.0,26357.1,889.900390625,889.900390625,3.2660490719161746
2025-04-04 08:00:00,26971.0,26171.496,799.50390625,799.50390625,2.964309466649364
2025-04-04 09:00:00,26897.0,26094.688,802.3125,802.3125,2.9829070156523034
2025-04-04 10:00:00,27271.0,26272.623,998.376953125,998.376953125,3.6609473547908036
2025-04-04 11:00:00,28306.0,27041.076,1264.923828125,1264.923828125,4.468748067989119
2025-04-04 12:00:00,30140.0,28935.357,1204.642578125,1204.642578125,3.996823417800265
2025-04-04 13:00:00,31454.0,29897.004,1556.99609375,1556.99609375,4.950073420709607
2025-04-04 14:00:00,32024.0,30327.941,1696.05859375,1696.05859375,5.296210947258306
2025-04-04 15:00:00,32301.0,30608.07,1692.9296875,1692.9296875,5.241106119005604
2025-04-04 16:00:00,32525.0,30805.45,1719.55078125,1719.55078125,5.2868586664104535
2025-04-04 17:00:00,32468.0,30737.748,1730.251953125,1730.251953125,5.329099276595417
2025-04-04 18:00:00,32311.0,30651.975,1659.025390625,1659.025390625,5.134552909612825
2025-04-04 19:00:00,32143.0,30556.666,1586.333984375,1586.333984375,4.9352393503251095
2025-04-04 20:00:00,31797.0,30333.951,1463.048828125,1463.048828125,4.601216555414032
2025-04-04 21:00:00,31583.0,30365.35,1217.650390625,1217.650390625,3.8553981275527978
2025-04-04 22:00:00,31373.0,30365.186,1007.814453125,1007.814453125,3.212362391626558
2025-04-04 23:00:00,31102.0,30474.041,627.958984375,627.958984375,2.0190308802488586
2025-04-05 00:00:00,30934.0,29568.459,1365.541015625,1365.541015625,4.414369352896489
2025-04-05 01:00:00,31018.0,29625.826,1392.173828125,1392.173828125,4.488277220081888
2025-04-05 02:00:00,31190.0,29887.803,1302.197265625,1302.197265625,4.175047340894517
2025-04-05 03:00:00,30755.0,29293.215,1461.78515625,1461.78515625,4.753000020321899
2025-04-05 04:00:00,29820.0,28358.799,1461.201171875,1461.201171875,4.900070998910127
2025-04-05 05:00:00,28792.0,27202.232,1589.767578125,1589.767578125,5.521560079622812
2025-04-05 06:00:00,28156.0,26531.021,1624.978515625,1624.978515625,5.771340089590141
2025-04-05 07:00:00,27731.0,26287.36,1443.640625,1443.640625,5.205872940031012
2025-04-05 08:00:00,27466.0,26059.951,1406.048828125,1406.048828125,5.119234064388698
2025-04-05 09:00:00,27217.0,25764.295,1452.705078125,1452.705078125,5.337491560881067
2025-04-05 10:00:00,27412.0,25913.16,1498.83984375,1498.83984375,5.467823740515103
2025-04-05 11:00:00,27961.0,26430.12,1530.880859375,1530.880859375,5.475057613729838
2025-04-05 12:00:00,28875.0,28018.416,856.583984375,856.583984375,2.966524621212121
2025-04-05 13:00:00,29795.0,28790.893,1004.107421875,1004.107421875,3.3700534380768588
2025-04-05 14:00:00,30761.0,29689.348,1071.65234375,1071.65234375,3.483802034231657
2025-04-05 15:00:00,31450.0,29963.861,1486.138671875,1486.138671875,4.7254011824324325
2025-04-05 16:00:00,31738.0,30264.38,1473.619140625,1473.619140625,4.643074990941458
2025-04-05 17:00:00,31700.0,30453.201,1246.798828125,1246.798828125,3.9331193316246056
2025-04-05 18:00:00,31442.0,30103.297,1338.703125,1338.703125,4.257690748044018
2025-04-05 19:00:00,31088.0,30026.312,1061.6875,1061.6875,3.4151038986103965
2025-04-05 20:00:00,30806.0,29794.207,1011.79296875,1011.79296875,3.2844022877036942
2025-04-05 21:00:00,30667.0,29241.55,1425.44921875,1425.44921875,4.648153450777709
2025-04-05 22:00:00,30621.0,29141.223,1479.77734375,1479.77734375,4.832557211554162
2025-04-05 23:00:00,30673.0,29197.49,1475.509765625,1475.509765625,4.810451425113292
2025-04-06 00:00:00,30719.0,29516.762,1202.23828125,1202.23828125,3.9136634696767474
2025-04-06 01:00:00,30803.0,29776.342,1026.658203125,1026.658203125,3.3329812132746808
2025-04-06 02:00:00,31319.0,29814.96,1504.0390625,1504.0390625,4.802321474184999
2025-04-06 03:00:00,31079.0,29473.78,1605.220703125,1605.220703125,5.16496896014994
2025-04-06 04:00:00,30365.0,28744.066,1620.93359375,1620.93359375,5.3381643133541905
2025-04-06 05:00:00,29505.0,27784.234,1720.765625,1720.765625,5.832115319437384
2025-04-06 06:00:00,28580.0,27246.943,1333.056640625,1333.056640625,4.66429895250175
2025-04-06 07:00:00,28268.0,27124.504,1143.49609375,1143.49609375,4.045196312968728
2025-04-06 08:00:00,28093.0,27154.818,938.181640625,938.181640625,3.339556617751753
2025-04-06 09:00:00,28108.0,27228.393,879.607421875,879.607421875,3.1293845946883447
2025-04-06 10:00:00,28361.0,27304.275,1056.724609375,1056.724609375,3.72597796049152
2025-04-06 11:00:00,28844.0,27577.371,1266.62890625,1266.62890625,4.391308092670919
2025-04-06 12:00:00,29642.0,28135.197,1506.802734375,1506.802734375,5.083336935345118
2025-04-06 13:00:00,30514.0,28746.547,1767.453125,1767.453125,5.79226953201809
2025-04-06 14:00:00,31085.0,29081.852,2003.1484375,2003.1484375,6.44409984719318
2025-04-06 15:00:00,31262.0,29800.691,1461.30859375,1461.30859375,4.674392533267226
2025-04-06 16:00:00,31036.0,29684.406,1351.59375,1351.59375,4.354922509343988
2025-04-06 17:00:00,30674.0,29157.078,1516.921875,1516.921875,4.945301802829758
2025-04-06 18:00:00,30279.0,28939.977,1339.0234375,1339.0234375,4.4222842151326
2025-04-06 19:00:00,29861.0,28701.633,1159.3671875,1159.3671875,3.8825464234285527
2025-04-06 20:00:00,29457.0,28461.312,995.6875,995.6875,3.380138846454153
2025-04-06 21:00:00,29312.0,28501.145,810.85546875,810.85546875,2.7662918557246177
2025-04-06 22:00:00,29402.0,28442.611,959.388671875,959.388671875,3.263004801969254
2025-04-06 23:00:00,29773.0,28579.94,1193.060546875,1193.060546875,4.007189557233064
2025-04-07 00:00:00,30143.0,29665.666,477.333984375,477.333984375,1.5835649549646682
2025-04-07 01:00:00,30557.0,29760.133,796.8671875,796.8671875,2.6078056991851293
2025-04-07 02:00:00,31164.0,30199.346,964.654296875,964.654296875,3.0954123247176226
2025-04-07 03:00:00,30843.0,30146.545,696.455078125,696.455078125,2.258065292367798
2025-04-07 04:00:00,29993.0,29396.336,596.6640625,596.6640625,1.9893443886906943
2025-04-07 05:00:00,29063.0,28944.826,118.173828125,118.173828125,0.40661262816983795
2025-04-07 06:00:00,27950.0,27990.176,-40.17578125,40.17578125,0.14374161449016098
2025-04-07 07:00:00,27810.0,28076.28,-266.279296875,266.279296875,0.957494774811219
2025-04-07 08:00:00,27930.0,28069.639,-139.638671875,139.638671875,0.49995944101324746
2025-04-07 09:00:00,28212.0,28211.445,0.5546875,0.5546875,0.0019661402949099674
2025-04-07 10:00:00,28969.0,28271.062,697.9375,697.9375,2.409256446546308
2025-04-07 11:00:00,30488.0,29271.172,1216.828125,1216.828125,3.991170706507478
2025-04-07 12:00:00,32723.0,30077.596,2645.404296875,2645.404296875,8.084235237829661
2025-04-07 13:00:00,33980.0,30703.898,3276.1015625,3276.1015625,9.64126416274279
2025-04-07 14:00:00,33588.0,31133.326,2454.673828125,2454.673828125,7.308186936182564
2025-04-07 15:00:00,32783.0,31286.156,1496.84375,1496.84375,4.565914498368056
2025-04-07 16:00:00,31967.0,31004.04,962.9609375,962.9609375,3.012359425344887
2025-04-07 17:00:00,31257.0,30543.7,713.30078125,713.30078125,2.2820513205042072
2025-04-07 18:00:00,30647.0,30138.87,508.130859375,508.130859375,1.6580117446242697
2025-04-07 19:00:00,30161.0,29838.027,322.97265625,322.97265625,1.0708287399290475
2025-04-07 20:00:00,29871.0,29618.041,252.958984375,252.958984375,0.8468380180609957
2025-04-07 21:00:00,29576.0,29526.629,49.37109375,49.37109375,0.16692958395320528
2025-04-07 22:00:00,29470.0,29810.123,-340.123046875,340.123046875,1.1541331756871394
2025-04-07 23:00:00,29533.0,30172.1,-639.099609375,639.099609375,2.1640185872583215
2025-04-08 00:00:00,29741.0,30251.475,-510.474609375,510.474609375,1.716400287061632
2025-04-08 01:00:00,30112.0,30449.895,-337.89453125,337.89453125,1.122125834384963
2025-04-08 02:00:00,30813.0,31431.664,-618.6640625,618.6640625,2.0078021046311623
2025-04-08 03:00:00,30415.0,31011.178,-596.177734375,596.177734375,1.960143792125596
2025-04-08 04:00:00,29380.0,30292.705,-912.705078125,912.705078125,3.1065523421545267
2025-04-08 05:00:00,28362.0,29068.508,-706.5078125,706.5078125,2.49103664233834
2025-04-08 06:00:00,27774.0,28041.02,-267.01953125,267.01953125,0.961401063044574
2025-04-08 07:00:00,27644.0,27730.557,-86.556640625,86.556640625,0.31311185293372884
2025-04-08 08:00:00,27701.0,28113.127,-412.126953125,412.126953125,1.4877692253889752
2025-04-08 09:00:00,27946.0,28385.867,-439.8671875,439.8671875,1.5739897928147142
2025-04-08 10:00:00,28649.0,29026.355,-377.35546875,377.35546875,1.3171680294251107
2025-04-08 11:00:00,30145.0,30047.041,97.958984375,97.958984375,0.3249593112456461
2025-04-08 12:00:00,32411.0,31524.7,886.30078125,886.30078125,2.734567835765635
2025-04-08 13:00:00,33476.0,32553.318,922.681640625,922.681640625,2.7562481796660294
2025-04-08 14:00:00,32842.0,32353.092,488.908203125,488.908203125,1.4886675693471774
2025-04-08 15:00:00,31956.0,31464.084,491.916015625,491.916015625,1.539354160799224
2025-04-08 16:00:00,31266.0,30972.55,293.44921875,293.44921875,0.9385569588370755
2025-04-08 17:00:00,30691.0,30340.33,350.669921875,350.669921875,1.1425822614935974
2025-04-08 18:00:00,30247.0,30040.682,206.318359375,206.318359375,0.6821118106754388
2025-04-08 19:00:00,29989.0,29730.623,258.376953125,258.376953125,0.8615724203041115
2025-04-08 20:00:00,29772.0,29535.887,236.11328125,236.11328125,0.7930716151081553
2025-04-08 21:00:00,29663.0,29446.596,216.404296875,216.404296875,0.7295428543134544
2025-04-08 22:00:00,29816.0,29398.129,417.87109375,417.87109375,1.4014995094915483
2025-04-08 23:00:00,29930.0,29475.488,454.51171875,454.51171875,1.5185824214834613
2025-04-09 00:00:00,30032.0,29848.758,183.2421875,183.2421875,0.6101564581113479
2025-04-09 01:00:00,30162.0,29990.453,171.546875,171.546875,0.5687516577150056
2025-04-09 02:00:00,30676.0,30320.203,355.796875,355.796875,1.1598542019820055
2025-04-09 03:00:00,30118.0,30018.016,99.984375,99.984375,0.33197547977953384
2025-04-09 04:00:00,28784.0,28993.184,-209.18359375,209.18359375,0.7267356647790439
2025-04-09 05:00:00,27431.0,27951.674,-520.673828125,520.673828125,1.8981219354926908
2025-04-09 06:00:00,26595.0,27261.625,-666.625,666.625,2.506580184245159
2025-04-09 07:00:00,26186.0,26991.582,-805.58203125,805.58203125,3.076384446841824
2025-04-09 08:00:00,25999.0,26885.184,-886.18359375,886.18359375,3.4085295347897997
2025-04-09 09:00:00,26032.0,27071.088,-1039.087890625,1039.087890625,3.9915791741894595
2025-04-09 10:00:00,26389.0,27522.875,-1133.875,1133.875,4.296771382015234
2025-04-09 11:00:00,27503.0,28819.832,-1316.83203125,1316.83203125,4.787957790968258
2025-04-09 12:00:00,29665.0,30520.223,-855.22265625,855.22265625,2.882934961233777
2025-04-09 13:00:00,30729.0,31608.979,-879.978515625,879.978515625,2.863674430098604
2025-04-09 14:00:00,30542.0,31178.766,-636.765625,636.765625,2.0848851581428853
2025-04-09 15:00:00,30122.0,30875.244,-753.244140625,753.244140625,2.5006445143914746
2025-04-09 16:00:00,29925.0,30362.045,-437.044921875,437.044921875,1.4604675751879699
2025-04-09 17:00:00,29840.0,30039.582,-199.58203125,199.58203125,0.6688405872989276
2025-04-09 18:00:00,29927.0,30278.92,-351.919921875,351.919921875,1.1759278306378855
2025-04-09 19:00:00,30239.0,30664.834,-425.833984375,425.833984375,1.4082277336386786
2025-04-09 20:00:00,30470.0,30280.053,189.947265625,189.947265625,0.6233910916475222
2025-04-09 21:00:00,30832.0,30351.18,480.8203125,480.8203125,1.5594846669045148
2025-04-09 22:00:00,31301.0,30734.506,566.494140625,566.494140625,1.8098276113382958
2025-04-09 23:00:00,31550.0,30669.918,880.08203125,880.08203125,2.7894834587955626
2025-04-10 00:00:00,31639.0,31007.568,631.431640625,631.431640625,1.9957382996460067
2025-04-10 01:00:00,31293.0,30314.4,978.599609375,978.599609375,3.1272157011951554
2025-04-10 02:00:00,31284.0,30263.496,1020.50390625,1020.50390625,3.262063375047948
2025-04-10 03:00:00,30432.0,29897.74,534.259765625,534.259765625,1.755585454866588
2025-04-10 04:00:00,28749.0,28428.29,320.7109375,320.7109375,1.1155551062645657
2025-04-10 05:00:00,27160.0,26999.18,160.8203125,160.8203125,0.5921219164212076
2025-04-10 06:00:00,26209.0,26149.3,59.69921875,59.69921875,0.22778136804151244
2025-04-10 07:00:00,25666.0,25697.97,-31.970703125,31.970703125,0.12456441644588172
2025-04-10 08:00:00,25415.0,25447.299,-32.298828125,32.298828125,0.12708569004524886
2025-04-10 09:00:00,25444.0,25584.742,-140.7421875,140.7421875,0.5531448966357491
2025-04-10 10:00:00,25835.0,26144.938,-309.9375,309.9375,1.1996806657634993
2025-04-10 11:00:00,26927.0,26884.59,42.41015625,42.41015625,0.15750048742897463
2025-04-10 12:00:00,28936.0,28848.096,87.904296875,87.904296875,0.30378869531034003
2025-04-10 13:00:00,30014.0,29928.326,85.673828125,85.673828125,0.28544621884787097
2025-04-10 14:00:00,30174.0,29830.506,343.494140625,343.494140625,1.1383778770630344
2025-04-10 15:00:00,30111.0,29851.842,259.158203125,259.158203125,0.860676175234964
2025-04-10 16:00:00,30304.0,30127.822,176.177734375,176.177734375,0.5813679196640708
2025-04-10 17:00:00,30448.0,29941.164,506.8359375,506.8359375,1.6645951704545456
2025-04-10 18:00:00,30653.0,30279.045,373.955078125,373.955078125,1.2199624119172674
2025-04-10 19:00:00,31021.0,30231.814,789.185546875,789.185546875,2.5440364490989973
2025-04-10 20:00:00,31029.0,30253.797,775.203125,775.203125,2.4983181056431083
2025-04-10 21:00:00,31029.0,30384.832,644.16796875,644.16796875,2.076019107125592
2025-04-10 22:00:00,31029.0,30643.43,385.5703125,385.5703125,1.2426127574204777
2025-04-10 23:00:00,31029.0,30751.234,277.765625,277.765625,0.8951807180379644
2025-04-11 00:00:00,31029.0,31112.555,-83.5546875,83.5546875,0.2692793435173547
2025-04-11 01:00:00,31029.0,30295.727,733.2734375,733.2734375,2.36318746172935
2025-04-11 02:00:00,31029.0,30451.525,577.474609375,577.474609375,1.8610803099519804
2025-04-11 03:00:00,31029.0,29700.084,1328.916015625,1328.916015625,4.2828193484321115
2025-04-11 04:00:00,31029.0,28385.125,2643.875,2643.875,8.520658094041059
2025-04-11 05:00:00,31029.0,26963.59,4065.41015625,4065.41015625,13.101969629217827
2025-04-11 06:00:00,31029.0,25985.234,5043.765625,5043.765625,16.2550053981759
2025-04-11 07:00:00,31029.0,25301.982,5727.017578125,5727.017578125,18.456984041138934
2025-04-11 08:00:00,31029.0,25263.648,5765.3515625,5765.3515625,18.580526483289823
2025-04-11 09:00:00,31029.0,25342.86,5686.140625,5686.140625,18.32524614070708
2025-04-11 10:00:00,31029.0,25641.576,5387.423828125,5387.423828125,17.3625441623159
2025-04-11 11:00:00,31029.0,26674.82,4354.1796875,4354.1796875,14.032613643688164
2025-04-11 12:00:00,31029.0,28222.322,2806.677734375,2806.677734375,9.045337375922525
2025-04-11 13:00:00,31029.0,29337.97,1691.029296875,1691.029296875,5.449834982999775
2025-04-11 14:00:00,31029.0,29437.516,1591.484375,1591.484375,5.129022446743369
2025-04-11 15:00:00,31029.0,29366.014,1662.986328125,1662.986328125,5.359458339376068
2025-04-11 16:00:00,31029.0,29430.525,1598.474609375,1598.474609375,5.151550515243804
2025-04-11 17:00:00,31029.0,29443.957,1585.04296875,1585.04296875,5.108263136904187
2025-04-11 18:00:00,31029.0,29635.395,1393.60546875,1393.60546875,4.491299973411969
2025-04-11 19:00:00,31029.0,29840.625,1188.375,1188.375,3.82988494634052
2025-04-11 20:00:00,31029.0,29938.752,1090.248046875,1090.248046875,3.513642227835251
2025-04-11 21:00:00,31029.0,29955.041,1073.958984375,1073.958984375,3.4611459743304653
2025-04-11 22:00:00,31029.0,29973.809,1055.19140625,1055.19140625,3.4006619815334047
2025-04-11 23:00:00,31029.0,29836.2,1192.80078125,1192.80078125,3.8441483168970962
2025-04-12 00:00:00,31029.0,29507.986,1521.013671875,1521.013671875,4.901910057929679
2025-04-12 01:00:00,31029.0,29245.719,1783.28125,1783.28125,5.747143800960393
2025-04-12 02:00:00,31029.0,29331.504,1697.49609375,1697.49609375,5.47067612153147
2025-04-12 03:00:00,31029.0,29297.723,1731.27734375,1731.27734375,5.579546049663218
2025-04-12 04:00:00,31029.0,29020.414,2008.5859375,2008.5859375,6.473253851235941
2025-04-12 05:00:00,31029.0,28666.713,2362.287109375,2362.287109375,7.6131590105224145
2025-04-12 06:00:00,26242.0,28466.598,-2224.59765625,2224.59765625,8.477241278294336
2025-04-12 07:00:00,25691.0,28314.967,-2623.966796875,2623.966796875,10.213564271048227
2025-04-12 08:00:00,25304.0,28210.691,-2906.69140625,2906.69140625,11.487082699375593
2025-04-12 09:00:00,25238.0,28083.213,-2845.212890625,2845.212890625,11.273527579938982
2025-04-12 10:00:00,25470.0,28013.283,-2543.283203125,2543.283203125,9.985407157930899
2025-04-12 11:00:00,25916.0,28035.482,-2119.482421875,2119.482421875,8.178277596369037
2025-04-12 12:00:00,26744.0,28255.816,-1511.81640625,1511.81640625,5.652918061060425
2025-04-13 15:00:00,27406.0,27877.191,-471.19140625,471.19140625,1.719300176056338
2025-04-13 16:00:00,28003.0,28395.818,-392.818359375,392.818359375,1.402772415009106
2025-04-13 17:00:00,28670.0,28672.938,-2.9375,2.9375,0.010245901639344262
2025-04-13 18:00:00,29771.0,29041.89,729.109375,729.109375,2.449059067548957
2025-04-13 19:00:00,30730.0,29305.445,1424.5546875,1424.5546875,4.635713268792711
2025-04-13 20:00:00,31600.0,29357.904,2242.095703125,2242.095703125,7.095239566851267
2025-04-13 21:00:00,32562.0,29740.662,2821.337890625,2821.337890625,8.66451044353848
2025-04-13 22:00:00,33537.0,30194.041,3342.958984375,3342.958984375,9.96797264029281
2025-04-13 23:00:00,34304.0,29576.14,4727.859375,4727.859375,13.782239316114739
2025-04-14 00:00:00,34310.0,30751.365,3558.634765625,3558.634765625,10.372004563174002
2025-04-14 01:00:00,33791.0,30570.344,3220.65625,3220.65625,9.531106655618359
2025-04-14 02:00:00,33584.0,30186.225,3397.775390625,3397.775390625,10.117244493285494
2025-04-14 03:00:00,32511.0,29678.979,2832.021484375,2832.021484375,8.710963933361015
2025-04-14 04:00:00,30619.0,28969.412,1649.587890625,1649.587890625,5.387464942111107
2025-04-14 05:00:00,28724.0,28397.008,326.9921875,326.9921875,1.1383936342431416
2025-04-14 06:00:00,27337.0,27029.39,307.609375,307.609375,1.1252492043750228
2025-04-14 07:00:00,26443.0,25941.242,501.7578125,501.7578125,1.8975071379949324
2025-04-14 08:00:00,25914.0,25721.863,192.13671875,192.13671875,0.7414398346453654
2025-04-14 09:00:00,25710.0,25515.621,194.37890625,194.37890625,0.7560439760793466
2025-04-14 10:00:00,25891.0,25547.535,343.46484375,343.46484375,1.3265800616044185
2025-04-14 11:00:00,26855.0,26425.459,429.541015625,429.541015625,1.5994824636939118
2025-04-14 12:00:00,28656.0,27466.176,1189.82421875,1189.82421875,4.152094565710497
2025-04-14 13:00:00,29733.0,28284.266,1448.734375,1448.734375,4.872479652238254
2025-04-14 14:00:00,30275.0,29144.693,1130.306640625,1130.306640625,3.7334653695293145
2025-04-14 15:00:00,30572.0,29189.861,1382.138671875,1382.138671875,4.5209298438931045
2025-04-14 16:00:00,30635.0,29424.846,1210.154296875,1210.154296875,3.950234362249062
2025-04-14 17:00:00,30635.0,29492.05,1142.94921875,1142.94921875,3.730860841357924
2025-04-14 18:00:00,30635.0,30074.152,560.84765625,560.84765625,1.8307414925738534
2025-04-14 19:00:00,30635.0,30545.799,89.201171875,89.201171875,0.2911740554104782
2025-04-14 20:00:00,30635.0,31006.467,-371.466796875,371.466796875,1.212556869185572
2025-04-14 21:00:00,30635.0,31413.633,-778.6328125,778.6328125,2.541644565039987
2025-04-14 22:00:00,30635.0,32278.506,-1643.505859375,1643.505859375,5.364797974130895
2025-04-14 23:00:00,30635.0,32614.36,-1979.359375,1979.359375,6.461104537293945
2025-04-15 00:00:00,30635.0,32353.031,-1718.03125,1718.03125,5.608066753713073
2025-04-15 01:00:00,30635.0,32068.64,-1433.640625,1433.640625,4.679747429410805
2025-04-15 02:00:00,30635.0,32391.932,-1756.931640625,1756.931640625,5.735046974457321
2025-04-15 03:00:00,30635.0,31532.287,-897.287109375,897.287109375,2.928960696507263
2025-04-15 04:00:00,30635.0,29918.447,716.552734375,716.552734375,2.339000275420271
2025-04-15 05:00:00,30635.0,28493.604,2141.396484375,2141.396484375,6.990032591398728
2025-04-15 06:00:00,30635.0,27375.873,3259.126953125,3259.126953125,10.638573374000327
2025-04-15 07:00:00,30635.0,27012.78,3622.220703125,3622.220703125,11.823798606577444
2025-04-15 08:00:00,30635.0,26441.105,4193.89453125,4193.89453125,13.689879325118328
2025-04-15 09:00:00,30635.0,26570.104,4064.896484375,4064.896484375,13.268798708584953
2025-04-15 10:00:00,30635.0,26646.389,3988.611328125,3988.611328125,13.019785631222458
2025-04-15 11:00:00,30635.0,27640.803,2994.197265625,2994.197265625,9.773779225150971
2025-04-15 12:00:00,30635.0,28751.162,1883.837890625,1883.837890625,6.149299463440509
2025-04-15 13:00:00,30635.0,29607.238,1027.76171875,1027.76171875,3.354861167781949
2025-04-15 14:00:00,30635.0,29794.846,840.154296875,840.154296875,2.7424654704586255
2025-04-15 15:00:00,30635.0,29843.105,791.89453125,791.89453125,2.5849340011424844
2025-04-15 16:00:00,30635.0,29957.94,677.060546875,677.060546875,2.21008828749796
2025-04-15 17:00:00,30635.0,29768.938,866.0625,866.0625,2.827036069854741
2025-04-15 18:00:00,30635.0,29732.229,902.771484375,902.771484375,2.946863014117839
2025-04-15 19:00:00,30635.0,29659.12,975.880859375,975.880859375,3.1855095785049783
2025-04-15 20:00:00,30635.0,29662.04,972.9609375,972.9609375,3.1759782519993474
2025-04-15 21:00:00,30635.0,29638.213,996.787109375,996.787109375,3.2537526011914473
2025-04-15 22:00:00,30635.0,29607.045,1027.955078125,1027.955078125,3.355492339236168
2025-04-15 23:00:00,30635.0,29692.975,942.025390625,942.025390625,3.0749971947935366
2025-04-16 00:00:00,30635.0,29809.922,825.078125,825.078125,2.693253223437245
2025-04-16 01:00:00,30635.0,29967.227,667.7734375,667.7734375,2.1797729312877427
2025-04-16 02:00:00,30635.0,30105.951,529.048828125,529.048828125,1.7269424779663782
2025-04-16 03:00:00,30635.0,29996.373,638.626953125,638.626953125,2.084631803900767
2025-04-16 04:00:00,30635.0,29554.365,1080.634765625,1080.634765625,3.5274514954300638
2025-04-16 05:00:00,30635.0,29288.139,1346.861328125,1346.861328125,4.39647895585115
2025-04-16 06:00:00,26521.0,29371.184,-2850.18359375,2850.18359375,10.746893381659817
2025-04-16 07:00:00,26017.0,29035.533,-3018.533203125,3018.533203125,11.602157063170235
2025-04-16 08:00:00,25925.0,28969.922,-3044.921875,3044.921875,11.745118129218902
2025-04-16 09:00:00,26034.0,29010.65,-2976.650390625,2976.650390625,11.433703582334639
2025-04-16 10:00:00,26435.0,29145.4,-2710.400390625,2710.400390625,10.253075054378664
2025-04-16 11:00:00,27573.0,29220.652,-1647.65234375,1647.65234375,5.975600564864179
2025-04-16 12:00:00,29575.0,29607.826,-32.826171875,32.826171875,0.11099297337278106
2025-04-16 13:00:00,30602.0,29881.117,720.8828125,720.8828125,2.355672219136004
2025-04-16 14:00:00,30508.0,29930.432,577.568359375,577.568359375,1.8931701828208993
2025-04-16 15:00:00,30387.0,29895.266,491.734375,491.734375,1.6182392964096488
2025-04-16 16:00:00,30430.0,30277.268,152.732421875,152.732421875,0.5019139726421294
2025-04-16 17:00:00,30461.0,30193.34,267.66015625,267.66015625,0.8786978636617313
2025-04-16 18:00:00,30659.0,30651.467,7.533203125,7.533203125,0.02457093553279624
2025-04-16 19:00:00,31039.0,30940.16,98.83984375,98.83984375,0.31843759061181093
2025-04-16 20:00:00,31452.0,31328.08,123.919921875,123.919921875,0.3939969536913392
2025-04-16 21:00:00,32101.0,31385.111,715.888671875,715.888671875,2.2301133044920722
2025-04-16 22:00:00,32639.0,31504.412,1134.587890625,1134.587890625,3.4761723417537302
2025-04-16 23:00:00,33080.0,31607.877,1472.123046875,1472.123046875,4.450190589102176
2025-04-17 00:00:00,33220.0,32347.373,872.626953125,872.626953125,2.626812020243829
2025-04-17 01:00:00,32854.0,32245.684,608.31640625,608.31640625,1.851574865313204
2025-04-17 02:00:00,32869.0,32048.61,820.390625,820.390625,2.49594032370927
2025-04-17 03:00:00,32105.0,31410.691,694.30859375,694.30859375,2.1626182642890517
2025-04-17 04:00:00,30424.0,30650.393,-226.392578125,226.392578125,0.7441249609683145
2025-04-17 05:00:00,28819.0,29798.43,-979.4296875,979.4296875,3.3985554235053264
2025-04-17 06:00:00,27583.0,26803.297,779.703125,779.703125,2.826752438095929
2025-04-17 07:00:00,26786.0,25737.203,1048.796875,1048.796875,3.9154665683566043
2025-04-17 08:00:00,26298.0,25503.844,794.15625,794.15625,3.0198351585671914
2025-04-17 09:00:00,26087.0,25536.137,550.86328125,550.86328125,2.1116390587265688
2025-04-17 10:00:00,26179.0,26138.25,40.75,40.75,0.15565911608541197
2025-04-17 11:00:00,27091.0,27063.812,27.1875,27.1875,0.10035620685836626
2025-04-17 12:00:00,28807.0,29075.455,-268.455078125,268.455078125,0.9319091822300136
2025-04-17 13:00:00,29939.0,30127.352,-188.3515625,188.3515625,0.6291177477537659
2025-04-17 14:00:00,30567.0,30294.363,272.63671875,272.63671875,0.8919315560899008
2025-04-17 15:00:00,31121.0,30600.006,520.994140625,520.994140625,1.6740919013688504
2025-04-17 16:00:00,31785.0,31133.008,651.9921875,651.9921875,2.0512574720780243
2025-04-17 17:00:00,32405.0,31228.13,1176.869140625,1176.869140625,3.631751706912514
2025-04-17 18:00:00,33234.0,31721.805,1512.1953125,1512.1953125,4.5501453707047
2025-04-17 19:00:00,34254.0,32351.543,1902.45703125,1902.45703125,5.553970430460676
2025-04-17 20:00:00,35041.0,33090.656,1950.34375,1950.34375,5.565890670928341
2025-04-17 21:00:00,35649.0,33835.82,1813.1796875,1813.1796875,5.086200699879379
2025-04-17 22:00:00,36142.0,34375.68,1766.3203125,1766.3203125,4.887168149244646
2025-04-17 23:00:00,36303.0,34431.484,1871.515625,1871.515625,5.1552643720904605
2025-04-18 00:00:00,36053.0,34878.33,1174.671875,1174.671875,3.2581806645771505
2025-04-18 01:00:00,35276.0,33989.508,1286.4921875,1286.4921875,3.6469332903390406
2025-04-18 02:00:00,34823.0,33989.258,833.7421875,833.7421875,2.3942284912270626
2025-04-18 03:00:00,33893.0,33016.113,876.88671875,876.88671875,2.5872207203552358
2025-04-18 04:00:00,32221.0,31459.277,761.72265625,761.72265625,2.3640565353340985
2025-04-18 05:00:00,30447.0,29888.055,558.9453125,558.9453125,1.8357976565835714
2025-04-18 06:00:00,29110.0,28461.275,648.724609375,648.724609375,2.2285283729817933
2025-04-18 07:00:00,28158.0,27733.648,424.3515625,424.3515625,1.5070372984586973
2025-04-18 08:00:00,27519.0,27200.268,318.732421875,318.732421875,1.1582267592390711
2025-04-18 09:00:00,27165.0,26879.414,285.5859375,285.5859375,1.051301076753175
2025-04-18 10:00:00,27174.0,26878.957,295.04296875,295.04296875,1.085754650585118
2025-04-18 11:00:00,27635.0,27458.3,176.69921875,176.69921875,0.6394037226343405
2025-04-18 12:00:00,28567.0,28552.564,14.435546875,14.435546875,0.05053224656071691
2025-04-18 13:00:00,29422.0,29547.77,-125.76953125,125.76953125,0.42746764750866695
2025-04-18 14:00:00,30288.0,29811.992,476.0078125,476.0078125,1.5716052974775487
2025-04-18 15:00:00,31058.0,30419.59,638.41015625,638.41015625,2.0555417485028014
2025-04-18 16:00:00,31674.0,30802.438,871.5625,871.5625,2.751665403801225
2025-04-18 17:00:00,32014.0,30910.205,1103.794921875,1103.794921875,3.447850696179797
2025-04-18 18:00:00,32019.0,31710.393,308.607421875,308.607421875,0.9638259217183547
2025-04-18 19:00:00,32038.0,32098.145,-60.14453125,60.14453125,0.1877287322866596
2025-04-18 20:00:00,32009.0,32586.77,-577.76953125,577.76953125,1.805022122684245
2025-04-18 21:00:00,31815.0,32932.605,-1117.60546875,1117.60546875,3.5128256129184345
2025-04-18 22:00:00,31701.0,33313.41,-1612.41015625,1612.41015625,5.086306918551465
2025-04-18 23:00:00,31557.0,33347.594,-1790.59375,1790.59375,5.6741570808378485
2025-04-19 00:00:00,31048.0,32567.207,-1519.20703125,1519.20703125,4.893091443088122
2025-04-19 01:00:00,30598.0,32184.25,-1586.25,1586.25,5.184162363553173
2025-04-19 02:00:00,30712.0,31635.81,-923.810546875,923.810546875,3.007979118504168
2025-04-19 03:00:00,30163.0,31209.98,-1046.98046875,1046.98046875,3.471075386234791
2025-04-19 04:00:00,29190.0,29907.729,-717.728515625,717.728515625,2.4588164289996572
2025-04-19 05:00:00,28000.0,28565.809,-565.80859375,565.80859375,2.0207449776785715
2025-04-19 06:00:00,27025.0,27087.764,-62.763671875,62.763671875,0.23224300416281224
2025-04-19 07:00:00,26409.0,26113.77,295.23046875,295.23046875,1.1179161223446552
2025-04-19 08:00:00,25971.0,25485.348,485.65234375,485.65234375,1.8699793760348078
2025-04-19 09:00:00,25856.0,25242.713,613.287109375,613.287109375,2.3719334366297957
2025-04-19 10:00:00,25809.0,25275.855,533.14453125,533.14453125,2.0657310676508196
2025-04-19 11:00:00,26032.0,25601.596,430.404296875,430.404296875,1.653366229544407
2025-04-19 12:00:00,26564.0,26383.777,180.22265625,180.22265625,0.6784469818174974
2025-04-19 13:00:00,27165.0,27145.799,19.201171875,19.201171875,0.0706834966869133
2025-04-19 14:00:00,28042.0,28009.979,32.021484375,32.021484375,0.11419115746023822
2025-04-19 15:00:00,28801.0,28449.781,351.21875,351.21875,1.2194672059997917
2025-04-19 16:00:00,29112.0,28906.873,205.126953125,205.126953125,0.7046130569009343
2025-04-19 17:00:00,29266.0,29159.875,106.125,106.125,0.36262215540217313
2025-04-19 18:00:00,29175.0,29158.906,16.09375,16.09375,0.05516281062553556
2025-04-19 19:00:00,29050.0,29089.523,-39.5234375,39.5234375,0.13605314113597247
2025-04-19 20:00:00,28807.0,29092.336,-285.3359375,285.3359375,0.9905090342625057
2025-04-19 21:00:00,28722.0,28955.201,-233.201171875,233.201171875,0.8119252554661931
2025-04-19 22:00:00,28805.0,28770.021,34.978515625,34.978515625,0.12143209729213679
2025-04-19 23:00:00,28976.0,28684.996,291.00390625,291.00390625,1.0042928846286583
2025-04-20 00:00:00,29025.0,28872.3,152.69921875,152.69921875,0.5260954995693368
2025-04-20 01:00:00,29035.0,28677.605,357.39453125,357.39453125,1.230909355088686
2025-04-20 02:00:00,29235.0,28730.49,504.509765625,504.509765625,1.725704688301693
2025-04-20 03:00:00,28998.0,28510.967,487.033203125,487.033203125,1.6795406687530174
2025-04-20 04:00:00,28159.0,27474.3,684.69921875,684.69921875,2.4315466413935156
2025-04-20 05:00:00,27107.0,26793.12,313.880859375,313.880859375,1.1579328563655145
2025-04-20 06:00:00,26309.0,25860.062,448.9375,448.9375,1.706402751909993
2025-04-20 07:00:00,25800.0,25280.99,519.009765625,519.009765625,2.011665758236434
2025-04-20 08:00:00,25525.0,24814.09,710.91015625,710.91015625,2.7851524240940257
2025-04-20 09:00:00,25367.0,24611.926,755.07421875,755.07421875,2.976600381401033
2025-04-20 10:00:00,25395.0,24609.154,785.845703125,785.845703125,3.0944898725142744
2025-04-20 11:00:00,25683.0,24655.35,1027.650390625,1027.650390625,4.001286417571935
2025-04-20 12:00:00,26256.0,25046.736,1209.263671875,1209.263671875,4.605666026336838
2025-04-20 13:00:00,27009.0,25502.846,1506.154296875,1506.154296875,5.576490417546003
2025-04-20 14:00:00,27909.0,26292.037,1616.962890625,1616.962890625,5.793696981708409
2025-04-20 15:00:00,28506.0,26856.668,1649.33203125,1649.33203125,5.785911847505789
2025-04-20 16:00:00,28742.0,27201.191,1540.80859375,1540.80859375,5.360825947220095
2025-04-20 17:00:00,28786.0,27627.941,1158.05859375,1158.05859375,4.022992405162232
2025-04-20 18:00:00,28731.0,27786.238,944.76171875,944.76171875,3.2883008553478823
2025-04-20 19:00:00,28562.0,27983.818,578.181640625,578.181640625,2.024303762429102
2025-04-20 20:00:00,28337.0,27829.188,507.8125,507.8125,1.7920474997353282
2025-04-20 21:00:00,28302.0,27802.43,499.5703125,499.5703125,1.7651413769344921
2025-04-20 22:00:00,28215.0,27817.973,397.02734375,397.02734375,1.4071498981038455
2025-04-20 23:00:00,28231.0,28030.914,200.0859375,200.0859375,0.7087454836881443
2025-04-21 00:00:00,28358.0,29058.58,-700.580078125,700.580078125,2.4704847948550674
2025-04-21 01:00:00,28485.0,29059.557,-574.556640625,574.556640625,2.017049817886607
2025-04-21 02:00:00,28890.0,29179.955,-289.955078125,289.955078125,1.0036520530460367
2025-04-21 03:00:00,28532.0,28922.33,-390.330078125,390.330078125,1.3680431730162625
2025-04-21 04:00:00,27580.0,28287.371,-707.37109375,707.37109375,2.564797294234953
2025-04-21 05:00:00,26534.0,27333.434,-799.43359375,799.43359375,3.01286497983719
2025-04-21 06:00:00,25814.0,26332.475,-518.474609375,518.474609375,2.008501624602929
2025-04-21 07:00:00,25409.0,25854.547,-445.546875,445.546875,1.753500236136802
2025-04-21 08:00:00,25240.0,25382.256,-142.255859375,142.255859375,0.5636127550515055
2025-04-21 09:00:00,25296.0,25116.795,179.205078125,179.205078125,0.7084324720311511
2025-04-21 10:00:00,25738.0,25097.104,640.896484375,640.896484375,2.4900788109993006
2025-04-21 11:00:00,26865.0,25974.61,890.390625,890.390625,3.3143146286990506
2025-04-21 12:00:00,28586.0,27616.379,969.62109375,969.62109375,3.391943936717274
2025-04-21 13:00:00,29683.0,28597.225,1085.775390625,1085.775390625,3.657903145318869
2025-04-21 14:00:00,29968.0,29188.402,779.59765625,779.59765625,2.6014337167979176
2025-04-21 15:00:00,29983.0,29573.018,409.982421875,409.982421875,1.367382923239836
2025-04-21 16:00:00,30033.0,29611.918,421.08203125,421.08203125,1.4020644998834615
2025-04-21 17:00:00,30122.0,29744.23,377.76953125,377.76953125,1.25413163551557
2025-04-21 18:00:00,30344.0,30025.965,318.03515625,318.03515625,1.0480989857962035
2025-04-21 19:00:00,30773.0,30347.256,425.744140625,425.744140625,1.3834989784063951
2025-04-21 20:00:00,31082.0,30343.596,738.404296875,738.404296875,2.37566532679686
2025-04-21 21:00:00,31481.0,30338.143,1142.857421875,1142.857421875,3.630308509497792
2025-04-21 22:00:00,31936.0,30296.256,1639.744140625,1639.744140625,5.134469378209544
2025-04-21 23:00:00,32289.0,30122.488,2166.51171875,2166.51171875,6.70975167626746
2025-04-22 00:00:00,32397.0,30085.979,2311.021484375,2311.021484375,7.133442863150909
2025-04-22 01:00:00,32098.0,29593.645,2504.35546875,2504.35546875,7.802216551654309
2025-04-22 02:00:00,32031.0,29544.057,2486.943359375,2486.943359375,7.764176452108895
2025-04-22 03:00:00,31225.0,29117.363,2107.63671875,2107.63671875,6.749837369895917
2025-04-22 04:00:00,29617.0,28377.219,1239.78125,1239.78125,4.186046020866394
2025-04-22 05:00:00,27998.0,27633.445,364.5546875,364.5546875,1.3020740320737194
2025-04-22 06:00:00,26781.0,26847.54,-66.5390625,66.5390625,0.2484562282961801
2025-04-22 07:00:00,26041.0,26345.336,-304.3359375,304.3359375,1.168679918205906
2025-04-22 08:00:00,25680.0,26225.355,-545.35546875,545.35546875,2.1236583674065423
2025-04-22 09:00:00,25543.0,26165.662,-622.662109375,622.662109375,2.437701559624946
2025-04-22 10:00:00,25743.0,26721.459,-978.458984375,978.458984375,3.8008739633104147
2025-04-22 11:00:00,26705.0,27580.49,-875.490234375,875.490234375,3.278375713817637
2025-04-22 12:00:00,28475.0,28511.15,-36.150390625,36.150390625,0.12695483977172958
2025-04-22 13:00:00,29476.0,29339.604,136.396484375,136.396484375,0.4627374283315239
2025-04-22 14:00:00,29786.0,29816.734,-30.734375,30.734375,0.10318396226415094
2025-04-22 15:00:00,30076.0,30000.545,75.455078125,75.455078125,0.25088136096887886
2025-04-22 16:00:00,30569.0,30401.674,167.326171875,167.326171875,0.5473720824200988
2025-04-22 17:00:00,31044.0,30692.176,351.82421875,351.82421875,1.133308268103337
2025-04-22 18:00:00,31590.0,31055.238,534.76171875,534.76171875,1.6928196225071226
2025-04-22 19:00:00,32351.0,31446.486,904.513671875,904.513671875,2.7959372874872495
2025-04-22 20:00:00,33103.0,31686.902,1416.09765625,1416.09765625,4.27785293251367
2025-04-22 21:00:00,33812.0,32013.193,1798.806640625,1798.806640625,5.320024371894593
2025-04-22 22:00:00,34505.0,32475.43,2029.5703125,2029.5703125,5.881960042022896
2025-04-22 23:00:00,34878.0,32686.818,2191.181640625,2191.181640625,6.282417686292218
2025-04-23 00:00:00,34773.0,33034.953,1738.046875,1738.046875,4.998265536479452
2025-04-23 01:00:00,34079.0,32627.809,1451.19140625,1451.19140625,4.258315696616685
2025-04-23 02:00:00,33667.0,32430.94,1236.060546875,1236.060546875,3.6714306201176226
2025-04-23 03:00:00,32633.0,31088.357,1544.642578125,1544.642578125,4.7333759633653045
2025-04-23 04:00:00,30727.0,29531.47,1195.529296875,1195.529296875,3.890810352051941
2025-04-23 05:00:00,28961.0,28099.957,861.04296875,861.04296875,2.973112008390594
2025-04-23 06:00:00,27683.0,26368.4,1314.599609375,1314.599609375,4.748761367536033
2025-04-23 07:00:00,26748.0,25585.678,1162.322265625,1162.322265625,4.345454858774487
2025-04-23 08:00:00,26252.0,25277.414,974.5859375,974.5859375,3.712425481868048
2025-04-23 09:00:00,25957.0,25271.492,685.5078125,685.5078125,2.6409362118118427
2025-04-23 10:00:00,26102.0,25681.762,420.23828125,420.23828125,1.609984986782622
2025-04-23 11:00:00,26980.0,26395.354,584.646484375,584.646484375,2.1669625069495924
2025-04-23 12:00:00,28697.0,28057.396,639.603515625,639.603515625,2.228816655486636
2025-04-23 13:00:00,29764.0,29103.316,660.68359375,660.68359375,2.2197406052613897
2025-04-23 14:00:00,30153.0,29556.475,596.525390625,596.525390625,1.9783284934334893
2025-04-23 15:00:00,30669.0,30183.148,485.8515625,485.8515625,1.5841780380840589
2025-04-23 16:00:00,31148.0,30439.883,708.1171875,708.1171875,2.27339536246308
2025-04-23 17:00:00,31585.0,30968.676,616.32421875,616.32421875,1.9513193564983378
2025-04-23 18:00:00,32211.0,31577.252,633.748046875,633.748046875,1.967489512511254
2025-04-23 19:00:00,32897.0,32318.67,578.330078125,578.330078125,1.7580024869288995
2025-04-23 20:00:00,33373.0,33149.633,223.3671875,223.3671875,0.6693050894435622
2025-04-23 21:00:00,33846.0,33492.883,353.1171875,353.1171875,1.0433055235478343
2025-04-23 22:00:00,34287.0,33720.543,566.45703125,566.45703125,1.652104387231312
2025-04-23 23:00:00,34476.0,33806.52,669.48046875,669.48046875,1.941873966672468
2025-04-24 00:00:00,34192.0,34075.94,116.05859375,116.05859375,0.33943201260528777
2025-04-24 01:00:00,33517.0,33499.97,17.03125,17.03125,0.05081376614852164
2025-04-24 02:00:00,33020.0,32881.62,138.37890625,138.37890625,0.41907603346456695
2025-04-24 03:00:00,32096.0,31887.283,208.716796875,208.716796875,0.6502891228657777
2025-04-24 04:00:00,30342.0,30062.076,279.923828125,279.923828125,0.9225622178004087
2025-04-24 05:00:00,28594.0,28417.18,176.8203125,176.8203125,0.6183825715185004
2025-04-24 06:00:00,27328.0,27061.637,266.36328125,266.36328125,0.9746899928644615
2025-04-24 07:00:00,26486.0,26216.982,269.017578125,269.017578125,1.0156972669523523
2025-04-24 08:00:00,25925.0,25824.824,100.17578125,100.17578125,0.3864060993249759
2025-04-24 09:00:00,25617.0,25410.771,206.228515625,206.228515625,0.8050455386071749
2025-04-24 10:00:00,25793.0,25562.133,230.8671875,230.8671875,0.8950769104020471
2025-04-24 11:00:00,26734.0,26353.746,380.25390625,380.25390625,1.4223606877010548
2025-04-24 12:00:00,28482.0,28132.02,349.98046875,349.98046875,1.2287777148725512
2025-04-24 13:00:00,29608.0,29145.81,462.189453125,462.189453125,1.5610289554343422
2025-04-24 14:00:00,30209.0,29635.977,573.0234375,573.0234375,1.8968633106028006
2025-04-24 15:00:00,30666.0,30090.629,575.37109375,575.37109375,1.8762508763777472
2025-04-24 16:00:00,31073.0,30521.006,551.994140625,551.994140625,1.7764430232838797
2025-04-24 17:00:00,31408.0,30955.967,452.033203125,452.033203125,1.4392295056195874
2025-04-24 18:00:00,31903.0,31799.76,103.240234375,103.240234375,0.32360666512553676
2025-04-24 19:00:00,32481.0,32440.691,40.30859375,40.30859375,0.124098992487916
2025-04-24 20:00:00,32719.0,33041.58,-322.578125,322.578125,0.9859045967175036
2025-04-24 21:00:00,32992.0,33178.215,-186.21484375,186.21484375,0.564424235420708
2025-04-24 22:00:00,33330.0,33510.074,-180.07421875,180.07421875,0.5402766839183918
2025-04-24 23:00:00,33582.0,33465.082,116.91796875,116.91796875,0.3481566575844202
2025-04-25 00:00:00,33454.0,33723.74,-269.73828125,269.73828125,0.8062960520416094
2025-04-25 01:00:00,32960.0,33075.957,-115.95703125,115.95703125,0.3518113812196602
2025-04-25 02:00:00,32723.0,32267.326,455.673828125,455.673828125,1.3925184980747487
2025-04-25 03:00:00,31828.0,31690.602,137.3984375,137.3984375,0.4316904533743874
2025-04-25 04:00:00,30278.0,30083.168,194.83203125,194.83203125,0.6434772153048418
2025-04-25 05:00:00,28648.0,28628.396,19.603515625,19.603515625,0.06842891519477799
2025-04-25 06:00:00,27478.0,27408.887,69.11328125,69.11328125,0.25152224051968847
2025-04-25 07:00:00,26734.0,26766.309,-32.30859375,32.30859375,0.12085207507294081
2025-04-25 08:00:00,26163.0,25973.795,189.205078125,189.205078125,0.7231780687421167
2025-04-25 09:00:00,25807.0,25563.105,243.89453125,243.89453125,0.9450712258302012
2025-04-25 10:00:00,25988.0,25788.896,199.103515625,199.103515625,0.7661363537979068
2025-04-25 11:00:00,26944.0,26657.305,286.6953125,286.6953125,1.0640413914043942
2025-04-25 12:00:00,28654.0,28110.016,543.984375,543.984375,1.89845876666434
2025-04-25 13:00:00,29656.0,28997.832,658.16796875,658.16796875,2.2193416804356625
2025-04-25 14:00:00,30445.0,29621.795,823.205078125,823.205078125,2.703908944407949
2025-04-25 15:00:00,30866.0,29996.018,869.982421875,869.982421875,2.8185784418939934
2025-04-25 16:00:00,31314.0,30303.064,1010.935546875,1010.935546875,3.228382023615635
2025-04-25 17:00:00,31657.0,30491.488,1165.51171875,1165.51171875,3.6816872058312535
2025-04-25 18:00:00,32068.0,30828.045,1239.955078125,1239.955078125,3.8666430027597607
2025-04-25 19:00:00,32768.0,31300.516,1467.484375,1467.484375,4.47840690612793
2025-04-25 20:00:00,33200.0,31372.656,1827.34375,1827.34375,5.504047439759036
2025-04-25 21:00:00,33538.0,31618.678,1919.322265625,1919.322265625,5.722828629092373
2025-04-25 22:00:00,33795.0,32336.666,1458.333984375,1458.333984375,4.31523593541944
2025-04-25 23:00:00,33607.0,32359.547,1247.453125,1247.453125,3.7118848007855503
2025-04-26 00:00:00,33037.0,31769.373,1267.626953125,1267.626953125,3.83699171572782
2025-04-26 01:00:00,32222.0,31107.643,1114.357421875,1114.357421875,3.4583744704704857
2025-04-26 02:00:00,31821.0,30822.201,998.798828125,998.798828125,3.138804022893687
2025-04-26 03:00:00,31096.0,30168.602,927.3984375,927.3984375,2.98237212985593
2025-04-26 04:00:00,29846.0,28555.967,1290.033203125,1290.033203125,4.322298475926422
2025-04-26 05:00:00,28380.0,27080.152,1299.84765625,1299.84765625,4.58015382751938
2025-04-26 06:00:00,27117.0,26152.732,964.267578125,964.267578125,3.5559522739425455
2025-04-26 07:00:00,26219.0,25723.543,495.45703125,495.45703125,1.8896869874899882
2025-04-26 08:00:00,25598.0,25128.07,469.9296875,469.9296875,1.8358062641612625
2025-04-26 09:00:00,25254.0,24733.83,520.169921875,520.169921875,2.059752601073097
2025-04-26 10:00:00,25198.0,24713.793,484.20703125,484.20703125,1.9216089818636402
2025-04-26 11:00:00,25424.0,25267.977,156.0234375,156.0234375,0.6136856415198239
2025-04-26 12:00:00,25995.0,26438.047,-443.046875,443.046875,1.7043542027312946
2025-04-26 13:00:00,26657.0,27290.9,-633.900390625,633.900390625,2.3779884856698055
2025-04-26 14:00:00,27609.0,27920.223,-311.22265625,311.22265625,1.1272507379839907
2025-04-26 15:00:00,28483.0,28281.693,201.306640625,201.306640625,0.7067606664501632
2025-04-26 16:00:00,29221.0,28571.186,649.814453125,649.814453125,2.2237926598165703
2025-04-26 17:00:00,29550.0,29045.895,504.10546875,504.10546875,1.7059406725888324
2025-04-26 18:00:00,29711.0,29374.166,336.833984375,336.833984375,1.1337012701524687
2025-04-26 19:00:00,29874.0,29612.035,261.96484375,261.96484375,0.876899122146348
2025-04-26 20:00:00,29979.0,30028.988,-49.98828125,49.98828125,0.16674432519430268
2025-04-26 21:00:00,29952.0,30198.852,-246.8515625,246.8515625,0.8241571931757478
2025-04-26 22:00:00,29899.0,30173.701,-274.701171875,274.701171875,0.9187637441887688
2025-04-26 23:00:00,30008.0,30393.713,-385.712890625,385.712890625,1.2853668709177553
2025-04-27 00:00:00,29750.0,30392.21,-642.2109375,642.2109375,2.1586922268907562
2025-04-27 01:00:00,29456.0,29802.775,-346.775390625,346.775390625,1.1772657204813959
2025-04-27 02:00:00,29502.0,29597.414,-95.4140625,95.4140625,0.32341557352043926
2025-04-27 03:00:00,29136.0,29103.537,32.462890625,32.462890625,0.11141848786724329
2025-04-27 04:00:00,28265.0,28081.822,183.177734375,183.177734375,0.6480726494781531
2025-04-27 05:00:00,27263.0,26636.385,626.615234375,626.615234375,2.2984089585702234
2025-04-27 06:00:00,26421.0,25996.072,424.927734375,424.927734375,1.608295425513796
2025-04-27 07:00:00,25761.0,25170.076,590.923828125,590.923828125,2.293869912367532
2025-04-27 08:00:00,25356.0,24621.719,734.28125,734.28125,2.8958875611295154
2025-04-27 09:00:00,25082.0,24433.242,648.7578125,648.7578125,2.5865473746112753
2025-04-27 10:00:00,24966.0,24443.863,522.13671875,522.13671875,2.091391166987102
2025-04-27 11:00:00,25237.0,24577.365,659.634765625,659.634765625,2.6137606118991954
2025-04-27 12:00:00,25652.0,25331.414,320.5859375,320.5859375,1.2497502631373771
2025-04-27 13:00:00,26252.0,25848.426,403.57421875,403.57421875,1.5373084669739447
2025-04-27 14:00:00,27255.0,26688.803,566.197265625,566.197265625,2.077406955145845
2025-04-27 15:00:00,28200.0,27382.758,817.2421875,817.2421875,2.8980219414893615
2025-04-27 16:00:00,28907.0,27933.357,973.642578125,973.642578125,3.3681896361607913
2025-04-27 17:00:00,29527.0,28319.35,1207.650390625,1207.650390625,4.089986759999323
2025-04-27 18:00:00,30117.0,28524.775,1592.224609375,1592.224609375,5.286796856841651
2025-04-27 19:00:00,30683.0,28821.893,1861.107421875,1861.107421875,6.065597959374898
2025-04-27 20:00:00,31017.0,28910.021,2106.978515625,2106.978515625,6.792979706693105
2025-04-27 21:00:00,31583.0,28925.73,2657.26953125,2657.26953125,8.413607102713486
2025-04-27 22:00:00,32082.0,29091.617,2990.3828125,2990.3828125,9.321061070070444
2025-04-27 23:00:00,32584.0,29155.59,3428.41015625,3428.41015625,10.521759625122758
2025-04-28 00:00:00,32617.0,30439.277,2177.72265625,2177.72265625,6.676649159180795
2025-04-28 01:00:00,32270.0,30224.836,2045.1640625,2045.1640625,6.337663658196467
2025-04-28 02:00:00,32329.0,29995.46,2333.5390625,2333.5390625,7.218098495159145
2025-04-28 03:00:00,31774.0,29790.117,1983.8828125,1983.8828125,6.243730133127714
2025-04-28 04:00:00,30347.0,29064.514,1282.486328125,1282.486328125,4.226072851105546
2025-04-28 05:00:00,28846.0,28124.303,721.697265625,721.697265625,2.5018971976183875
2025-04-28 06:00:00,27652.0,27212.299,439.701171875,439.701171875,1.5901243015875886
2025-04-28 07:00:00,26983.0,26391.713,591.287109375,591.287109375,2.1913319844902346
2025-04-28 08:00:00,26547.0,25858.42,688.580078125,688.580078125,2.5938150379515577
2025-04-28 09:00:00,26402.0,25734.852,667.1484375,667.1484375,2.526885984016362
2025-04-28 10:00:00,26631.0,25775.297,855.703125,855.703125,3.213184352821899
2025-04-28 11:00:00,27624.0,26835.893,788.107421875,788.107421875,2.8529808205726903
2025-04-28 12:00:00,29331.0,27961.85,1369.150390625,1369.150390625,4.6679294624288294
2025-04-28 13:00:00,30602.0,29125.695,1476.3046875,1476.3046875,4.824209814717992
2025-04-28 14:00:00,31443.0,29933.86,1509.140625,1509.140625,4.799607623318386
2025-04-28 15:00:00,32214.0,30672.113,1541.88671875,1541.88671875,4.786387032811821
2025-04-28 16:00:00,33002.0,31055.41,1946.58984375,1946.58984375,5.898399623507666
2025-04-28 17:00:00,33661.0,31854.201,1806.798828125,1806.798828125,5.367632655372686
2025-04-28 18:00:00,34433.0,32677.781,1755.21875,1755.21875,5.097490053146691
2025-04-28 19:00:00,35142.0,33340.15,1801.8515625,1801.8515625,5.127344950486598
2025-04-28 20:00:00,35573.0,34154.742,1418.2578125,1418.2578125,3.9868940277738734
2025-04-28 21:00:00,35880.0,34078.91,1801.08984375,1801.08984375,5.019759876672241
2025-04-28 22:00:00,36321.0,35455.418,865.58203125,865.58203125,2.383144823242752
2025-04-28 23:00:00,36360.0,34481.926,1878.07421875,1878.07421875,5.165220623624863
2025-04-29 00:00:00,36078.0,34763.38,1314.62109375,1314.62109375,3.643830294777981
2025-04-29 01:00:00,35434.0,34314.04,1119.9609375,1119.9609375,3.1606957653665972
2025-04-29 02:00:00,35023.0,33456.863,1566.13671875,1566.13671875,4.471737768751963
2025-04-29 03:00:00,34085.0,32590.453,1494.546875,1494.546875,4.384764192460026
2025-04-29 04:00:00,32132.0,30808.074,1323.92578125,1323.92578125,4.120271944634632
2025-04-29 05:00:00,30225.0,29346.13,878.869140625,878.869140625,2.907755634822167
2025-04-29 06:00:00,28731.0,27555.094,1175.90625,1175.90625,4.0928135115380595
2025-04-29 07:00:00,27822.0,26945.88,876.119140625,876.119140625,3.149015673298109
2025-04-29 08:00:00,27245.0,26702.434,542.56640625,542.56640625,1.9914347816113047
2025-04-29 09:00:00,26933.0,26676.914,256.0859375,256.0859375,0.9508258920283668
2025-04-29 10:00:00,27014.0,26539.82,474.1796875,474.1796875,1.7553109036055379
2025-04-29 11:00:00,27754.0,27297.424,456.576171875,456.576171875,1.6450824092923544
2025-04-29 12:00:00,29244.0,28635.113,608.88671875,608.88671875,2.082091091334975
2025-04-29 13:00:00,30205.0,29792.176,412.82421875,412.82421875,1.3667413300778017
2025-04-29 14:00:00,30588.0,30551.227,36.7734375,36.7734375,0.12022177814829346
2025-04-29 15:00:00,30652.0,30892.83,-240.830078125,240.830078125,0.7856912375212058
2025-04-29 16:00:00,30874.0,31374.074,-500.07421875,500.07421875,1.6197260437585022
2025-04-29 17:00:00,30938.0,31827.994,-889.994140625,889.994140625,2.876702245216239
2025-04-29 18:00:00,30959.0,32081.436,-1122.435546875,1122.435546875,3.6255549173907426
2025-04-29 19:00:00,31232.0,32830.746,-1598.74609375,1598.74609375,5.118936007140112
2025-04-29 20:00:00,31355.0,33013.52,-1658.51953125,1658.51953125,5.289489814224207
2025-04-29 21:00:00,31319.0,33221.12,-1902.12109375,1902.12109375,6.073377482518598
2025-04-29 22:00:00,31539.0,33699.56,-2160.55859375,2160.55859375,6.850434680078633
2025-04-29 23:00:00,31601.0,33453.926,-1852.92578125,1852.92578125,5.8635036272586305
2025-04-30 00:00:00,31547.0,33636.41,-2089.41015625,2089.41015625,6.623165930991854
2025-04-30 01:00:00,31357.0,33280.934,-1923.93359375,1923.93359375,6.135579276557069
2025-04-30 02:00:00,31306.0,32938.15,-1632.1484375,1632.1484375,5.213532350028748
2025-04-30 03:00:00,30680.0,32412.174,-1732.173828125,1732.173828125,5.645938162076272
2025-04-30 04:00:00,29249.0,30907.924,-1658.923828125,1658.923828125,5.6717283603712945
2025-04-30 05:00:00,27921.0,29145.605,-1224.60546875,1224.60546875,4.385965648615738
2025-04-30 06:00:00,26813.0,27814.3,-1001.30078125,1001.30078125,3.7343854893148842
2025-04-30 07:00:00,26116.0,26863.943,-747.943359375,747.943359375,2.8639277047595346
2025-04-30 08:00:00,25665.0,26557.186,-892.185546875,892.185546875,3.476273317260861
2025-04-30 09:00:00,25554.0,26097.68,-543.6796875,543.6796875,2.1275717598027706
2025-04-30 10:00:00,25739.0,26212.307,-473.306640625,473.306640625,1.8388695777807995
2025-04-30 11:00:00,26721.0,26924.877,-203.876953125,203.876953125,0.7629839943303021
2025-04-30 12:00:00,28473.0,28514.477,-41.4765625,41.4765625,0.14566980121518633
2025-04-30 13:00:00,29641.0,29433.047,207.953125,207.953125,0.7015725684018758
2025-04-30 14:00:00,30219.0,29720.918,498.08203125,498.08203125,1.6482412761838576
2025-04-30 15:00:00,30605.0,30124.098,480.90234375,480.90234375,1.5713195352066656
2025-04-30 16:00:00,30937.0,30120.68,816.3203125,816.3203125,2.6386537560202994
2025-04-30 17:00:00,31118.0,30210.52,907.48046875,907.48046875,2.9162557643486084
2025-04-30 18:00:00,31226.0,30334.959,891.041015625,891.041015625,2.8535227554762055
2025-04-30 19:00:00,31433.0,30493.283,939.716796875,939.716796875,2.989586730108485
2025-04-30 20:00:00,31342.0,30713.707,628.29296875,628.29296875,2.0046358520515604
2025-04-30 21:00:00,31184.0,30783.225,400.775390625,400.775390625,1.285195583071447
2025-04-30 22:00:00,31220.0,31033.918,186.08203125,186.08203125,0.5960346933055733
2025-04-30 23:00:00,31209.0,31044.896,164.103515625,164.103515625,0.5258211273190425
2025-05-01 00:00:00,31021.0,31285.443,-264.443359375,264.443359375,0.8524656180490635
2025-05-01 01:00:00,30715.0,30917.494,-202.494140625,202.494140625,0.6592679167344946
2025-05-01 02:00:00,30680.0,30686.877,-6.876953125,6.876953125,0.02241510145045632
2025-05-01 03:00:00,30248.0,30362.188,-114.1875,114.1875,0.37750429780481354
2025-05-01 04:00:00,28863.0,28925.871,-62.87109375,62.87109375,0.21782591466583515
2025-05-01 05:00:00,27371.0,27656.41,-285.41015625,285.41015625,1.0427465428738447
2025-05-01 06:00:00,26289.0,26384.46,-95.4609375,95.4609375,0.3631212199018601
2025-05-01 07:00:00,25718.0,25678.092,39.908203125,39.908203125,0.15517615337506804
2025-05-01 08:00:00,25307.0,25081.688,225.3125,225.3125,0.8903169083652746
2025-05-01 09:00:00,25183.0,24909.244,273.755859375,273.755859375,1.0870661135488227
2025-05-01 10:00:00,25438.0,25193.617,244.3828125,244.3828125,0.9606997896847236
2025-05-01 11:00:00,26320.0,26122.354,197.646484375,197.646484375,0.7509364907864742
2025-05-01 12:00:00,28026.0,27821.75,204.25,204.25,0.7287875544137586
2025-05-01 13:00:00,29052.0,29006.07,45.9296875,45.9296875,0.1580947525127358
2025-05-01 14:00:00,29607.0,29693.932,-86.931640625,86.931640625,0.2936185382679772
2025-05-01 15:00:00,29941.0,29871.729,69.271484375,69.271484375,0.2313599558297986
2025-05-01 16:00:00,30308.0,30210.45,97.55078125,97.55078125,0.32186479229906295
2025-05-01 17:00:00,30590.0,30542.502,47.498046875,47.498046875,0.1552731182576005
2025-05-01 18:00:00,31058.0,31027.879,30.12109375,30.12109375,0.09698336579947196
2025-05-01 19:00:00,31705.0,31074.76,630.240234375,630.240234375,1.9878260033906323
2025-05-01 20:00:00,32206.0,30975.291,1230.708984375,1230.708984375,3.8213655355368568
2025-05-01 21:00:00,32724.0,30910.623,1813.376953125,1813.376953125,5.541428166254125
2025-05-01 22:00:00,33252.0,31165.812,2086.1875,2086.1875,6.273870744616865
2025-05-01 23:00:00,33558.0,31020.08,2537.919921875,2537.919921875,7.562786584048513
2025-05-02 00:00:00,33441.0,31229.127,2211.873046875,2211.873046875,6.614255096662778
2025-05-02 01:00:00,32815.0,30644.6,2170.400390625,2170.400390625,6.61404964383666
2025-05-02 02:00:00,32398.0,30407.33,1990.669921875,1990.669921875,6.144422254074326
2025-05-02 03:00:00,31610.0,30060.55,1549.44921875,1549.44921875,4.901769119740589
2025-05-02 04:00:00,29914.0,28574.258,1339.7421875,1339.7421875,4.478646077087651
2025-05-02 05:00:00,28279.0,27201.873,1077.126953125,1077.126953125,3.80892872140104
2025-05-02 06:00:00,27013.0,26103.998,909.001953125,909.001953125,3.365053689427313
2025-05-02 07:00:00,26234.0,25526.344,707.65625,707.65625,2.697477510101395
2025-05-02 08:00:00,25765.0,25055.91,709.08984375,709.08984375,2.7521437754705995
2025-05-02 09:00:00,25613.0,24830.354,782.646484375,782.646484375,3.0556611266739546
2025-05-02 10:00:00,25732.0,25120.441,611.55859375,611.55859375,2.3766461749961136
2025-05-02 11:00:00,26494.0,25969.613,524.38671875,524.38671875,1.9792659422888201
2025-05-02 12:00:00,27928.0,27438.516,489.484375,489.484375,1.7526653358636495
2025-05-02 13:00:00,29113.0,28457.236,655.763671875,655.763671875,2.25247714723663
2025-05-02 14:00:00,29796.0,29068.357,727.642578125,727.642578125,2.4420814140320846
2025-05-02 15:00:00,30204.0,29434.828,769.171875,769.171875,2.546589441795789
2025-05-02 16:00:00,30563.0,29591.604,971.396484375,971.396484375,3.178341407502536
2025-05-02 17:00:00,30665.0,29814.154,850.845703125,850.845703125,2.774647654084461
2025-05-02 18:00:00,30646.0,30107.607,538.392578125,538.392578125,1.7568119106082358
2025-05-02 19:00:00,30713.0,30469.377,243.623046875,243.623046875,0.7932245201543321
2025-05-02 20:00:00,30669.0,31045.791,-376.791015625,376.791015625,1.2285728769278426
2025-05-02 21:00:00,30577.0,31142.303,-565.302734375,565.302734375,1.8487841657945516
2025-05-02 22:00:00,30506.0,31912.148,-1406.1484375,1406.1484375,4.609415975545794
2025-05-02 23:00:00,30444.0,32063.547,-1619.546875,1619.546875,5.319757177112075
2025-05-03 00:00:00,30077.0,31141.857,-1064.857421875,1064.857421875,3.540437616367989
2025-05-03 01:00:00,29643.0,30445.56,-802.560546875,802.560546875,2.707420122372904
2025-05-03 02:00:00,29462.0,30259.818,-797.818359375,797.818359375,2.7079572309245807
2025-05-03 03:00:00,29140.0,29705.81,-565.810546875,565.810546875,1.941697140957447
2025-05-03 04:00:00,28108.0,28517.39,-409.390625,409.390625,1.456491479294151
2025-05-03 05:00:00,26933.0,26939.297,-6.296875,6.296875,0.02337977573979876
2025-05-03 06:00:00,25963.0,25844.861,118.138671875,118.138671875,0.45502704569964947
2025-05-03 07:00:00,25361.0,25371.459,-10.458984375,10.458984375,0.04124042575213911
2025-05-03 08:00:00,25021.0,24737.164,283.8359375,283.8359375,1.1343908616761922
2025-05-03 09:00:00,24883.0,24413.648,469.3515625,469.3515625,1.8862338242977135
2025-05-03 10:00:00,24934.0,24573.041,360.958984375,360.958984375,1.447657753970482
2025-05-03 11:00:00,25328.0,24984.715,343.28515625,343.28515625,1.355358323791851
2025-05-03 12:00:00,25791.0,25768.008,22.9921875,22.9921875,0.08914810398976387
2025-05-03 13:00:00,26351.0,26734.318,-383.318359375,383.318359375,1.4546634259610642
2025-05-03 14:00:00,26941.0,27496.02,-555.01953125,555.01953125,2.0601296583274564
2025-05-03 15:00:00,27364.0,27975.219,-611.21875,611.21875,2.233660100862447
2025-05-03 16:00:00,27572.0,28028.314,-456.314453125,456.314453125,1.6549922135681123
2025-05-03 17:00:00,27680.0,28340.354,-660.353515625,660.353515625,2.3856702154082368
2025-05-03 18:00:00,27821.0,28421.738,-600.73828125,600.73828125,2.159297944897739
2025-05-03 19:00:00,27965.0,28469.795,-504.794921875,504.794921875,1.805095375916324
2025-05-03 20:00:00,28184.0,28402.115,-218.115234375,218.115234375,0.7738973686311382
2025-05-03 21:00:00,28552.0,28319.93,232.0703125,232.0703125,0.8127987969319137
2025-05-03 22:00:00,28961.0,28361.916,599.083984375,599.083984375,2.0685887378716203
2025-05-03 23:00:00,29370.0,28360.498,1009.501953125,1009.501953125,3.437187446799455
2025-05-04 00:00:00,29435.0,28862.438,572.5625,572.5625,1.9451758111092237
2025-05-04 01:00:00,29159.0,28226.703,932.296875,932.296875,3.1972868582598855
2025-05-04 02:00:00,28944.0,28054.027,889.97265625,889.97265625,3.074808790250138
2025-05-04 03:00:00,28647.0,27554.79,1092.2109375,1092.2109375,3.812653811917478
2025-05-04 04:00:00,27660.0,26820.943,839.056640625,839.056640625,3.0334658012472886
2025-05-04 05:00:00,26551.0,25761.826,789.173828125,789.173828125,2.972294181480924
2025-05-04 06:00:00,25574.0,25186.121,387.87890625,387.87890625,1.5166923682255415
2025-05-04 07:00:00,25014.0,24412.496,601.50390625,601.50390625,2.4046690103542017
2025-05-04 08:00:00,24668.0,24217.967,450.033203125,450.033203125,1.8243603175166208
2025-05-04 09:00:00,24498.0,23967.83,530.169921875,530.169921875,2.164135528920728
2025-05-04 10:00:00,24554.0,23986.604,567.396484375,567.396484375,2.3108108022114524
2025-05-04 11:00:00,24857.0,24165.738,691.26171875,691.26171875,2.7809539314881118
2025-05-04 12:00:00,25187.0,24590.016,596.984375,596.984375,2.3702083416047963
2025-05-04 13:00:00,25716.0,25385.314,330.685546875,330.685546875,1.2859136213835745
2025-05-04 14:00:00,26387.0,25690.963,696.037109375,696.037109375,2.6378031203812484
2025-05-04 15:00:00,26880.0,26287.12,592.880859375,592.880859375,2.205657958984375
2025-05-04 16:00:00,27301.0,26544.008,756.9921875,756.9921875,2.772763589245815
2025-05-04 17:00:00,27656.0,26962.95,693.05078125,693.05078125,2.5059689805105583
2025-05-04 18:00:00,28170.0,27042.758,1127.2421875,1127.2421875,4.001569710685126
2025-05-04 19:00:00,28577.0,27328.72,1248.279296875,1248.279296875,4.3681257545403644
2025-05-04 20:00:00,29073.0,27553.65,1519.349609375,1519.349609375,5.225981527104186
2025-05-04 21:00:00,29638.0,27876.21,1761.7890625,1761.7890625,5.944358804575208
2025-05-04 22:00:00,30416.0,28241.668,2174.33203125,2174.33203125,7.14864555250526
2025-05-04 23:00:00,31119.0,28392.104,2726.896484375,2726.896484375,8.762802417735145
2025-05-05 00:00:00,31283.0,29758.293,1524.70703125,1524.70703125,4.873915645078797
2025-05-05 01:00:00,30805.0,29170.05,1634.94921875,1634.94921875,5.307415090894335
2025-05-05 02:00:00,30465.0,28829.023,1635.9765625,1635.9765625,5.370019899885114
2025-05-05 03:00:00,29958.0,28671.258,1286.7421875,1286.7421875,4.295153840376527
2025-05-05 04:00:00,28406.0,27997.033,408.966796875,408.966796875,1.4397197665105963
2025-05-05 05:00:00,26715.0,27024.898,-309.8984375,309.8984375,1.1600166105184353
2025-05-05 06:00:00,25522.0,25720.871,-198.87109375,198.87109375,0.7792143787712561
2025-05-05 07:00:00,24927.0,25294.814,-367.814453125,367.814453125,1.4755664665824206
2025-05-05 08:00:00,24448.0,24722.668,-274.66796875,274.66796875,1.1234782753190444
2025-05-05 09:00:00,24390.0,24469.486,-79.486328125,79.486328125,0.32589720428454283
2025-05-05 10:00:00,24703.0,24469.486,233.513671875,233.513671875,0.9452846693721411
2025-05-05 11:00:00,25885.0,25401.61,483.390625,483.390625,1.8674546069152018
2025-05-05 12:00:00,27624.0,26869.674,754.326171875,754.326171875,2.7306913259303505
2025-05-05 13:00:00,28874.0,27877.844,996.15625,996.15625,3.4500112558010665
2025-05-05 14:00:00,29312.0,28752.531,559.46875,559.46875,1.9086679516921397
2025-05-05 15:00:00,29644.0,29105.918,538.08203125,538.08203125,1.8151465094116852
2025-05-05 16:00:00,30216.0,29289.086,926.9140625,926.9140625,3.067626629931162
2025-05-05 17:00:00,30552.0,29964.04,587.9609375,587.9609375,1.9244597325870645
2025-05-05 18:00:00,30929.0,30266.348,662.65234375,662.65234375,2.142495210805393
2025-05-05 19:00:00,31413.0,30488.834,924.166015625,924.166015625,2.9419858517970265
2025-05-05 20:00:00,31760.0,31191.893,568.107421875,568.107421875,1.7887513283217884
2025-05-05 21:00:00,32054.0,31149.63,904.369140625,904.369140625,2.821392464668996
2025-05-05 22:00:00,32361.0,31706.064,654.935546875,654.935546875,2.023842115123142
2025-05-05 23:00:00,32517.0,32113.564,403.435546875,403.435546875,1.2406911673124825
2025-05-06 00:00:00,32379.0,31717.201,661.798828125,661.798828125,2.0439137345964977
2025-05-06 01:00:00,31974.0,31022.605,951.39453125,951.39453125,2.975525524645024
2025-05-06 02:00:00,31649.0,30649.012,999.98828125,999.98828125,3.1596204658914973
2025-05-06 03:00:00,30891.0,30402.229,488.771484375,488.771484375,1.5822455873069827
2025-05-06 04:00:00,29217.0,28808.676,408.32421875,408.32421875,1.397556965978711
2025-05-06 05:00:00,27482.0,27727.525,-245.525390625,245.525390625,0.8934043760461393
2025-05-06 06:00:00,26193.0,26165.076,27.923828125,27.923828125,0.10660797970831902
2025-05-06 07:00:00,25451.0,25375.23,75.76953125,75.76953125,0.29770748202428193
2025-05-06 08:00:00,25035.0,24808.621,226.37890625,226.37890625,0.9042496754543639
2025-05-06 09:00:00,24923.0,24808.621,114.37890625,114.37890625,0.45892912671026764
2025-05-06 10:00:00,25119.0,25268.172,-149.171875,149.171875,0.5938607229587165
2025-05-06 11:00:00,26102.0,26233.94,-131.939453125,131.939453125,0.5054764122481036
2025-05-06 12:00:00,27696.0,27674.414,21.5859375,21.5859375,0.07793882690641248
2025-05-06 13:00:00,28911.0,28637.121,273.87890625,273.87890625,0.9473173056967935
2025-05-06 14:00:00,29380.0,29060.857,319.142578125,319.142578125,1.0862579241831178
2025-05-06 15:00:00,29765.0,29356.877,408.123046875,408.123046875,1.3711508378128674
2025-05-06 16:00:00,30292.0,29926.328,365.671875,365.671875,1.20715659249967
2025-05-06 17:00:00,30630.0,30108.967,521.033203125,521.033203125,1.7010551848677766
2025-05-06 18:00:00,30999.0,30620.39,378.609375,378.609375,1.2213599632246201
2025-05-06 19:00:00,31265.0,31005.252,259.748046875,259.748046875,0.8307949684151608
2025-05-06 20:00:00,31284.0,31474.238,-190.23828125,190.23828125,0.6081008862357754
2025-05-06 21:00:00,31252.0,31655.117,-403.1171875,403.1171875,1.2898924468833994
2025-05-06 22:00:00,31309.0,31819.814,-510.814453125,510.814453125,1.6315259290459614
2025-05-06 23:00:00,31207.0,31933.613,-726.61328125,726.61328125,2.3283663320729326
2025-05-07 00:00:00,30921.0,32082.773,-1161.7734375,1161.7734375,3.7572311293295817
2025-05-07 01:00:00,30717.0,31577.879,-860.87890625,860.87890625,2.8026138823778366
2025-05-07 02:00:00,30848.0,31140.807,-292.806640625,292.806640625,0.9491916514036567
2025-05-07 03:00:00,30324.0,30212.64,111.359375,111.359375,0.36723181308534497
2025-05-07 04:00:00,28962.0,28556.473,405.52734375,405.52734375,1.4002049021131138
2025-05-07 05:00:00,27510.0,27019.758,490.2421875,490.2421875,1.7820508451472192
2025-05-07 06:00:00,26372.0,25829.47,542.529296875,542.529296875,2.0572171123729714
2025-05-07 07:00:00,25753.0,25079.516,673.484375,673.484375,2.615168621131519
2025-05-07 08:00:00,25405.0,24758.13,646.869140625,646.869140625,2.5462276741783114
2025-05-07 09:00:00,25320.0,24587.227,732.7734375,732.7734375,2.894049911137441
2025-05-07 10:00:00,25581.0,24787.424,793.576171875,793.576171875,3.1022093423830186
2025-05-07 11:00:00,26527.0,25665.842,861.158203125,861.158203125,3.2463459988879255
2025-05-07 12:00:00,28248.0,27399.262,848.73828125,848.73828125,3.0045960112220333
2025-05-07 13:00:00,29397.0,28498.736,898.263671875,898.263671875,3.0556304108412427
2025-05-07 14:00:00,29857.0,29041.977,815.0234375,815.0234375,2.7297566316106776
2025-05-07 15:00:00,30184.0,29585.662,598.337890625,598.337890625,1.9823015194308242
2025-05-07 16:00:00,30542.0,29988.188,553.8125,553.8125,1.8132817104315369
2025-05-07 17:00:00,30733.0,30206.727,526.2734375,526.2734375,1.7124050287964079
2025-05-07 18:00:00,31000.0,30660.262,339.73828125,339.73828125,1.095929939516129
2025-05-07 19:00:00,31237.0,30789.771,447.228515625,447.228515625,1.4317268483689214
2025-05-07 20:00:00,31301.0,30910.082,390.91796875,390.91796875,1.2488992963483594
2025-05-07 21:00:00,31472.0,30769.635,702.365234375,702.365234375,2.231714649132562
2025-05-07 22:00:00,31688.0,31002.262,685.73828125,685.73828125,2.1640314354014136
2025-05-07 23:00:00,31849.0,31013.396,835.603515625,835.603515625,2.6236412936826903
2025-05-08 00:00:00,31795.0,31021.352,773.6484375,773.6484375,2.4332393064947317
2025-05-08 01:00:00,31400.0,30666.182,733.818359375,733.818359375,2.3370011445063694
2025-05-08 02:00:00,31207.0,30352.016,854.984375,854.984375,2.7397198545198194
2025-05-08 03:00:00,30797.0,30167.982,629.017578125,629.017578125,2.042463805321947
2025-05-08 04:00:00,29276.0,28780.312,495.6875,495.6875,1.6931530946850664
2025-05-08 05:00:00,27762.0,27091.824,670.17578125,670.17578125,2.414003966753116
2025-05-08 06:00:00,26500.0,26172.3,327.69921875,327.69921875,1.2366008254716983
2025-05-08 07:00:00,25838.0,25166.387,671.61328125,671.61328125,2.5993237915086307
2025-05-08 08:00:00,25375.0,24668.984,706.015625,706.015625,2.782327586206897
2025-05-08 09:00:00,25304.0,24693.215,610.78515625,610.78515625,2.413788951351565
2025-05-08 10:00:00,25536.0,24833.35,702.650390625,702.650390625,2.751607106144267
2025-05-08 11:00:00,26479.0,26087.857,391.142578125,391.142578125,1.4771803245024357
2025-05-08 12:00:00,28083.0,27495.277,587.72265625,587.72265625,2.0928058122351603
2025-05-08 13:00:00,29205.0,28583.395,621.60546875,621.60546875,2.1284213961650402
2025-05-08 14:00:00,29763.0,29183.379,579.62109375,579.62109375,1.947455208648322
2025-05-08 15:00:00,30192.0,29641.438,550.5625,550.5625,1.8235376921038688
2025-05-08 16:00:00,30675.0,29932.65,742.349609375,742.349609375,2.420047626324368
2025-05-08 17:00:00,31133.0,30386.895,746.10546875,746.10546875,2.39651003356567
2025-05-08 18:00:00,31553.0,30977.945,575.0546875,575.0546875,1.822504001204323
2025-05-08 19:00:00,32171.0,31318.062,852.9375,852.9375,2.651262006154611
2025-05-08 20:00:00,32584.0,31394.852,1189.1484375,1189.1484375,3.649485752209673
2025-05-08 21:00:00,32915.0,31548.492,1366.5078125,1366.5078125,4.151626348169528
2025-05-08 22:00:00,33332.0,31864.518,1467.482421875,1467.482421875,4.402623370559822
2025-05-08 23:00:00,33342.0,32092.342,1249.658203125,1249.658203125,3.7480001293413716
2025-05-09 00:00:00,33276.0,32571.133,704.8671875,704.8671875,2.118244943803342
2025-05-09 01:00:00,32844.0,31392.602,1451.3984375,1451.3984375,4.419067219279016
2025-05-09 02:00:00,32339.0,31043.729,1295.271484375,1295.271484375,4.005292323123783
2025-05-09 03:00:00,31767.0,30250.959,1516.041015625,1516.041015625,4.772377044181068
2025-05-09 04:00:00,30076.0,28856.975,1219.025390625,1219.025390625,4.053149988778428
2025-05-09 05:00:00,28356.0,27285.941,1070.05859375,1070.05859375,3.773658462935534
2025-05-09 06:00:00,26975.0,26134.39,840.609375,840.609375,3.1162534754402222
2025-05-09 07:00:00,26160.0,25463.602,696.3984375,696.3984375,2.6620735378440363
2025-05-09 08:00:00,25706.0,24736.059,969.94140625,969.94140625,3.7732101698047154
2025-05-09 09:00:00,25447.0,24711.332,735.66796875,735.66796875,2.8909811323535193
2025-05-09 10:00:00,25604.0,24858.953,745.046875,745.046875,2.9098846859865644
2025-05-09 11:00:00,26343.0,26015.443,327.556640625,327.556640625,1.243429528242797
2025-05-09 12:00:00,27691.0,27365.611,325.388671875,325.388671875,1.1750701378606767
2025-05-09 13:00:00,28787.0,28214.152,572.84765625,572.84765625,1.989952604474242
2025-05-09 14:00:00,29435.0,29163.787,271.212890625,271.212890625,0.9213959253439782
2025-05-09 15:00:00,30077.0,29916.252,160.748046875,160.748046875,0.5344550549423147
2025-05-09 16:00:00,30720.0,30420.03,299.970703125,299.970703125,0.9764671325683594
2025-05-09 17:00:00,31322.0,31001.457,320.54296875,320.54296875,1.0233796333248195
2025-05-09 18:00:00,31940.0,31438.268,501.732421875,501.732421875,1.5708591793206013
2025-05-09 19:00:00,32587.0,32072.557,514.443359375,514.443359375,1.578676648279989
2025-05-09 20:00:00,33130.0,32490.59,639.41015625,639.41015625,1.9300034900392393
2025-05-09 21:00:00,33598.0,32880.973,717.02734375,717.02734375,2.134136983600214
2025-05-09 22:00:00,34083.0,33329.195,753.8046875,753.8046875,2.211673524924449
2025-05-09 23:00:00,34149.0,33165.25,983.75,983.75,2.8807578552812676
2025-05-10 00:00:00,33778.0,33311.562,466.4375,466.4375,1.380891408609154
2025-05-10 01:00:00,33007.0,31720.525,1286.474609375,1286.474609375,3.8975811475596083
2025-05-10 02:00:00,32081.0,30709.56,1371.439453125,1371.439453125,4.274927381082261
2025-05-10 03:00:00,31408.0,30193.418,1214.58203125,1214.58203125,3.8671103898688233
2025-05-10 04:00:00,29985.0,28431.234,1553.765625,1553.765625,5.181809654827414
2025-05-10 05:00:00,28298.0,26548.383,1749.6171875,1749.6171875,6.182829837797724
2025-05-10 06:00:00,26981.0,25569.943,1411.056640625,1411.056640625,5.229815946870019
2025-05-10 07:00:00,25995.0,24809.021,1185.978515625,1185.978515625,4.562333201096365
2025-05-10 08:00:00,25367.0,24601.256,765.744140625,765.744140625,3.0186625955966413
2025-05-10 09:00:00,24946.0,24238.158,707.841796875,707.841796875,2.837496179247174
2025-05-10 10:00:00,24897.0,24235.8,661.19921875,661.19921875,2.6557385176928947
2025-05-10 11:00:00,25163.0,24836.541,326.458984375,326.458984375,1.2973770392043873
2025-05-10 12:00:00,25498.0,25438.643,59.357421875,59.357421875,0.23279246166365988
2025-05-10 13:00:00,26205.0,26576.977,-371.9765625,371.9765625,1.419486977676016
2025-05-10 14:00:00,27246.0,27297.957,-51.95703125,51.95703125,0.1906959966600602
2025-05-10 15:00:00,28124.0,28235.19,-111.189453125,111.189453125,0.3953543348207936
2025-05-10 16:00:00,28725.0,28594.166,130.833984375,130.833984375,0.4554707898172324
2025-05-10 17:00:00,29349.0,29044.002,304.998046875,304.998046875,1.0392110357252378
2025-05-10 18:00:00,29986.0,30463.545,-477.544921875,477.544921875,1.5925596007303409
2025-05-10 19:00:00,30662.0,31086.623,-424.623046875,424.623046875,1.3848511084567217
2025-05-10 20:00:00,31288.0,31778.145,-490.14453125,490.14453125,1.5665575659997444
2025-05-10 21:00:00,32001.0,32140.973,-139.97265625,139.97265625,0.4374008820036874
2025-05-10 22:00:00,32534.0,32300.34,233.66015625,233.66015625,0.7182029761172927
2025-05-10 23:00:00,32851.0,32504.777,346.22265625,346.22265625,1.0539181645916411
2025-05-11 00:00:00,32695.0,33620.41,-925.41015625,925.41015625,2.830433265789876
2025-05-11 01:00:00,32033.0,32316.645,-283.64453125,283.64453125,0.8854760130178253
2025-05-11 02:00:00,31264.0,31164.047,99.953125,99.953125,0.31970677136642783
2025-05-11 03:00:00,30632.0,29956.488,675.51171875,675.51171875,2.2052484942217285
2025-05-11 04:00:00,29338.0,28448.041,889.958984375,889.958984375,3.03346848583748
2025-05-11 05:00:00,27772.0,26511.588,1260.412109375,1260.412109375,4.538427586688031
2025-05-11 06:00:00,26442.0,25539.178,902.822265625,902.822265625,3.4143493897019894
2025-05-11 07:00:00,25631.0,24659.098,971.90234375,971.90234375,3.791901774218719
2025-05-11 08:00:00,25150.0,24164.176,985.82421875,985.82421875,3.919778205765408
2025-05-11 09:00:00,24843.0,23838.287,1004.712890625,1004.712890625,4.044249449039971
2025-05-11 10:00:00,24741.0,23821.738,919.26171875,919.26171875,3.7155398680328204
2025-05-11 11:00:00,24885.0,24124.627,760.373046875,760.373046875,3.055547706951979
2025-05-11 12:00:00,24891.0,24315.357,575.642578125,575.642578125,2.312653481680125
2025-05-11 13:00:00,25548.0,25060.486,487.513671875,487.513671875,1.9082263655667762
2025-05-11 14:00:00,26694.0,26429.693,264.306640625,264.306640625,0.9901350139544468
2025-05-11 15:00:00,27681.0,26985.822,695.177734375,695.177734375,2.5113895248545934
2025-05-11 16:00:00,28380.0,28037.348,342.65234375,342.65234375,1.207372599541931
2025-05-11 17:00:00,29115.0,28830.914,284.0859375,284.0859375,0.9757373776403915
2025-05-11 18:00:00,29939.0,29736.672,202.328125,202.328125,0.6758012124653462
2025-05-11 19:00:00,30734.0,30674.066,59.93359375,59.93359375,0.1950074632329017
2025-05-11 20:00:00,31550.0,31025.129,524.87109375,524.87109375,1.6636167789223455
2025-05-11 21:00:00,32371.0,32073.53,297.470703125,297.470703125,0.9189419638719841
2025-05-11 22:00:00,33177.0,31909.406,1267.59375,1267.59375,3.8207003345691293
2025-05-11 23:00:00,33682.0,32036.656,1645.34375,1645.34375,4.884934831660828
2025-05-12 00:00:00,33727.0,33144.562,582.4375,582.4375,1.7269176031073026
2025-05-12 01:00:00,33303.0,32319.402,983.59765625,983.59765625,2.9534806361288775
2025-05-12 02:00:00,32539.0,30867.805,1671.1953125,1671.1953125,5.135976251575033
2025-05-12 03:00:00,31876.0,29981.037,1894.962890625,1894.962890625,5.944795114270924
2025-05-12 04:00:00,30243.0,28687.953,1555.046875,1555.046875,5.141840673874946
2025-05-12 05:00:00,28277.0,27239.033,1037.966796875,1037.966796875,3.6707104603564735
2025-05-12 06:00:00,26800.0,25977.154,822.845703125,822.845703125,3.0703197877798507
2025-05-12 07:00:00,25903.0,25036.924,866.076171875,866.076171875,3.3435361613519667
2025-05-12 08:00:00,25370.0,24607.268,762.732421875,762.732421875,3.006434457528577
2025-05-12 09:00:00,25215.0,24322.447,892.552734375,892.552734375,3.539768924747174
2025-05-12 10:00:00,25412.0,24438.395,973.60546875,973.60546875,3.831282342003778
2025-05-12 11:00:00,26305.0,25030.455,1274.544921875,1274.544921875,4.845257258601027
2025-05-12 12:00:00,27820.0,26039.26,1780.740234375,1780.740234375,6.400935421908699
2025-05-12 13:00:00,29143.0,27416.139,1726.861328125,1726.861328125,5.925475510843084
2025-05-12 14:00:00,30039.0,29263.854,775.146484375,775.146484375,2.580467007473618
2025-05-12 15:00:00,30965.0,30502.527,462.47265625,462.47265625,1.4935335257548845
2025-05-12 16:00:00,31992.0,31302.275,689.724609375,689.724609375,2.1559283863934735
2025-05-12 17:00:00,32995.0,31960.701,1034.298828125,1034.298828125,3.1347138297469317
2025-05-12 18:00:00,34018.0,32990.086,1027.9140625,1027.9140625,3.021676943088953
2025-05-12 19:00:00,35133.0,33428.504,1704.49609375,1704.49609375,4.8515529381208555
2025-05-12 20:00:00,36211.0,33997.72,2213.28125,2213.28125,6.1121793101543735
2025-05-12 21:00:00,37189.0,34557.863,2631.13671875,2631.13671875,7.075040250477292
2025-05-12 22:00:00,38102.0,35443.457,2658.54296875,2658.54296875,6.9774367979371155
2025-05-12 23:00:00,38458.0,36040.58,2417.421875,2417.421875,6.285875175516148
2025-05-13 00:00:00,38324.0,35340.934,2983.06640625,2983.06640625,7.783807552056153
2025-05-13 01:00:00,37455.0,34386.17,3068.828125,3068.828125,8.193373715124816
2025-05-13 02:00:00,36187.0,33126.08,3060.921875,3060.921875,8.458622917069667
2025-05-13 03:00:00,35055.0,31987.557,3067.443359375,3067.443359375,8.750373297318498
2025-05-13 04:00:00,32892.0,30064.65,2827.349609375,2827.349609375,8.595857987884592
2025-05-13 05:00:00,30569.0,28213.62,2355.380859375,2355.380859375,7.705128919411823
2025-05-13 06:00:00,28782.0,26701.656,2080.34375,2080.34375,7.227933256896671
2025-05-13 07:00:00,27683.0,25634.674,2048.326171875,2048.326171875,7.39922035861359
2025-05-13 08:00:00,26904.0,25082.242,1821.7578125,1821.7578125,6.7713269866934285
2025-05-13 09:00:00,26491.0,25043.533,1447.466796875,1447.466796875,5.463994552395153
2025-05-13 10:00:00,26569.0,25175.84,1393.16015625,1393.16015625,5.243555106515112
2025-05-13 11:00:00,27282.0,26185.123,1096.876953125,1096.876953125,4.020515186294993
2025-05-13 12:00:00,28742.0,27582.43,1159.5703125,1159.5703125,4.0344106620972795
2025-05-13 13:00:00,30086.0,29076.555,1009.4453125,1009.4453125,3.3551994698530883
2025-05-13 14:00:00,31084.0,30669.31,414.689453125,414.689453125,1.3340929517597477
2025-05-13 15:00:00,31905.0,31600.883,304.1171875,304.1171875,0.9531960115969283
2025-05-13 16:00:00,33246.0,32766.96,479.0390625,479.0390625,1.4408923253925283
2025-05-13 17:00:00,34720.0,33646.81,1073.19140625,1073.19140625,3.0909890733006913
2025-05-13 18:00:00,36220.0,34976.28,1243.71875,1243.71875,3.433790033130867
2025-05-13 19:00:00,37677.0,36202.504,1474.49609375,1474.49609375,3.913517779414497
2025-05-13 20:00:00,38803.0,36844.637,1958.36328125,1958.36328125,5.04693781730794
2025-05-13 21:00:00,39860.0,38162.332,1697.66796875,1697.66796875,4.259076690291018
2025-05-13 22:00:00,40769.0,38946.695,1822.3046875,1822.3046875,4.46982925139199
2025-05-13 23:00:00,41070.0,39111.67,1958.328125,1958.328125,4.768269113708303
2025-05-14 00:00:00,40694.0,39187.63,1506.37109375,1506.37109375,3.7017031841303387
2025-05-14 01:00:00,39644.0,37904.66,1739.33984375,1739.33984375,4.387397446650187
2025-05-14 02:00:00,38298.0,36865.887,1432.11328125,1432.11328125,3.7393944363935456
2025-05-14 03:00:00,37147.0,35887.117,1259.8828125,1259.8828125,3.391613892104342
2025-05-14 04:00:00,34975.0,33090.676,1884.32421875,1884.32421875,5.387631790564689
2025-05-14 05:00:00,33141.0,30604.955,2536.044921875,2536.044921875,7.652288470097463
2025-05-14 06:00:00,30899.0,28517.38,2381.619140625,2381.619140625,7.707754751367359
2025-05-14 07:00:00,29532.0,27272.443,2259.556640625,2259.556640625,7.651214413602195
2025-05-14 08:00:00,28602.0,26352.936,2249.064453125,2249.064453125,7.863311842266276
2025-05-14 09:00:00,28072.0,26235.084,1836.916015625,1836.916015625,6.543587972445854
2025-05-14 10:00:00,28079.0,26232.914,1846.0859375,1846.0859375,6.574614257986395
2025-05-14 11:00:00,28723.0,27019.334,1703.666015625,1703.666015625,5.931365162500435
2025-05-14 12:00:00,30103.0,28690.459,1412.541015625,1412.541015625,4.692359617396937
2025-05-14 13:00:00,31585.0,30329.543,1255.45703125,1255.45703125,3.9748520856419187
2025-05-14 14:00:00,32821.0,31531.113,1289.88671875,1289.88671875,3.930065259285214
2025-05-14 15:00:00,34150.0,32604.168,1545.83203125,1545.83203125,4.526594527818448
2025-05-14 16:00:00,35780.0,34613.49,1166.51171875,1166.51171875,3.2602339819731694
2025-05-14 17:00:00,37640.0,35987.7,1652.30078125,1652.30078125,4.389747027763018
2025-05-14 18:00:00,39476.0,38022.402,1453.59765625,1453.59765625,3.6822313715928665
2025-05-14 19:00:00,41148.0,39475.977,1672.0234375,1672.0234375,4.0634379252940604
2025-05-14 20:00:00,42411.0,40043.418,2367.58203125,2367.58203125,5.5824716022965735
2025-05-14 21:00:00,43417.0,41373.367,2043.6328125,2043.6328125,4.706987614298547
2025-05-14 22:00:00,43880.0,41176.945,2703.0546875,2703.0546875,6.1601063981312665
2025-05-14 23:00:00,43790.0,41420.324,2369.67578125,2369.67578125,5.411454170472711
2025-05-15 00:00:00,43080.0,40980.89,2099.109375,2099.109375,4.872584435933148
2025-05-15 01:00:00,41655.0,39535.523,2119.4765625,2119.4765625,5.088168437162405
2025-05-15 02:00:00,40345.0,38131.055,2213.9453125,2213.9453125,5.4875333064815965
2025-05-15 03:00:00,39128.0,37328.957,1799.04296875,1799.04296875,4.597840341315681
2025-05-15 04:00:00,36711.0,35576.992,1134.0078125,1134.0078125,3.089013681185476
2025-05-15 05:00:00,34202.0,33471.887,730.11328125,730.11328125,2.1347093188994797
2025-05-15 06:00:00,32485.0,30921.547,1563.453125,1563.453125,4.812846313683238
2025-05-15 07:00:00,31200.0,29201.88,1998.119140625,1998.119140625,6.404228014823718
2025-05-15 08:00:00,30115.0,28245.303,1869.697265625,1869.697265625,6.208524873401959
2025-05-15 09:00:00,29378.0,27351.445,2026.5546875,2026.5546875,6.898205076928314
2025-05-15 10:00:00,29089.0,27318.656,1770.34375,1770.34375,6.085956031489567
2025-05-15 11:00:00,29625.0,28135.668,1489.33203125,1489.33203125,5.02728111814346
2025-05-15 12:00:00,30828.0,29078.88,1749.119140625,1749.119140625,5.673800248556507
2025-05-15 13:00:00,31933.0,30067.611,1865.388671875,1865.388671875,5.84157038760843
2025-05-15 14:00:00,32610.0,31259.58,1350.419921875,1350.419921875,4.1411221155320455
2025-05-15 15:00:00,33336.0,32612.365,723.634765625,723.634765625,2.170730638423926
2025-05-15 16:00:00,34197.0,33877.156,319.84375,319.84375,0.9352976869316023
2025-05-15 17:00:00,34990.0,35363.863,-373.86328125,373.86328125,1.0684860853100886
2025-05-15 18:00:00,35695.0,36052.066,-357.06640625,357.06640625,1.0003261136013446
2025-05-15 19:00:00,36529.0,36002.15,526.8515625,526.8515625,1.4422830148649017
2025-05-15 20:00:00,37098.0,37699.266,-601.265625,601.265625,1.6207494339317483
2025-05-15 21:00:00,37590.0,38111.934,-521.93359375,521.93359375,1.3884905393721736
2025-05-15 22:00:00,37960.0,38886.723,-926.72265625,926.72265625,2.441313636064278
2025-05-15 23:00:00,37872.0,39074.406,-1202.40625,1202.40625,3.1749214459231094
2025-05-16 00:00:00,37385.0,38946.375,-1561.375,1561.375,4.176474521867059
2025-05-16 01:00:00,36543.0,37067.105,-524.10546875,524.10546875,1.4342157697780697
2025-05-16 02:00:00,35449.0,36435.504,-986.50390625,986.50390625,2.7828821863804336
2025-05-16 03:00:00,34558.0,35694.094,-1136.09375,1136.09375,3.2874985531570116
2025-05-16 04:00:00,32672.0,33782.97,-1110.96875,1110.96875,3.4003695825171403
2025-05-16 05:00:00,30591.0,31577.387,-986.38671875,986.38671875,3.2244343720375275
2025-05-16 06:00:00,28971.0,30393.184,-1422.18359375,1422.18359375,4.908990348106728
2025-05-16 07:00:00,27961.0,29195.027,-1234.02734375,1234.02734375,4.413387732019599
2025-05-16 08:00:00,27295.0,28334.885,-1039.884765625,1039.884765625,3.8097994710569703
2025-05-16 09:00:00,26987.0,27756.793,-769.79296875,769.79296875,2.8524584753770332
2025-05-16 10:00:00,27058.0,27523.69,-465.689453125,465.689453125,1.721078620463449
2025-05-16 11:00:00,27753.0,28238.97,-485.970703125,485.970703125,1.7510564736244731
2025-05-16 12:00:00,29080.0,28968.635,111.365234375,111.365234375,0.38296160376547456
2025-05-16 13:00:00,30355.0,30050.705,304.294921875,304.294921875,1.0024540335200132
2025-05-16 14:00:00,31104.0,31029.041,74.958984375,74.958984375,0.24099467713155864
2025-05-16 15:00:00,32178.0,32208.822,-30.822265625,30.822265625,0.09578676619118652
2025-05-16 16:00:00,33273.0,32666.162,606.837890625,606.837890625,1.8238147766206834
2025-05-16 17:00:00,34233.0,33815.49,417.51171875,417.51171875,1.2196176751964478
2025-05-16 18:00:00,35064.0,34349.426,714.57421875,714.57421875,2.0379141534052017
2025-05-16 19:00:00,35930.0,34854.145,1075.85546875,1075.85546875,2.994309682020596
2025-05-16 20:00:00,36624.0,35512.93,1111.0703125,1111.0703125,3.0337219104958497
2025-05-16 21:00:00,37271.0,35841.887,1429.11328125,1429.11328125,3.8343840552976842
2025-05-16 22:00:00,37628.0,36191.39,1436.609375,1436.609375,3.817926477623047
2025-05-16 23:00:00,37726.0,36005.117,1720.8828125,1720.8828125,4.561530012458252
2025-05-17 00:00:00,37037.0,35612.23,1424.76953125,1424.76953125,3.846881581256581
2025-05-17 01:00:00,35875.0,33462.117,2412.8828125,2412.8828125,6.72580574912892
2025-05-17 02:00:00,34530.0,32684.102,1845.8984375,1845.8984375,5.345781747755575
2025-05-17 03:00:00,33587.0,31727.014,1859.986328125,1859.986328125,5.53781620306964
2025-05-17 04:00:00,31891.0,30209.105,1681.89453125,1681.89453125,5.27388457950519
2025-05-17 05:00:00,30175.0,28402.035,1772.96484375,1772.96484375,5.875608429991715
2025-05-17 06:00:00,28425.0,27132.281,1292.71875,1292.71875,4.547823218997362
2025-05-17 07:00:00,27358.0,26136.613,1221.38671875,1221.38671875,4.464459093318225
2025-05-17 08:00:00,26673.0,25535.86,1137.140625,1137.140625,4.2632648183556405
2025-05-17 09:00:00,26375.0,25129.045,1245.955078125,1245.955078125,4.724000296208531
2025-05-17 10:00:00,26265.0,25098.809,1166.19140625,1166.19140625,4.440096730439748
2025-05-17 11:00:00,26402.0,25493.03,908.970703125,908.970703125,3.4428100262290733
2025-05-17 12:00:00,26569.0,26484.342,84.658203125,84.658203125,0.3186352633708457
2025-05-17 13:00:00,27266.0,27834.035,-568.03515625,568.03515625,2.0833094559157925
2025-05-17 14:00:00,28349.0,28480.521,-131.521484375,131.521484375,0.46393694442484745
2025-05-17 15:00:00,29397.0,29269.97,127.029296875,127.029296875,0.43211653187400073
2025-05-17 16:00:00,30213.0,30315.48,-102.48046875,102.48046875,0.33919329014000593
2025-05-17 17:00:00,31047.0,31241.748,-194.748046875,194.748046875,0.6272684860856121
2025-05-17 18:00:00,31925.0,31836.61,88.390625,88.390625,0.2768696162881754
2025-05-17 19:00:00,32921.0,32847.03,73.96875,73.96875,0.22468561100817108
2025-05-17 20:00:00,33753.0,33464.77,288.23046875,288.23046875,0.853940297899446
2025-05-17 21:00:00,34538.0,33969.125,568.875,568.875,1.647098847646071
2025-05-17 22:00:00,35312.0,34306.88,1005.12109375,1005.12109375,2.846400922490938
2025-05-17 23:00:00,35482.0,34441.125,1040.875,1040.875,2.9335296770193335
2025-05-18 00:00:00,35025.0,34560.508,464.4921875,464.4921875,1.3261732690935046
2025-05-18 01:00:00,34159.0,33973.12,185.87890625,185.87890625,0.5441579269006704
2025-05-18 02:00:00,33046.0,32810.594,235.40625,235.40625,0.712359287054409
2025-05-18 03:00:00,32254.0,31624.428,629.572265625,629.572265625,1.9519199653531345
2025-05-18 04:00:00,30924.0,29996.234,927.765625,927.765625,3.0001475391281853
2025-05-18 05:00:00,29444.0,28366.705,1077.294921875,1077.294921875,3.658792697578454
2025-05-18 06:00:00,30663.0,26721.648,3941.3515625,3941.3515625,12.85377021980889
2025-05-18 07:00:00,29860.0,25755.982,4104.017578125,4104.017578125,13.744198185281311
2025-05-18 08:00:00,29474.0,25290.871,4183.12890625,4183.12890625,14.192606725419013
2025-05-18 09:00:00,28998.0,25269.373,3728.626953125,3728.626953125,12.858221094989307
2025-05-18 10:00:00,28883.0,24973.006,3909.994140625,3909.994140625,13.537354639840043
2025-05-18 11:00:00,29103.0,25152.94,3950.060546875,3950.060546875,13.572691979778718
2025-05-18 12:00:00,29375.0,25278.734,4096.265625,4096.265625,13.944734042553192
2025-05-18 13:00:00,29801.0,25694.127,4106.873046875,4106.873046875,13.780990728079596
2025-05-18 14:00:00,30843.0,26726.502,4116.498046875,4116.498046875,13.346620130580684
2025-05-18 15:00:00,32311.0,27690.135,4620.865234375,4620.865234375,14.301213934495994
2025-05-18 16:00:00,33284.0,28596.95,4687.05078125,4687.05078125,14.081993694417738
2025-05-18 17:00:00,34364.0,29246.404,5117.595703125,5117.595703125,14.892316677700501
2025-05-18 18:00:00,35490.0,30571.324,4918.67578125,4918.67578125,13.85932877218935
2025-05-18 19:00:00,36450.0,31738.729,4711.271484375,4711.271484375,12.92529899691358
2025-05-18 20:00:00,37313.0,32200.607,5112.392578125,5112.392578125,13.701371045279126
2025-05-18 21:00:00,38205.0,32661.682,5543.318359375,5543.318359375,14.509405468852243
2025-05-18 22:00:00,38874.0,33611.63,5262.37109375,5262.37109375,13.536994118819775
2025-05-18 23:00:00,39416.0,33631.27,5784.73046875,5784.73046875,14.676097190861578
2025-05-19 00:00:00,39288.0,34978.145,4309.85546875,4309.85546875,10.969902944283241
2025-05-19 01:00:00,38463.0,34031.707,4431.29296875,4431.29296875,11.520923923640902
2025-05-19 02:00:00,37803.0,32831.707,4971.29296875,4971.29296875,13.15052500793588
2025-05-19 03:00:00,36853.0,31914.262,4938.73828125,4938.73828125,13.401183841885327
2025-05-19 04:00:00,35228.0,30645.186,4582.814453125,4582.814453125,13.009011164769502
2025-05-19 05:00:00,33494.0,29044.838,4449.162109375,4449.162109375,13.283460050680718
2025-05-19 06:00:00,28374.0,29530.242,-1156.2421875,1156.2421875,4.075005947346162
2025-05-19 07:00:00,27488.0,28856.475,-1368.474609375,1368.474609375,4.978443718622671
2025-05-19 08:00:00,26928.0,28517.799,-1589.798828125,1589.798828125,5.903887507891414
2025-05-19 09:00:00,26698.0,28248.438,-1550.4375,1550.4375,5.807317027492696
2025-05-19 10:00:00,27022.0,28027.127,-1005.126953125,1005.126953125,3.7196615836170532
2025-05-19 11:00:00,28027.0,28976.879,-949.87890625,949.87890625,3.3891565499339924
2025-05-19 12:00:00,29708.0,29897.078,-189.078125,189.078125,0.6364552477447152
2025-05-19 13:00:00,31135.0,30567.496,567.50390625,567.50390625,1.8227201100048176
2025-05-19 14:00:00,31979.0,31960.373,18.626953125,18.626953125,0.05824745340692329
2025-05-19 15:00:00,32952.0,33362.223,-410.22265625,410.22265625,1.2449097361313426
2025-05-19 16:00:00,33785.0,34500.316,-715.31640625,715.31640625,2.1172603411277193
2025-05-19 17:00:00,33813.0,35296.32,-1483.3203125,1483.3203125,4.386834390618993
2025-05-19 18:00:00,33813.0,37072.645,-3259.64453125,3259.64453125,9.640210958063467
2025-05-19 19:00:00,33813.0,37628.42,-3815.421875,3815.421875,11.28389044154615
2025-05-19 20:00:00,33813.0,38356.02,-4543.01953125,4543.01953125,13.435718603052079
2025-05-19 21:00:00,33813.0,37669.902,-3856.90234375,3856.90234375,11.406566538757284
2025-05-19 22:00:00,33813.0,39061.402,-5248.40234375,5248.40234375,15.521847643657766
2025-05-19 23:00:00,33813.0,40372.12,-6559.12109375,6559.12109375,19.398222854375536
2025-05-20 00:00:00,33813.0,39575.168,-5762.16796875,5762.16796875,17.041279888652294
2025-05-20 01:00:00,33813.0,36656.934,-2843.93359375,2843.93359375,8.410769803773697
2025-05-20 02:00:00,33813.0,35422.027,-1609.02734375,1609.02734375,4.758605695294709
2025-05-20 03:00:00,33813.0,34698.844,-885.84375,885.84375,2.619831869399343
2025-05-20 04:00:00,33813.0,33390.668,422.33203125,422.33203125,1.2490226577056163
2025-05-20 05:00:00,33813.0,32051.467,1761.533203125,1761.533203125,5.209632990639695
2025-05-20 06:00:00,33813.0,28147.424,5665.576171875,5665.576171875,16.755615212714044
2025-05-20 07:00:00,33813.0,27306.807,6506.193359375,6506.193359375,19.24169212839736
2025-05-20 08:00:00,33813.0,26885.86,6927.140625,6927.140625,20.486619421524267
2025-05-20 09:00:00,33813.0,26802.783,7010.216796875,7010.216796875,20.73231241497353
2025-05-20 10:00:00,33813.0,26922.947,6890.052734375,6890.052734375,20.376934121122055
2025-05-20 11:00:00,33813.0,27452.99,6360.009765625,6360.009765625,18.809362569499896
2025-05-20 12:00:00,33813.0,28859.852,4953.1484375,4953.1484375,14.648651221423714
2025-05-20 13:00:00,33813.0,30128.672,3684.328125,3684.328125,10.89618822642179
2025-05-20 14:00:00,33813.0,30929.97,2883.029296875,2883.029296875,8.526393094002307
2025-05-20 15:00:00,33813.0,31552.877,2260.123046875,2260.123046875,6.684183736654541
2025-05-20 16:00:00,33813.0,32172.32,1640.6796875,1640.6796875,4.852215678880904
2025-05-20 17:00:00,33813.0,32181.645,1631.35546875,1631.35546875,4.824639838967261
2025-05-20 18:00:00,33813.0,32397.55,1415.44921875,1415.44921875,4.186109539969833
2025-05-20 19:00:00,33813.0,32827.953,985.046875,985.046875,2.9132193978647263
2025-05-20 20:00:00,33813.0,33210.395,602.60546875,602.60546875,1.7821709660485612
2025-05-20 21:00:00,33813.0,33432.652,380.34765625,380.34765625,1.12485628678319
2025-05-20 22:00:00,33813.0,33563.535,249.46484375,249.46484375,0.7377779071658829
2025-05-20 23:00:00,33813.0,33533.34,279.66015625,279.66015625,0.8270788047496526
2025-05-21 00:00:00,33813.0,33706.76,106.23828125,106.23828125,0.3141935978765564
2025-05-21 01:00:00,33813.0,32956.973,856.02734375,856.02734375,2.531651565226392
2025-05-21 02:00:00,33813.0,32665.682,1147.318359375,1147.318359375,3.3931279666844114
2025-05-21 03:00:00,33813.0,32349.11,1463.890625,1463.890625,4.329372208913732
2025-05-21 04:00:00,33813.0,32063.08,1749.919921875,1749.919921875,5.175287380223582
2025-05-21 05:00:00,33813.0,31812.465,2000.53515625,2000.53515625,5.916467501404785
2025-05-21 06:00:00,33813.0,31491.404,2321.595703125,2321.595703125,6.865985576923077
2025-05-21 07:00:00,33813.0,31296.225,2516.775390625,2516.775390625,7.443218261097803
2025-05-21 08:00:00,33813.0,31133.281,2679.71875,2679.71875,7.925113861532547
2025-05-21 09:00:00,33813.0,30873.89,2939.109375,2939.109375,8.692246695058113
2025-05-21 10:00:00,33813.0,30948.852,2864.1484375,2864.1484375,8.470554039866323
2025-05-21 11:00:00,33813.0,31149.564,2663.435546875,2663.435546875,7.876957226140833
2025-05-21 12:00:00,33813.0,31475.924,2337.076171875,2337.076171875,6.91176817163517
2025-05-21 13:00:00,33813.0,31845.55,1967.44921875,1967.44921875,5.818617746872504
2025-05-21 14:00:00,33813.0,32086.354,1726.646484375,1726.646484375,5.106457529278679
2025-05-21 15:00:00,33813.0,32236.447,1576.552734375,1576.552734375,4.662563908481944
2025-05-21 16:00:00,33813.0,32489.623,1323.376953125,1323.376953125,3.913811117395676
2025-05-21 17:00:00,33813.0,33017.99,795.01171875,795.01171875,2.3512013685564725
2025-05-21 18:00:00,33813.0,33546.008,266.9921875,266.9921875,0.7896140167982728
2025-05-21 19:00:00,33813.0,34001.31,-188.30859375,188.30859375,0.5569118201579275
2025-05-21 20:00:00,33813.0,34376.043,-563.04296875,563.04296875,1.66516715094786
2025-05-21 21:00:00,33813.0,34594.457,-781.45703125,781.45703125,2.31111416097359
2025-05-21 22:00:00,33813.0,34438.09,-625.08984375,625.08984375,1.8486672100967085
2025-05-21 23:00:00,33813.0,34483.734,-670.734375,670.734375,1.983658282317452
2025-05-22 00:00:00,33813.0,34127.32,-314.3203125,314.3203125,0.9295842205660545
2025-05-22 01:00:00,33813.0,33447.08,365.921875,365.921875,1.0821928696063643
2025-05-22 02:00:00,33813.0,32825.44,987.55859375,987.55859375,2.9206476614024193
2025-05-22 03:00:00,33813.0,32633.201,1179.798828125,1179.798828125,3.4891870822612603
2025-05-22 04:00:00,33813.0,32202.156,1610.84375,1610.84375,4.763977612161003
2025-05-22 05:00:00,33813.0,31794.871,2018.12890625,2018.12890625,5.968500003696803
2025-05-22 06:00:00,33813.0,31531.035,2281.96484375,2281.96484375,6.748779592908054
2025-05-22 07:00:00,33813.0,31437.443,2375.556640625,2375.556640625,7.025571941634874
2025-05-22 08:00:00,33813.0,31300.617,2512.3828125,2512.3828125,7.430227464288882
2025-05-22 09:00:00,33813.0,31206.152,2606.84765625,2606.84765625,7.709601798864342
2025-05-22 10:00:00,33813.0,31123.223,2689.77734375,2689.77734375,7.954861573211487
2025-05-22 11:00:00,33813.0,31342.162,2470.837890625,2470.837890625,7.307360750672818
2025-05-22 12:00:00,33813.0,31538.803,2274.197265625,2274.197265625,6.725807427986277
2025-05-22 13:00:00,33813.0,31898.025,1914.974609375,1914.974609375,5.663427111983556
2025-05-22 14:00:00,33813.0,32033.932,1779.068359375,1779.068359375,5.261492205290865
2025-05-22 15:00:00,33813.0,32496.48,1316.51953125,1316.51953125,3.8935306871617428
2025-05-22 16:00:00,33813.0,32619.473,1193.52734375,1193.52734375,3.529788376511992
2025-05-22 17:00:00,33813.0,32635.598,1177.40234375,1177.40234375,3.482099617750569
2025-05-22 18:00:00,33813.0,32664.719,1148.28125,1148.28125,3.3959756602490168
2025-05-22 19:00:00,33813.0,32610.256,1202.744140625,1202.744140625,3.5570465224174135
2025-05-22 20:00:00,33813.0,33012.22,800.78125,800.78125,2.3682644249253246
2025-05-22 21:00:00,33813.0,33016.406,796.59375,796.59375,2.3558801348593734
2025-05-22 22:00:00,33813.0,33224.81,588.19140625,588.19140625,1.7395422063999053
2025-05-22 23:00:00,33813.0,32747.68,1065.3203125,1065.3203125,3.150623465826753
2025-05-23 00:00:00,33813.0,33663.86,149.140625,149.140625,0.4410748085056044
2025-05-23 01:00:00,33813.0,33058.715,754.28515625,754.28515625,2.2307549056575873
2025-05-23 02:00:00,33813.0,32870.973,942.02734375,942.02734375,2.7859916119539823
2025-05-23 03:00:00,33813.0,32819.734,993.265625,993.265625,2.9375258776210336
2025-05-23 04:00:00,33813.0,32105.705,1707.294921875,1707.294921875,5.049226397761216
2025-05-23 05:00:00,33813.0,31707.71,2105.2890625,2105.2890625,6.226271145713187
2025-05-23 06:00:00,33813.0,31246.352,2566.6484375,2566.6484375,7.590714924733091
2025-05-23 07:00:00,33813.0,30976.125,2836.875,2836.875,8.389894419306183
2025-05-23 08:00:00,33813.0,30900.025,2912.974609375,2912.974609375,8.614954630985123
2025-05-23 09:00:00,33813.0,30848.885,2964.115234375,2964.115234375,8.766200083917427
2025-05-23 10:00:00,33813.0,30841.568,2971.431640625,2971.431640625,8.787837934004674
2025-05-23 11:00:00,33813.0,30852.201,2960.798828125,2960.798828125,8.75639200344542
2025-05-23 12:00:00,33813.0,31191.154,2621.845703125,2621.845703125,7.753957658666785
2025-05-23 13:00:00,33813.0,31550.613,2262.38671875,2262.38671875,6.690878415845976
2025-05-23 14:00:00,33813.0,31799.703,2013.296875,2013.296875,5.954209549581522
2025-05-23 15:00:00,33813.0,32089.05,1723.94921875,1723.94921875,5.098480521544968
2025-05-23 16:00:00,33813.0,32479.686,1333.314453125,1333.314453125,3.94320070128353
2025-05-23 17:00:00,33813.0,32882.137,930.86328125,930.86328125,2.752974540117706
2025-05-23 18:00:00,33813.0,32598.18,1214.8203125,1214.8203125,3.5927611051962267
2025-05-23 19:00:00,33813.0,32630.852,1182.1484375,1182.1484375,3.496135916659273
2025-05-23 20:00:00,33813.0,32865.86,947.140625,947.140625,2.8011138467453343
2025-05-23 21:00:00,33813.0,33031.21,781.7890625,781.7890625,2.3120961242717297
2025-05-23 22:00:00,33813.0,33153.52,659.48046875,659.48046875,1.9503755027652088
2025-05-23 23:00:00,33813.0,33340.383,472.6171875,472.6171875,1.3977381110815366
2025-05-24 00:00:00,33813.0,33531.477,281.5234375,281.5234375,0.8325893517286251
2025-05-24 01:00:00,33813.0,32918.234,894.765625,894.765625,2.6462178008458284
2025-05-24 02:00:00,33813.0,32657.072,1155.927734375,1155.927734375,3.418589697379706
2025-05-24 03:00:00,33813.0,32574.783,1238.216796875,1238.216796875,3.6619548601869103
2025-05-24 04:00:00,33813.0,31466.535,2346.46484375,2346.46484375,6.939534627953746
2025-05-24 05:00:00,33813.0,30981.209,2831.791015625,2831.791015625,8.374858828335256
2025-05-24 06:00:00,33813.0,30520.225,3292.775390625,3292.775390625,9.738193566453731
2025-05-24 07:00:00,33813.0,30275.922,3537.078125,3537.078125,10.460704832460888
2025-05-24 08:00:00,33813.0,30040.955,3772.044921875,3772.044921875,11.155605601026233
2025-05-24 09:00:00,33813.0,29824.129,3988.87109375,3988.87109375,11.796856515984976
2025-05-24 10:00:00,33813.0,29671.096,4141.904296875,4141.904296875,12.249443400097595
2025-05-24 11:00:00,33813.0,29661.639,4151.361328125,4151.361328125,12.277412025330495
2025-05-24 12:00:00,33813.0,29831.88,3981.119140625,3981.119140625,11.773930561100759
2025-05-24 13:00:00,33813.0,29840.832,3972.16796875,3972.16796875,11.74745798583385
2025-05-24 14:00:00,33813.0,29944.98,3868.01953125,3868.01953125,11.43944498048088
2025-05-24 15:00:00,33813.0,30547.32,3265.6796875,3265.6796875,9.65805958507083
2025-05-24 16:00:00,33813.0,31000.402,2812.59765625,2812.59765625,8.318095573448083
2025-05-24 17:00:00,33813.0,31116.588,2696.412109375,2696.412109375,7.974483510410198
2025-05-24 18:00:00,33813.0,31353.604,2459.396484375,2459.396484375,7.273523450669861
2025-05-24 19:00:00,33813.0,31406.521,2406.478515625,2406.478515625,7.117021605965161
2025-05-24 20:00:00,33813.0,31487.707,2325.29296875,2325.29296875,6.876920027060598
2025-05-24 21:00:00,33813.0,31515.926,2297.07421875,2297.07421875,6.793464699228108
2025-05-24 22:00:00,33813.0,31774.457,2038.54296875,2038.54296875,6.028873417768314
2025-05-24 23:00:00,33813.0,31961.383,1851.6171875,1851.6171875,5.476051185934404
2025-05-25 00:00:00,33813.0,33339.773,473.2265625,473.2265625,1.399540302546358
2025-05-25 01:00:00,33813.0,32834.44,978.55859375,978.55859375,2.8940306797681363
2025-05-25 02:00:00,33813.0,32370.15,1442.849609375,1442.849609375,4.267144617085145
2025-05-25 03:00:00,33813.0,32140.887,1672.11328125,1672.11328125,4.945178721941265
2025-05-25 04:00:00,33813.0,31638.92,2174.080078125,2174.080078125,6.429716612323662
2025-05-25 05:00:00,33813.0,31017.115,2795.884765625,2795.884765625,8.268668162023483
2025-05-25 06:00:00,28405.0,31099.615,-2694.615234375,2694.615234375,9.486411668280233
2025-05-25 07:00:00,27550.0,30852.531,-3302.53125,3302.53125,11.987409255898367
2025-05-25 08:00:00,26925.0,30691.578,-3766.578125,3766.578125,13.98914809656453
2025-05-25 09:00:00,26607.0,30252.705,-3645.705078125,3645.705078125,13.702052385180592
2025-05-25 10:00:00,26413.0,30166.244,-3753.244140625,3753.244140625,14.209836597982054
2025-05-25 11:00:00,26503.0,30175.018,-3672.017578125,3672.017578125,13.855101604063691
2025-05-25 12:00:00,26410.0,30290.732,-3880.732421875,3880.732421875,14.694178045721317
2025-05-25 13:00:00,26874.0,30341.525,-3467.525390625,3467.525390625,12.902900166052692
2025-05-25 14:00:00,28025.0,30567.87,-2542.869140625,2542.869140625,9.073574096788581
2025-05-25 15:00:00,29113.0,30511.314,-1398.314453125,1398.314453125,4.80305860998523
2025-05-25 16:00:00,29982.0,31100.197,-1118.197265625,1118.197265625,3.729561955923554
2025-05-25 17:00:00,30756.0,31216.613,-460.61328125,460.61328125,1.4976371480361554
2025-05-25 18:00:00,31463.0,31478.871,-15.87109375,15.87109375,0.05044367590503131
2025-05-25 19:00:00,32048.0,31581.559,466.44140625,466.44140625,1.45544622519346
2025-05-25 20:00:00,32381.0,31173.14,1207.859375,1207.859375,3.7301484666934317
2025-05-25 21:00:00,32757.0,31137.234,1619.765625,1619.765625,4.944792334462863
2025-05-25 22:00:00,33022.0,30947.238,2074.76171875,2074.76171875,6.282968078099449
2025-05-25 23:00:00,32902.0,30912.834,1989.166015625,1989.166015625,6.045729790362288
2025-05-26 00:00:00,32460.0,32532.875,-72.875,72.875,0.2245070856438694
2025-05-26 01:00:00,31655.0,32187.605,-532.60546875,532.60546875,1.6825318867477492
2025-05-26 02:00:00,31025.0,32411.996,-1386.99609375,1386.99609375,4.470575644641419
2025-05-26 03:00:00,30475.0,32050.016,-1575.015625,1575.015625,5.168221903199344
2025-05-26 04:00:00,29387.0,31933.805,-2546.8046875,2546.8046875,8.666433074148433
2025-05-26 05:00:00,27886.0,31728.77,-3842.76953125,3842.76953125,13.780282332532453
2025-05-26 06:00:00,27886.0,27951.607,-65.607421875,65.607421875,0.23527010641540558
2025-05-26 07:00:00,27550.0,27375.553,174.447265625,174.447265625,0.633202416061706
2025-05-26 08:00:00,26925.0,26839.656,85.34375,85.34375,0.31696843082636955
2025-05-26 09:00:00,26607.0,26559.13,47.869140625,47.869140625,0.17991183006351713
2025-05-26 10:00:00,26413.0,26591.408,-178.408203125,178.408203125,0.6754560372733124
2025-05-26 11:00:00,26503.0,27274.586,-771.5859375,771.5859375,2.9113154642870622
2025-05-26 12:00:00,26410.0,28358.705,-1948.705078125,1948.705078125,7.378663680897388
2025-05-26 13:00:00,26874.0,28896.533,-2022.533203125,2022.533203125,7.525984978510829
2025-05-26 14:00:00,28025.0,29491.787,-1466.787109375,1466.787109375,5.2338523082069575
2025-05-26 15:00:00,29113.0,30050.295,-937.294921875,937.294921875,3.219506481211143
2025-05-26 16:00:00,29982.0,30909.338,-927.337890625,927.337890625,3.0929820913381363
2025-05-26 17:00:00,30756.0,31397.727,-641.7265625,641.7265625,2.0865085267915204
2025-05-26 18:00:00,31463.0,31770.21,-307.2109375,307.2109375,0.9764197231668945
2025-05-26 19:00:00,32048.0,32199.057,-151.056640625,151.056640625,0.4713449844764104
2025-05-26 20:00:00,32381.0,32280.295,100.705078125,100.705078125,0.3110005192087953
2025-05-26 21:00:00,32757.0,32396.568,360.431640625,360.431640625,1.1003194450804408
2025-05-26 22:00:00,33022.0,32655.521,366.478515625,366.478515625,1.109801089046696
2025-05-26 23:00:00,32902.0,32672.504,229.49609375,229.49609375,0.6975141138836545
2025-05-27 00:00:00,32460.0,32448.135,11.865234375,11.865234375,0.036553402264325324
2025-05-27 01:00:00,31655.0,31805.924,-150.923828125,150.923828125,0.4767772172642552
2025-05-27 02:00:00,31025.0,31191.77,-166.76953125,166.76953125,0.5375327356970185
2025-05-27 03:00:00,30475.0,30665.176,-190.17578125,190.17578125,0.6240386587366694
2025-05-27 04:00:00,29387.0,29693.88,-306.880859375,306.880859375,1.0442742007520334
2025-05-27 05:00:00,27886.0,28582.648,-696.6484375,696.6484375,2.4982013824141145
2025-05-27 06:00:00,26572.0,28394.205,-1822.205078125,1822.205078125,6.857613571146319
2025-05-27 07:00:00,26572.0,28223.516,-1651.515625,1651.515625,6.215247723167243
2025-05-27 08:00:00,26572.0,27873.367,-1301.3671875,1301.3671875,4.897513124717748
2025-05-27 09:00:00,26572.0,27760.172,-1188.171875,1188.171875,4.471518421646847
2025-05-27 10:00:00,26572.0,27820.84,-1248.83984375,1248.83984375,4.6998338241381905
2025-05-27 11:00:00,26572.0,27764.309,-1192.30859375,1192.30859375,4.487086383222941
2025-05-27 12:00:00,26572.0,28003.902,-1431.90234375,1431.90234375,5.3887639009107335
2025-05-27 13:00:00,26572.0,28219.355,-1647.35546875,1647.35546875,6.199591557842842
2025-05-27 14:00:00,26572.0,28739.938,-2167.9375,2167.9375,8.1587291133524
2025-05-27 15:00:00,26572.0,29270.912,-2698.912109375,2698.912109375,10.156977680923529
2025-05-27 16:00:00,26572.0,29997.338,-3425.337890625,3425.337890625,12.890779356559538
2025-05-27 17:00:00,26572.0,30362.908,-3790.908203125,3790.908203125,14.266552021394702
2025-05-27 18:00:00,26572.0,30814.324,-4242.32421875,4242.32421875,15.965392965339456
2025-05-27 19:00:00,26572.0,31276.523,-4704.5234375,4704.5234375,17.704814983817553
2025-05-27 20:00:00,26572.0,31371.35,-4799.349609375,4799.349609375,18.06167999915324
2025-05-27 21:00:00,26572.0,31511.895,-4939.89453125,4939.89453125,18.590601126185458
2025-05-27 22:00:00,26572.0,31828.031,-5256.03125,5256.03125,19.78033738521752
2025-05-27 23:00:00,26572.0,31725.865,-5153.865234375,5153.865234375,19.39584989603718
2025-05-28 00:00:00,26572.0,31927.752,-5355.751953125,5355.751953125,20.155622283324554
2025-05-28 01:00:00,26572.0,31280.656,-4708.65625,4708.65625,17.72036824476893
2025-05-28 02:00:00,26572.0,30785.842,-4213.841796875,4213.841796875,15.858203360209997
2025-05-28 03:00:00,26572.0,30266.229,-3694.228515625,3694.228515625,13.902711559630438
2025-05-28 04:00:00,26572.0,29272.559,-2700.55859375,2700.55859375,10.16317399424206
2025-05-28 05:00:00,26572.0,28009.127,-1437.126953125,1437.126953125,5.408425986470721
2025-05-28 06:00:00,26872.0,27237.242,-365.2421875,365.2421875,1.359192421479607
2025-05-28 07:00:00,26085.0,27212.537,-1127.537109375,1127.537109375,4.322549777170788
2025-05-28 08:00:00,25659.0,27215.67,-1556.669921875,1556.669921875,6.066759896624966
2025-05-28 09:00:00,25488.0,27255.041,-1767.041015625,1767.041015625,6.932835120939266
2025-05-28 10:00:00,25658.0,27183.852,-1525.8515625,1525.8515625,5.9468842563722815
2025-05-28 11:00:00,26479.0,27162.26,-683.259765625,683.259765625,2.5803835704709392
2025-05-28 12:00:00,27601.0,27236.236,364.763671875,364.763671875,1.3215596241983987
2025-05-28 13:00:00,28801.0,27356.035,1444.96484375,1444.96484375,5.017064837158432
2025-05-28 14:00:00,29651.0,27482.232,2168.767578125,2168.767578125,7.314315126386968
2025-05-28 15:00:00,30304.0,27559.617,2744.3828125,2744.3828125,9.056173483698522
2025-05-28 16:00:00,31061.0,27612.504,3448.49609375,3448.49609375,11.102334418563471
2025-05-28 17:00:00,31557.0,27655.482,3901.517578125,3901.517578125,12.363398225829451
2025-05-28 18:00:00,32224.0,27830.607,4393.392578125,4393.392578125,13.633914405800024
2025-05-28 19:00:00,32802.0,27788.451,5013.548828125,5013.548828125,15.284277873681482
2025-05-28 20:00:00,33220.0,27835.764,5384.236328125,5384.236328125,16.20781555726972
2025-05-28 21:00:00,33587.0,27924.594,5662.40625,5662.40625,16.858922350909577
2025-05-28 22:00:00,33895.0,28000.824,5894.17578125,5894.17578125,17.38951403230565
2025-05-28 23:00:00,33980.0,28096.53,5883.470703125,5883.470703125,17.314510603663923
2025-05-29 00:00:00,33790.0,28506.059,5283.94140625,5283.94140625,15.63758924607872
2025-05-29 01:00:00,33291.0,28261.752,5029.248046875,5029.248046875,15.106929941650895
2025-05-29 02:00:00,33257.0,28016.229,5240.771484375,5240.771484375,15.758401191854347
2025-05-29 03:00:00,33257.0,27921.105,5335.89453125,5335.89453125,16.04442532775055
2025-05-29 04:00:00,33257.0,27586.484,5670.515625,5670.515625,17.0505927323571
2025-05-29 05:00:00,33257.0,27479.934,5777.06640625,5777.06640625,17.370978760110653
2025-05-29 06:00:00,27469.0,27495.688,-26.6875,26.6875,0.09715497469875133
2025-05-29 07:00:00,26623.0,26707.234,-84.234375,84.234375,0.3163970063478947
2025-05-29 08:00:00,26056.0,26191.736,-135.736328125,135.736328125,0.5209407741978814
2025-05-29 09:00:00,25913.0,26250.715,-337.71484375,337.71484375,1.3032641675992744
2025-05-29 10:00:00,26021.0,26211.406,-190.40625,190.40625,0.7317407094270012
2025-05-29 11:00:00,26654.0,27265.451,-611.451171875,611.451171875,2.294031559522023
2025-05-29 12:00:00,27701.0,27810.467,-109.466796875,109.466796875,0.3951727261651204
2025-05-29 13:00:00,28814.0,28839.795,-25.794921875,25.794921875,0.08952218322690358
2025-05-29 14:00:00,29869.0,29583.336,285.6640625,285.6640625,0.9563897770263483
2025-05-29 15:00:00,30534.0,30020.219,513.78125,513.78125,1.6826529442588591
2025-05-29 16:00:00,31136.0,30502.518,633.482421875,633.482421875,2.0345658462069633
2025-05-29 17:00:00,31648.0,30746.156,901.84375,901.84375,2.849607400151668
2025-05-29 18:00:00,32255.0,31157.19,1097.810546875,1097.810546875,3.403536031235467
2025-05-29 19:00:00,32833.0,31585.346,1247.654296875,1247.654296875,3.800000904196997
2025-05-29 20:00:00,33026.0,32087.723,938.27734375,938.27734375,2.8410262936777086
2025-05-29 21:00:00,33153.0,32382.568,770.431640625,770.431640625,2.3238670425753325
2025-05-29 22:00:00,33197.0,32280.8,916.19921875,916.19921875,2.7598855883061724
2025-05-29 23:00:00,32903.0,32441.361,461.638671875,461.638671875,1.403029121584658
2025-05-30 00:00:00,32447.0,33010.113,-563.11328125,563.11328125,1.735486427866983
2025-05-30 01:00:00,31947.0,32422.035,-475.03515625,475.03515625,1.4869476202773342
2025-05-30 02:00:00,31568.0,32318.012,-750.01171875,750.01171875,2.375860741098581
2025-05-30 03:00:00,31242.0,32241.387,-999.38671875,999.38671875,3.198856407240253
2025-05-30 04:00:00,29958.0,31930.355,-1972.35546875,1972.35546875,6.583735458809
2025-05-30 05:00:00,28255.0,31655.3,-3400.30078125,3400.30078125,12.034332972040348
2025-05-30 06:00:00,26902.0,27533.117,-631.1171875,631.1171875,2.3459861255668724
2025-05-30 07:00:00,26162.0,27073.453,-911.453125,911.453125,3.4838816795352034
2025-05-30 08:00:00,25720.0,26559.316,-839.31640625,839.31640625,3.263283072511664
2025-05-30 09:00:00,25553.0,26441.104,-888.103515625,888.103515625,3.4755352233592927
2025-05-30 10:00:00,25683.0,26441.104,-758.103515625,758.103515625,2.9517716607288866
2025-05-30 11:00:00,26321.0,27048.873,-727.873046875,727.873046875,2.765370034858098
2025-05-30 12:00:00,27228.0,27768.117,-540.1171875,540.1171875,1.9836829275011019
2025-05-30 13:00:00,28336.0,28600.293,-264.29296875,264.29296875,0.932710928677301
2025-05-30 14:00:00,29181.0,29551.195,-370.1953125,370.1953125,1.268617636475789
2025-05-30 15:00:00,29933.0,30166.48,-233.48046875,233.48046875,0.7800102520629406
2025-05-30 16:00:00,30730.0,30952.604,-222.603515625,222.603515625,0.7243850166775139
2025-05-30 17:00:00,31496.0,31348.416,147.583984375,147.583984375,0.46858008755080005
2025-05-30 18:00:00,32324.0,32012.215,311.78515625,311.78515625,0.9645624187909911
2025-05-30 19:00:00,33259.0,32404.865,854.134765625,854.134765625,2.5681312295168226
2025-05-30 20:00:00,34054.0,32676.72,1377.279296875,1377.279296875,4.044398005740882
2025-05-30 21:00:00,34782.0,33122.47,1659.53125,1659.53125,4.771235840377207
2025-05-30 22:00:00,35415.0,33240.562,2174.4375,2174.4375,6.139877170690386
2025-05-30 23:00:00,35549.0,33054.844,2494.15625,2494.15625,7.016108048046359
2025-05-31 00:00:00,35134.0,33105.254,2028.74609375,2028.74609375,5.774310052228611
2025-05-31 01:00:00,34187.0,31524.498,2662.501953125,2662.501953125,7.78805380151812
2025-05-31 02:00:00,32937.0,30534.945,2402.0546875,2402.0546875,7.292876362449525
2025-05-31 03:00:00,32066.0,30012.86,2053.140625,2053.140625,6.402858557350465
2025-05-31 04:00:00,30634.0,28971.963,1662.037109375,1662.037109375,5.425465526457531
2025-05-31 05:00:00,28931.0,27419.582,1511.41796875,1511.41796875,5.224216130621133
2025-05-31 06:00:00,26845.0,26711.746,133.25390625,133.25390625,0.4963825898677594
2025-05-31 07:00:00,26506.0,26318.598,187.40234375,187.40234375,0.7070185759827963
2025-05-31 08:00:00,25752.0,25998.637,-246.63671875,246.63671875,0.9577381125737807
2025-05-31 09:00:00,25319.0,25568.592,-249.591796875,249.591796875,0.9857885259093961
2025-05-31 10:00:00,25257.0,25525.234,-268.234375,268.234375,1.0620199350675061
2025-05-31 11:00:00,25352.0,26119.72,-767.720703125,767.720703125,3.0282451211935943
2025-05-31 12:00:00,24714.0,26657.713,-1943.712890625,1943.712890625,7.864825162357368
2025-05-31 13:00:00,26220.0,27220.986,-1000.986328125,1000.986328125,3.8176442720251718
2025-05-31 14:00:00,27299.0,28344.262,-1045.26171875,1045.26171875,3.8289377587091105
2025-05-31 15:00:00,28563.0,29629.82,-1066.8203125,1066.8203125,3.7349729107586738
2025-05-31 16:00:00,29829.0,30212.537,-383.537109375,383.537109375,1.2857860115156392
2025-05-31 17:00:00,31254.0,30945.174,308.826171875,308.826171875,0.9881172709893135
2025-05-31 18:00:00,32715.0,32047.24,667.759765625,667.759765625,2.0411424900657194
2025-05-31 19:00:00,34190.0,32875.61,1314.390625,1314.390625,3.844371526762211
2025-05-31 20:00:00,35551.0,33792.215,1758.78515625,1758.78515625,4.947217114145875
2025-05-31 21:00:00,36750.0,34123.94,2626.05859375,2626.05859375,7.145737670068026
2025-05-31 22:00:00,37779.0,35621.492,2157.5078125,2157.5078125,5.710865328621721
2025-05-31 23:00:00,38151.0,35304.27,2846.73046875,2846.73046875,7.461745350711646
2025-06-01 00:00:00,37817.0,36263.59,1553.41015625,1553.41015625,4.107703298119893
2025-06-01 01:00:00,36649.0,34472.504,2176.49609375,2176.49609375,5.938759839968348
2025-06-01 02:00:00,35004.0,33474.98,1529.01953125,1529.01953125,4.3681280175122845
2025-06-01 03:00:00,33858.0,32354.191,1503.80859375,1503.80859375,4.441516314460394
2025-06-01 04:00:00,32151.0,30460.213,1690.787109375,1690.787109375,5.258894309274983
2025-06-01 05:00:00,30283.0,28527.99,1755.009765625,1755.009765625,5.795362961480039
2025-06-01 06:00:00,28689.0,26575.8,2113.19921875,2113.19921875,7.3658866420927875
2025-06-01 07:00:00,27327.0,25944.613,1382.38671875,1382.38671875,5.058684519888755
2025-06-01 08:00:00,26437.0,25455.305,981.6953125,981.6953125,3.7133385501380642
2025-06-01 09:00:00,25825.0,24764.092,1060.908203125,1060.908203125,4.108066614230397
2025-06-01 10:00:00,25519.0,24742.047,776.953125,776.953125,3.044606469689251
2025-06-01 11:00:00,25431.0,24771.676,659.32421875,659.32421875,2.5926004433565333
2025-06-01 12:00:00,25365.0,24553.113,811.88671875,811.88671875,3.2008149763453577
2025-06-01 13:00:00,26126.0,25566.016,559.984375,559.984375,2.1433988172701524
2025-06-01 14:00:00,27523.0,26866.615,656.384765625,656.384765625,2.3848590837663046
2025-06-01 15:00:00,29138.0,28274.371,863.62890625,863.62890625,2.963926509197611
2025-06-01 16:00:00,30776.0,29785.082,990.91796875,990.91796875,3.219775047926956
2025-06-01 17:00:00,32581.0,30818.395,1762.60546875,1762.60546875,5.4099182614100245
2025-06-01 18:00:00,34388.0,32075.787,2312.212890625,2312.212890625,6.723894645297779
2025-06-01 19:00:00,36115.0,33328.63,2786.37109375,2786.37109375,7.715273691679357
2025-06-01 20:00:00,37591.0,34586.043,3004.95703125,3004.95703125,7.993820412465749
2025-06-01 21:00:00,38893.0,35609.625,3283.375,3283.375,8.44207183811997
2025-06-01 22:00:00,39890.0,37048.06,2841.94140625,2841.94140625,7.124445741413889
2025-06-01 23:00:00,40356.0,37232.688,3123.3125,3123.3125,7.739400584795321
2025-06-02 00:00:00,39984.0,38449.625,1534.375,1534.375,3.8374724889955982
2025-06-02 01:00:00,38815.0,36564.418,2250.58203125,2250.58203125,5.798227569882777
2025-06-02 02:00:00,37159.0,34815.184,2343.81640625,2343.81640625,6.307533588767189
2025-06-02 03:00:00,35906.0,33792.92,2113.078125,2113.078125,5.88502792012477
2025-06-02 04:00:00,33886.0,31557.686,2328.314453125,2328.314453125,6.871021817638553
2025-06-02 05:00:00,31547.0,29471.852,2075.1484375,2075.1484375,6.577958086347355
2025-06-02 06:00:00,29733.0,28299.668,1433.33203125,1433.33203125,4.820677466955908
2025-06-02 07:00:00,28423.0,27413.73,1009.26953125,1009.26953125,3.5508902341413644
2025-06-02 08:00:00,27595.0,26743.213,851.787109375,851.787109375,3.0867443717158904
2025-06-02 09:00:00,27170.0,26074.695,1095.3046875,1095.3046875,4.031301757453074
2025-06-02 10:00:00,27242.0,25848.76,1393.240234375,1393.240234375,5.1143096482453565
2025-06-02 11:00:00,27960.0,26374.713,1585.287109375,1585.287109375,5.669839446977826
2025-06-02 12:00:00,28999.0,27191.14,1807.859375,1807.859375,6.234212817683368
2025-06-02 13:00:00,30440.0,28394.557,2045.443359375,2045.443359375,6.719590536711564
2025-06-02 14:00:00,32040.0,30582.17,1457.830078125,1457.830078125,4.550031454822098
2025-06-02 15:00:00,33790.0,32466.688,1323.3125,1323.3125,3.9162844036697244
2025-06-02 16:00:00,35956.0,34085.562,1870.4375,1870.4375,5.202017743909222
2025-06-02 17:00:00,37969.0,35998.45,1970.55078125,1970.55078125,5.189893811398773
2025-06-02 18:00:00,39827.0,37830.7,1996.30078125,1996.30078125,5.012430715971576
2025-06-02 19:00:00,41448.0,39963.734,1484.265625,1484.265625,3.581030749372708
2025-06-02 20:00:00,42521.0,41443.17,1077.828125,1077.828125,2.534813680299146
2025-06-02 21:00:00,43262.0,42562.957,699.04296875,699.04296875,1.6158359963709492
2025-06-02 22:00:00,43493.0,43269.84,223.16015625,223.16015625,0.5130944203664958
2025-06-02 23:00:00,43357.0,42462.586,894.4140625,894.4140625,2.0629057879927117
2025-06-03 00:00:00,42663.0,41457.773,1205.2265625,1205.2265625,2.824992528654806
2025-06-03 01:00:00,41294.0,40289.555,1004.4453125,1004.4453125,2.432424353416961
2025-06-03 02:00:00,39817.0,39384.176,432.82421875,432.82421875,1.087033726172238
2025-06-03 03:00:00,38657.0,36894.316,1762.68359375,1762.68359375,4.559804417699252
2025-06-03 04:00:00,36476.0,35100.664,1375.3359375,1375.3359375,3.770522912325913
2025-06-03 05:00:00,34150.0,32426.4,1723.599609375,1723.599609375,5.047143804904832
2025-06-03 06:00:00,32053.0,30815.135,1237.865234375,1237.865234375,3.8619325316663025
2025-06-03 07:00:00,30723.0,29313.475,1409.525390625,1409.525390625,4.587850765306122
2025-06-03 08:00:00,29829.0,28337.092,1491.908203125,1491.908203125,5.001536099517248
2025-06-03 09:00:00,29214.0,27947.305,1266.6953125,1266.6953125,4.33591878037927
2025-06-03 10:00:00,29043.0,28021.576,1021.423828125,1021.423828125,3.5169363637537443
2025-06-03 11:00:00,29657.0,28467.312,1189.6875,1189.6875,4.011489698890649
2025-06-03 12:00:00,30687.0,28996.137,1690.86328125,1690.86328125,5.510031222504644
2025-06-03 13:00:00,31842.0,30037.502,1804.498046875,1804.498046875,5.667037393615351
2025-06-03 14:00:00,32936.0,31095.275,1840.724609375,1840.724609375,5.588792231524775
2025-06-03 15:00:00,33853.0,32161.367,1691.6328125,1691.6328125,4.9969952810681475
2025-06-03 16:00:00,34853.0,33671.42,1181.578125,1181.578125,3.3901762402088775
2025-06-03 17:00:00,35956.0,34931.21,1024.7890625,1024.7890625,2.8501197644343086
2025-06-03 18:00:00,36973.0,35983.293,989.70703125,989.70703125,2.676837235955968
2025-06-03 19:00:00,37701.0,36666.86,1034.140625,1034.140625,2.743005822126734
2025-06-03 20:00:00,37902.0,36314.73,1587.26953125,1587.26953125,4.187825263178723
2025-06-03 21:00:00,37702.0,36266.84,1435.16015625,1435.16015625,3.8065889243276216
2025-06-03 22:00:00,37265.0,36419.086,845.9140625,845.9140625,2.269996142492956
2025-06-03 23:00:00,36704.0,36688.82,15.1796875,15.1796875,0.0413570387423714
2025-06-04 00:00:00,36094.0,36553.66,-459.66015625,459.66015625,1.2735084951792541
2025-06-04 01:00:00,35167.0,34485.55,681.44921875,681.44921875,1.9377519229675548
2025-06-04 02:00:00,34186.0,34841.812,-655.8125,655.8125,1.918365705259463
2025-06-04 03:00:00,33296.0,34195.098,-899.09765625,899.09765625,2.700317324153051
2025-06-04 04:00:00,31680.0,32867.215,-1187.21484375,1187.21484375,3.747521602746212
2025-06-04 05:00:00,29913.0,31332.346,-1419.345703125,1419.345703125,4.74491259026176
2025-06-04 06:00:00,28470.0,30067.273,-1597.2734375,1597.2734375,5.610373858447488
2025-06-04 07:00:00,27606.0,28893.443,-1287.443359375,1287.443359375,4.663636018890821
2025-06-04 08:00:00,26902.0,28154.283,-1252.283203125,1252.283203125,4.654981797357074
2025-06-04 09:00:00,26526.0,27536.695,-1010.6953125,1010.6953125,3.8102062598959514
2025-06-04 10:00:00,26628.0,27603.541,-975.541015625,975.541015625,3.6635910155663214
2025-06-04 11:00:00,27243.0,28327.625,-1084.625,1084.625,3.981297948096759
2025-06-04 12:00:00,28234.0,29103.412,-869.412109375,869.412109375,3.07930902236665
2025-06-04 13:00:00,29285.0,30166.549,-881.548828125,881.548828125,3.0102401506744068
2025-06-04 14:00:00,30291.0,31157.402,-866.40234375,866.40234375,2.8602632588887786
2025-06-04 15:00:00,31014.0,31803.305,-789.3046875,789.3046875,2.544994800735152
2025-06-04 16:00:00,31731.0,32647.14,-916.140625,916.140625,2.8872100627146953
2025-06-04 17:00:00,32307.0,33907.55,-1600.55078125,1600.55078125,4.954191912743369
2025-06-04 18:00:00,32789.0,35023.496,-2234.49609375,2234.49609375,6.814773533044619
2025-06-04 19:00:00,33418.0,35469.387,-2051.38671875,2051.38671875,6.13856819303968
2025-06-04 20:00:00,33876.0,35788.168,-1912.16796875,1912.16796875,5.644609660969418
2025-06-04 21:00:00,34316.0,35583.69,-1267.69140625,1267.69140625,3.6941700846543886
2025-06-04 22:00:00,34691.0,35552.14,-861.140625,861.140625,2.4823170995359027
2025-06-04 23:00:00,34726.0,35246.4,-520.3984375,520.3984375,1.4985844540114035
2025-06-05 00:00:00,34419.0,35631.7,-1212.69921875,1212.69921875,3.523342394462361
2025-06-05 01:00:00,33908.0,34646.3,-738.30078125,738.30078125,2.1773645784180724
2025-06-05 02:00:00,33388.0,33621.227,-233.2265625,233.2265625,0.6985340915897927
2025-06-05 03:00:00,32970.0,32856.88,113.12109375,113.12109375,0.3431031050955414
2025-06-05 04:00:00,31497.0,31032.361,464.638671875,464.638671875,1.4751838964822046
2025-06-05 05:00:00,29741.0,29839.184,-98.18359375,98.18359375,0.3301287574392253
2025-06-05 06:00:00,28227.0,27646.062,580.9375,580.9375,2.058091543557587
2025-06-05 07:00:00,27303.0,26815.11,487.890625,487.890625,1.7869487785225064
2025-06-05 08:00:00,26816.0,26206.664,609.3359375,609.3359375,2.2722849697941525
2025-06-05 09:00:00,26559.0,26056.291,502.708984375,502.708984375,1.8928008749388154
2025-06-05 10:00:00,26643.0,26066.418,576.58203125,576.58203125,2.1641032588297113
2025-06-05 11:00:00,27340.0,26756.13,583.869140625,583.869140625,2.1355857374725677
2025-06-05 12:00:00,28561.0,27749.018,811.982421875,811.982421875,2.8429761628619445
2025-06-05 13:00:00,29925.0,28808.021,1116.978515625,1116.978515625,3.732593201754386
2025-06-05 14:00:00,30975.0,29931.176,1043.82421875,1043.82421875,3.3698925544794185
2025-06-05 15:00:00,31785.0,30722.959,1062.041015625,1062.041015625,3.3413277194431337
2025-06-05 16:00:00,32781.0,31362.506,1418.494140625,1418.494140625,4.3271838584088345
2025-06-05 17:00:00,33709.0,31901.314,1807.685546875,1807.685546875,5.362619914192056
2025-06-05 18:00:00,34670.0,32259.102,2410.8984375,2410.8984375,6.953846084511104
2025-06-05 19:00:00,35727.0,33368.082,2358.91796875,2358.91796875,6.602619779858371
2025-06-05 20:00:00,36570.0,33056.332,3513.66796875,3513.66796875,9.608061166940114
2025-06-05 21:00:00,37239.0,33486.566,3752.43359375,3752.43359375,10.076622878568168
2025-06-05 22:00:00,37447.0,33503.77,3943.23046875,3943.23046875,10.530163881619355
2025-06-05 23:00:00,37082.0,33694.98,3387.01953125,3387.01953125,9.133864223208025
2025-06-06 00:00:00,36447.0,34357.44,2089.55859375,2089.55859375,5.733142902708042
2025-06-06 01:00:00,35767.0,33847.438,1919.5625,1919.5625,5.366853524198283
2025-06-06 02:00:00,34858.0,33404.707,1453.29296875,1453.29296875,4.169180586235584
2025-06-06 03:00:00,34251.0,32600.305,1650.6953125,1650.6953125,4.819407645032261
2025-06-06 04:00:00,32678.0,30965.24,1712.759765625,1712.759765625,5.24132372123447
2025-06-06 05:00:00,30877.0,29424.916,1452.083984375,1452.083984375,4.702801387359523
2025-06-06 06:00:00,29437.0,28068.057,1368.943359375,1368.943359375,4.650417363776879
2025-06-06 07:00:00,28409.0,27130.707,1278.29296875,1278.29296875,4.4996056487380764
2025-06-06 08:00:00,27753.0,26524.854,1228.146484375,1228.146484375,4.425274688772385
2025-06-06 09:00:00,27437.0,26030.578,1406.421875,1406.421875,5.126004574115246
2025-06-06 10:00:00,27438.0,25929.94,1508.060546875,1508.060546875,5.496248075205918
2025-06-06 11:00:00,27926.0,26842.309,1083.69140625,1083.69140625,3.8805822754780492
2025-06-06 12:00:00,28745.0,27861.217,883.783203125,883.783203125,3.0745632392590014
2025-06-06 13:00:00,29805.0,29280.7,524.30078125,524.30078125,1.7591034432142258
2025-06-06 14:00:00,30932.0,30000.59,931.41015625,931.41015625,3.011154003135911
2025-06-06 15:00:00,31944.0,31325.02,618.98046875,618.98046875,1.9377049485036313
2025-06-06 16:00:00,32986.0,32219.598,766.40234375,766.40234375,2.3234170367731766
2025-06-06 17:00:00,34053.0,33126.3,926.69921875,926.69921875,2.7213438426864007
2025-06-06 18:00:00,35259.0,34010.67,1248.328125,1248.328125,3.540452437675487
2025-06-06 19:00:00,36666.0,35369.67,1296.328125,1296.328125,3.535504622811324
2025-06-06 20:00:00,37648.0,36064.496,1583.50390625,1583.50390625,4.206077099049086
2025-06-06 21:00:00,38646.0,36864.41,1781.58984375,1781.58984375,4.610023919034312
2025-06-06 22:00:00,39304.0,37411.816,1892.18359375,1892.18359375,4.814226525926115
2025-06-06 23:00:00,39433.0,37086.113,2346.88671875,2346.88671875,5.951580449750209
2025-06-07 00:00:00,38869.0,36393.45,2475.55078125,2475.55078125,6.368959276672927
2025-06-07 01:00:00,37802.0,35392.844,2409.15625,2409.15625,6.37309203216761
2025-06-07 02:00:00,36399.0,34697.45,1701.55078125,1701.55078125,4.674718484711119
2025-06-07 03:00:00,35443.0,34373.055,1069.9453125,1069.9453125,3.0187775089580455
2025-06-07 04:00:00,33900.0,32187.137,1712.86328125,1712.86328125,5.052694044985251
2025-06-07 05:00:00,32035.0,29937.256,2097.744140625,2097.744140625,6.548288249180584
2025-06-07 06:00:00,30199.0,28500.357,1698.642578125,1698.642578125,5.624830551094407
2025-06-07 07:00:00,29030.0,27250.182,1779.818359375,1779.818359375,6.1309623126937645
2025-06-07 08:00:00,28026.0,26157.594,1868.40625,1868.40625,6.666688967387426
2025-06-07 09:00:00,27248.0,25732.195,1515.8046875,1515.8046875,5.562994302334117
2025-06-07 10:00:00,26771.0,25656.809,1114.19140625,1114.19140625,4.161934205857084
2025-06-07 11:00:00,26814.0,25930.643,883.357421875,883.357421875,3.29438883372492
2025-06-07 12:00:00,27032.0,26534.785,497.21484375,497.21484375,1.8393564802826279
2025-06-07 13:00:00,27619.0,27821.062,-202.0625,202.0625,0.7316068648394222
2025-06-07 14:00:00,28678.0,28627.47,50.529296875,50.529296875,0.1761953304798103
2025-06-07 15:00:00,29844.0,29772.932,71.068359375,71.068359375,0.2381328219240048
2025-06-07 16:00:00,31055.0,30614.465,440.53515625,440.53515625,1.4185643414909033
2025-06-07 17:00:00,32223.0,31927.21,295.7890625,295.7890625,0.9179438987679608
2025-06-07 18:00:00,33339.0,33223.723,115.27734375,115.27734375,0.34577324979753443
2025-06-07 19:00:00,34715.0,34089.895,625.10546875,625.10546875,1.8006782910845458
2025-06-07 20:00:00,36036.0,35601.12,434.87890625,434.87890625,1.2067901716339215
2025-06-07 21:00:00,37221.0,36398.336,822.6640625,822.6640625,2.21021483168104
2025-06-07 22:00:00,38196.0,37780.473,415.52734375,415.52734375,1.087881829903655
2025-06-07 23:00:00,38825.0,38300.367,524.6328125,524.6328125,1.3512757566001288
2025-06-08 00:00:00,38631.0,39143.13,-512.12890625,512.12890625,1.3256941478346405
2025-06-08 01:00:00,37806.0,36831.16,974.83984375,974.83984375,2.5785320947733164
2025-06-08 02:00:00,36274.0,34757.11,1516.890625,1516.890625,4.181757250372168
2025-06-08 03:00:00,34972.0,33630.49,1341.51171875,1341.51171875,3.8359593925140114
2025-06-08 04:00:00,33291.0,32014.299,1276.701171875,1276.701171875,3.8349739325192997
2025-06-08 05:00:00,31463.0,30388.508,1074.4921875,1074.4921875,3.415097694116899
2025-06-08 06:00:00,32300.0,28690.97,3609.029296875,3609.029296875,11.173465315402478
2025-06-08 07:00:00,31131.0,27455.252,3675.748046875,3675.748046875,11.807356162265908
2025-06-08 08:00:00,30474.0,26671.398,3802.6015625,3802.6015625,12.478183246373959
2025-06-08 09:00:00,29940.0,26166.787,3773.212890625,3773.212890625,12.60258146501336
2025-06-08 10:00:00,29642.0,25410.484,4231.515625,4231.515625,14.275405252682006
2025-06-08 11:00:00,29620.0,25504.678,4115.322265625,4115.322265625,13.893728108119513
2025-06-08 12:00:00,29726.0,25898.695,3827.3046875,3827.3046875,12.875276483549754
2025-06-08 13:00:00,30556.0,26841.223,3714.77734375,3714.77734375,12.1572762918903
2025-06-08 14:00:00,32141.0,28600.754,3540.24609375,3540.24609375,11.01473536526555
2025-06-08 15:00:00,34177.0,29876.27,4300.73046875,4300.73046875,12.583698009626357
2025-06-08 16:00:00,35846.0,31046.586,4799.4140625,4799.4140625,13.388980813758858
2025-06-08 17:00:00,37740.0,32318.748,5421.251953125,5421.251953125,14.364737554650238
2025-06-08 18:00:00,39369.0,32399.006,6969.994140625,6969.994140625,17.70427021419137
2025-06-08 19:00:00,40707.0,32676.338,8030.662109375,8030.662109375,19.727963518252388
2025-06-08 20:00:00,41692.0,34519.03,7172.96875,7172.96875,17.204664563945123
2025-06-08 21:00:00,42513.0,34990.42,7522.578125,7522.578125,17.694771305247805
2025-06-08 22:00:00,42873.0,35568.36,7304.640625,7304.640625,17.037857451076434
2025-06-08 23:00:00,42792.0,35388.21,7403.7890625,7403.7890625,17.301806558468876
2025-06-09 00:00:00,42081.0,36735.543,5345.45703125,5345.45703125,12.702780426439485
2025-06-09 01:00:00,40873.0,34933.832,5939.16796875,5939.16796875,14.530785527732244
2025-06-09 02:00:00,39014.0,34006.133,5007.8671875,5007.8671875,12.83607727354283
2025-06-09 03:00:00,37768.0,33329.73,4438.26953125,4438.26953125,11.751402063254607
2025-06-09 04:00:00,35910.0,32208.102,3701.8984375,3701.8984375,10.308823273461432
2025-06-09 05:00:00,34040.0,30223.924,3816.076171875,3816.076171875,11.210564547223854
2025-06-09 06:00:00,27984.0,30341.682,-2357.681640625,2357.681640625,8.425105919900657
2025-06-09 07:00:00,26912.0,29569.93,-2657.9296875,2657.9296875,9.876373690175386
2025-06-09 08:00:00,26223.0,28817.916,-2594.916015625,2594.916015625,9.895572648533731
2025-06-09 09:00:00,26027.0,28629.793,-2602.79296875,2602.79296875,10.000357201175703
2025-06-09 10:00:00,26097.0,28254.406,-2157.40625,2157.40625,8.266874544966853
2025-06-09 11:00:00,26810.0,28627.053,-1817.052734375,1817.052734375,6.777518591477061
2025-06-09 12:00:00,27861.0,29573.623,-1712.623046875,1712.623046875,6.147026477423639
2025-06-09 13:00:00,29324.0,30520.016,-1196.015625,1196.015625,4.078623738234892
2025-06-09 14:00:00,30683.0,32543.291,-1860.291015625,1860.291015625,6.062937182234462
2025-06-09 15:00:00,31926.0,34684.457,-2758.45703125,2758.45703125,8.640158589394224
2025-06-09 16:00:00,33200.0,36302.8,-3102.80078125,3102.80078125,9.345785485692772
2025-06-09 17:00:00,34599.0,38227.332,-3628.33203125,3628.33203125,10.486811847885777
2025-06-09 18:00:00,35966.0,38843.47,-2877.46875,2877.46875,8.000524801201134
2025-06-09 19:00:00,37187.0,39876.684,-2689.68359375,2689.68359375,7.232859853577864
2025-06-09 20:00:00,38097.0,40753.1,-2656.1015625,2656.1015625,6.971944149145602
2025-06-09 21:00:00,39025.0,41532.348,-2507.34765625,2507.34765625,6.4249779788597055
2025-06-09 22:00:00,39664.0,41820.746,-2156.74609375,2156.74609375,5.437540575206737
2025-06-09 23:00:00,39780.0,41499.11,-1719.109375,1719.109375,4.321541918049271
2025-06-10 00:00:00,39430.0,40978.254,-1548.25390625,1548.25390625,3.9265886539436976
2025-06-10 01:00:00,38336.0,38591.39,-255.390625,255.390625,0.6661900693864775
2025-06-10 02:00:00,36618.0,36211.027,406.97265625,406.97265625,1.1114005577857884
2025-06-10 03:00:00,35277.0,35543.2,-266.19921875,266.19921875,0.7545970993848683
2025-06-10 04:00:00,33060.0,33812.27,-752.26953125,752.26953125,2.275467426648518
2025-06-10 05:00:00,30654.0,32262.168,-1608.16796875,1608.16796875,5.246192890813597
2025-06-10 06:00:00,28700.0,28346.691,353.30859375,353.30859375,1.2310403963414633
2025-06-10 07:00:00,27390.0,27590.484,-200.484375,200.484375,0.7319619386637459
2025-06-10 08:00:00,26472.0,26999.244,-527.244140625,527.244140625,1.9917049736514054
2025-06-10 09:00:00,26071.0,26559.363,-488.36328125,488.36328125,1.873205021863373
2025-06-10 10:00:00,26122.0,26648.693,-526.693359375,526.693359375,2.0162826712158335
2025-06-10 11:00:00,26726.0,27508.479,-782.478515625,782.478515625,2.9277801228204745
2025-06-10 12:00:00,27774.0,28302.244,-528.244140625,528.244140625,1.9019375697594871
2025-06-10 13:00:00,29182.0,29624.652,-442.65234375,442.65234375,1.516867739531218
2025-06-10 14:00:00,30580.0,31230.018,-650.017578125,650.017578125,2.125629751880314
2025-06-10 15:00:00,32078.0,32395.861,-317.861328125,317.861328125,0.9909013284026436
2025-06-10 16:00:00,33787.0,34214.3,-427.30078125,427.30078125,1.2646899140201853
2025-06-10 17:00:00,35656.0,35750.285,-94.28515625,94.28515625,0.2644299872391743
2025-06-10 18:00:00,37548.0,37347.61,200.390625,200.390625,0.533691874400767
2025-06-10 19:00:00,39295.0,38891.695,403.3046875,403.3046875,1.0263511579081308
2025-06-10 20:00:00,40436.0,39463.25,972.75,972.75,2.405653378177861
2025-06-10 21:00:00,41346.0,40514.12,831.87890625,831.87890625,2.0119936783485706
2025-06-10 22:00:00,41886.0,40629.336,1256.6640625,1256.6640625,3.000200693549157
2025-06-10 23:00:00,41887.0,40817.473,1069.52734375,1069.52734375,2.55336343913386
2025-06-11 00:00:00,41441.0,40621.016,819.984375,819.984375,1.9786790256026638
2025-06-11 01:00:00,40349.0,38892.86,1456.140625,1456.140625,3.60886422216164
2025-06-11 02:00:00,38807.0,36855.99,1951.01171875,1951.01171875,5.027473699976808
2025-06-11 03:00:00,37656.0,35376.176,2279.82421875,2279.82421875,6.054345174075845
2025-06-11 04:00:00,35427.0,33153.254,2273.74609375,2273.74609375,6.418116390747171
2025-06-11 05:00:00,33281.0,30885.648,2395.3515625,2395.3515625,7.197354534118566
2025-06-11 06:00:00,30999.0,28720.113,2278.88671875,2278.88671875,7.351484624504017
2025-06-11 07:00:00,29621.0,27166.61,2454.390625,2454.390625,8.285981651531008
2025-06-11 08:00:00,28630.0,26577.566,2052.43359375,2052.43359375,7.168821494062172
2025-06-11 09:00:00,27951.0,26059.348,1891.65234375,1891.65234375,6.767744781045401
2025-06-11 10:00:00,27794.0,26061.182,1732.818359375,1732.818359375,6.234505142746636
2025-06-11 11:00:00,28152.0,26707.623,1444.376953125,1444.376953125,5.130637088395141
2025-06-11 12:00:00,29162.0,28031.46,1130.5390625,1130.5390625,3.8767542092449077
2025-06-11 13:00:00,30695.0,29956.238,738.76171875,738.76171875,2.406781947385568
2025-06-11 14:00:00,32361.0,31653.76,707.240234375,707.240234375,2.185470888955842
2025-06-11 15:00:00,34060.0,33295.836,764.1640625,764.1640625,2.243582097768644
2025-06-11 16:00:00,36014.0,34760.258,1253.7421875,1253.7421875,3.4812633628588885
2025-06-11 17:00:00,37884.0,36439.848,1444.15234375,1444.15234375,3.812037651119206
2025-06-11 18:00:00,39468.0,37869.64,1598.359375,1598.359375,4.049760248809162
2025-06-11 19:00:00,40540.0,39043.52,1496.48046875,1496.48046875,3.6913677078194373
2025-06-11 20:00:00,40819.0,39661.113,1157.88671875,1157.88671875,2.8366366612361893
2025-06-11 21:00:00,41017.0,40429.695,587.3046875,587.3046875,1.4318567606114538
2025-06-11 22:00:00,41095.0,40569.85,525.1484375,525.1484375,1.2778888855091861
2025-06-11 23:00:00,40794.0,39916.32,877.6796875,877.6796875,2.151492100554003
2025-06-12 00:00:00,40071.0,39872.2,198.80078125,198.80078125,0.49612133775049294
2025-06-12 01:00:00,38988.0,38947.227,40.7734375,40.7734375,0.10457945393454397
2025-06-12 02:00:00,37788.0,38069.914,-281.9140625,281.9140625,0.7460412366359691
2025-06-12 03:00:00,36852.0,37043.094,-191.09375,191.09375,0.5185437696732877
2025-06-12 04:00:00,34996.0,34970.367,25.6328125,25.6328125,0.07324497799748543
2025-06-12 05:00:00,32837.0,33110.223,-273.22265625,273.22265625,0.832057301976429
2025-06-12 06:00:00,30929.0,30746.756,182.244140625,182.244140625,0.5892338602120987
2025-06-12 07:00:00,29675.0,29292.312,382.6875,382.6875,1.2895956192080875
2025-06-12 08:00:00,28713.0,28236.955,476.044921875,476.044921875,1.6579421233413434
2025-06-12 09:00:00,28152.0,27697.977,454.0234375,454.0234375,1.6127573085393576
2025-06-12 10:00:00,28080.0,27484.078,595.921875,595.921875,2.1222288995726495
2025-06-12 11:00:00,28721.0,27958.217,762.783203125,762.783203125,2.6558378995334424
2025-06-12 12:00:00,29887.0,28939.352,947.6484375,947.6484375,3.1707713638036603
2025-06-12 13:00:00,31194.0,30429.72,764.279296875,764.279296875,2.450084301067513
2025-06-12 14:00:00,32342.0,31823.424,518.576171875,518.576171875,1.603414049455816
2025-06-12 15:00:00,33485.0,33361.72,123.28125,123.28125,0.3681685829475885
2025-06-12 16:00:00,34654.0,35159.234,-505.234375,505.234375,1.457939559646794
2025-06-12 17:00:00,35749.0,36403.664,-654.6640625,654.6640625,1.8312793714509497
2025-06-12 18:00:00,36615.0,37477.664,-862.6640625,862.6640625,2.356040045063499
2025-06-12 19:00:00,37658.0,37918.08,-260.078125,260.078125,0.6906318046630198
2025-06-12 20:00:00,38405.0,38535.633,-130.6328125,130.6328125,0.34014532612941023
2025-06-12 21:00:00,39185.0,38233.88,951.12109375,951.12109375,2.4272581185402577
2025-06-12 22:00:00,39592.0,39114.008,477.9921875,477.9921875,1.2072948764902
2025-06-12 23:00:00,39481.0,38908.54,572.4609375,572.4609375,1.4499656480332312
2025-06-13 00:00:00,39074.0,39314.414,-240.4140625,240.4140625,0.6152788619030557
2025-06-13 01:00:00,38248.0,38349.426,-101.42578125,101.42578125,0.2651793067611378
2025-06-13 02:00:00,37161.0,37195.652,-34.65234375,34.65234375,0.09324922297570033
2025-06-13 03:00:00,36352.0,36301.45,50.55078125,50.55078125,0.1390591473646567
2025-06-13 04:00:00,34625.0,34105.94,519.05859375,519.05859375,1.49908619133574
2025-06-13 05:00:00,32614.0,32154.525,459.474609375,459.474609375,1.40882629967192
2025-06-13 06:00:00,30866.0,30331.139,534.861328125,534.861328125,1.7328495047139247
2025-06-13 07:00:00,29640.0,29324.723,315.27734375,315.27734375,1.0636887440958165
2025-06-13 08:00:00,28711.0,28280.742,430.2578125,430.2578125,1.4985817717947825
2025-06-13 09:00:00,28140.0,27755.76,384.240234375,384.240234375,1.365459255063966
2025-06-13 10:00:00,28113.0,27650.045,462.955078125,462.955078125,1.6467651197844415
2025-06-13 11:00:00,28782.0,28427.232,354.767578125,354.767578125,1.2326022448926413
2025-06-13 12:00:00,29704.0,29584.713,119.287109375,119.287109375,0.4015860132473741
2025-06-13 13:00:00,31108.0,30673.51,434.490234375,434.490234375,1.3967154248907032
2025-06-13 14:00:00,32609.0,32007.793,601.20703125,601.20703125,1.8436843547793555
2025-06-13 15:00:00,34000.0,33163.336,836.6640625,836.6640625,2.460776654411765
2025-06-13 16:00:00,35552.0,34400.484,1151.515625,1151.515625,3.2389615914716474
2025-06-13 17:00:00,37030.0,36024.53,1005.46875,1005.46875,2.7152815284904133
2025-06-13 18:00:00,38365.0,37035.734,1329.265625,1329.265625,3.4647872409748466
2025-06-13 19:00:00,39848.0,37733.82,2114.1796875,2114.1796875,5.30561053879743
2025-06-13 20:00:00,41020.0,39085.42,1934.578125,1934.578125,4.716182654802535
2025-06-13 21:00:00,42118.0,39983.46,2134.5390625,2134.5390625,5.067997204283204
2025-06-13 22:00:00,42778.0,40731.66,2046.33984375,2046.33984375,4.7836267327832065
2025-06-13 23:00:00,42863.0,40421.543,2441.45703125,2441.45703125,5.695954625784476
2025-06-14 00:00:00,42334.0,40277.094,2056.90625,2056.90625,4.858757145556763
2025-06-14 01:00:00,41241.0,38744.23,2496.76953125,2496.76953125,6.054095514778982
2025-06-14 02:00:00,39621.0,37548.688,2072.3125,2072.3125,5.230338709270336
2025-06-14 03:00:00,38459.0,36428.434,2030.56640625,2030.56640625,5.279821124444213
2025-06-14 04:00:00,36553.0,34815.676,1737.32421875,1737.32421875,4.752890922085738
2025-06-14 05:00:00,34704.0,32602.32,2101.6796875,2101.6796875,6.056015697037806
2025-06-14 06:00:00,32356.0,30343.326,2012.673828125,2012.673828125,6.22040372148906
2025-06-14 07:00:00,30860.0,29099.318,1760.681640625,1760.681640625,5.705384447909916
2025-06-14 08:00:00,29757.0,28150.389,1606.611328125,1606.611328125,5.399103834811977
2025-06-14 09:00:00,28992.0,27567.361,1424.638671875,1424.638671875,4.913902703763108
2025-06-14 10:00:00,28534.0,27342.121,1191.87890625,1191.87890625,4.1770481048924095
2025-06-14 11:00:00,28545.0,27977.59,567.41015625,567.41015625,1.9877742380451917
2025-06-14 12:00:00,28656.0,28642.6,13.400390625,13.400390625,0.046762948858877725
2025-06-14 13:00:00,29643.0,29309.922,333.078125,333.078125,1.1236316331005634
2025-06-14 14:00:00,31146.0,30941.092,204.908203125,204.908203125,0.6578957269793874
2025-06-14 15:00:00,32938.0,31978.107,959.892578125,959.892578125,2.9142406282257576
2025-06-14 16:00:00,34491.0,32741.834,1749.166015625,1749.166015625,5.071369388028761
2025-06-14 17:00:00,35857.0,34122.22,1734.78125,1734.78125,4.8380546336838
2025-06-14 18:00:00,37034.0,35991.434,1042.56640625,1042.56640625,2.8151601400064807
2025-06-14 19:00:00,37896.0,37918.527,-22.52734375,22.52734375,0.05944517561220181
2025-06-14 20:00:00,38720.0,38577.594,142.40625,142.40625,0.3677847365702479
2025-06-14 21:00:00,39489.0,39484.734,4.265625,4.265625,0.01080205880118514
2025-06-14 22:00:00,40218.0,41058.24,-840.23828125,840.23828125,2.0892095112884776
2025-06-14 23:00:00,40613.0,40811.145,-198.14453125,198.14453125,0.4878844981902346
2025-06-15 00:00:00,40410.0,41280.945,-870.9453125,870.9453125,2.1552717458549866
2025-06-15 01:00:00,39448.0,38999.05,448.94921875,448.94921875,1.138078530597242
2025-06-15 02:00:00,38098.0,38169.555,-71.5546875,71.5546875,0.18781743792325056
2025-06-15 03:00:00,37147.0,37401.223,-254.22265625,254.22265625,0.6843692794842114
2025-06-15 04:00:00,35592.0,35665.375,-73.375,73.375,0.20615587772533153
2025-06-15 05:00:00,33515.0,33624.31,-109.30859375,109.30859375,0.32614827316127104
2025-06-15 06:00:00,31591.0,32043.43,-452.4296875,452.4296875,1.4321474074894749
2025-06-15 07:00:00,30246.0,30336.908,-90.908203125,90.908203125,0.3005627293691728
2025-06-15 08:00:00,29358.0,29405.281,-47.28125,47.28125,0.1610506505892772
2025-06-15 09:00:00,28609.0,28368.48,240.51953125,240.51953125,0.8407128220140515
2025-06-15 10:00:00,28114.0,28066.365,47.634765625,47.634765625,0.16943432320196342
2025-06-15 11:00:00,28010.0,28179.316,-169.31640625,169.31640625,0.6044855631917172
2025-06-15 12:00:00,27920.0,28113.604,-193.603515625,193.603515625,0.6934223339004298
2025-06-15 13:00:00,28615.0,29227.465,-612.46484375,612.46484375,2.140362899702953
2025-06-15 14:00:00,30109.0,30391.826,-282.826171875,282.826171875,0.9393409674017736
2025-06-15 15:00:00,31631.0,31866.129,-235.12890625,235.12890625,0.7433495818975057
2025-06-15 16:00:00,33024.0,32846.98,177.01953125,177.01953125,0.5360329798025678
2025-06-15 17:00:00,34558.0,34751.902,-193.90234375,193.90234375,0.5610924930551536
2025-06-15 18:00:00,35978.0,35675.92,302.078125,302.078125,0.8396190032797821
2025-06-15 19:00:00,37158.0,37294.94,-136.94140625,136.94140625,0.36853815127294254
2025-06-15 20:00:00,38542.0,37834.344,707.65625,707.65625,1.8360652015982564
2025-06-15 21:00:00,39777.0,39107.34,669.66015625,669.66015625,1.6835361044070696
2025-06-15 22:00:00,40614.0,40099.24,514.76171875,514.76171875,1.2674489554094648
2025-06-15 23:00:00,40952.0,40434.074,517.92578125,517.92578125,1.2647142538825942
2025-06-16 00:00:00,40694.0,41417.86,-723.859375,723.859375,1.7787864918661227
2025-06-16 01:00:00,39662.0,39535.71,126.2890625,126.2890625,0.3184132481972669
2025-06-16 02:00:00,38266.0,37931.082,334.91796875,334.91796875,0.8752364207129043
2025-06-16 03:00:00,37247.0,36477.516,769.484375,769.484375,2.0658962466775845
2025-06-16 04:00:00,35539.0,35052.605,486.39453125,486.39453125,1.3686218837052253
2025-06-16 05:00:00,33086.0,32958.793,127.20703125,127.20703125,0.3844738900139032
2025-06-16 06:00:00,31303.0,30478.062,824.9375,824.9375,2.6353304795067567
2025-06-16 07:00:00,30016.0,29564.006,451.994140625,451.994140625,1.505844018606743
2025-06-16 08:00:00,29032.0,28934.56,97.439453125,97.439453125,0.3356277663440342
2025-06-16 09:00:00,28496.0,28158.984,337.015625,337.015625,1.1826769546603033
2025-06-16 10:00:00,28530.0,27795.926,734.07421875,734.07421875,2.572990601997897
2025-06-16 11:00:00,29188.0,28530.916,657.083984375,657.083984375,2.2512127736569822
2025-06-16 12:00:00,30291.0,29727.705,563.294921875,563.294921875,1.8596115079561586
2025-06-16 13:00:00,31860.0,30761.479,1098.521484375,1098.521484375,3.4479644832862526
2025-06-16 14:00:00,33391.0,33054.69,336.30859375,336.30859375,1.0071833540474977
2025-06-16 15:00:00,33630.0,34162.586,-532.5859375,532.5859375,1.5836632099316086
2025-06-16 16:00:00,33630.0,35737.16,-2107.16015625,2107.16015625,6.265715599910794
2025-06-16 17:00:00,33630.0,37621.8,-3991.80078125,3991.80078125,11.869761466696401
2025-06-16 18:00:00,33630.0,39385.227,-5755.2265625,5755.2265625,17.113370688373475
2025-06-16 19:00:00,33630.0,40970.285,-7340.28515625,7340.28515625,21.826598739964318
2025-06-16 20:00:00,33630.0,42371.82,-8741.8203125,8741.8203125,25.99411332887303
2025-06-16 21:00:00,33630.0,43417.145,-9787.14453125,9787.14453125,29.102422037615224
2025-06-16 22:00:00,33630.0,44091.6,-10461.6015625,10461.6015625,31.107943986024384
2025-06-16 23:00:00,33630.0,44191.625,-10561.625,10561.625,31.40536723163842
2025-06-17 00:00:00,33630.0,42350.9,-8720.8984375,8720.8984375,25.93190139012786
2025-06-17 01:00:00,33630.0,40352.016,-6722.015625,6722.015625,19.988152319357717
2025-06-17 02:00:00,33630.0,38182.54,-4552.5390625,4552.5390625,13.53713667112697
2025-06-17 03:00:00,33630.0,37737.97,-4107.96875,4107.96875,12.215191049658044
2025-06-17 04:00:00,33630.0,36535.57,-2905.5703125,2905.5703125,8.639816570026762
2025-06-17 05:00:00,33630.0,34143.566,-513.56640625,513.56640625,1.5271079579244722
2025-06-17 06:00:00,33630.0,31413.38,2216.619140625,2216.619140625,6.591195779438001
2025-06-17 07:00:00,33630.0,30345.06,3284.939453125,3284.939453125,9.76788419008326
2025-06-17 08:00:00,33630.0,29320.074,4309.92578125,4309.92578125,12.815717458370502
2025-06-17 09:00:00,33630.0,28398.754,5231.24609375,5231.24609375,15.555296145554564
2025-06-17 10:00:00,33630.0,28506.309,5123.69140625,5123.69140625,15.235478460451976
2025-06-17 11:00:00,33630.0,29131.24,4498.759765625,4498.759765625,13.377222020889088
2025-06-17 12:00:00,33630.0,29965.006,3664.994140625,3664.994140625,10.89799030813262
2025-06-17 13:00:00,33630.0,31420.658,2209.341796875,2209.341796875,6.569556339206066
2025-06-17 14:00:00,33630.0,33148.914,481.0859375,481.0859375,1.4305261299435028
2025-06-17 15:00:00,33630.0,33781.85,-151.8515625,151.8515625,0.4515360169491525
2025-06-17 16:00:00,33630.0,34291.23,-661.23046875,661.23046875,1.9661922948260482
2025-06-17 17:00:00,33630.0,34952.86,-1322.859375,1322.859375,3.9335693577163244
2025-06-17 18:00:00,33630.0,35792.906,-2162.90625,2162.90625,6.431478590544157
2025-06-17 19:00:00,33630.0,35903.63,-2273.62890625,2273.62890625,6.7607163432946775
2025-06-17 20:00:00,33630.0,36106.27,-2476.26953125,2476.26953125,7.363275442313411
2025-06-17 21:00:00,33630.0,35221.816,-1591.81640625,1591.81640625,4.7333226471900085
2025-06-17 22:00:00,33630.0,35358.844,-1728.84375,1728.84375,5.140778322925959
2025-06-17 23:00:00,33630.0,35265.48,-1635.48046875,1635.48046875,4.863159288581623
2025-06-18 00:00:00,33630.0,35739.13,-2109.12890625,2109.12890625,6.271569747992864
2025-06-18 01:00:00,33630.0,35391.918,-1761.91796875,1761.91796875,5.239125687630093
2025-06-18 02:00:00,33630.0,34899.83,-1269.828125,1269.828125,3.7758790514421645
2025-06-18 03:00:00,33630.0,34760.777,-1130.77734375,1130.77734375,3.362406612399643
2025-06-18 04:00:00,33630.0,33067.805,562.1953125,562.1953125,1.6717077386262265
2025-06-18 05:00:00,33630.0,32646.299,983.701171875,983.701171875,2.925070389161463
2025-06-18 06:00:00,38722.0,32153.65,6568.349609375,6568.349609375,16.962836654550383
2025-06-18 07:00:00,38722.0,31821.559,6900.44140625,6900.44140625,17.820467450674034
2025-06-18 08:00:00,38722.0,31561.863,7160.13671875,7160.13671875,18.491133512602655
2025-06-18 09:00:00,38722.0,31332.857,7389.142578125,7389.142578125,19.08254371707298
2025-06-18 10:00:00,38722.0,31345.879,7376.12109375,7376.12109375,19.04891558739218
2025-06-18 11:00:00,38722.0,31404.86,7317.140625,7317.140625,18.89659786426321
2025-06-18 12:00:00,38722.0,31637.545,7084.455078125,7084.455078125,18.295684825486802
2025-06-18 13:00:00,38722.0,32191.643,6530.357421875,6530.357421875,16.864721403530293
2025-06-18 14:00:00,38722.0,32655.834,6066.166015625,6066.166015625,15.66594188219875
2025-06-18 15:00:00,38722.0,33509.824,5212.17578125,5212.17578125,13.460502508264035
2025-06-18 16:00:00,38722.0,33610.613,5111.38671875,5111.38671875,13.200213622101131
2025-06-18 17:00:00,38722.0,34194.87,4527.12890625,4527.12890625,11.691361257812098
2025-06-18 18:00:00,38722.0,34901.96,3820.0390625,3820.0390625,9.86529379293425
2025-06-18 19:00:00,38722.0,34724.92,3997.078125,3997.078125,10.322499160683849
2025-06-18 20:00:00,38722.0,34971.883,3750.1171875,3750.1171875,9.68471976524973
2025-06-18 21:00:00,38722.0,35689.785,3032.21484375,3032.21484375,7.83072889765508
2025-06-18 22:00:00,38722.0,36545.28,2176.71875,2176.71875,5.621400624967719
2025-06-18 23:00:00,38722.0,36509.1,2212.8984375,2212.8984375,5.714835074376323
2025-06-19 00:00:00,38722.0,37178.273,1543.7265625,1543.7265625,3.9866911897629254
2025-06-19 01:00:00,38722.0,36317.133,2404.8671875,2404.8671875,6.210596527813646
2025-06-19 02:00:00,38722.0,35255.992,3466.0078125,3466.0078125,8.951004112649139
2025-06-19 03:00:00,38722.0,34799.49,3922.51171875,3922.51171875,10.129930578869892
2025-06-19 04:00:00,38722.0,33320.504,5401.49609375,5401.49609375,13.949424342105262
2025-06-19 05:00:00,38722.0,32863.863,5858.13671875,5858.13671875,15.12870388603378
2025-06-19 06:00:00,32133.0,34905.57,-2772.5703125,2772.5703125,8.628420354464259
2025-06-19 07:00:00,30790.0,34751.676,-3961.67578125,3961.67578125,12.866761225235464
2025-06-19 08:00:00,29771.0,34528.17,-4757.171875,4757.171875,15.979214252124551
2025-06-19 09:00:00,29220.0,34380.12,-5160.12109375,5160.12109375,17.659551997775498
2025-06-19 10:00:00,29122.0,34082.484,-4960.484375,4960.484375,17.03346052812307
2025-06-19 11:00:00,29647.0,34291.977,-4644.9765625,4644.9765625,15.667610761628495
2025-06-19 12:00:00,30526.0,34884.05,-4358.05078125,4358.05078125,14.276520937070039
2025-06-19 13:00:00,32038.0,35766.137,-3728.13671875,3728.13671875,11.636608773175604
2025-06-19 14:00:00,34032.0,36740.477,-2708.4765625,2708.4765625,7.958617073636577
2025-06-19 15:00:00,36259.0,38040.152,-1781.15234375,1781.15234375,4.91230410036129
2025-06-19 16:00:00,38641.0,39212.645,-571.64453125,571.64453125,1.4793730267073832
2025-06-19 17:00:00,41011.0,39949.754,1061.24609375,1061.24609375,2.5877108428226574
2025-06-19 18:00:00,43172.0,40117.395,3054.60546875,3054.60546875,7.0754319205735206
2025-06-19 19:00:00,45061.0,41005.625,4055.375,4055.375,8.999744790395242
2025-06-19 20:00:00,46394.0,41415.582,4978.41796875,4978.41796875,10.73073666584041
2025-06-19 21:00:00,47455.0,41719.145,5735.85546875,5735.85546875,12.08693597882204
2025-06-19 22:00:00,48160.0,41829.465,6330.53515625,6330.53515625,13.144798912479235
2025-06-19 23:00:00,48229.0,41660.566,6568.43359375,6568.43359375,13.619261427253312
2025-06-20 00:00:00,47770.0,41940.47,5829.53125,5829.53125,12.203331065522294
2025-06-20 01:00:00,46551.0,40842.918,5708.08203125,5708.08203125,12.26199658707654
2025-06-20 02:00:00,44618.0,39917.68,4700.3203125,4700.3203125,10.534583155901206
2025-06-20 03:00:00,43070.0,39412.348,3657.65234375,3657.65234375,8.492343496052937
2025-06-20 04:00:00,40849.0,39353.227,1495.7734375,1495.7734375,3.661713720042106
2025-06-20 05:00:00,38172.0,37954.297,217.703125,217.703125,0.570321505291837
2025-06-20 06:00:00,35904.0,33316.742,2587.2578125,2587.2578125,7.206043372604724
2025-06-20 07:00:00,34291.0,31740.594,2550.40625,2550.40625,7.437538275349217
2025-06-20 08:00:00,33174.0,30516.88,2657.119140625,2657.119140625,8.009643517890517
2025-06-20 09:00:00,32481.0,29842.191,2638.80859375,2638.80859375,8.12416056694683
2025-06-20 10:00:00,32274.0,29673.49,2600.509765625,2600.509765625,8.057599819126851
2025-06-20 11:00:00,32711.0,30349.625,2361.375,2361.375,7.218901898443948
2025-06-20 12:00:00,33501.0,31687.984,1813.015625,1813.015625,5.411825393271843
2025-06-20 13:00:00,35476.0,33396.39,2079.609375,2079.609375,5.862017631638291
2025-06-20 14:00:00,37937.0,36013.137,1923.86328125,1923.86328125,5.071205633682157
2025-06-20 15:00:00,40533.0,38177.023,2355.9765625,2355.9765625,5.812489977302445
2025-06-20 16:00:00,42984.0,40129.15,2854.8515625,2854.8515625,6.641660995951983
2025-06-20 17:00:00,45200.0,41215.246,3984.75390625,3984.75390625,8.815827226216815
2025-06-20 18:00:00,47192.0,43464.125,3727.875,3727.875,7.89937913205628
2025-06-20 19:00:00,48740.0,45023.79,3716.2109375,3716.2109375,7.624560807345096
2025-06-20 20:00:00,49810.0,46419.94,3390.05859375,3390.05859375,6.805979911162417
2025-06-20 21:00:00,50520.0,47751.645,2768.35546875,2768.35546875,5.479721830463183
2025-06-20 22:00:00,50760.0,47631.25,3128.75,3128.75,6.163810086682427
2025-06-20 23:00:00,50552.0,47777.676,2774.32421875,2774.32421875,5.488060252314448
2025-06-21 00:00:00,49861.0,47202.156,2658.84375,2658.84375,5.3325118830348375
2025-06-21 01:00:00,48586.0,46040.766,2545.234375,2545.234375,5.238616834067427
2025-06-21 02:00:00,46725.0,44465.742,2259.2578125,2259.2578125,4.835222712680578
2025-06-21 03:00:00,45282.0,42748.625,2533.375,2533.375,5.594662338235944
2025-06-21 04:00:00,43311.0,40661.965,2649.03515625,2649.03515625,6.116310305118792
2025-06-21 05:00:00,40890.0,38043.184,2846.81640625,2846.81640625,6.962133544265102
2025-06-21 06:00:00,38757.0,35874.047,2882.953125,2882.953125,7.438535296849601
2025-06-21 07:00:00,37181.0,34351.207,2829.79296875,2829.79296875,7.610857612086819
2025-06-21 08:00:00,35911.0,33246.56,2664.44140625,2664.44140625,7.419568951713959
2025-06-21 09:00:00,34951.0,31929.121,3021.87890625,3021.87890625,8.646044194014477
2025-06-21 10:00:00,34301.0,31458.19,2842.810546875,2842.810546875,8.287835768272062
2025-06-21 11:00:00,34069.0,31835.104,2233.896484375,2233.896484375,6.5569769713669315
2025-06-21 12:00:00,33999.0,32575.945,1423.0546875,1423.0546875,4.185578068472602
2025-06-21 13:00:00,35334.0,34144.1,1189.8984375,1189.8984375,3.367573548140601
2025-06-21 14:00:00,37574.0,36992.895,581.10546875,581.10546875,1.5465626996061106
2025-06-21 15:00:00,39833.0,39345.414,487.5859375,487.5859375,1.2240753583711996
2025-06-21 16:00:00,41938.0,40967.086,970.9140625,970.9140625,2.315117703514712
2025-06-21 17:00:00,43707.0,42738.348,968.65234375,968.65234375,2.2162407480495117
2025-06-21 18:00:00,45259.0,43996.31,1262.69140625,1262.69140625,2.789923343975784
2025-06-21 19:00:00,46613.0,45761.36,851.640625,851.640625,1.8270452985218715
2025-06-21 20:00:00,47576.0,46035.566,1540.43359375,1540.43359375,3.237837552022028
2025-06-21 21:00:00,48245.0,46542.07,1702.9296875,1702.9296875,3.529753730956576
2025-06-21 22:00:00,48785.0,47163.508,1621.4921875,1621.4921875,3.3237515373577944
2025-06-21 23:00:00,48751.0,46749.406,2001.59375,2001.59375,4.105749112838711
2025-06-22 00:00:00,48291.0,47517.137,773.86328125,773.86328125,1.60250001294237
2025-06-22 01:00:00,47066.0,46503.598,562.40234375,562.40234375,1.194922754748651
2025-06-22 02:00:00,45189.0,44960.027,228.97265625,228.97265625,0.5066999850627365
2025-06-22 03:00:00,43798.0,42517.637,1280.36328125,1280.36328125,2.9233373241928855
2025-06-22 04:00:00,42031.0,40944.605,1086.39453125,1086.39453125,2.58474585722443
2025-06-22 05:00:00,39798.0,39350.125,447.875,447.875,1.1253706216392785
2025-06-22 06:00:00,37858.0,37353.83,504.171875,504.171875,1.3317446114427598
2025-06-22 07:00:00,36248.0,36177.086,70.9140625,70.9140625,0.19563579369896272
2025-06-22 08:00:00,35129.0,34663.2,465.80078125,465.80078125,1.3259722202453812
2025-06-22 09:00:00,34214.0,33287.71,926.2890625,926.2890625,2.7073392836265855
2025-06-22 10:00:00,33567.0,32630.979,936.021484375,936.021484375,2.7885169493103343
2025-06-22 11:00:00,33246.0,32538.398,707.6015625,707.6015625,2.128381045840101
2025-06-22 12:00:00,33070.0,32908.99,161.01171875,161.01171875,0.48688152026005443
2025-06-22 13:00:00,34250.0,34106.723,143.27734375,143.27734375,0.4183280109489051
2025-06-22 14:00:00,36483.0,36065.59,417.41015625,417.41015625,1.1441223480799276
2025-06-22 15:00:00,38700.0,38573.48,126.51953125,126.51953125,0.3269238533591731
2025-06-22 16:00:00,40652.0,40441.215,210.78515625,210.78515625,0.5185111587375775
2025-06-22 17:00:00,42429.0,41991.133,437.8671875,437.8671875,1.031999781988734
2025-06-22 18:00:00,43991.0,42910.84,1080.16015625,1080.16015625,2.455411689322816
2025-06-22 19:00:00,45292.0,44144.746,1147.25390625,1147.25390625,2.5330166613309193
2025-06-22 20:00:00,46278.0,45281.652,996.34765625,996.34765625,2.1529617879986174
2025-06-22 21:00:00,47019.0,46104.4,914.6015625,914.6015625,1.945174424168953
2025-06-22 22:00:00,47707.0,47276.965,430.03515625,430.03515625,0.9014089258389754
2025-06-22 23:00:00,47924.0,46856.01,1067.98828125,1067.98828125,2.228504050684417
2025-06-23 00:00:00,47437.0,47469.863,-32.86328125,32.86328125,0.06927773942281341
2025-06-23 01:00:00,46261.0,45878.848,382.15234375,382.15234375,0.8260788650266964
2025-06-23 02:00:00,44260.0,43731.535,528.46484375,528.46484375,1.1940010025982828
2025-06-23 03:00:00,42759.0,41763.137,995.86328125,995.86328125,2.3290144326340654
2025-06-23 04:00:00,40742.0,40697.72,44.28125,44.28125,0.10868698149329929
2025-06-23 05:00:00,38435.0,39268.223,-833.22265625,833.22265625,2.1678747398204763
2025-06-23 06:00:00,36478.0,37511.723,-1033.72265625,1033.72265625,2.8338249252974395
2025-06-23 07:00:00,34944.0,36432.543,-1488.54296875,1488.54296875,4.259795583648122
2025-06-23 08:00:00,34028.0,35364.26,-1336.26171875,1336.26171875,3.9269475689138353
2025-06-23 09:00:00,33349.0,34059.773,-710.7734375,710.7734375,2.131318592761402
2025-06-23 10:00:00,33173.0,33408.113,-235.11328125,235.11328125,0.7087489260844663
2025-06-23 11:00:00,33639.0,33858.824,-219.82421875,219.82421875,0.6534802424269449
2025-06-23 12:00:00,34684.0,34976.23,-292.23046875,292.23046875,0.8425512303944181
2025-06-23 13:00:00,36548.0,36538.15,9.8515625,9.8515625,0.026955134343876547
2025-06-23 14:00:00,38620.0,38711.67,-91.671875,91.671875,0.23736891506991195
2025-06-23 15:00:00,40622.0,41227.21,-605.2109375,605.2109375,1.489860020432278
2025-06-23 16:00:00,42567.0,42925.402,-358.40234375,358.40234375,0.8419722878051072
2025-06-23 17:00:00,44248.0,43090.426,1157.57421875,1157.57421875,2.6161051770701502
2025-06-23 18:00:00,45854.0,44826.215,1027.78515625,1027.78515625,2.241429659898809
2025-06-23 19:00:00,47118.0,45180.35,1937.6484375,1937.6484375,4.112331672609193
2025-06-23 20:00:00,47792.0,45524.773,2267.2265625,2267.2265625,4.743945770212587
2025-06-23 21:00:00,48213.0,45260.797,2952.203125,2952.203125,6.123251249662954
2025-06-23 22:00:00,48063.0,46191.46,1871.5390625,1871.5390625,3.893928931818655
2025-06-23 23:00:00,47543.0,45995.445,1547.5546875,1547.5546875,3.2550631796478977
2025-06-24 00:00:00,46791.0,45852.207,938.79296875,938.79296875,2.0063537191981364
2025-06-24 01:00:00,45408.0,44854.594,553.40625,553.40625,1.2187417415433404
2025-06-24 02:00:00,43614.0,41824.453,1789.546875,1789.546875,4.103147785114871
2025-06-24 03:00:00,42110.0,41282.22,827.78125,827.78125,1.965759320826407
2025-06-24 04:00:00,39975.0,39259.37,715.62890625,715.62890625,1.7901911350844277
2025-06-24 05:00:00,37489.0,37580.492,-91.4921875,91.4921875,0.24405075488810052
2025-06-24 06:00:00,35577.0,36089.01,-512.01171875,512.01171875,1.439164962616297
2025-06-24 07:00:00,34116.0,34303.516,-187.515625,187.515625,0.5496412973384922
2025-06-24 08:00:00,32975.0,33742.63,-767.62890625,767.62890625,2.3279117702805157
2025-06-24 09:00:00,32173.0,33501.78,-1328.78125,1328.78125,4.130112982936002
2025-06-24 10:00:00,31955.0,33347.223,-1392.22265625,1392.22265625,4.356822582537944
2025-06-24 11:00:00,32463.0,33588.156,-1125.15625,1125.15625,3.465965098727782
2025-06-24 12:00:00,33354.0,34326.258,-972.2578125,972.2578125,2.9149661584817412
2025-06-24 13:00:00,34914.0,36016.08,-1102.078125,1102.078125,3.1565507389585843
2025-06-24 14:00:00,36698.0,37847.664,-1149.6640625,1149.6640625,3.1327703485203555
2025-06-24 15:00:00,38776.0,39489.906,-713.90625,713.90625,1.8411033886940376
2025-06-24 16:00:00,40879.0,42067.56,-1188.55859375,1188.55859375,2.907504082169329
2025-06-24 17:00:00,42727.0,43396.887,-669.88671875,669.88671875,1.5678299874786434
2025-06-24 18:00:00,44496.0,45050.418,-554.41796875,554.41796875,1.245995075400036
2025-06-24 19:00:00,46042.0,44950.246,1091.75390625,1091.75390625,2.3712130364667043
2025-06-24 20:00:00,47096.0,45922.586,1173.4140625,1173.4140625,2.491536568923051
2025-06-24 21:00:00,47720.0,46532.97,1187.03125,1187.03125,2.4874921416596814
2025-06-24 22:00:00,47975.0,46754.73,1220.26953125,1220.26953125,2.5435529572694113
2025-06-24 23:00:00,47805.0,46637.47,1167.53125,1167.53125,2.4422785273506955
2025-06-25 00:00:00,47208.0,45719.53,1488.46875,1488.46875,3.1530010803253683
2025-06-25 01:00:00,45585.0,43704.785,1880.21484375,1880.21484375,4.1246349539322145
2025-06-25 02:00:00,43681.0,41560.746,2120.25390625,2120.25390625,4.853950015452943
2025-06-25 03:00:00,42277.0,40600.344,1676.65625,1676.65625,3.965882749485536
2025-06-25 04:00:00,40141.0,39201.59,939.41015625,939.41015625,2.3402759180140005
2025-06-25 05:00:00,37769.0,37442.664,326.3359375,326.3359375,0.8640311829807514
2025-06-25 06:00:00,35587.0,35420.812,166.1875,166.1875,0.4669893500435552
2025-06-25 07:00:00,34136.0,33838.984,297.015625,297.015625,0.8700949876962738
2025-06-25 08:00:00,32980.0,33058.68,-78.6796875,78.6796875,0.23856788204972712
2025-06-25 09:00:00,32345.0,32600.352,-255.3515625,255.3515625,0.7894622430051013
2025-06-25 10:00:00,32120.0,32511.854,-391.853515625,391.853515625,1.2199673587328768
2025-06-25 11:00:00,32620.0,32923.258,-303.2578125,303.2578125,0.9296683399754752
2025-06-25 12:00:00,33541.0,34222.58,-681.578125,681.578125,2.032074550550073
2025-06-25 13:00:00,35293.0,35776.617,-483.6171875,483.6171875,1.3702920904995326
2025-06-25 14:00:00,37391.0,37253.586,137.4140625,137.4140625,0.36750571661629805
2025-06-25 15:00:00,39359.0,39588.465,-229.46484375,229.46484375,0.583004760664651
2025-06-25 16:00:00,41653.0,40927.613,725.38671875,725.38671875,1.7414993367824645
2025-06-25 17:00:00,43749.0,42946.043,802.95703125,802.95703125,1.8353723085099087
2025-06-25 18:00:00,45472.0,43845.42,1626.578125,1626.578125,3.5770982692646025
2025-06-25 19:00:00,46841.0,45616.61,1224.390625,1224.390625,2.6139293033880575
2025-06-25 20:00:00,47593.0,45974.418,1618.58203125,1618.58203125,3.4008825483789633
2025-06-25 21:00:00,48053.0,46965.496,1087.50390625,1087.50390625,2.2631342606080787
2025-06-25 22:00:00,48117.0,47220.09,896.91015625,896.91015625,1.864019278529418
2025-06-25 23:00:00,47829.0,46584.86,1244.140625,1244.140625,2.60122650484016
2025-06-26 00:00:00,47247.0,46511.727,735.2734375,735.2734375,1.5562330677080027
2025-06-26 01:00:00,45721.0,44318.953,1402.046875,1402.046875,3.0665271428883885
2025-06-26 02:00:00,43894.0,42140.562,1753.4375,1753.4375,3.994708844033353
2025-06-26 03:00:00,42342.0,40954.586,1387.4140625,1387.4140625,3.2766852356997775
2025-06-26 04:00:00,40204.0,38799.137,1404.86328125,1404.86328125,3.4943370839966175
2025-06-26 05:00:00,38103.0,37009.258,1093.7421875,1093.7421875,2.8704883801800385
2025-06-26 06:00:00,35512.0,35178.938,333.0625,333.0625,0.9378871930615004
2025-06-26 07:00:00,33947.0,33858.336,88.6640625,88.6640625,0.26118379385512713
2025-06-26 08:00:00,32904.0,32900.7,3.30078125,3.30078125,0.01003155011548748
2025-06-26 09:00:00,32197.0,32032.9,164.099609375,164.099609375,0.5096736011895519
2025-06-26 10:00:00,31948.0,31890.367,57.6328125,57.6328125,0.18039568204582448
2025-06-26 11:00:00,32477.0,32513.375,-36.375,36.375,0.1120023401176217
2025-06-26 12:00:00,33502.0,33772.11,-270.109375,270.109375,0.806248507551788
2025-06-26 13:00:00,35348.0,35510.637,-162.63671875,162.63671875,0.4601016146599525
2025-06-26 14:00:00,37223.0,37405.254,-182.25390625,182.25390625,0.4896271290599898
2025-06-26 15:00:00,39130.0,38973.938,156.0625,156.0625,0.39883082034244827
2025-06-26 16:00:00,41016.0,41122.805,-106.8046875,106.8046875,0.26039761922176713
2025-06-26 17:00:00,42904.0,43534.598,-630.59765625,630.59765625,1.4697875635138915
2025-06-26 18:00:00,44577.0,44084.58,492.421875,492.421875,1.104654586445925
2025-06-26 19:00:00,46122.0,45324.28,797.71875,797.71875,1.7295840379862104
2025-06-26 20:00:00,47023.0,46984.383,38.6171875,38.6171875,0.08212404036322651
2025-06-26 21:00:00,47645.0,46817.84,827.16015625,827.16015625,1.7360901589883515
2025-06-26 22:00:00,47637.0,44588.15,3048.8515625,3048.8515625,6.4001754151185
2025-06-26 23:00:00,46782.0,42236.926,4545.07421875,4545.07421875,9.715433753901074
2025-06-27 00:00:00,45213.0,43185.547,2027.453125,2027.453125,4.4842260522416115
2025-06-27 01:00:00,43560.0,41419.11,2140.890625,2140.890625,4.914808597337006
2025-06-27 02:00:00,41872.0,40678.773,1193.2265625,1193.2265625,2.8497004262991976
2025-06-27 03:00:00,40477.0,39444.01,1032.98828125,1032.98828125,2.552037654099859
2025-06-27 04:00:00,38387.0,37933.438,453.5625,453.5625,1.1815523484512986
2025-06-27 05:00:00,36235.0,36098.395,136.60546875,136.60546875,0.3769986718642197
2025-06-27 06:00:00,33934.0,34171.19,-237.19140625,237.19140625,0.6989786239464844
2025-06-27 07:00:00,32441.0,32868.875,-427.875,427.875,1.318932831910237
2025-06-27 08:00:00,31370.0,31895.477,-525.4765625,525.4765625,1.675092644246095
2025-06-27 09:00:00,30734.0,31226.568,-492.568359375,492.568359375,1.6026822391325568
2025-06-27 10:00:00,30537.0,30964.72,-427.720703125,427.720703125,1.4006637951501457
2025-06-27 11:00:00,30997.0,31657.227,-660.2265625,660.2265625,2.1299692308933125
2025-06-27 12:00:00,31890.0,32977.12,-1087.12109375,1087.12109375,3.4089717583882093
2025-06-27 13:00:00,33671.0,34585.805,-914.8046875,914.8046875,2.716891947076119
2025-06-27 14:00:00,35612.0,36977.52,-1365.51953125,1365.51953125,3.8344365136751657
2025-06-27 15:00:00,37472.0,38466.266,-994.265625,994.265625,2.653356172608881
2025-06-27 16:00:00,39597.0,39942.438,-345.4375,345.4375,0.872383008813799
2025-06-27 17:00:00,41550.0,41867.04,-317.0390625,317.0390625,0.7630302346570397
2025-06-27 18:00:00,43233.0,42839.438,393.5625,393.5625,0.9103289154118381
2025-06-27 19:00:00,44713.0,44935.18,-222.1796875,222.1796875,0.49690176794220925
2025-06-27 20:00:00,45776.0,45585.52,190.48046875,190.48046875,0.41611427112460675
2025-06-27 21:00:00,46241.0,46664.527,-423.52734375,423.52734375,0.9159130290218637
2025-06-27 22:00:00,46143.0,46125.51,17.48828125,17.48828125,0.037900182584574046
2025-06-27 23:00:00,45754.0,45373.8,380.19921875,380.19921875,0.8309638911352012
2025-06-28 00:00:00,44617.0,43379.453,1237.546875,1237.546875,2.7737115337203306
2025-06-28 01:00:00,43038.0,40655.566,2382.43359375,2382.43359375,5.535651270388959
2025-06-28 02:00:00,41404.0,39351.45,2052.55078125,2052.55078125,4.957373155371462
2025-06-28 03:00:00,40186.0,38992.35,1193.6484375,1193.6484375,2.9703091561737915
2025-06-28 04:00:00,38359.0,37537.4,821.6015625,821.6015625,2.141874299382153
2025-06-28 05:00:00,36198.0,35152.938,1045.0625,1045.0625,2.8870724901928284
2025-06-28 06:00:00,34234.0,33102.793,1131.20703125,1131.20703125,3.3043378841210496
2025-06-28 07:00:00,32757.0,31726.533,1030.466796875,1030.466796875,3.1457911190737855
2025-06-28 08:00:00,31657.0,30657.656,999.34375,999.34375,3.1567860188899766
2025-06-28 09:00:00,30803.0,30142.666,660.333984375,660.333984375,2.143732702577671
2025-06-28 10:00:00,30373.0,29558.062,814.9375,814.9375,2.683098475619794
2025-06-28 11:00:00,30385.0,30151.129,233.87109375,233.87109375,0.7696925909165706
2025-06-28 12:00:00,30510.0,31419.742,-909.7421875,909.7421875,2.9817836365126187
2025-06-28 13:00:00,31590.0,33132.48,-1542.48046875,1542.48046875,4.8828125
2025-06-28 14:00:00,33582.0,34685.145,-1103.14453125,1103.14453125,3.2849280306414155
2025-06-28 15:00:00,35721.0,36858.746,-1137.74609375,1137.74609375,3.18509026553008
2025-06-28 16:00:00,37873.0,39460.15,-1587.1484375,1587.1484375,4.190712215826578
2025-06-28 17:00:00,39736.0,40841.24,-1105.23828125,1105.23828125,2.7814532948711492
2025-06-28 18:00:00,41270.0,42300.44,-1030.44140625,1030.44140625,2.4968291888781198
2025-06-28 19:00:00,43030.0,43336.855,-306.85546875,306.85546875,0.7131198437136882
2025-06-28 20:00:00,44429.0,45593.273,-1164.2734375,1164.2734375,2.620525867113822
2025-06-28 21:00:00,45635.0,46530.168,-895.16796875,895.16796875,1.9615820505094774
2025-06-28 22:00:00,46559.0,46309.836,249.1640625,249.1640625,0.5351576762817071
2025-06-28 23:00:00,46871.0,46153.85,717.1484375,717.1484375,1.5300472306970194
2025-06-29 00:00:00,46394.0,45508.45,885.55078125,885.55078125,1.90876143736259
2025-06-29 01:00:00,45042.0,43680.3,1361.69921875,1361.69921875,3.023176632365348
2025-06-29 02:00:00,43116.0,41775.25,1340.75,1340.75,3.1096344744410427
2025-06-29 03:00:00,41629.0,41421.03,207.96875,207.96875,0.49957661726200486
2025-06-29 04:00:00,39691.0,39169.7,521.30078125,521.30078125,1.3133979523065682
2025-06-29 05:00:00,37451.0,36541.855,909.14453125,909.14453125,2.4275574250353795
2025-06-29 06:00:00,35515.0,34825.086,689.9140625,689.9140625,1.9425990778544278
2025-06-29 07:00:00,33901.0,32926.51,974.48828125,974.48828125,2.874511905990974
2025-06-29 08:00:00,32766.0,31391.137,1374.86328125,1374.86328125,4.19600586354758
2025-06-29 09:00:00,32033.0,30730.61,1302.390625,1302.390625,4.065777869696875
2025-06-29 10:00:00,31494.0,30247.883,1246.1171875,1246.1171875,3.956681232933257
2025-06-29 11:00:00,31235.0,29918.82,1316.1796875,1316.1796875,4.213797622858973
2025-06-29 12:00:00,30810.0,30056.836,753.1640625,753.1640625,2.444544182083739
2025-06-29 13:00:00,31473.0,30876.145,596.85546875,596.85546875,1.8964047556635846
2025-06-29 14:00:00,33056.0,32371.672,684.328125,684.328125,2.070208509801549
2025-06-29 15:00:00,35037.0,34927.816,109.18359375,109.18359375,0.31162369423752034
2025-06-29 16:00:00,36918.0,37132.406,-214.40625,214.40625,0.5807634487241996
2025-06-29 17:00:00,38875.0,39260.875,-385.875,385.875,0.9926045016077171
2025-06-29 18:00:00,40495.0,40238.34,256.66015625,256.66015625,0.6338070286455117
2025-06-29 19:00:00,41951.0,41919.72,31.28125,31.28125,0.07456616052060737
2025-06-29 20:00:00,43199.0,42861.26,337.73828125,337.73828125,0.7818196746452464
2025-06-29 21:00:00,44174.0,43903.582,270.41796875,270.41796875,0.6121654564902431
2025-06-29 22:00:00,44693.0,45237.098,-544.09765625,544.09765625,1.2174113535676727
2025-06-29 23:00:00,44719.0,45384.57,-665.5703125,665.5703125,1.488338989020327
2025-06-30 00:00:00,44283.0,45839.11,-1556.109375,1556.109375,3.514010737754895
2025-06-30 01:00:00,43303.0,43375.66,-72.66015625,72.66015625,0.16779473997182642
2025-06-30 02:00:00,41628.0,41636.87,-8.87109375,8.87109375,0.02131040105217642
2025-06-30 03:00:00,40301.0,39237.72,1063.28125,1063.28125,2.638349544676311
2025-06-30 04:00:00,38189.0,37919.68,269.3203125,269.3203125,0.7052300727958313
2025-06-30 05:00:00,35722.0,35198.895,523.10546875,523.10546875,1.4643790066345668
2025-06-30 06:00:00,33536.0,34071.258,-535.2578125,535.2578125,1.5960693359375
2025-06-30 07:00:00,32052.0,32710.547,-658.546875,658.546875,2.054620226506926
2025-06-30 08:00:00,30970.0,31966.777,-996.77734375,996.77734375,3.2185254883758474
2025-06-30 09:00:00,30284.0,31646.928,-1362.927734375,1362.927734375,4.500487829794611
2025-06-30 10:00:00,30186.0,31144.07,-958.0703125,958.0703125,3.1738895928576163
2025-06-30 11:00:00,30844.0,31526.79,-682.7890625,682.7890625,2.2136851980936325
2025-06-30 12:00:00,31761.0,31731.508,29.4921875,29.4921875,0.09285660873398194
2025-06-30 13:00:00,33086.0,32291.25,794.75,794.75,2.402073384513087
2025-06-30 14:00:00,34326.0,33928.504,397.49609375,397.49609375,1.158002953300705
2025-06-30 15:00:00,35595.0,36215.57,-620.5703125,620.5703125,1.7434198974575081
2025-06-30 16:00:00,37204.0,39237.402,-2033.40234375,2033.40234375,5.465547639366735
2025-06-30 17:00:00,38887.0,40190.96,-1303.9609375,1303.9609375,3.353205280685062
2025-06-30 18:00:00,40605.0,41616.598,-1011.59765625,1011.59765625,2.491313031030661
2025-06-30 19:00:00,42195.0,42262.355,-67.35546875,67.35546875,0.15962902891337835
2025-06-30 20:00:00,43081.0,43823.586,-742.5859375,742.5859375,1.7236970764374087
2025-06-30 21:00:00,43885.0,44795.48,-910.48046875,910.48046875,2.074696294291899
2025-06-30 22:00:00,44281.0,44614.633,-333.6328125,333.6328125,0.7534446207176893
2025-06-30 23:00:00,44319.0,44046.516,272.484375,272.484375,0.6148251878426859
2025-07-01 00:00:00,43743.0,44220.46,-477.4609375,477.4609375,1.0915139279427566
2025-07-01 01:00:00,42490.0,41911.016,578.984375,578.984375,1.3626367968933868
2025-07-01 02:00:00,40749.0,39402.7,1346.30078125,1346.30078125,3.3038866751331324
2025-07-01 03:00:00,39337.0,38145.082,1191.91796875,1191.91796875,3.030017461295981
2025-07-01 04:00:00,37212.0,36580.26,631.73828125,631.73828125,1.697673549527034
2025-07-01 05:00:00,34819.0,34744.89,74.109375,74.109375,0.21284176742583072
2025-07-01 06:00:00,32786.0,32801.508,-15.5078125,15.5078125,0.04730010522784115
2025-07-01 07:00:00,31427.0,31555.371,-128.37109375,128.37109375,0.4084739038088268
2025-07-01 08:00:00,30494.0,30374.852,119.1484375,119.1484375,0.3907274791762314
2025-07-01 09:00:00,29848.0,29944.51,-96.509765625,96.509765625,0.3233374618902439
2025-07-01 10:00:00,29732.0,29883.023,-151.0234375,151.0234375,0.5079491372931522
2025-07-01 11:00:00,30261.0,30407.951,-146.951171875,146.951171875,0.48561241160239255
2025-07-01 12:00:00,31137.0,31780.738,-643.73828125,643.73828125,2.0674383570992707
2025-07-01 13:00:00,32714.0,33363.055,-649.0546875,649.0546875,1.9840272895396467
2025-07-01 14:00:00,34473.0,34491.984,-18.984375,18.984375,0.05507027238708554
2025-07-01 15:00:00,36394.0,36367.46,26.5390625,26.5390625,0.0729215323954498
2025-07-01 16:00:00,38473.0,38232.223,240.77734375,240.77734375,0.6258345950406778
2025-07-01 17:00:00,40379.0,39484.44,894.55859375,894.55859375,2.215405517100473
2025-07-01 18:00:00,42083.0,40385.81,1697.19140625,1697.19140625,4.0329620185110375
2025-07-01 19:00:00,43606.0,42303.51,1302.48828125,1302.48828125,2.9869473954272348
2025-07-01 20:00:00,44655.0,42813.88,1841.12109375,1841.12109375,4.122989796775276
2025-07-01 21:00:00,45526.0,43709.426,1816.57421875,1816.57421875,3.9901907014672937
2025-07-01 22:00:00,45875.0,44064.67,1810.328125,1810.328125,3.9462193460490465
2025-07-01 23:00:00,45765.0,43575.59,2189.41015625,2189.41015625,4.784027436359663
2025-07-02 00:00:00,45157.0,43632.78,1524.21875,1524.21875,3.3753764643355404
2025-07-02 01:00:00,43901.0,41774.15,2126.8515625,2126.8515625,4.84465402268741
2025-07-02 02:00:00,42043.0,38939.46,3103.5390625,3103.5390625,7.381821141450421
2025-07-02 03:00:00,40470.0,38088.953,2381.046875,2381.046875,5.883486224363726
2025-07-02 04:00:00,38195.0,36273.902,1921.09765625,1921.09765625,5.029709795130253
2025-07-02 05:00:00,35604.0,33804.47,1799.53125,1799.53125,5.054295163464779
2025-07-02 06:00:00,33532.0,32341.922,1190.078125,1190.078125,3.549081847190743
2025-07-02 07:00:00,31996.0,31201.164,794.8359375,794.8359375,2.484172826290786
2025-07-02 08:00:00,30890.0,30462.7,427.30078125,427.30078125,1.3832980940433797
2025-07-02 09:00:00,30240.0,29973.016,266.984375,266.984375,0.882884837962963
2025-07-02 10:00:00,30097.0,30007.969,89.03125,89.03125,0.29581436688042
2025-07-02 11:00:00,30661.0,30372.19,288.810546875,288.810546875,0.9419475779491864
2025-07-02 12:00:00,31563.0,31552.932,10.068359375,10.068359375,0.03189924714063935
2025-07-02 13:00:00,32967.0,32918.707,48.29296875,48.29296875,0.14648881836381836
2025-07-02 14:00:00,34740.0,34687.22,52.78125,52.78125,0.15193221070811744
2025-07-02 15:00:00,36585.0,36611.684,-26.68359375,26.68359375,0.07293588560885608
2025-07-02 16:00:00,38527.0,39009.008,-482.0078125,482.0078125,1.2510909556934098
2025-07-02 17:00:00,40448.0,40864.527,-416.52734375,416.52734375,1.0297847699515428
2025-07-02 18:00:00,42306.0,41716.95,589.05078125,589.05078125,1.3923575408925448
2025-07-02 19:00:00,43698.0,42625.87,1072.12890625,1072.12890625,2.4534965129983064
2025-07-02 20:00:00,44611.0,44335.69,275.30859375,275.30859375,0.6171316351348323
2025-07-02 21:00:00,45602.0,45000.008,601.9921875,601.9921875,1.3201004067804045
2025-07-02 22:00:00,46238.0,46712.38,-474.37890625,474.37890625,1.0259503141355595
2025-07-02 23:00:00,46381.0,46502.832,-121.83203125,121.83203125,0.2626765944028805
2025-07-03 00:00:00,45930.0,45875.96,54.0390625,54.0390625,0.11765526344437187
2025-07-03 01:00:00,44853.0,43511.01,1341.98828125,1341.98828125,2.9919699490558047
2025-07-03 02:00:00,43181.0,42413.08,767.921875,767.921875,1.7783790903406589
2025-07-03 03:00:00,41798.0,40113.062,1684.9375,1684.9375,4.0311438346332364
2025-07-03 04:00:00,39688.0,37801.73,1886.26953125,1886.26953125,4.752745241004837
2025-07-03 05:00:00,37290.0,35987.008,1302.9921875,1302.9921875,3.494213428533119
2025-07-03 06:00:00,34994.0,33858.82,1135.1796875,1135.1796875,3.243926637423558
2025-07-03 07:00:00,33456.0,32729.902,726.09765625,726.09765625,2.170306241780249
2025-07-03 08:00:00,32281.0,31280.666,1000.333984375,1000.333984375,3.098832081952232
2025-07-03 09:00:00,31535.0,30776.7,758.30078125,758.30078125,2.4046322538449343
2025-07-03 10:00:00,31283.0,30697.025,585.974609375,585.974609375,1.8731407134066427
2025-07-03 11:00:00,31722.0,31163.516,558.484375,558.484375,1.7605585240527077
2025-07-03 12:00:00,32533.0,32320.3,212.69921875,212.69921875,0.6537952809455014
2025-07-03 13:00:00,34124.0,33729.94,394.05859375,394.05859375,1.1547842977083578
2025-07-03 14:00:00,36106.0,35521.008,584.9921875,584.9921875,1.6202076870880187
2025-07-03 15:00:00,38249.0,37504.316,744.68359375,744.68359375,1.946936112708829
2025-07-03 16:00:00,40428.0,40328.402,99.59765625,99.59765625,0.2463581088601959
2025-07-03 17:00:00,42408.0,41765.88,642.12109375,642.12109375,1.5141508530230146
2025-07-03 18:00:00,44081.0,40941.133,3139.8671875,3139.8671875,7.122949088042467
2025-07-03 19:00:00,45271.0,42674.63,2596.37109375,2596.37109375,5.735175043073933
2025-07-03 20:00:00,45806.0,44565.555,1240.4453125,1240.4453125,2.708041113609571
2025-07-03 21:00:00,46427.0,45397.883,1029.1171875,1029.1171875,2.216635120727163
2025-07-03 22:00:00,46657.0,46239.34,417.66015625,417.66015625,0.8951714774846218
2025-07-03 23:00:00,46562.0,45813.477,748.5234375,748.5234375,1.6075843767449853
2025-07-04 00:00:00,45868.0,45726.336,141.6640625,141.6640625,0.3088516231359553
2025-07-04 01:00:00,44583.0,43186.703,1396.296875,1396.296875,3.1319042572280917
2025-07-04 02:00:00,42682.0,41347.586,1334.4140625,1334.4140625,3.1264094056042357
2025-07-04 03:00:00,41168.0,39478.176,1689.82421875,1689.82421875,4.104703213053828
2025-07-04 04:00:00,39418.0,38814.84,603.16015625,603.16015625,1.5301642809122737
2025-07-04 05:00:00,37408.0,37008.363,399.63671875,399.63671875,1.0683188589339179
2025-07-04 06:00:00,35323.0,34712.0,611.0,611.0,1.729751153639272
2025-07-04 07:00:00,33649.0,33247.164,401.8359375,401.8359375,1.1941987503343339
2025-07-04 08:00:00,32396.0,32220.707,175.29296875,175.29296875,0.5410944831151995
2025-07-04 09:00:00,31511.0,31245.555,265.4453125,265.4453125,0.842389364031608
2025-07-04 10:00:00,30982.0,31180.207,-198.20703125,198.20703125,0.6397489873152153
2025-07-04 11:00:00,30889.0,31823.443,-934.443359375,934.443359375,3.025165461410211
2025-07-04 12:00:00,30892.0,32923.45,-2031.44921875,2031.44921875,6.5759718333225425
2025-07-04 13:00:00,31851.0,34283.984,-2432.984375,2432.984375,7.638643606166211
2025-07-04 14:00:00,33760.0,35752.47,-1992.46875,1992.46875,5.901862411137441
2025-07-04 15:00:00,35929.0,37164.227,-1235.2265625,1235.2265625,3.437965327451362
2025-07-04 16:00:00,37958.0,38803.938,-845.9375,845.9375,2.2286145213130304
2025-07-04 17:00:00,39818.0,40655.168,-837.16796875,837.16796875,2.1024862342407955
2025-07-04 18:00:00,41339.0,42164.63,-825.62890625,825.62890625,1.9972154775151791
2025-07-04 19:00:00,42497.0,42977.953,-480.953125,480.953125,1.1317342988916865
2025-07-04 20:00:00,43385.0,44888.453,-1503.453125,1503.453125,3.465375417771119
2025-07-04 21:00:00,44221.0,45499.633,-1278.6328125,1278.6328125,2.8914606465254065
2025-07-04 22:00:00,44540.0,45504.03,-964.03125,964.03125,2.1644168163448585
2025-07-04 23:00:00,44416.0,45479.59,-1063.58984375,1063.58984375,2.3946096986446324
2025-07-05 00:00:00,43577.0,45291.465,-1714.46484375,1714.46484375,3.9343342675034996
2025-07-05 01:00:00,42013.0,42537.52,-524.51953125,524.51953125,1.2484695957203722
2025-07-05 02:00:00,40062.0,40854.492,-792.4921875,792.4921875,1.9781643140632021
2025-07-05 03:00:00,38414.0,38628.543,-214.54296875,214.54296875,0.558502027255688
2025-07-05 04:00:00,37086.0,38333.02,-1247.01953125,1247.01953125,3.362507499460713
2025-07-05 05:00:00,35908.0,36710.004,-802.00390625,802.00390625,2.2334964527403365
2025-07-05 06:00:00,34208.0,34809.797,-601.796875,601.796875,1.75922846994855
2025-07-05 07:00:00,32804.0,33488.816,-684.81640625,684.81640625,2.0876003116997928
2025-07-05 08:00:00,31744.0,32519.254,-775.25390625,775.25390625,2.442206105878276
2025-07-05 09:00:00,31028.0,31442.191,-414.19140625,414.19140625,1.3348955983305402
2025-07-05 10:00:00,30485.0,30896.06,-411.060546875,411.060546875,1.348402646793505
2025-07-05 11:00:00,30318.0,30992.01,-674.009765625,674.009765625,2.2231339983673064
2025-07-05 12:00:00,30260.0,30717.234,-457.234375,457.234375,1.5110190846001321
2025-07-05 13:00:00,31006.0,31441.742,-435.7421875,435.7421875,1.405347956847062
2025-07-05 14:00:00,32564.0,33051.16,-487.16015625,487.16015625,1.4960083412664293
2025-07-05 15:00:00,34423.0,34471.89,-48.890625,48.890625,0.14202894866804172
2025-07-05 16:00:00,36549.0,36858.37,-309.37109375,309.37109375,0.8464556998823498
2025-07-05 17:00:00,38370.0,38178.203,191.796875,191.796875,0.49986154547823825
2025-07-05 18:00:00,40019.0,39816.195,202.8046875,202.8046875,0.5067710025238011
2025-07-05 19:00:00,41408.0,41856.688,-448.6875,448.6875,1.0835768450540957
2025-07-05 20:00:00,42653.0,41873.645,779.35546875,779.35546875,1.8271996547722318
2025-07-05 21:00:00,43798.0,42930.996,867.00390625,867.00390625,1.9795513636467417
2025-07-05 22:00:00,44498.0,43566.3,931.69921875,931.69921875,2.093800212930918
2025-07-05 23:00:00,44724.0,43266.605,1457.39453125,1457.39453125,3.2586408444012163
2025-07-06 00:00:00,44309.0,43709.105,599.89453125,599.89453125,1.3538886710374867
2025-07-06 01:00:00,43228.0,41132.473,2095.52734375,2095.52734375,4.847615766979736
2025-07-06 02:00:00,41401.0,38914.996,2486.00390625,2486.00390625,6.004695312311297
2025-07-06 03:00:00,39900.0,37494.027,2405.97265625,2405.97265625,6.030006657268171
2025-07-06 04:00:00,38130.0,35807.85,2322.1484375,2322.1484375,6.090082448203514
2025-07-06 05:00:00,36193.0,34837.312,1355.6875,1355.6875,3.7457174039178844
2025-07-06 06:00:00,34329.0,33101.57,1227.4296875,1227.4296875,3.5754892000932155
2025-07-06 07:00:00,32740.0,31916.805,823.1953125,823.1953125,2.5143412110568115
2025-07-06 08:00:00,31544.0,31253.799,290.201171875,290.201171875,0.9199884982088511
2025-07-06 09:00:00,30734.0,30357.342,376.658203125,376.658203125,1.225542406211362
2025-07-06 10:00:00,30301.0,29915.559,385.44140625,385.44140625,1.2720418674301177
2025-07-06 11:00:00,30067.0,30025.867,41.1328125,41.1328125,0.13680384640968504
2025-07-06 12:00:00,29906.0,30156.016,-250.015625,250.015625,0.8360048986825386
2025-07-06 13:00:00,30873.0,30731.19,141.810546875,141.810546875,0.45933516948466296
2025-07-06 14:00:00,32875.0,32134.807,740.193359375,740.193359375,2.251538735741445
2025-07-06 15:00:00,35182.0,33691.52,1490.48046875,1490.48046875,4.236485898328691
2025-07-06 16:00:00,37450.0,35023.883,2426.1171875,2426.1171875,6.478283544726302
2025-07-06 17:00:00,39773.0,37453.02,2319.98046875,2319.98046875,5.83305375191713
2025-07-06 18:00:00,41763.0,38918.71,2844.2890625,2844.2890625,6.810547763570625
2025-07-06 19:00:00,43284.0,40180.13,3103.87109375,3103.87109375,7.170943290245818
2025-07-06 20:00:00,44385.0,41795.22,2589.78125,2589.78125,5.834811873380646
2025-07-06 21:00:00,45286.0,43038.082,2247.91796875,2247.91796875,4.963825395817692
2025-07-06 22:00:00,45769.0,41435.117,4333.8828125,4333.8828125,9.46903540059866
2025-07-06 23:00:00,45808.0,41175.34,4632.66015625,4632.66015625,10.11321200718215
2025-07-07 00:00:00,45213.0,42655.652,2557.34765625,2557.34765625,5.656222007497844
2025-07-07 01:00:00,43926.0,40687.465,3238.53515625,3238.53515625,7.37270672551564
2025-07-07 02:00:00,42153.0,38632.152,3520.84765625,3520.84765625,8.352543487414893
2025-07-07 03:00:00,40559.0,37695.523,2863.4765625,2863.4765625,7.060027521635148
2025-07-07 04:00:00,38435.0,36798.47,1636.53125,1636.53125,4.257919214257838
2025-07-07 05:00:00,35849.0,34814.453,1034.546875,1034.546875,2.8858458394934305
2025-07-07 06:00:00,33777.0,33113.082,663.91796875,663.91796875,1.9655918783491724
2025-07-07 07:00:00,32256.0,31729.99,526.009765625,526.009765625,1.6307346404544891
2025-07-07 08:00:00,31312.0,30926.791,385.208984375,385.208984375,1.2302279776922587
2025-07-07 09:00:00,30637.0,30314.906,322.09375,322.09375,1.051322747005255
2025-07-07 10:00:00,30602.0,30119.965,482.03515625,482.03515625,1.5751753357623683
2025-07-07 11:00:00,31122.0,30609.344,512.65625,512.65625,1.6472471242208087
2025-07-07 12:00:00,31919.0,32050.785,-131.78515625,131.78515625,0.4128736998339547
2025-07-07 13:00:00,33661.0,33471.902,189.09765625,189.09765625,0.5617707621579869
2025-07-07 14:00:00,35832.0,35369.56,462.44140625,462.44140625,1.290582178639205
2025-07-07 15:00:00,38031.0,38068.746,-37.74609375,37.74609375,0.0992508578528043
2025-07-07 16:00:00,40622.0,39912.082,709.91796875,709.91796875,1.747619439589385
2025-07-07 17:00:00,43086.0,42339.797,746.203125,746.203125,1.7318923200111407
2025-07-07 18:00:00,45211.0,43737.15,1473.8515625,1473.8515625,3.2599401970759327
2025-07-07 19:00:00,46932.0,44988.97,1943.03125,1943.03125,4.140098972982187
2025-07-07 20:00:00,47992.0,45976.96,2015.0390625,2015.0390625,4.198697829846641
2025-07-07 21:00:00,48643.0,46839.453,1803.546875,1803.546875,3.7077213062516705
2025-07-07 22:00:00,48635.0,47389.543,1245.45703125,1245.45703125,2.560824573352524
2025-07-07 23:00:00,48159.0,47573.547,585.453125,585.453125,1.215667113104508
2025-07-08 00:00:00,47208.0,47011.46,196.5390625,196.5390625,0.41632575516861553
2025-07-08 01:00:00,45836.0,44563.29,1272.7109375,1272.7109375,2.776662312374553
2025-07-08 02:00:00,43963.0,41471.93,2491.0703125,2491.0703125,5.666288270818643
2025-07-08 03:00:00,42328.0,38635.133,3692.8671875,3692.8671875,8.724407454876205
2025-07-08 04:00:00,39735.0,36962.84,2772.16015625,2772.16015625,6.976620501447087
2025-07-08 05:00:00,37072.0,35196.277,1875.72265625,1875.72265625,5.0596748388271475
2025-07-08 06:00:00,34915.0,33124.188,1790.8125,1790.8125,5.129063439782328
2025-07-08 07:00:00,33294.0,31405.006,1888.994140625,1888.994140625,5.67367736116117
2025-07-08 08:00:00,32110.0,30639.61,1470.390625,1470.390625,4.579229601370289
2025-07-08 09:00:00,31275.0,30478.027,796.97265625,796.97265625,2.548273880895284
2025-07-08 10:00:00,30938.0,30308.139,629.861328125,629.861328125,2.0358825008888743
2025-07-08 11:00:00,31503.0,31001.973,501.02734375,501.02734375,1.590411528267149
2025-07-08 12:00:00,32339.0,31350.203,988.796875,988.796875,3.0575987971180307
2025-07-08 13:00:00,33674.0,33205.24,468.76171875,468.76171875,1.3920583202173784
2025-07-08 14:00:00,35333.0,35215.23,117.76953125,117.76953125,0.33331313856734496
2025-07-08 15:00:00,37145.0,37196.625,-51.625,51.625,0.13898236640193834
2025-07-08 16:00:00,39288.0,39765.746,-477.74609375,477.74609375,1.2160102162237834
2025-07-08 17:00:00,41551.0,42055.156,-504.15625,504.15625,1.2133432408365623
2025-07-08 18:00:00,43668.0,44082.48,-414.48046875,414.48046875,0.9491629310937071
2025-07-08 19:00:00,45329.0,45568.965,-239.96484375,239.96484375,0.5293848171148713
2025-07-08 20:00:00,46535.0,46820.707,-285.70703125,285.70703125,0.6139616014827549
2025-07-08 21:00:00,47533.0,47657.277,-124.27734375,124.27734375,0.26145487082658364
2025-07-08 22:00:00,47964.0,45881.703,2082.296875,2082.296875,4.341374520473688
2025-07-08 23:00:00,47651.0,45904.4,1746.6015625,1746.6015625,3.6654037953033516
2025-07-09 00:00:00,46908.0,44426.562,2481.4375,2481.4375,5.29000916687985
2025-07-09 01:00:00,45591.0,44092.21,1498.7890625,1498.7890625,3.2874669616810333
2025-07-09 02:00:00,43685.0,42169.086,1515.9140625,1515.9140625,3.470102008698638
2025-07-09 03:00:00,42064.0,39700.37,2363.62890625,2363.62890625,5.619125395231076
2025-07-09 04:00:00,39538.0,38682.67,855.328125,855.328125,2.1633065026050886
2025-07-09 05:00:00,37032.0,36511.92,520.078125,520.078125,1.4044019361633182
2025-07-09 06:00:00,34725.0,34166.94,558.05859375,558.05859375,1.6070801835853132
2025-07-09 07:00:00,32994.0,33134.01,-140.01171875,140.01171875,0.42435509107716557
2025-07-09 08:00:00,31841.0,32020.271,-179.271484375,179.271484375,0.5630208987626016
2025-07-09 09:00:00,31145.0,31291.008,-146.0078125,146.0078125,0.468800168566383
2025-07-09 10:00:00,30961.0,30808.217,152.783203125,152.783203125,0.4934698592584219
2025-07-09 11:00:00,31421.0,31240.51,180.490234375,180.490234375,0.574425493698482
2025-07-09 12:00:00,32293.0,32563.48,-270.48046875,270.48046875,0.8375823514383922
2025-07-09 13:00:00,33984.0,34186.74,-202.73828125,202.73828125,0.5965698012299906
2025-07-09 14:00:00,36143.0,35962.13,180.87109375,180.87109375,0.5004318782336828
2025-07-09 15:00:00,38354.0,37716.516,637.484375,637.484375,1.6621066251238465
2025-07-09 16:00:00,40899.0,40218.418,680.58203125,680.58203125,1.6640554322844079
2025-07-09 17:00:00,43403.0,41675.258,1727.7421875,1727.7421875,3.980697618828192
2025-07-09 18:00:00,45731.0,44417.938,1313.0625,1313.0625,2.8712744090441933
2025-07-09 19:00:00,47738.0,46028.406,1709.59375,1709.59375,3.581201034815032
2025-07-09 20:00:00,49192.0,47344.473,1847.52734375,1847.52734375,3.7557475682021466
2025-07-09 21:00:00,50141.0,49087.176,1053.82421875,1053.82421875,2.101721582636964
2025-07-09 22:00:00,50682.0,49511.234,1170.765625,1170.765625,2.310022542520027
2025-07-09 23:00:00,50550.0,49018.957,1531.04296875,1531.04296875,3.0287694732937687
2025-07-10 00:00:00,50002.0,48099.746,1902.25390625,1902.25390625,3.804355638274469
2025-07-10 01:00:00,48794.0,46053.336,2740.6640625,2740.6640625,5.616805473008977
2025-07-10 02:00:00,46902.0,43327.867,3574.1328125,3574.1328125,7.620427300541555
2025-07-10 03:00:00,44964.0,42280.26,2683.73828125,2683.73828125,5.968637757428165
2025-07-10 04:00:00,42427.0,40006.605,2420.39453125,2420.39453125,5.704844865887289
2025-07-10 05:00:00,39796.0,37262.71,2533.2890625,2533.2890625,6.365687663332999
2025-07-10 06:00:00,37369.0,34913.68,2455.3203125,2455.3203125,6.570473688083705
2025-07-10 07:00:00,35421.0,33160.492,2260.5078125,2260.5078125,6.381829458513311
2025-07-10 08:00:00,33950.0,32312.42,1637.580078125,1637.580078125,4.823505384756996
2025-07-10 09:00:00,32984.0,31605.55,1378.44921875,1378.44921875,4.179145096865146
2025-07-10 10:00:00,32633.0,31861.523,771.4765625,771.4765625,2.3640994162350997
2025-07-10 11:00:00,33004.0,32142.117,861.8828125,861.8828125,2.6114495591443463
2025-07-10 12:00:00,33750.0,33213.98,536.01953125,536.01953125,1.5882060185185187
2025-07-10 13:00:00,35297.0,35015.965,281.03515625,281.03515625,0.7962012529393433
2025-07-10 14:00:00,37381.0,36734.37,646.62890625,646.62890625,1.7298330869960674
2025-07-10 15:00:00,39730.0,39469.03,260.96875,260.96875,0.6568556506418324
2025-07-10 16:00:00,42310.0,41361.945,948.0546875,948.0546875,2.2407343122193337
2025-07-10 17:00:00,44774.0,43700.887,1073.11328125,1073.11328125,2.3967331068253896
2025-07-10 18:00:00,46864.0,45685.484,1178.515625,1178.515625,2.5147567962615227
2025-07-10 19:00:00,47720.0,47382.297,337.703125,337.703125,0.7076762887678122
2025-07-10 20:00:00,47720.0,48904.727,-1184.7265625,1184.7265625,2.482662536672255
2025-07-10 21:00:00,47720.0,49636.6,-1916.6015625,1916.6015625,4.016348622170997
2025-07-10 22:00:00,47720.0,49676.8,-1956.80078125,1956.80078125,4.10058839323135
2025-07-10 23:00:00,47720.0,49761.617,-2041.6171875,2041.6171875,4.278326042539816
2025-07-11 00:00:00,47720.0,49400.848,-1680.84765625,1680.84765625,3.522312775041911
2025-07-11 01:00:00,47720.0,47774.81,-54.80859375,54.80859375,0.11485455521793797
2025-07-11 02:00:00,47720.0,46271.414,1448.5859375,1448.5859375,3.035595007334451
2025-07-11 03:00:00,47720.0,43326.99,4393.01171875,4393.01171875,9.205808295787929
2025-07-11 04:00:00,47720.0,41672.91,6047.08984375,6047.08984375,12.672023981035204
2025-07-11 05:00:00,47720.0,39534.477,8185.5234375,8185.5234375,17.153234361902765
2025-07-11 06:00:00,48701.0,37247.195,11453.8046875,11453.8046875,23.518623205888996
2025-07-11 07:00:00,48701.0,35478.93,13222.0703125,13222.0703125,27.14948422516991
2025-07-11 08:00:00,48701.0,34108.344,14592.65625,14592.65625,29.963771277797168
2025-07-11 09:00:00,48701.0,33508.574,15192.42578125,15192.42578125,31.195305602041024
2025-07-11 10:00:00,48701.0,32793.58,15907.421875,15907.421875,32.66343991909817
2025-07-11 11:00:00,48701.0,33221.42,15479.578125,15479.578125,31.78492869756268
2025-07-11 12:00:00,48701.0,33587.15,15113.8515625,15113.8515625,31.033965549988707
2025-07-11 13:00:00,48701.0,35252.26,13448.73828125,13448.73828125,27.614911975626782
2025-07-11 14:00:00,48701.0,36901.586,11799.4140625,11799.4140625,24.22827880844336
2025-07-11 15:00:00,48701.0,38713.7,9987.30078125,9987.30078125,20.507383382784745
2025-07-11 16:00:00,48701.0,41095.402,7605.59765625,7605.59765625,15.616922971294223
2025-07-11 17:00:00,48701.0,43416.06,5284.94140625,5284.94140625,10.851812911952527
2025-07-11 18:00:00,48701.0,45003.023,3697.9765625,3697.9765625,7.593225113447362
2025-07-11 19:00:00,48701.0,46557.15,2143.8515625,2143.8515625,4.402068874355763
2025-07-11 20:00:00,48701.0,47099.16,1601.83984375,1601.83984375,3.289131319172091
2025-07-11 21:00:00,48701.0,47323.395,1377.60546875,1377.60546875,2.828700578530215
2025-07-11 22:00:00,48701.0,47065.19,1635.80859375,1635.80859375,3.3588809136362703
2025-07-11 23:00:00,48701.0,46785.09,1915.91015625,1915.91015625,3.9340263161947395
2025-07-12 00:00:00,48701.0,46384.31,2316.69140625,2316.69140625,4.756968863575697
2025-07-12 01:00:00,48701.0,45406.418,3294.58203125,3294.58203125,6.764916595655119
2025-07-12 02:00:00,48701.0,45121.51,3579.48828125,3579.48828125,7.349927683723127
2025-07-12 03:00:00,48701.0,44554.496,4146.50390625,4146.50390625,8.514206907969035
2025-07-12 04:00:00,48701.0,42728.977,5972.0234375,5972.0234375,12.262630002464014
2025-07-12 05:00:00,48701.0,41844.113,6856.88671875,6856.88671875,14.079560417137223
2025-07-12 06:00:00,35910.0,41535.133,-5625.1328125,5625.1328125,15.664530249234195
2025-07-12 07:00:00,34364.0,41207.277,-6843.27734375,6843.27734375,19.914088417384473
2025-07-12 08:00:00,33125.0,40628.75,-7503.75,7503.75,22.652830188679246
2025-07-12 09:00:00,32174.0,39823.81,-7649.80859375,7649.80859375,23.7763678552558
2025-07-12 10:00:00,31690.0,39665.543,-7975.54296875,7975.54296875,25.167380778636794
2025-07-12 11:00:00,31602.0,39783.543,-8181.54296875,8181.54296875,25.88932019729764
2025-07-12 12:00:00,31369.0,40016.48,-8647.48046875,8647.48046875,27.566962506774207
2025-07-12 13:00:00,31977.0,40207.46,-8230.4609375,8230.4609375,25.73869011320637
2025-07-12 14:00:00,33291.0,40824.473,-7533.47265625,7533.47265625,22.629156998137635
2025-07-12 15:00:00,34682.0,41205.824,-6523.82421875,6523.82421875,18.810403721671186
2025-07-12 16:00:00,36265.0,41306.895,-5041.89453125,5041.89453125,13.90292163587481
2025-07-12 17:00:00,37556.0,42321.23,-4765.23046875,4765.23046875,12.688333338880605
2025-07-12 18:00:00,38896.0,42484.082,-3588.08203125,3588.08203125,9.224809829416907
2025-07-12 19:00:00,39880.0,42264.62,-2384.62109375,2384.62109375,5.979491207998997
2025-07-12 20:00:00,40522.0,41516.426,-994.42578125,994.42578125,2.454039241029564
2025-07-12 21:00:00,40931.0,41067.145,-136.14453125,136.14453125,0.3326196067772593
2025-07-12 22:00:00,40986.0,41045.754,-59.75390625,59.75390625,0.145791017054604
2025-07-12 23:00:00,40792.0,41058.125,-266.125,266.125,0.6523950774661699
2025-07-13 00:00:00,39943.0,42294.445,-2351.4453125,2351.4453125,5.887002259469744
2025-07-13 01:00:00,39030.0,41668.867,-2638.8671875,2638.8671875,6.76112525621317
2025-07-13 02:00:00,38993.0,41365.113,-2372.11328125,2372.11328125,6.083433645141436
2025-07-13 03:00:00,38993.0,41338.695,-2345.6953125,2345.6953125,6.01568310337753
2025-07-13 04:00:00,38993.0,41308.215,-2315.21484375,2315.21484375,5.937514024953196
2025-07-13 05:00:00,38993.0,40526.824,-1533.82421875,1533.82421875,3.933588640909907
2025-07-13 06:00:00,31770.0,32859.93,-1089.9296875,1089.9296875,3.4306883459238278
2025-07-13 07:00:00,30653.0,31548.69,-895.689453125,895.689453125,2.922028686017682
2025-07-13 08:00:00,29867.0,30739.422,-872.421875,872.421875,2.9210227843439247
2025-07-13 09:00:00,29260.0,29872.621,-612.62109375,612.62109375,2.093715289644566
2025-07-13 10:00:00,28932.0,29319.486,-387.486328125,387.486328125,1.3393001801638325
2025-07-13 11:00:00,28949.0,29346.174,-397.173828125,397.173828125,1.371977712960724
2025-07-13 12:00:00,28965.0,29165.244,-200.244140625,200.244140625,0.6913314021232522
2025-07-13 13:00:00,29644.0,30378.31,-734.310546875,734.310546875,2.4770967038017813
2025-07-13 14:00:00,31086.0,31602.736,-516.736328125,516.736328125,1.6622798948883744
2025-07-13 15:00:00,32786.0,32709.672,76.328125,76.328125,0.2328070670408101
2025-07-13 16:00:00,34595.0,34314.254,280.74609375,280.74609375,0.8115221672206966
2025-07-13 17:00:00,36646.0,35964.24,681.76171875,681.76171875,1.8603987304207825
2025-07-13 18:00:00,38585.0,36949.555,1635.4453125,1635.4453125,4.23855206038616
2025-07-13 19:00:00,40321.0,38597.105,1723.89453125,1723.89453125,4.275426034200541
2025-07-13 20:00:00,41776.0,39319.676,2456.32421875,2456.32421875,5.879749661887208
2025-07-13 21:00:00,43138.0,40047.414,3090.5859375,3090.5859375,7.16441637883073
2025-07-13 22:00:00,44106.0,40493.098,3612.90234375,3612.90234375,8.191407844170861
2025-07-13 23:00:00,44611.0,40905.28,3705.71875,3705.71875,8.306737688014167
2025-07-14 00:00:00,44371.0,42007.234,2363.765625,2363.765625,5.327275979806631
2025-07-14 01:00:00,43349.0,40029.26,3319.73828125,3319.73828125,7.6581657737202695
2025-07-14 02:00:00,41615.0,38081.945,3533.0546875,3533.0546875,8.489858674756698
2025-07-14 03:00:00,40098.0,37571.105,2526.89453125,2526.89453125,6.30179692565714
2025-07-14 04:00:00,37960.0,37246.71,713.2890625,713.2890625,1.8790544322971547
2025-07-14 05:00:00,35453.0,36496.387,-1043.38671875,1043.38671875,2.9430139022085577
2025-07-14 06:00:00,33440.0,31831.166,1608.833984375,1608.833984375,4.811106412604665
2025-07-14 07:00:00,31988.0,30802.494,1185.505859375,1185.505859375,3.7060955963955236
2025-07-14 08:00:00,30949.0,29854.53,1094.470703125,1094.470703125,3.536368551891822
2025-07-14 09:00:00,30365.0,29593.084,771.916015625,771.916015625,2.542124207558044
2025-07-14 10:00:00,30320.0,29084.182,1235.818359375,1235.818359375,4.0759180718172825
2025-07-14 11:00:00,31008.0,29837.29,1170.7109375,1170.7109375,3.775512569336945
2025-07-14 12:00:00,32063.0,31198.295,864.705078125,864.705078125,2.69689385935502
2025-07-14 13:00:00,33825.0,32901.3,923.69921875,923.69921875,2.7308180894308944
2025-07-14 14:00:00,35965.0,34305.652,1659.34765625,1659.34765625,4.613784669122759
2025-07-14 15:00:00,36885.0,36306.656,578.34375,578.34375,1.567964619764132
2025-07-14 16:00:00,36885.0,37953.41,-1068.41015625,1068.41015625,2.8965979564863766
2025-07-14 17:00:00,36885.0,40566.4,-3681.3984375,3681.3984375,9.980746746644979
2025-07-14 18:00:00,36885.0,42235.188,-5350.1875,5350.1875,14.505049478107631
2025-07-14 19:00:00,36885.0,43838.098,-6953.09765625,6953.09765625,18.850745984139895
2025-07-14 20:00:00,36885.0,45181.582,-8296.58203125,8296.58203125,22.493105683204554
2025-07-14 21:00:00,36885.0,46361.3,-9476.30078125,9476.30078125,25.69147561678189
2025-07-14 22:00:00,36885.0,46971.605,-10086.60546875,10086.60546875,27.346090466992003
2025-07-14 23:00:00,36885.0,46720.664,-9835.6640625,9835.6640625,26.665755896705978
2025-07-15 00:00:00,36885.0,46391.22,-9506.21875,9506.21875,25.77258709502508
2025-07-15 01:00:00,36885.0,44225.17,-7340.171875,7340.171875,19.900154195472414
2025-07-15 02:00:00,36885.0,42203.49,-5318.48828125,5318.48828125,14.419108801003116
2025-07-15 03:00:00,36885.0,39669.918,-2784.91796875,2784.91796875,7.550272383760335
2025-07-15 04:00:00,36885.0,38095.742,-1210.7421875,1210.7421875,3.2824784804120917
2025-07-15 05:00:00,36885.0,36441.184,443.81640625,443.81640625,1.2032436119018572
2025-07-15 06:00:00,35752.0,34230.883,1521.1171875,1521.1171875,4.254635230196912
2025-07-15 07:00:00,34612.0,32789.453,1822.546875,1822.546875,5.265650280249624
2025-07-15 08:00:00,33434.0,31605.686,1828.314453125,1828.314453125,5.468428704686846
2025-07-15 09:00:00,32654.0,31083.979,1570.021484375,1570.021484375,4.808052564387212
2025-07-15 10:00:00,32461.0,31010.049,1450.951171875,1450.951171875,4.469828938957518
2025-07-15 11:00:00,33019.0,31867.447,1151.552734375,1151.552734375,3.48754575963839
2025-07-15 12:00:00,33943.0,32927.086,1015.9140625,1015.9140625,2.993000213593377
2025-07-15 13:00:00,35335.0,34347.574,987.42578125,987.42578125,2.7944694530918355
2025-07-15 14:00:00,37307.0,36511.6,795.3984375,795.3984375,2.132035375398719
2025-07-15 15:00:00,39571.0,37886.184,1684.81640625,1684.81640625,4.257704900684845
2025-07-15 16:00:00,42026.0,38605.91,3420.08984375,3420.08984375,8.138033226455052
2025-07-15 17:00:00,44938.0,39434.82,5503.1796875,5503.1796875,12.246160682495884
2025-07-15 18:00:00,46709.0,40104.75,6604.25,6604.25,14.139138067610096
2025-07-15 19:00:00,48548.0,40912.03,7635.96875,7635.96875,15.728698916536214
2025-07-15 20:00:00,49550.0,40963.79,8586.2109375,8586.2109375,17.328377270433908
2025-07-15 21:00:00,50422.0,41769.133,8652.8671875,8652.8671875,17.16089640930546
2025-07-15 22:00:00,50940.0,41952.164,8987.8359375,8987.8359375,17.643965326855124
2025-07-15 23:00:00,50913.0,41821.293,9091.70703125,9091.70703125,17.85733905142105
2025-07-16 00:00:00,50367.0,41629.93,8737.0703125,8737.0703125,17.34681500287887
2025-07-16 01:00:00,49005.0,41056.727,7948.2734375,7948.2734375,16.219311167227836
2025-07-16 02:00:00,47111.0,40462.816,6648.18359375,6648.18359375,14.111743740846086
2025-07-16 03:00:00,45423.0,39688.273,5734.7265625,5734.7265625,12.625160298747332
2025-07-16 04:00:00,43112.0,38847.86,4264.140625,4264.140625,9.890843906568938
2025-07-16 05:00:00,40459.0,36692.91,3766.08984375,3766.08984375,9.308410597765638
2025-07-16 06:00:00,38051.0,35554.93,2496.0703125,2496.0703125,6.559802140548212
2025-07-16 07:00:00,36324.0,34203.34,2120.66015625,2120.66015625,5.838179044846383
2025-07-16 08:00:00,35089.0,33555.266,1533.734375,1533.734375,4.370983427854883
2025-07-16 09:00:00,34280.0,32185.3,2094.69921875,2094.69921875,6.11055781432322
2025-07-16 10:00:00,33888.0,31997.148,1890.8515625,1890.8515625,5.579708340710576
2025-07-16 11:00:00,34076.0,32394.746,1681.25390625,1681.25390625,4.933835855880972
2025-07-16 12:00:00,34758.0,33235.086,1522.9140625,1522.9140625,4.381477825248863
2025-07-16 13:00:00,35922.0,35109.746,812.25390625,812.25390625,2.2611600307610935
2025-07-16 14:00:00,37594.0,36689.027,904.97265625,904.97265625,2.407226302734479
2025-07-16 15:00:00,39575.0,39474.535,100.46484375,100.46484375,0.25385936512950097
2025-07-16 16:00:00,41779.0,41866.934,-87.93359375,87.93359375,0.21047318928169656
2025-07-16 17:00:00,43991.0,44456.453,-465.453125,465.453125,1.0580644336341525
2025-07-16 18:00:00,46014.0,46232.406,-218.40625,218.40625,0.4746517364280436
2025-07-16 19:00:00,47737.0,47398.2,338.80078125,338.80078125,0.7097236551312399
2025-07-16 20:00:00,48768.0,48834.727,-66.7265625,66.7265625,0.13682448019192914
2025-07-16 21:00:00,49614.0,49361.32,252.6796875,252.6796875,0.5092911023098319
2025-07-16 22:00:00,49803.0,49510.965,292.03515625,292.03515625,0.5863806522699436
2025-07-16 23:00:00,49610.0,47696.08,1913.921875,1913.921875,3.857935648054828
2025-07-17 00:00:00,48858.0,47743.55,1114.44921875,1114.44921875,2.280996395165582
2025-07-17 01:00:00,47435.0,46575.004,859.99609375,859.99609375,1.8129990381574788
2025-07-17 02:00:00,45322.0,44770.242,551.7578125,551.7578125,1.2174171759851729
2025-07-17 03:00:00,43446.0,43467.64,-21.640625,21.640625,0.04981039681443632
2025-07-17 04:00:00,41111.0,40819.195,291.8046875,291.8046875,0.7097971041813627
2025-07-17 05:00:00,38495.0,39034.547,-539.546875,539.546875,1.4016024808416678
2025-07-17 06:00:00,36542.0,36760.49,-218.48828125,218.48828125,0.5979100247660227
2025-07-17 07:00:00,35147.0,35371.953,-224.953125,224.953125,0.6400350670042962
2025-07-17 08:00:00,34094.0,34612.613,-518.61328125,518.61328125,1.5211277094210125
2025-07-17 09:00:00,33256.0,32555.277,700.72265625,700.72265625,2.1070563394575412
2025-07-17 10:00:00,32582.0,32431.96,150.0390625,150.0390625,0.4604967850346817
2025-07-17 11:00:00,32922.0,32600.648,321.3515625,321.3515625,0.9760997585201384
2025-07-17 12:00:00,33716.0,33092.45,623.55078125,623.55078125,1.8494209907758927
2025-07-17 13:00:00,34781.0,34086.34,694.66015625,694.66015625,1.9972403215836234
2025-07-17 14:00:00,36203.0,35053.73,1149.26953125,1149.26953125,3.174514629312488
2025-07-17 15:00:00,37477.0,36455.082,1021.91796875,1021.91796875,2.7267870127011236
2025-07-17 16:00:00,39008.0,37954.33,1053.671875,1053.671875,2.701168670529122
2025-07-17 17:00:00,40373.0,38455.254,1917.74609375,1917.74609375,4.750070823941743
2025-07-17 18:00:00,41645.0,40739.49,905.51171875,905.51171875,2.174358791571617
2025-07-17 19:00:00,42770.0,42601.9,168.1015625,168.1015625,0.3930361526771101
2025-07-17 20:00:00,43682.0,44385.906,-703.90625,703.90625,1.6114331990293485
2025-07-17 21:00:00,44740.0,45137.61,-397.609375,397.609375,0.8887111645060348
2025-07-17 22:00:00,45220.0,45397.54,-177.5390625,177.5390625,0.3926118144626271
2025-07-17 23:00:00,45257.0,44844.0,413.0,413.0,0.9125660118876638
2025-07-18 00:00:00,44813.0,46031.395,-1218.39453125,1218.39453125,2.718841700511012
2025-07-18 01:00:00,43723.0,44911.492,-1188.4921875,1188.4921875,2.7182311083411475
2025-07-18 02:00:00,42353.0,42786.58,-433.578125,433.578125,1.0237247066323518
2025-07-18 03:00:00,41236.0,41065.637,170.36328125,170.36328125,0.4131421118682705
2025-07-18 04:00:00,39185.0,38028.59,1156.41015625,1156.41015625,2.951155177363787
2025-07-18 05:00:00,36892.0,36655.84,236.16015625,236.16015625,0.6401392070096498
2025-07-18 06:00:00,34924.0,35001.4,-77.3984375,77.3984375,0.22161962404077423
2025-07-18 07:00:00,33428.0,34154.27,-726.26953125,726.26953125,2.1726383009752306
2025-07-18 08:00:00,32475.0,33015.176,-540.17578125,540.17578125,1.6633588337182446
2025-07-18 09:00:00,31852.0,32556.775,-704.775390625,704.775390625,2.2126566326290344
2025-07-18 10:00:00,31694.0,31920.242,-226.2421875,226.2421875,0.7138328626869439
2025-07-18 11:00:00,32231.0,32201.264,29.736328125,29.736328125,0.0922600233470882
2025-07-18 12:00:00,33101.0,32988.332,112.66796875,112.66796875,0.34037632926497685
2025-07-18 13:00:00,34298.0,34123.58,174.421875,174.421875,0.5085482389643711
2025-07-18 14:00:00,35797.0,36988.805,-1191.8046875,1191.8046875,3.329342368075537
2025-07-18 15:00:00,37589.0,38383.445,-794.4453125,794.4453125,2.113504781984091
2025-07-18 16:00:00,39686.0,39940.895,-254.89453125,254.89453125,0.6422782120899058
2025-07-18 17:00:00,42024.0,41925.47,98.53125,98.53125,0.2344642347230154
2025-07-18 18:00:00,44141.0,43216.61,924.390625,924.390625,2.0941768990281147
2025-07-18 19:00:00,45921.0,44526.016,1394.984375,1394.984375,3.0377918054920405
2025-07-18 20:00:00,47282.0,45473.51,1808.48828125,1808.48828125,3.824898018802081
2025-07-18 21:00:00,48391.0,46169.62,2221.37890625,2221.37890625,4.5904794409084335
2025-07-18 22:00:00,48916.0,43766.926,5149.07421875,5149.07421875,10.526359920578134
2025-07-18 23:00:00,48701.0,44861.926,3839.07421875,3839.07421875,7.882947411244122
2025-07-19 00:00:00,47803.0,44162.953,3640.046875,3640.046875,7.614682917390122
2025-07-19 01:00:00,46339.0,43283.926,3055.07421875,3055.07421875,6.592879040872698
2025-07-19 02:00:00,44540.0,42871.21,1668.7890625,1668.7890625,3.7467199427480917
2025-07-19 03:00:00,43256.0,41474.707,1781.29296875,1781.29296875,4.118025172808396
2025-07-19 04:00:00,41340.0,39857.84,1482.16015625,1482.16015625,3.585293072689889
2025-07-19 05:00:00,39113.0,37792.855,1320.14453125,1320.14453125,3.375206532994145
2025-07-19 06:00:00,37157.0,35280.125,1876.875,1876.875,5.051201657830288
2025-07-19 07:00:00,35648.0,33969.594,1678.40625,1678.40625,4.708276060368044
2025-07-19 08:00:00,34608.0,32866.434,1741.56640625,1741.56640625,5.032265390227693
2025-07-19 09:00:00,33784.0,31924.756,1859.244140625,1859.244140625,5.503327434954416
2025-07-19 10:00:00,33224.0,31346.787,1877.212890625,1877.212890625,5.650171233520949
2025-07-19 11:00:00,33035.0,31759.7,1275.30078125,1275.30078125,3.860453401695172
2025-07-19 12:00:00,32990.0,32428.889,561.111328125,561.111328125,1.7008527678842071
2025-07-19 13:00:00,34003.0,33524.137,478.86328125,478.86328125,1.4082971539275946
2025-07-19 14:00:00,36052.0,35133.668,918.33203125,918.33203125,2.547242958088317
2025-07-19 15:00:00,38507.0,36761.836,1745.1640625,1745.1640625,4.532069656166411
2025-07-19 16:00:00,40975.0,39142.71,1832.2890625,1832.2890625,4.47172437461867
2025-07-19 17:00:00,43158.0,40919.715,2238.28515625,2238.28515625,5.186257834584549
2025-07-19 18:00:00,44990.0,42925.727,2064.2734375,2064.2734375,4.588293926428095
2025-07-19 19:00:00,46649.0,45239.94,1409.05859375,1409.05859375,3.0205547680550495
2025-07-19 20:00:00,47976.0,46148.58,1827.421875,1827.421875,3.809033422961481
2025-07-19 21:00:00,49120.0,47637.395,1482.60546875,1482.60546875,3.01833360901873
2025-07-19 22:00:00,49977.0,48455.688,1521.3125,1521.3125,3.0440252516157433
2025-07-19 23:00:00,50067.0,48143.555,1923.4453125,1923.4453125,3.841742689795674
2025-07-20 00:00:00,49410.0,47397.67,2012.328125,2012.328125,4.072714278486137
2025-07-20 01:00:00,47916.0,46338.355,1577.64453125,1577.64453125,3.292521352470991
2025-07-20 02:00:00,46007.0,44368.05,1638.94921875,1638.94921875,3.562390981263721
2025-07-20 03:00:00,44415.0,43324.98,1090.01953125,1090.01953125,2.454169832826748
2025-07-20 04:00:00,42308.0,41330.758,977.2421875,977.2421875,2.3098283717027512
2025-07-20 05:00:00,40051.0,39441.02,609.98046875,609.98046875,1.5230093349729095
2025-07-20 06:00:00,38057.0,36584.027,1472.97265625,1472.97265625,3.8704381749743804
2025-07-20 07:00:00,36472.0,34289.277,2182.72265625,2182.72265625,5.984653038632375
2025-07-20 08:00:00,35161.0,33090.348,2070.65234375,2070.65234375,5.889059878132021
2025-07-20 09:00:00,34207.0,32186.348,2020.65234375,2020.65234375,5.907131124477446
2025-07-20 10:00:00,33594.0,31529.027,2064.97265625,2064.97265625,6.14684960484015
2025-07-20 11:00:00,33327.0,31435.467,1891.533203125,1891.533203125,5.675677988192756
2025-07-20 12:00:00,33085.0,31534.012,1550.98828125,1550.98828125,4.687889621429651
2025-07-20 13:00:00,33681.0,33147.42,533.578125,533.578125,1.5842110537098066
2025-07-20 14:00:00,35710.0,34679.336,1030.6640625,1030.6640625,2.8862057196863624
2025-07-20 15:00:00,38168.0,37643.26,524.73828125,524.73828125,1.3748120971756446
2025-07-20 16:00:00,40649.0,39584.08,1064.921875,1064.921875,2.61979845752663
2025-07-20 17:00:00,43043.0,41480.97,1562.03125,1562.03125,3.6290018121413468
2025-07-20 18:00:00,45216.0,43980.176,1235.82421875,1235.82421875,2.73315688860138
2025-07-20 19:00:00,46979.0,44481.68,2497.3203125,2497.3203125,5.315822628195576
2025-07-20 20:00:00,48194.0,46356.586,1837.4140625,1837.4140625,3.81253695999502
2025-07-20 21:00:00,48879.0,47635.28,1243.71875,1243.71875,2.544484850344729
2025-07-20 22:00:00,49448.0,49037.184,410.81640625,410.81640625,0.8308048985803267
2025-07-20 23:00:00,49717.0,49166.55,550.44921875,550.44921875,1.107164991351047
2025-07-21 00:00:00,49617.0,49119.566,497.43359375,497.43359375,1.002546695185118
2025-07-21 01:00:00,48532.0,46868.13,1663.87109375,1663.87109375,3.428400011847853
2025-07-21 02:00:00,46853.0,46065.117,787.8828125,787.8828125,1.6816059003692398
2025-07-21 03:00:00,45404.0,44722.223,681.77734375,681.77734375,1.501579913113382
2025-07-21 04:00:00,43274.0,42420.707,853.29296875,853.29296875,1.9718375207977077
2025-07-21 05:00:00,40787.0,39845.188,941.8125,941.8125,2.309099713143894
2025-07-21 06:00:00,38696.0,37916.613,779.38671875,779.38671875,2.0141273484339464
2025-07-21 07:00:00,37119.0,36939.688,179.3125,179.3125,0.4830747056763383
2025-07-21 08:00:00,35958.0,36576.668,-618.66796875,618.66796875,1.7205294197396963
2025-07-21 09:00:00,35104.0,35698.402,-594.40234375,594.40234375,1.6932610065804468
2025-07-21 10:00:00,34833.0,35202.297,-369.296875,369.296875,1.0601925616513077
2025-07-21 11:00:00,35317.0,35191.61,125.390625,125.390625,0.35504325112552026
2025-07-21 12:00:00,36237.0,35979.918,257.08203125,257.08203125,0.7094462324419791
2025-07-21 13:00:00,37600.0,36209.418,1390.58203125,1390.58203125,3.698356466090426
2025-07-21 14:00:00,39202.0,38398.05,803.94921875,803.94921875,2.0507862322075403
2025-07-21 15:00:00,40989.0,40689.34,299.66015625,299.66015625,0.7310745718363464
2025-07-21 16:00:00,42932.0,42352.66,579.33984375,579.33984375,1.3494359539504333
2025-07-21 17:00:00,44823.0,43696.59,1126.41015625,1126.41015625,2.513018218883163
2025-07-21 18:00:00,46505.0,44971.016,1533.984375,1533.984375,3.2985364476937966
2025-07-21 19:00:00,47954.0,45853.355,2100.64453125,2100.64453125,4.380540791696209
2025-07-21 20:00:00,48924.0,46822.03,2101.96875,2101.96875,4.296395940642629
2025-07-21 21:00:00,49630.0,47446.04,2183.9609375,2183.9609375,4.400485467459198
2025-07-21 22:00:00,49955.0,47748.742,2206.2578125,2206.2578125,4.416490466419778
2025-07-21 23:00:00,49986.0,47589.062,2396.9375,2396.9375,4.795217660945065
2025-07-22 00:00:00,49482.0,47598.766,1883.234375,1883.234375,3.805897851744069
2025-07-22 01:00:00,48158.0,46279.008,1878.9921875,1878.9921875,3.901723882843972
2025-07-22 02:00:00,46417.0,45573.0,844.0,844.0,1.8182993299868584
2025-07-22 03:00:00,44745.0,42710.586,2034.4140625,2034.4140625,4.546684685439714
2025-07-22 04:00:00,42315.0,40716.703,1598.296875,1598.296875,3.7771401985111663
2025-07-22 05:00:00,39735.0,38682.965,1052.03515625,1052.03515625,2.647628428966906
2025-07-22 06:00:00,37661.0,37017.875,643.125,643.125,1.7076684102918138
2025-07-22 07:00:00,36163.0,36013.355,149.64453125,149.64453125,0.41380563352044913
2025-07-22 08:00:00,35122.0,35204.9,-82.8984375,82.8984375,0.23602994561813107
2025-07-22 09:00:00,34374.0,34646.773,-272.7734375,272.7734375,0.7935458122418106
2025-07-22 10:00:00,34008.0,33974.547,33.453125,33.453125,0.09836839861209128
2025-07-22 11:00:00,34549.0,34696.523,-147.5234375,147.5234375,0.4269977061564735
2025-07-22 12:00:00,35579.0,35892.777,-313.77734375,313.77734375,0.8819172651001995
2025-07-22 13:00:00,36875.0,37432.945,-557.9453125,557.9453125,1.513072033898305
2025-07-22 14:00:00,38841.0,39166.043,-325.04296875,325.04296875,0.8368553043176026
2025-07-22 15:00:00,41050.0,40831.715,218.28515625,218.28515625,0.5317543392204628
2025-07-23 05:00:00,41484.0,40164.68,1319.3203125,1319.3203125,3.1803112344518367
2025-07-23 06:00:00,39220.0,38140.504,1079.49609375,1079.49609375,2.7524122737123915
2025-07-23 07:00:00,37459.0,36739.99,719.01171875,719.01171875,1.9194631964280946
2025-07-23 08:00:00,36247.0,35990.848,256.15234375,256.15234375,0.7066856395012001
2025-07-23 09:00:00,35474.0,34809.42,664.578125,664.578125,1.8734231408919209
2025-07-23 10:00:00,35180.0,34498.855,681.14453125,681.14453125,1.936169787521319
2025-07-23 11:00:00,35576.0,34543.906,1032.09375,1032.09375,2.9010955419383855
2025-07-23 12:00:00,36309.0,35581.61,727.390625,727.390625,2.0033342284282134
2025-07-23 13:00:00,37723.0,36891.438,831.5625,831.5625,2.2043912202104816
2025-07-23 14:00:00,39802.0,38948.1,853.8984375,853.8984375,2.1453656537359933
2025-07-23 15:00:00,42076.0,40458.52,1617.48046875,1617.48046875,3.8441878238188036
2025-07-23 16:00:00,44576.0,43974.52,601.48046875,601.48046875,1.3493370171168342
2025-07-23 17:00:00,46780.0,46382.934,397.06640625,397.06640625,0.8487952249893117
2025-07-23 18:00:00,48799.0,47996.824,802.17578125,802.17578125,1.6438365156048278
2025-07-23 19:00:00,50359.0,50296.875,62.125,62.125,0.12336424472288966
2025-07-23 20:00:00,51298.0,51388.914,-90.9140625,90.9140625,0.17722730418339896
2025-07-23 21:00:00,51908.0,51170.918,737.08203125,737.08203125,1.419977712972952
2025-07-23 22:00:00,52175.0,51268.176,906.82421875,906.82421875,1.73804354336368
2025-07-23 23:00:00,51977.0,51256.797,720.203125,720.203125,1.3856188795043962
2025-07-24 00:00:00,51441.0,50385.355,1055.64453125,1055.64453125,2.0521462087634377
2025-07-24 01:00:00,50132.0,49249.703,882.296875,882.296875,1.7599474886300168
2025-07-24 02:00:00,47954.0,48255.92,-301.921875,301.921875,0.629607279893231
2025-07-24 03:00:00,46240.0,45607.656,632.34375,632.34375,1.367525410899654
2025-07-24 04:00:00,43740.0,42663.055,1076.9453125,1076.9453125,2.4621520633287606
2025-07-24 05:00:00,41019.0,40462.38,556.62109375,556.62109375,1.3569835777322703
2025-07-24 06:00:00,38753.0,37984.684,768.31640625,768.31640625,1.9825985246303512
2025-07-24 07:00:00,37100.0,36850.617,249.3828125,249.3828125,0.6721908692722373
2025-07-24 08:00:00,35809.0,35754.574,54.42578125,54.42578125,0.1519891123739842
2025-07-24 09:00:00,35043.0,35450.26,-407.26171875,407.26171875,1.1621770931427104
2025-07-24 10:00:00,34686.0,35006.977,-320.9765625,320.9765625,0.925377854177478
2025-07-24 11:00:00,35094.0,35079.684,14.31640625,14.31640625,0.04079445560494671
2025-07-24 12:00:00,35885.0,35207.086,677.9140625,677.9140625,1.8891293367702382
2025-07-24 13:00:00,37159.0,36039.844,1119.15625,1119.15625,3.011804004413466
2025-07-24 14:00:00,38828.0,37245.586,1582.4140625,1582.4140625,4.075445715720614
2025-07-24 15:00:00,40673.0,39639.336,1033.6640625,1033.6640625,2.541401083028053
2025-07-24 16:00:00,42919.0,42619.164,299.8359375,299.8359375,0.6986088620424521
2025-07-24 17:00:00,45128.0,45434.895,-306.89453125,306.89453125,0.6800534728993086
2025-07-24 18:00:00,47362.0,47111.652,250.34765625,250.34765625,0.5285833711625354
2025-07-24 19:00:00,49236.0,48001.566,1234.43359375,1234.43359375,2.5071768497644
2025-07-24 20:00:00,50252.0,48352.566,1899.43359375,1899.43359375,3.779816910272228
2025-07-24 21:00:00,51002.0,48433.37,2568.62890625,2568.62890625,5.036329764028862
2025-07-24 22:00:00,50993.0,48218.098,2774.90234375,2774.90234375,5.441731892122449
2025-07-24 23:00:00,50479.0,47560.832,2918.16796875,2918.16796875,5.780954394401632
2025-07-25 00:00:00,49568.0,47282.87,2285.12890625,2285.12890625,4.610088981298419
2025-07-25 01:00:00,48154.0,47035.918,1118.08203125,1118.08203125,2.321888173879636
2025-07-25 02:00:00,46214.0,46176.785,37.21484375,37.21484375,0.08052720766434414
2025-07-25 03:00:00,44377.0,43987.156,389.84375,389.84375,0.8784815332266716
2025-07-25 04:00:00,41971.0,41438.086,532.9140625,532.9140625,1.2697197171856758
2025-07-25 05:00:00,39354.0,38492.656,861.34375,861.34375,2.188706992935915
2025-07-25 06:00:00,37184.0,36569.938,614.0625,614.0625,1.6514159315834769
2025-07-25 07:00:00,35754.0,35645.676,108.32421875,108.32421875,0.3029709088493595
2025-07-25 08:00:00,34513.0,34731.426,-218.42578125,218.42578125,0.6328797301017008
2025-07-25 09:00:00,33752.0,33882.027,-130.02734375,130.02734375,0.38524337446669826
2025-07-25 10:00:00,33419.0,33366.684,52.31640625,52.31640625,0.15654689323438764
2025-07-25 11:00:00,33727.0,34058.492,-331.4921875,331.4921875,0.9828688810152104
2025-07-25 12:00:00,34510.0,34620.113,-110.11328125,110.11328125,0.3190764452332657
2025-07-25 13:00:00,35717.0,36269.32,-552.3203125,552.3203125,1.546379350169387
2025-07-25 14:00:00,37671.0,36891.613,779.38671875,779.38671875,2.0689302613416154
2025-07-25 15:00:00,39857.0,38222.152,1634.84765625,1634.84765625,4.101783014903279
2025-07-25 16:00:00,42122.0,39931.324,2190.67578125,2190.67578125,5.20078766737097
2025-07-25 17:00:00,44275.0,42416.074,1858.92578125,1858.92578125,4.198590132693393
2025-07-25 18:00:00,46142.0,44381.56,1760.44140625,1760.44140625,3.8152689659095835
2025-07-25 19:00:00,47655.0,46333.504,1321.49609375,1321.49609375,2.7730481455251286
2025-07-25 20:00:00,48732.0,46883.367,1848.6328125,1848.6328125,3.793467972789953
2025-07-25 21:00:00,49440.0,47362.848,2077.15234375,2077.15234375,4.201359918588188
2025-07-25 22:00:00,49520.0,48100.684,1419.31640625,1419.31640625,2.866147831684168
2025-07-25 23:00:00,48964.0,47203.86,1760.140625,1760.140625,3.594764776162078
2025-07-26 00:00:00,47962.0,48149.504,-187.50390625,187.50390625,0.3909426342729661
2025-07-26 01:00:00,46517.0,45360.87,1156.12890625,1156.12890625,2.485390085882581
2025-07-26 02:00:00,44848.0,43647.64,1200.359375,1200.359375,2.6765059199964325
2025-07-26 03:00:00,43418.0,42149.76,1268.23828125,1268.23828125,2.920996548090654
2025-07-26 04:00:00,41327.0,40113.48,1213.51953125,1213.51953125,2.936384279647688
2025-07-26 05:00:00,39102.0,38531.496,570.50390625,570.50390625,1.4590146443915912
2025-07-26 06:00:00,37217.0,36787.344,429.65625,429.65625,1.1544623424779
2025-07-26 07:00:00,35809.0,35244.355,564.64453125,564.64453125,1.5768229530285682
2025-07-26 08:00:00,34773.0,33860.273,912.7265625,912.7265625,2.6248139720472783
2025-07-26 09:00:00,34015.0,33137.285,877.71484375,877.71484375,2.580375845215346
2025-07-26 10:00:00,33520.0,32797.953,722.046875,722.046875,2.154077789379475
2025-07-26 11:00:00,33465.0,32753.207,711.79296875,711.79296875,2.1269773457343493
2025-07-26 12:00:00,33434.0,33409.594,24.40625,24.40625,0.07299829514865108
2025-07-26 13:00:00,34192.0,34767.855,-575.85546875,575.85546875,1.6841818809955544
2025-07-26 14:00:00,36223.0,36133.152,89.84765625,89.84765625,0.24804035074400244
2025-07-26 15:00:00,38720.0,40014.047,-1294.046875,1294.046875,3.342063210227273
2025-07-26 16:00:00,41298.0,42283.77,-985.76953125,985.76953125,2.3869667568647395
2025-07-26 17:00:00,43853.0,43791.613,61.38671875,61.38671875,0.13998294016372884
2025-07-26 18:00:00,45992.0,45643.55,348.44921875,348.44921875,0.7576300633805879
2025-07-26 19:00:00,47507.0,47412.0,95.0,95.0,0.1999705306586398
2025-07-26 20:00:00,48474.0,48144.523,329.4765625,329.4765625,0.6796974924701902
2025-07-26 21:00:00,49085.0,48765.254,319.74609375,319.74609375,0.6514130462463074
2025-07-26 22:00:00,49653.0,48527.688,1125.3125,1125.3125,2.2663534932431073
2025-07-26 23:00:00,49867.0,48947.25,919.75,919.75,1.8444061202799444
2025-07-27 00:00:00,49336.0,48548.613,787.38671875,787.38671875,1.5959678910937247
2025-07-27 01:00:00,48220.0,46270.605,1949.39453125,1949.39453125,4.042709521464123
2025-07-27 02:00:00,46583.0,44614.848,1968.15234375,1968.15234375,4.225044208724213
2025-07-27 03:00:00,45132.0,43078.76,2053.23828125,2053.23828125,4.549406809469999
2025-07-27 04:00:00,43020.0,40703.832,2316.16796875,2316.16796875,5.3839329817526735
2025-07-27 05:00:00,40674.0,39418.664,1255.3359375,1255.3359375,3.0863350973594925
2025-07-27 06:00:00,38732.0,37206.375,1525.625,1525.625,3.9389264690695027
2025-07-27 07:00:00,37087.0,35338.645,1748.35546875,1748.35546875,4.714200309407609
2025-07-27 08:00:00,35712.0,34136.164,1575.8359375,1575.8359375,4.412623032874103
2025-07-27 09:00:00,34792.0,34010.74,781.26171875,781.26171875,2.2455211506955624
2025-07-27 10:00:00,34189.0,33476.055,712.9453125,712.9453125,2.085306129164351
2025-07-27 11:00:00,34003.0,33310.246,692.75390625,692.75390625,2.0373317244066698
2025-07-27 12:00:00,33826.0,33737.598,88.40234375,88.40234375,0.26134436158576246
2025-07-27 13:00:00,34740.0,34167.777,572.22265625,572.22265625,1.6471579051525618
2025-07-27 14:00:00,36827.0,36317.492,509.5078125,509.5078125,1.3835170187634072
2025-07-27 15:00:00,39515.0,39473.87,41.12890625,41.12890625,0.10408428761229914
2025-07-27 16:00:00,42141.0,41643.504,497.49609375,497.49609375,1.1805512297999574
2025-07-27 17:00:00,44677.0,45089.37,-412.37109375,412.37109375,0.9230053355193948
2025-07-27 18:00:00,47065.0,46622.758,442.2421875,442.2421875,0.9396413205141825
2025-07-27 19:00:00,48961.0,48806.062,154.9375,154.9375,0.3164508486346276
2025-07-27 20:00:00,50318.0,48581.242,1736.7578125,1736.7578125,3.45156367999523
2025-07-27 21:00:00,51377.0,49613.97,1763.03125,1763.03125,3.4315574089573158
2025-07-27 22:00:00,51864.0,49691.47,2172.53125,2172.53125,4.188900296930433
2025-07-27 23:00:00,52186.0,50600.617,1585.3828125,1585.3828125,3.037946599662745
2025-07-28 00:00:00,51678.0,50200.69,1477.30859375,1477.30859375,2.858679890378885
2025-07-28 01:00:00,50407.0,48173.27,2233.73046875,2233.73046875,4.431389427559664
2025-07-28 02:00:00,48689.0,47060.445,1628.5546875,1628.5546875,3.344810301094703
2025-07-28 03:00:00,47222.0,45168.742,2053.2578125,2053.2578125,4.348095829274491
2025-07-28 04:00:00,44888.0,43327.414,1560.5859375,1560.5859375,3.4766216750579217
2025-07-28 05:00:00,42170.0,41155.46,1014.5390625,1014.5390625,2.405831307801755
2025-07-28 06:00:00,40000.0,39803.68,196.3203125,196.3203125,0.49080078125000004
2025-07-28 07:00:00,38349.0,38555.945,-206.9453125,206.9453125,0.5396367897467992
2025-07-28 08:00:00,37102.0,35707.8,1394.19921875,1394.19921875,3.7577468027330063
2025-07-28 09:00:00,36116.0,34484.797,1631.203125,1631.203125,4.516566411008971
2025-07-28 10:00:00,35644.0,34080.188,1563.8125,1563.8125,4.387309224553922
2025-07-28 11:00:00,36078.0,34392.207,1685.79296875,1685.79296875,4.672634205748656
2025-07-28 12:00:00,36838.0,35764.613,1073.38671875,1073.38671875,2.9138029175036646
2025-07-28 13:00:00,38206.0,37202.484,1003.515625,1003.515625,2.6265917002565042
2025-07-28 14:00:00,40265.0,39652.13,612.87109375,612.87109375,1.522093862535701
2025-07-28 15:00:00,42699.0,42580.97,118.03125,118.03125,0.27642626291013844
2025-07-28 16:00:00,45412.0,45252.98,159.01953125,159.01953125,0.3501707285519246
2025-07-28 17:00:00,48031.0,47951.47,79.53125,79.53125,0.1655831650392455
2025-07-28 18:00:00,50253.0,49811.03,441.96875,441.96875,0.8794872942908881
2025-07-28 19:00:00,52052.0,51988.734,63.265625,63.265625,0.12154312034119727
2025-07-28 20:00:00,53240.0,52627.707,612.29296875,612.29296875,1.1500619247746056
2025-07-28 21:00:00,53791.0,53542.7,248.30078125,248.30078125,0.46160283551151676
2025-07-28 22:00:00,53900.0,53595.332,304.66796875,304.66796875,0.5652466952690167
2025-07-28 23:00:00,53802.0,53070.996,731.00390625,731.00390625,1.3586928111408498
2025-07-29 00:00:00,53436.0,51986.81,1449.19140625,1449.19140625,2.7120132611909575
2025-07-29 01:00:00,52510.0,50319.1,2190.8984375,2190.8984375,4.172345148543135
2025-07-29 02:00:00,50524.0,49038.516,1485.484375,1485.484375,2.940155916000317
2025-07-29 03:00:00,48519.0,47065.63,1453.37109375,1453.37109375,2.9954679481234154
2025-07-29 04:00:00,45858.0,44517.184,1340.81640625,1340.81640625,2.9238440539273407
2025-07-29 05:00:00,43226.0,41175.64,2050.359375,2050.359375,4.7433474644889655
2025-07-29 06:00:00,40851.0,39299.594,1551.40625,1551.40625,3.7977191500820053
2025-07-29 07:00:00,38979.0,37714.953,1264.046875,1264.046875,3.242892005951923
2025-07-29 08:00:00,37488.0,36576.496,911.50390625,911.50390625,2.4314551489810072
2025-07-29 09:00:00,36441.0,35859.727,581.2734375,581.2734375,1.5951083600889107
2025-07-29 10:00:00,36047.0,35125.094,921.90625,921.90625,2.557511720808944
2025-07-29 11:00:00,36434.0,35512.043,921.95703125,921.95703125,2.5304853467914583
2025-07-29 12:00:00,37213.0,36614.5,598.5,598.5,1.6083089243006479
2025-07-29 13:00:00,38554.0,38148.82,405.1796875,405.1796875,1.0509407259947086
2025-07-29 14:00:00,40782.0,41440.363,-658.36328125,658.36328125,1.614347705482811
2025-07-29 15:00:00,43495.0,44205.293,-710.29296875,710.29296875,1.6330451057592825
2025-07-29 16:00:00,46338.0,47381.21,-1043.2109375,1043.2109375,2.251307647071518
2025-07-29 17:00:00,49042.0,49848.746,-806.74609375,806.74609375,1.6450105904122998
2025-07-29 18:00:00,51359.0,51061.848,297.15234375,297.15234375,0.5785789126540626
2025-07-29 19:00:00,51506.0,52145.45,-639.44921875,639.44921875,1.241504327165767
2025-07-29 20:00:00,53675.0,52597.81,1077.19140625,1077.19140625,2.006877328830927
2025-07-29 21:00:00,54381.0,52800.863,1580.13671875,1580.13671875,2.905677936687446
2025-07-29 22:00:00,54411.0,52488.324,1922.67578125,1922.67578125,3.5336159623054164
2025-07-29 23:00:00,54249.0,52128.5,2120.5,2120.5,3.9088278124942395
2025-07-30 00:00:00,53611.0,51883.027,1727.97265625,1727.97265625,3.2231681114883144
2025-07-30 01:00:00,52532.0,50931.305,1600.6953125,1600.6953125,3.0470861808040812
2025-07-30 02:00:00,50530.0,49456.53,1073.46875,1073.46875,2.1244186621808825
2025-07-30 03:00:00,48556.0,47255.35,1300.6484375,1300.6484375,2.6786564739682017
2025-07-30 04:00:00,45747.0,45176.594,570.40625,570.40625,1.2468713795440138
2025-07-30 05:00:00,42878.0,40863.074,2014.92578125,2014.92578125,4.699206542399366
2025-07-30 06:00:00,40204.0,38471.883,1732.1171875,1732.1171875,4.308320534026465
2025-07-30 07:00:00,38650.0,37006.24,1643.76171875,1643.76171875,4.252941057567917
2025-07-30 08:00:00,37238.0,36119.105,1118.89453125,1118.89453125,3.004711668859767
2025-07-30 09:00:00,36084.0,35296.273,787.7265625,787.7265625,2.183035590566456
2025-07-30 10:00:00,35501.0,34680.49,820.51171875,820.51171875,2.311235510971522
2025-07-30 11:00:00,35753.0,34796.93,956.0703125,956.0703125,2.674098152602579
2025-07-30 12:00:00,36281.0,36078.145,202.85546875,202.85546875,0.5591231464127229
2025-07-30 13:00:00,37245.0,37909.14,-664.140625,664.140625,1.7831672036514967
2025-07-30 14:00:00,39064.0,39505.043,-441.04296875,441.04296875,1.1290266453768176
2025-07-30 15:00:00,41276.0,42646.99,-1370.98828125,1370.98828125,3.3215143939577483
2025-07-30 16:00:00,43879.0,45007.742,-1128.7421875,1128.7421875,2.5723972458351376
2025-07-30 17:00:00,46150.0,47988.49,-1838.48828125,1838.48828125,3.9837232529794147
2025-07-30 18:00:00,48247.0,48420.12,-173.12109375,173.12109375,0.3588225045080523
2025-07-30 19:00:00,49774.0,49215.66,558.33984375,558.33984375,1.1217499974886487
2025-07-30 20:00:00,50582.0,50064.98,517.01953125,517.01953125,1.0221413373334387
2025-07-30 21:00:00,51111.0,49990.277,1120.72265625,1120.72265625,2.1927230072782766
2025-07-30 22:00:00,51205.0,50276.93,928.0703125,928.0703125,1.812460331022361
2025-07-30 23:00:00,50882.0,48890.598,1991.40234375,1991.40234375,3.9137658577689556
2025-07-31 00:00:00,49898.0,48332.434,1565.56640625,1565.56640625,3.137533380596417
2025-07-31 01:00:00,48313.0,47051.15,1261.8515625,1261.8515625,2.611826138927411
2025-07-31 02:00:00,46500.0,45891.16,608.83984375,608.83984375,1.309332997311828
2025-07-31 03:00:00,44883.0,44552.555,330.4453125,330.4453125,0.7362371332130204
2025-07-31 04:00:00,42362.0,42995.51,-633.51171875,633.51171875,1.49547169338086
2025-07-31 05:00:00,39724.0,39358.465,365.53515625,365.53515625,0.9201871821820562
2025-07-31 06:00:00,37624.0,37784.426,-160.42578125,160.42578125,0.42639214663512653
2025-07-31 07:00:00,35955.0,36232.383,-277.3828125,277.3828125,0.7714721526908636
2025-07-31 08:00:00,34699.0,35467.74,-768.73828125,768.73828125,2.215447941583331
2025-07-31 09:00:00,33920.0,34973.035,-1053.03515625,1053.03515625,3.1044668521521226
2025-07-31 10:00:00,33638.0,34361.42,-723.421875,723.421875,2.150609058207979
2025-07-31 11:00:00,34020.0,34305.117,-285.1171875,285.1171875,0.8380869708994709
2025-07-31 12:00:00,34961.0,34620.99,340.01171875,340.01171875,0.9725457474042505
2025-07-31 13:00:00,35918.0,35245.66,672.33984375,672.33984375,1.8718743909738849
2025-07-31 14:00:00,37065.0,36148.008,916.9921875,916.9921875,2.474011027923918
2025-07-31 15:00:00,38372.0,36665.125,1706.875,1706.875,4.448230480558741
2025-07-31 16:00:00,39916.0,39114.484,801.515625,801.515625,2.008005874837158
2025-07-31 17:00:00,41299.0,41849.31,-550.30859375,550.30859375,1.332498592580934
2025-07-31 18:00:00,42582.0,43231.4,-649.3984375,649.3984375,1.525053866657273
2025-07-31 19:00:00,43802.0,44229.547,-427.546875,427.546875,0.9760898474955482
2025-07-31 20:00:00,44603.0,44730.26,-127.26171875,127.26171875,0.2853209845750286
2025-07-31 21:00:00,45114.0,45934.266,-820.265625,820.265625,1.818206377177816
2025-07-31 22:00:00,45209.0,45855.168,-646.16796875,646.16796875,1.4292905588489018
2025-07-31 23:00:00,44694.0,45871.605,-1177.60546875,1177.60546875,2.6348178027251983
2025-08-01 00:00:00,43889.0,46107.39,-2218.390625,2218.390625,5.05454812139716
2025-08-01 01:00:00,42637.0,44445.76,-1808.76171875,1808.76171875,4.24223495731407
2025-08-01 02:00:00,41515.0,41606.64,-91.640625,91.640625,0.2207409972299169
2025-08-01 03:00:00,40340.0,40139.547,200.453125,200.453125,0.49690908527516114
2025-08-01 04:00:00,38365.0,38337.984,27.015625,27.015625,0.07041737260523914
2025-08-01 05:00:00,36232.0,36514.84,-282.83984375,282.83984375,0.7806354707164938
2025-08-01 06:00:00,34232.0,35006.75,-774.75,774.75,2.263233232063566
2025-08-01 07:00:00,32742.0,33646.81,-904.80859375,904.80859375,2.763449373129314
2025-08-01 08:00:00,31791.0,32651.518,-860.517578125,860.517578125,2.706796194284546
2025-08-01 09:00:00,31290.0,32079.09,-789.08984375,789.08984375,2.5218595198146376
2025-08-01 10:00:00,31366.0,32097.24,-731.240234375,731.240234375,2.331314909057578
2025-08-01 11:00:00,31705.0,32270.514,-565.513671875,565.513671875,1.7836734643589338
2025-08-01 12:00:00,32558.0,32773.496,-215.49609375,215.49609375,0.6618836960194115
2025-08-01 13:00:00,33482.0,33416.727,65.2734375,65.2734375,0.19495083179021563
2025-08-01 14:00:00,34393.0,34542.72,-149.71875,149.71875,0.43531750646933975
2025-08-01 15:00:00,35400.0,35434.09,-34.08984375,34.08984375,0.0962989936440678
2025-08-01 16:00:00,36743.0,36348.008,394.9921875,394.9921875,1.0750134379337561
2025-08-01 17:00:00,38054.0,36586.855,1467.14453125,1467.14453125,3.8554278952278342
2025-08-01 18:00:00,39227.0,38655.54,571.4609375,571.4609375,1.4568051023529711
2025-08-01 19:00:00,40289.0,39084.805,1204.1953125,1204.1953125,2.9888935255280598
2025-08-01 20:00:00,41129.0,40008.836,1120.1640625,1120.1640625,2.7235382880692454
2025-08-01 21:00:00,41652.0,39997.605,1654.39453125,1654.39453125,3.9719449996398732
2025-08-01 22:00:00,41895.0,40512.56,1382.44140625,1382.44140625,3.2997765992361856
2025-08-01 23:00:00,41564.0,40287.02,1276.98046875,1276.98046875,3.072323329684342
2025-08-02 00:00:00,40861.0,40053.742,807.2578125,807.2578125,1.9756193252734884
2025-08-02 01:00:00,39536.0,39034.195,501.8046875,501.8046875,1.2692348429279643
2025-08-02 02:00:00,38339.0,37688.656,650.34375,650.34375,1.6962981559247765
2025-08-02 03:00:00,37435.0,37065.316,369.68359375,369.68359375,0.9875346433818618
2025-08-02 04:00:00,35824.0,35005.746,818.25390625,818.25390625,2.2840942001172397
2025-08-02 05:00:00,34038.0,32955.043,1082.95703125,1082.95703125,3.181611819877784
2025-08-02 06:00:00,32215.0,31582.723,632.27734375,632.27734375,1.9626799433493713
2025-08-02 07:00:00,31169.0,30318.922,850.078125,850.078125,2.727319211395938
2025-08-02 08:00:00,30195.0,29722.527,472.47265625,472.47265625,1.564738056797483
2025-08-02 09:00:00,29583.0,29120.928,462.072265625,462.072265625,1.5619520184734474
2025-08-02 10:00:00,29299.0,29083.457,215.54296875,215.54296875,0.7356666396464043
2025-08-02 11:00:00,29426.0,29284.004,141.99609375,141.99609375,0.48255316301909873
2025-08-02 12:00:00,29576.0,29833.227,-257.2265625,257.2265625,0.8697138304706519
2025-08-02 13:00:00,30047.0,30633.57,-586.5703125,586.5703125,1.952175965986621
2025-08-02 14:00:00,31368.0,31679.357,-311.357421875,311.357421875,0.99259570860431
2025-08-02 15:00:00,32904.0,32603.045,300.955078125,300.955078125,0.9146458732221006
2025-08-02 16:00:00,34451.0,34014.516,436.484375,436.484375,1.2669715683144176
2025-08-02 17:00:00,36041.0,35733.562,307.4375,307.4375,0.853021558780278
2025-08-02 18:00:00,37516.0,36622.92,893.078125,893.078125,2.380525975583751
2025-08-02 19:00:00,38754.0,38230.906,523.09375,523.09375,1.3497800227073335
2025-08-02 20:00:00,39900.0,38472.53,1427.46875,1427.46875,3.5776159147869677
2025-08-02 21:00:00,40869.0,39072.883,1796.1171875,1796.1171875,4.394815599843402
2025-08-02 22:00:00,41618.0,39293.31,2324.69140625,2324.69140625,5.585783570210006
2025-08-02 23:00:00,41960.0,38624.99,3335.01171875,3335.01171875,7.948073686248808
2025-08-03 00:00:00,41556.0,39033.53,2522.46875,2522.46875,6.070047044951391
2025-08-03 01:00:00,40293.0,37832.082,2460.91796875,2460.91796875,6.107557066363885
2025-08-03 02:00:00,38771.0,36557.574,2213.42578125,2213.42578125,5.7089726374094045
2025-08-03 03:00:00,37469.0,35395.68,2073.3203125,2073.3203125,5.53342846753316
2025-08-03 04:00:00,35647.0,33575.055,2071.9453125,2071.9453125,5.812397431761439
2025-08-03 05:00:00,33676.0,32148.586,1527.4140625,1527.4140625,4.535616054460149
2025-08-03 06:00:00,31990.0,30458.902,1531.09765625,1531.09765625,4.786175855736167
2025-08-03 07:00:00,30774.0,29501.072,1272.927734375,1272.927734375,4.136373998748944
2025-08-03 08:00:00,29791.0,28900.982,890.017578125,890.017578125,2.98753844491625
2025-08-03 09:00:00,29133.0,28436.852,696.1484375,696.1484375,2.38955286959805
2025-08-03 10:00:00,28755.0,28149.64,605.359375,605.359375,2.1052316988349853
2025-08-03 11:00:00,28443.0,28214.879,228.12109375,228.12109375,0.8020289482473719
2025-08-03 12:00:00,28493.0,28471.746,21.25390625,21.25390625,0.07459343084266311
2025-08-03 13:00:00,29025.0,28880.96,144.0390625,144.0390625,0.4962586132644272
2025-08-03 14:00:00,30158.0,29746.7,411.30078125,411.30078125,1.3638198197824791
2025-08-03 15:00:00,31448.0,30974.598,473.40234375,473.40234375,1.5053496049033326
2025-08-03 16:00:00,32892.0,32637.527,254.47265625,254.47265625,0.7736612436154688
2025-08-03 17:00:00,34467.0,34540.39,-73.390625,73.390625,0.21293012156555546
2025-08-03 18:00:00,36067.0,35933.965,133.03515625,133.03515625,0.36885561940277817
2025-08-03 19:00:00,37525.0,37019.312,505.6875,505.6875,1.347601598934044
2025-08-03 20:00:00,38633.0,38366.277,266.72265625,266.72265625,0.6904010981544276
2025-08-03 21:00:00,39719.0,38926.64,792.359375,792.359375,1.9949126992119641
2025-08-03 22:00:00,40601.0,39175.297,1425.703125,1425.703125,3.511497561636413
2025-08-03 23:00:00,41127.0,39679.26,1447.73828125,1447.73828125,3.520165052763392
2025-08-04 00:00:00,40783.0,40805.293,-22.29296875,22.29296875,0.05466240529142045
2025-08-04 01:00:00,39825.0,38096.434,1728.56640625,1728.56640625,4.34040528876334
2025-08-04 02:00:00,38622.0,37068.434,1553.56640625,1553.56640625,4.022490824530061
2025-08-04 03:00:00,37506.0,36104.887,1401.11328125,1401.11328125,3.735704370634032
2025-08-04 04:00:00,35489.0,34551.33,937.671875,937.671875,2.642147919073516
2025-08-04 05:00:00,33300.0,32809.28,490.71875,490.71875,1.4736298798798797
2025-08-04 06:00:00,31572.0,31068.246,503.75390625,503.75390625,1.595571728905359
2025-08-04 07:00:00,30280.0,30210.766,69.234375,69.234375,0.22864720937912814
2025-08-04 08:00:00,29485.0,29612.9,-127.900390625,127.900390625,0.43378121290486693
2025-08-04 09:00:00,29073.0,29152.05,-79.05078125,79.05078125,0.2719044517249682
2025-08-04 10:00:00,29106.0,28879.312,226.6875,226.6875,0.778834260977118
2025-08-04 11:00:00,29823.0,29073.377,749.623046875,749.623046875,2.5135735736679745
2025-08-04 12:00:00,30921.0,29721.219,1199.78125,1199.78125,3.880150221532292
2025-08-04 13:00:00,32156.0,30582.242,1573.7578125,1573.7578125,4.894134259547207
2025-08-04 14:00:00,33703.0,31721.525,1981.474609375,1981.474609375,5.879223242367148
2025-08-04 15:00:00,35347.0,33955.516,1391.484375,1391.484375,3.93664066257391
2025-08-04 16:00:00,37239.0,35150.69,2088.30859375,2088.30859375,5.607853577566529
2025-08-04 17:00:00,39269.0,36754.2,2514.80078125,2514.80078125,6.404035705645675
2025-08-04 18:00:00,41224.0,38398.32,2825.6796875,2825.6796875,6.854452958228216
2025-08-04 19:00:00,43083.0,39918.098,3164.90234375,3164.90234375,7.346058407608568
2025-08-04 20:00:00,44448.0,40878.0,3570.0,3570.0,8.031857451403887
2025-08-04 21:00:00,45535.0,41887.21,3647.7890625,3647.7890625,8.010956544416382
2025-08-04 22:00:00,46158.0,42475.863,3682.13671875,3682.13671875,7.977244938580527
2025-08-04 23:00:00,46321.0,42169.05,4151.94921875,4151.94921875,8.96342742762462
2025-08-05 00:00:00,45855.0,42470.395,3384.60546875,3384.60546875,7.381104500599717
2025-08-05 01:00:00,44505.0,41466.746,3038.25390625,3038.25390625,6.826769815189304
2025-08-05 02:00:00,42616.0,39355.816,3260.18359375,3260.18359375,7.650139838910268
2025-08-05 03:00:00,41179.0,37762.844,3416.15625,3416.15625,8.295869860851404
2025-08-05 04:00:00,38755.0,35673.152,3081.84765625,3081.84765625,7.952129160753452
2025-08-05 05:00:00,36354.0,33675.62,2678.37890625,2678.37890625,7.367494378197723
2025-08-05 06:00:00,34320.0,31754.807,2565.193359375,2565.193359375,7.474339625218532
2025-08-05 07:00:00,32924.0,30725.863,2198.13671875,2198.13671875,6.676396302848985
2025-08-05 08:00:00,31944.0,29833.676,2110.32421875,2110.32421875,6.606324251033058
2025-08-05 09:00:00,31310.0,29454.162,1855.837890625,1855.837890625,5.927300832401788
2025-08-05 10:00:00,31143.0,29388.676,1754.32421875,1754.32421875,5.6331253210994445
2025-08-05 11:00:00,31699.0,29818.137,1880.86328125,1880.86328125,5.933509830751759
2025-08-05 12:00:00,32637.0,30878.219,1758.78125,1758.78125,5.388918252290345
2025-08-05 13:00:00,33718.0,32321.816,1396.18359375,1396.18359375,4.140766337712795
2025-08-05 14:00:00,35353.0,34712.656,640.34375,640.34375,1.8112854637513083
2025-08-05 15:00:00,37496.0,36829.125,666.875,666.875,1.7785230424578622
2025-08-05 16:00:00,39978.0,38702.652,1275.34765625,1275.34765625,3.1901237086647654
2025-08-05 17:00:00,42236.0,40673.766,1562.234375,1562.234375,3.698821798939293
2025-08-05 18:00:00,44469.0,41850.266,2618.734375,2618.734375,5.88889872720322
2025-08-05 19:00:00,46383.0,43607.816,2775.18359375,2775.18359375,5.983191241942091
2025-08-05 20:00:00,47754.0,44809.844,2944.15625,2944.15625,6.165255790090883
2025-08-05 21:00:00,48957.0,45756.66,3200.33984375,3200.33984375,6.537042391792798
2025-08-05 22:00:00,49494.0,46610.18,2883.8203125,2883.8203125,5.826605876469875
2025-08-05 23:00:00,49460.0,46535.223,2924.77734375,2924.77734375,5.913419619389406
2025-08-06 00:00:00,48753.0,46451.816,2301.18359375,2301.18359375,4.720086135724981
2025-08-06 01:00:00,47229.0,44349.78,2879.21875,2879.21875,6.096294120138051
2025-08-06 02:00:00,45447.0,42253.195,3193.8046875,3193.8046875,7.027536883622681
2025-08-06 03:00:00,43705.0,40717.297,2987.703125,2987.703125,6.836067097586089
2025-08-06 04:00:00,41253.0,39176.133,2076.8671875,2076.8671875,5.034463402661625
2025-08-06 05:00:00,38652.0,36594.395,2057.60546875,2057.60546875,5.323412679162786
2025-08-06 06:00:00,36634.0,33938.79,2695.2109375,2695.2109375,7.3571298179286995
2025-08-06 07:00:00,35179.0,32928.434,2250.56640625,2250.56640625,6.39747123639103
2025-08-06 08:00:00,33979.0,32351.781,1627.21875,1627.21875,4.788895347126166
2025-08-06 09:00:00,33187.0,31829.205,1357.794921875,1357.794921875,4.091345773570977
2025-08-06 10:00:00,32896.0,31712.879,1183.12109375,1183.12109375,3.596550017479329
2025-08-06 11:00:00,33368.0,32078.719,1289.28125,1289.28125,3.8638253716135216
2025-08-06 12:00:00,34467.0,32633.545,1833.455078125,1833.455078125,5.319450715539502
2025-08-06 13:00:00,35613.0,33987.1,1625.8984375,1625.8984375,4.565463278858844
2025-08-06 14:00:00,37347.0,36005.68,1341.3203125,1341.3203125,3.5915075173374036
2025-08-06 15:00:00,39361.0,38006.574,1354.42578125,1354.42578125,3.4410349870430124
2025-08-06 16:00:00,41723.0,40030.22,1692.78125,1692.78125,4.057189679553244
2025-08-06 17:00:00,43796.0,42573.24,1222.76171875,1222.76171875,2.79194839425975
2025-08-06 18:00:00,45459.0,45015.285,443.71484375,443.71484375,0.976077000703931
2025-08-06 19:00:00,47081.0,47178.906,-97.90625,97.90625,0.20795278350077526
2025-08-06 20:00:00,48520.0,48446.184,73.81640625,73.81640625,0.15213603926215993
2025-08-06 21:00:00,49739.0,49399.8,339.19921875,339.19921875,0.6819582596151913
2025-08-06 22:00:00,50524.0,49603.418,920.58203125,920.58203125,1.822068781668118
2025-08-06 23:00:00,50645.0,49162.992,1482.0078125,1482.0078125,2.926266783492941
2025-08-07 00:00:00,50088.0,48247.547,1840.453125,1840.453125,3.674439236942981
2025-08-07 01:00:00,48692.0,46659.16,2032.83984375,2032.83984375,4.17489493910704
2025-08-07 02:00:00,46814.0,44666.266,2147.734375,2147.734375,4.5878035950783955
2025-08-07 03:00:00,45098.0,43057.965,2040.03515625,2040.03515625,4.523560149563174
2025-08-07 04:00:00,42578.0,40193.36,2384.640625,2384.640625,5.600640295457748
2025-08-07 05:00:00,39990.0,38836.2,1153.80078125,1153.80078125,2.885223258939735
2025-08-07 06:00:00,37933.0,37630.785,302.21484375,302.21484375,0.7967069405267181
2025-08-07 07:00:00,36368.0,35871.562,496.4375,496.4375,1.3650393202815663
2025-08-07 08:00:00,35204.0,34465.938,738.0625,738.0625,2.0965302238382004
2025-08-07 09:00:00,34485.0,33514.684,970.31640625,970.31640625,2.8137346853704512
2025-08-07 10:00:00,34252.0,33131.406,1120.59375,1120.59375,3.271615526100666
2025-08-07 11:00:00,34781.0,33512.805,1268.1953125,1268.1953125,3.6462301615824733
2025-08-07 12:00:00,35770.0,34220.99,1549.01171875,1549.01171875,4.33047726796198
2025-08-07 13:00:00,37066.0,35961.383,1104.6171875,1104.6171875,2.980135939944963
2025-08-07 14:00:00,39010.0,37893.46,1116.5390625,1116.5390625,2.862186779031018
2025-08-07 15:00:00,41248.0,39999.207,1248.79296875,1248.79296875,3.027523682966447
2025-08-07 16:00:00,43904.0,42532.746,1371.25390625,1371.25390625,3.1233006246583455
2025-08-07 17:00:00,46409.0,44735.344,1673.65625,1673.65625,3.606318278782133
2025-08-07 18:00:00,48738.0,45999.094,2738.90625,2738.90625,5.619652529853503
2025-08-07 19:00:00,50662.0,48076.8,2585.19921875,2585.19921875,5.102836877245273
2025-08-07 20:00:00,51961.0,49720.215,2240.78515625,2240.78515625,4.31243655097092
2025-08-07 21:00:00,52850.0,50221.332,2628.66796875,2628.66796875,4.973827755439925
2025-08-07 22:00:00,53130.0,50242.23,2887.76953125,2887.76953125,5.435289913890458
2025-08-07 23:00:00,52906.0,50343.95,2562.05078125,2562.05078125,4.842646923316826
2025-08-08 00:00:00,52068.0,49605.074,2462.92578125,2462.92578125,4.73021007384574
2025-08-08 01:00:00,50653.0,48639.38,2013.62109375,2013.62109375,3.975324450180641
2025-08-08 02:00:00,48857.0,47232.332,1624.66796875,1624.66796875,3.325353518943038
2025-08-08 03:00:00,47103.0,45781.453,1321.546875,1321.546875,2.8056533023374306
2025-08-08 04:00:00,44602.0,43113.848,1488.15234375,1488.15234375,3.336514828370925
2025-08-08 05:00:00,42036.0,40444.64,1591.359375,1591.359375,3.7857060019982876
2025-08-08 06:00:00,39834.0,38206.016,1627.984375,1627.984375,4.0869216623989555
2025-08-08 07:00:00,38245.0,36304.996,1940.00390625,1940.00390625,5.072568718133089
2025-08-08 08:00:00,36988.0,35900.45,1087.55078125,1087.55078125,2.9402800401481564
2025-08-08 09:00:00,36143.0,34754.168,1388.83203125,1388.83203125,3.8426030801261652
2025-08-08 10:00:00,35806.0,34632.555,1173.4453125,1173.4453125,3.2772309459308495
2025-08-08 11:00:00,36148.0,34760.89,1387.109375,1387.109375,3.8373060058647783
2025-08-08 12:00:00,36975.0,35891.195,1083.8046875,1083.8046875,2.9311823867478024
2025-08-08 13:00:00,38117.0,36862.37,1254.62890625,1254.62890625,3.291520597764777
2025-08-08 14:00:00,40202.0,39142.473,1059.52734375,1059.52734375,2.6355090387294164
2025-08-08 15:00:00,42647.0,40679.71,1967.2890625,1967.2890625,4.612960026496588
2025-08-08 16:00:00,45287.0,43810.504,1476.49609375,1476.49609375,3.260308904873363
2025-08-08 17:00:00,47760.0,46943.758,816.2421875,816.2421875,1.709049806323283
2025-08-08 18:00:00,50011.0,49215.355,795.64453125,795.64453125,1.5909390559077004
2025-08-08 19:00:00,52042.0,50154.36,1887.640625,1887.640625,3.62714850505361
2025-08-08 20:00:00,53252.0,50938.94,2313.05859375,2313.05859375,4.343608866803125
2025-08-08 21:00:00,53958.0,51190.49,2767.51171875,2767.51171875,5.129010932113866
2025-08-08 22:00:00,54086.0,51646.555,2439.4453125,2439.4453125,4.510308235957549
2025-08-08 23:00:00,53829.0,51152.16,2676.83984375,2676.83984375,4.972858206078508
2025-08-09 00:00:00,52960.0,50995.69,1964.30859375,1964.30859375,3.7090419066276437
2025-08-09 01:00:00,51220.0,48735.13,2484.87109375,2484.87109375,4.851368789047247
2025-08-09 02:00:00,49329.0,48281.812,1047.1875,1047.1875,2.1228638326339477
2025-08-09 03:00:00,47637.0,46221.047,1415.953125,1415.953125,2.972380974872473
2025-08-09 04:00:00,45527.0,44063.074,1463.92578125,1463.92578125,3.215511193906912
2025-08-09 05:00:00,43169.0,41407.46,1761.5390625,1761.5390625,4.080564901897195
2025-08-09 06:00:00,40998.0,39375.363,1622.63671875,1622.63671875,3.9578435990780036
2025-08-09 07:00:00,39285.0,37508.605,1776.39453125,1776.39453125,4.521813748886343
2025-08-09 08:00:00,37940.0,35838.27,2101.73046875,2101.73046875,5.539616417369531
2025-08-09 09:00:00,36948.0,34811.258,2136.7421875,2136.7421875,5.783106494262206
2025-08-09 10:00:00,36112.0,34327.543,1784.45703125,1784.45703125,4.941451681573992
2025-08-09 11:00:00,35789.0,33887.41,1901.58984375,1901.58984375,5.313336063455252
2025-08-09 12:00:00,35515.0,33813.31,1701.69140625,1701.69140625,4.791472353231029
2025-08-09 13:00:00,35813.0,35249.41,563.58984375,563.58984375,1.5737018505849834
2025-08-09 14:00:00,37062.0,37240.605,-178.60546875,178.60546875,0.481909958313097
2025-08-09 15:00:00,39105.0,39449.99,-344.98828125,344.98828125,0.8822101553509782
2025-08-09 16:00:00,41494.0,41499.305,-5.3046875,5.3046875,0.012784227840169663
2025-08-09 17:00:00,43775.0,43823.984,-48.984375,48.984375,0.11190034266133637
2025-08-09 18:00:00,45771.0,46481.523,-710.5234375,710.5234375,1.5523441425793625
2025-08-09 19:00:00,47704.0,47528.105,175.89453125,175.89453125,0.36872071786433
2025-08-09 20:00:00,49177.0,48251.258,925.7421875,925.7421875,1.8824698283750534
2025-08-09 21:00:00,50136.0,49210.207,925.79296875,925.79296875,1.8465632853638103
2025-08-09 22:00:00,50761.0,49358.875,1402.125,1402.125,2.7622091763361634
2025-08-09 23:00:00,50842.0,49250.29,1591.7109375,1591.7109375,3.130700872310295
2025-08-10 00:00:00,50239.0,49418.234,820.765625,820.765625,1.6337220585600827
2025-08-10 01:00:00,48709.0,48705.656,3.34375,3.34375,0.006864747787883143
2025-08-10 02:00:00,47060.0,47632.04,-572.0390625,572.0390625,1.2155526189970252
2025-08-10 03:00:00,45473.0,45526.57,-53.5703125,53.5703125,0.11780685791568622
2025-08-10 04:00:00,43446.0,43141.438,304.5625,304.5625,0.7010139023155181
2025-08-10 05:00:00,41265.0,41404.5,-139.5,139.5,0.33805888767720826
2025-08-10 06:00:00,39303.0,39043.863,259.13671875,259.13671875,0.6593306331577742
2025-08-10 07:00:00,37680.0,36823.52,856.48046875,856.48046875,2.2730373374469215
2025-08-10 08:00:00,36337.0,36047.15,289.8515625,289.8515625,0.797676094614305
2025-08-10 09:00:00,35310.0,34214.816,1095.18359375,1095.18359375,3.1016244512885867
2025-08-10 10:00:00,34489.0,32952.89,1536.109375,1536.109375,4.453911029603642
2025-08-10 11:00:00,33988.0,32449.146,1538.853515625,1538.853515625,4.527637741629398
2025-08-10 12:00:00,33603.0,32053.38,1549.619140625,1549.619140625,4.611549982516442
2025-08-10 13:00:00,33733.0,32673.178,1059.822265625,1059.822265625,3.141796654981768
2025-08-10 14:00:00,34846.0,33568.96,1277.0390625,1277.0390625,3.6648081917580213
2025-08-10 15:00:00,36470.0,36014.35,455.6484375,455.6484375,1.2493787702221002
2025-08-10 16:00:00,38371.0,37412.723,958.27734375,958.27734375,2.4973999732871177
2025-08-10 17:00:00,40192.0,39597.34,594.66015625,594.66015625,1.479548557548766
2025-08-10 18:00:00,41983.0,41410.914,572.0859375,572.0859375,1.3626609282328561
2025-08-10 19:00:00,43762.0,43403.184,358.81640625,358.81640625,0.8199268914811937
2025-08-10 20:00:00,45393.0,45050.613,342.38671875,342.38671875,0.7542720656268588
2025-08-10 21:00:00,46558.0,45568.79,989.2109375,989.2109375,2.1246852044761373
2025-08-10 22:00:00,47192.0,46585.37,606.62890625,606.62890625,1.2854486062256314
2025-08-10 23:00:00,47407.0,46222.965,1184.03515625,1184.03515625,2.4975956214272155
2025-08-11 00:00:00,46980.0,46864.656,115.34375,115.34375,0.2455167092379736
2025-08-11 01:00:00,45571.0,45649.39,-78.390625,78.390625,0.17201866318492023
2025-08-11 02:00:00,44088.0,43825.95,262.05078125,262.05078125,0.5943811949963709
2025-08-11 03:00:00,42376.0,42040.797,335.203125,335.203125,0.79102115584293
2025-08-11 04:00:00,39974.0,39912.535,61.46484375,61.46484375,0.15376205471056187
2025-08-11 05:00:00,37396.0,37423.28,-27.28125,27.28125,0.07295232110386136
2025-08-11 06:00:00,35343.0,36172.348,-829.34765625,829.34765625,2.346568362193362
2025-08-11 07:00:00,33941.0,34948.965,-1007.96484375,1007.96484375,2.9697558815297134
2025-08-11 08:00:00,33003.0,33967.824,-964.82421875,964.82421875,2.923443986152774
2025-08-11 09:00:00,32453.0,32946.863,-493.86328125,493.86328125,1.521780055002619
2025-08-11 10:00:00,32413.0,32209.707,203.29296875,203.29296875,0.6271957817850863
2025-08-11 11:00:00,33112.0,33093.637,18.36328125,18.36328125,0.0554580854373037
2025-08-11 12:00:00,34244.0,33228.945,1015.0546875,1015.0546875,2.964182594031071
2025-08-11 13:00:00,35180.0,33470.4,1709.6015625,1709.6015625,4.859583747868107
2025-08-11 14:00:00,36296.0,34424.707,1871.29296875,1871.29296875,5.155645164067666
2025-08-11 15:00:00,37454.0,36119.94,1334.05859375,1334.05859375,3.5618587967907303
2025-08-11 16:00:00,39210.0,38256.645,953.35546875,953.35546875,2.4314089996174446
2025-08-11 17:00:00,41195.0,40201.777,993.22265625,993.22265625,2.4110272029372495
2025-08-11 18:00:00,43175.0,41825.508,1349.4921875,1349.4921875,3.125633323682687
2025-08-11 19:00:00,45036.0,43296.793,1739.20703125,1739.20703125,3.861815061839417
2025-08-11 20:00:00,46288.0,43596.176,2691.82421875,2691.82421875,5.815382429031282
2025-08-11 21:00:00,47204.0,43136.184,4067.81640625,4067.81640625,8.617524799275484
2025-08-11 22:00:00,46914.0,42381.414,4532.5859375,4532.5859375,9.661478316707166
2025-08-11 23:00:00,46136.0,43663.98,2472.01953125,2472.01953125,5.358114121835443
2025-08-12 00:00:00,44921.0,43454.9,1466.1015625,1466.1015625,3.2637331370628435
2025-08-12 01:00:00,43347.0,42215.18,1131.8203125,1131.8203125,2.6110695376842687
2025-08-12 02:00:00,41882.0,40642.1,1239.8984375,1239.8984375,2.9604566102382885
2025-08-12 03:00:00,40263.0,39336.645,926.35546875,926.35546875,2.3007611672006556
2025-08-12 04:00:00,38014.0,38390.05,-376.05078125,376.05078125,0.9892428611827221
2025-08-12 05:00:00,35577.0,35651.57,-74.5703125,74.5703125,0.2096025873457571
2025-08-12 06:00:00,33691.0,33821.54,-130.5390625,130.5390625,0.3874597444421359
2025-08-12 07:00:00,32404.0,32590.43,-186.4296875,186.4296875,0.5753292417602764
2025-08-12 08:00:00,31495.0,32121.273,-626.2734375,626.2734375,1.988485275440546
2025-08-12 09:00:00,30990.0,31774.992,-784.9921875,784.9921875,2.5330499757986447
2025-08-12 10:00:00,30940.0,31761.234,-821.234375,821.234375,2.654280462184874
2025-08-12 11:00:00,31648.0,32201.93,-553.9296875,553.9296875,1.7502833907355915
2025-08-12 12:00:00,32941.0,32932.258,8.7421875,8.7421875,0.026538925654958863
2025-08-12 13:00:00,33949.0,34327.605,-378.60546875,378.60546875,1.1152183238092432
2025-08-12 14:00:00,35301.0,35521.863,-220.86328125,220.86328125,0.6256572937027279
2025-08-12 15:00:00,36983.0,36348.77,634.23046875,634.23046875,1.7149243402374064
2025-08-12 16:00:00,38891.0,37728.62,1162.37890625,1162.37890625,2.9888120805584837
2025-08-12 17:00:00,40919.0,40285.863,633.13671875,633.13671875,1.5472927460348493
2025-08-12 18:00:00,43120.0,42746.684,373.31640625,373.31640625,0.865761610041744
2025-08-12 19:00:00,45167.0,44206.977,960.0234375,960.0234375,2.1254974594283436
2025-08-12 20:00:00,46547.0,45781.875,765.125,765.125,1.6437686639310805
2025-08-12 21:00:00,47679.0,46152.875,1526.125,1526.125,3.20083265169152
2025-08-12 22:00:00,48247.0,46605.312,1641.6875,1641.6875,3.4026727050386554
2025-08-12 23:00:00,48311.0,45854.562,2456.4375,2456.4375,5.084633934300677
2025-08-13 00:00:00,47751.0,44861.863,2889.13671875,2889.13671875,6.050421391698603
2025-08-13 01:00:00,46360.0,42353.453,4006.546875,4006.546875,8.642249514667817
2025-08-13 02:00:00,44520.0,39930.793,4589.20703125,4589.20703125,10.308191894092543
2025-08-13 03:00:00,42574.0,39167.234,3406.765625,3406.765625,8.001986247474985
2025-08-13 04:00:00,39941.0,37260.895,2680.10546875,2680.10546875,6.710161159585389
2025-08-13 05:00:00,37212.0,34898.758,2313.2421875,2313.2421875,6.216387690798667
2025-08-13 06:00:00,35039.0,33372.727,1666.2734375,1666.2734375,4.755482284026371
2025-08-13 07:00:00,33525.0,31853.217,1671.783203125,1671.783203125,4.986676221103654
2025-08-13 08:00:00,32430.0,31151.857,1278.142578125,1278.142578125,3.941235208526056
2025-08-13 09:00:00,31826.0,30627.125,1198.875,1198.875,3.766967259473387
2025-08-13 10:00:00,31689.0,30541.988,1147.01171875,1147.01171875,3.6195895066111268
2025-08-13 11:00:00,32309.0,30984.883,1324.1171875,1324.1171875,4.098292078058745
2025-08-13 12:00:00,33607.0,32319.604,1287.396484375,1287.396484375,3.8307390852352183
2025-08-13 13:00:00,34809.0,33757.094,1051.90625,1051.90625,3.021937573616019
2025-08-13 14:00:00,36506.0,36087.902,418.09765625,418.09765625,1.145284764833178
2025-08-13 15:00:00,38709.0,37562.945,1146.0546875,1146.0546875,2.9606930881707094
2025-08-13 16:00:00,41158.0,39753.105,1404.89453125,1404.89453125,3.4134178804849604
2025-08-13 17:00:00,43475.0,41395.04,2079.9609375,2079.9609375,4.784268976423232
2025-08-13 18:00:00,45490.0,43525.01,1964.98828125,1964.98828125,4.3196049269070125
2025-08-13 19:00:00,47266.0,44944.055,2321.9453125,2321.9453125,4.912506479287437
2025-08-13 20:00:00,48590.0,46701.754,1888.24609375,1888.24609375,3.88607963315497
2025-08-13 21:00:00,49468.0,47857.547,1610.453125,1610.453125,3.2555452514757013
2025-08-13 22:00:00,50017.0,48040.51,1976.48828125,1976.48828125,3.9516330072775254
2025-08-13 23:00:00,50105.0,48062.16,2042.83984375,2042.83984375,4.077117740245485
2025-08-14 00:00:00,49420.0,47579.652,1840.34765625,1840.34765625,3.723892465095103
2025-08-14 01:00:00,47852.0,45793.05,2058.94921875,2058.94921875,4.302744334092619
2025-08-14 02:00:00,45857.0,43821.01,2035.98828125,2035.98828125,4.439863665852541
2025-08-14 03:00:00,44062.0,42201.67,1860.328125,1860.328125,4.2220691866007
2025-08-14 04:00:00,41293.0,39017.168,2275.83203125,2275.83203125,5.511423319327731
2025-08-14 05:00:00,39377.0,36608.82,2768.1796875,2768.1796875,7.029940542702592
2025-08-14 06:00:00,36395.0,34650.12,1744.87890625,1744.87890625,4.794281924028025
2025-08-14 07:00:00,34884.0,33381.254,1502.74609375,1502.74609375,4.3078376727152845
2025-08-14 08:00:00,33752.0,32492.69,1259.310546875,1259.310546875,3.7310694088498457
2025-08-14 09:00:00,33129.0,32127.678,1001.322265625,1001.322265625,3.022494689320535
2025-08-14 10:00:00,32863.0,31917.156,945.84375,945.84375,2.8781418312387794
2025-08-14 11:00:00,33424.0,32310.332,1113.66796875,1113.66796875,3.3319410266574914
2025-08-14 12:00:00,34711.0,33413.56,1297.44140625,1297.44140625,3.7378393196681166
2025-08-14 13:00:00,35876.0,34614.617,1261.3828125,1261.3828125,3.515951645947151
2025-08-14 14:00:00,37453.0,37056.883,396.1171875,396.1171875,1.057638073051558
2025-08-14 15:00:00,39615.0,39403.11,211.890625,211.890625,0.5348747317935125
2025-08-14 16:00:00,42363.0,41367.055,995.9453125,995.9453125,2.3509791858461395
2025-08-14 17:00:00,44908.0,44393.145,514.85546875,514.85546875,1.1464671522891245
2025-08-14 18:00:00,47123.0,46001.19,1121.80859375,1121.80859375,2.3805967229378435
2025-08-14 19:00:00,49103.0,47348.184,1754.81640625,1754.81640625,3.573745812373989
2025-08-14 20:00:00,50073.0,48521.86,1551.140625,1551.140625,3.0977585225570667
2025-08-14 21:00:00,51055.0,49518.168,1536.83203125,1536.83203125,3.010149899618059
2025-08-14 22:00:00,51644.0,49948.945,1695.0546875,1695.0546875,3.2821909369917126
2025-08-14 23:00:00,51497.0,49472.492,2024.5078125,2024.5078125,3.931312139542109
2025-08-15 00:00:00,51007.0,48690.242,2316.7578125,2316.7578125,4.542038960338777
2025-08-15 01:00:00,49653.0,46895.32,2757.6796875,2757.6796875,5.553903465047429
2025-08-15 02:00:00,48137.0,45785.8,2351.19921875,2351.19921875,4.884390840206079
2025-08-15 03:00:00,46173.0,43600.645,2572.35546875,2572.35546875,5.571124832152989
2025-08-15 04:00:00,43518.0,40636.793,2881.20703125,2881.20703125,6.620724829380946
2025-08-15 05:00:00,41050.0,39022.516,2027.484375,2027.484375,4.93906059683313
2025-08-15 06:00:00,38651.0,36691.965,1959.03515625,1959.03515625,5.068523857726838
2025-08-15 07:00:00,37051.0,34800.008,2250.9921875,2250.9921875,6.075388484791234
2025-08-15 08:00:00,35777.0,33926.03,1850.96875,1850.96875,5.173627609916986
2025-08-15 09:00:00,34956.0,33517.0,1439.0,1439.0,4.116603730403937
2025-08-15 10:00:00,34614.0,33181.676,1432.32421875,1432.32421875,4.137991040474953
2025-08-15 11:00:00,35085.0,33635.812,1449.1875,1449.1875,4.1305044890979055
2025-08-15 12:00:00,36285.0,34329.21,1955.7890625,1955.7890625,5.390075961140967
2025-08-15 13:00:00,37441.0,36597.68,843.3203125,843.3203125,2.2523979394246947
2025-08-15 14:00:00,39267.0,38406.156,860.84375,860.84375,2.1922829602465175
2025-08-15 15:00:00,41764.0,40876.066,887.93359375,887.93359375,2.1260741158653387
2025-08-15 16:00:00,44566.0,44083.35,482.6484375,482.6484375,1.082996987613876
2025-08-15 17:00:00,47452.0,46864.78,587.21875,587.21875,1.2375005268481833
2025-08-15 18:00:00,50016.0,48562.61,1453.390625,1453.390625,2.905851377559181
2025-08-15 19:00:00,52024.0,51039.934,984.06640625,984.06640625,1.8915623678494542
2025-08-15 20:00:00,53156.0,51020.203,2135.796875,2135.796875,4.017978920535781
2025-08-15 21:00:00,53870.0,51591.957,2278.04296875,2278.04296875,4.228778482921848
2025-08-15 22:00:00,53687.0,51976.867,1710.1328125,1710.1328125,3.185375998845158
2025-08-15 23:00:00,53261.0,51816.75,1444.25,1444.25,2.711646420457746
2025-08-16 00:00:00,52345.0,51217.316,1127.68359375,1127.68359375,2.1543291503486484
2025-08-16 01:00:00,50728.0,49022.066,1705.93359375,1705.93359375,3.362903315230248
2025-08-16 02:00:00,48964.0,47716.54,1247.4609375,1247.4609375,2.547710435217711
2025-08-16 03:00:00,47323.0,45676.17,1646.828125,1646.828125,3.479974061238721
2025-08-16 04:00:00,44958.0,42518.293,2439.70703125,2439.70703125,5.426636040860359
2025-08-16 05:00:00,42638.0,40700.535,1937.46484375,1937.46484375,4.5439862182794695
2025-08-16 06:00:00,40292.0,38338.496,1953.50390625,1953.50390625,4.848366688796784
2025-08-16 07:00:00,38523.0,36444.387,2078.61328125,2078.61328125,5.395772087454248
2025-08-16 08:00:00,37238.0,34786.73,2451.26953125,2451.26953125,6.582709950185295
2025-08-16 09:00:00,36249.0,33773.152,2475.84765625,2475.84765625,6.8301129858754726
2025-08-16 10:00:00,35552.0,32900.203,2651.796875,2651.796875,7.45892460339784
2025-08-16 11:00:00,35257.0,33480.656,1776.34375,1776.34375,5.03827254162294
2025-08-16 12:00:00,35142.0,34019.844,1122.15625,1122.15625,3.193205423709521
2025-08-16 13:00:00,35699.0,35823.24,-124.23828125,124.23828125,0.34801613840723833
2025-08-16 14:00:00,37712.0,37801.13,-89.12890625,89.12890625,0.23634096905494276
2025-08-16 15:00:00,40639.0,40455.26,183.73828125,183.73828125,0.4521230375993504
2025-08-16 16:00:00,43546.0,43586.32,-40.3203125,40.3203125,0.09259245969779084
2025-08-16 17:00:00,46235.0,46447.68,-212.6796875,212.6796875,0.4599971612414837
2025-08-16 18:00:00,48468.0,48260.223,207.77734375,207.77734375,0.42868974116943137
2025-08-16 19:00:00,50174.0,48784.98,1389.01953125,1389.01953125,2.7684050130545703
2025-08-16 20:00:00,51237.0,49206.098,2030.90234375,2030.90234375,3.9637417174112457
2025-08-16 21:00:00,52158.0,49172.438,2985.5625,2985.5625,5.724073967560106
2025-08-16 22:00:00,52549.0,49218.65,3330.3515625,3330.3515625,6.337611681478239
2025-08-16 23:00:00,52424.0,49608.21,2815.7890625,2815.7890625,5.371183165153365
2025-08-17 00:00:00,51377.0,49188.137,2188.86328125,2188.86328125,4.260395276582907
2025-08-17 01:00:00,49701.0,47540.24,2160.76171875,2160.76171875,4.347521616768274
2025-08-17 02:00:00,47896.0,47147.355,748.64453125,748.64453125,1.5630627427133792
2025-08-17 03:00:00,46151.0,45359.367,791.6328125,791.6328125,1.715310204545947
2025-08-17 04:00:00,43863.0,42668.145,1194.85546875,1194.85546875,2.7240623503864305
2025-08-17 05:00:00,41468.0,40043.797,1424.203125,1424.203125,3.434463019677824
2025-08-17 06:00:00,39431.0,38324.344,1106.65625,1106.65625,2.8065639978696963
2025-08-17 07:00:00,37715.0,36154.35,1560.6484375,1560.6484375,4.138004606920323
2025-08-17 08:00:00,36424.0,34959.05,1464.94921875,1464.94921875,4.021933941220075
2025-08-17 09:00:00,35383.0,34063.047,1319.953125,1319.953125,3.7304726139671596
2025-08-17 10:00:00,34700.0,33410.902,1289.09765625,1289.09765625,3.7149788364553316
2025-08-17 11:00:00,34402.0,33385.848,1016.15234375,1016.15234375,2.9537595016278124
2025-08-17 12:00:00,34295.0,33670.77,624.23046875,624.23046875,1.82017923531127
2025-08-17 13:00:00,34762.0,34642.195,119.8046875,119.8046875,0.3446426773488292
2025-08-17 14:00:00,36994.0,36858.273,135.7265625,135.7265625,0.3668880426555658
2025-08-17 15:00:00,39905.0,39951.55,-46.55078125,46.55078125,0.11665400639017667
2025-08-17 16:00:00,42755.0,42449.496,305.50390625,305.50390625,0.7145454479008303
2025-08-17 17:00:00,45565.0,45742.35,-177.3515625,177.3515625,0.38922761439701525
2025-08-17 18:00:00,47899.0,46596.39,1302.609375,1302.609375,2.719491795235809
2025-08-17 19:00:00,49798.0,47976.633,1821.3671875,1821.3671875,3.65751071830194
2025-08-17 20:00:00,50902.0,48710.734,2191.265625,2191.265625,4.304871370476602
2025-08-17 21:00:00,51637.0,49253.18,2383.8203125,2383.8203125,4.616496528651936
2025-08-17 22:00:00,52190.0,50116.363,2073.63671875,2073.63671875,3.9732452936386284
2025-08-17 23:00:00,52140.0,49259.72,2880.28125,2880.28125,5.5241297468354436
2025-08-18 00:00:00,51638.0,49548.727,2089.2734375,2089.2734375,4.04599991769627
2025-08-18 01:00:00,50076.0,47721.434,2354.56640625,2354.56640625,4.701985794092979
2025-08-18 02:00:00,48263.0,46511.08,1751.921875,1751.921875,3.6299481486853282
2025-08-18 03:00:00,46305.0,45039.25,1265.75,1265.75,2.7335061008530395
2025-08-18 04:00:00,43611.0,43265.06,345.94140625,345.94140625,0.7932434620852536
2025-08-18 05:00:00,40973.0,39514.176,1458.82421875,1458.82421875,3.5604525388670587
2025-08-18 06:00:00,38792.0,38282.848,509.15234375,509.15234375,1.3125189310940402
2025-08-18 07:00:00,37240.0,37201.89,38.109375,38.109375,0.10233451933404941
2025-08-18 08:00:00,35994.0,35722.566,271.43359375,271.43359375,0.7541078895093627
2025-08-18 09:00:00,35230.0,35049.695,180.3046875,180.3046875,0.5117930386034629
2025-08-18 10:00:00,35025.0,33937.668,1087.33203125,1087.33203125,3.1044454853675947
2025-08-18 11:00:00,35497.0,34093.367,1403.6328125,1403.6328125,3.9542294067104264
2025-08-18 12:00:00,36754.0,35475.77,1278.23046875,1278.23046875,3.4777996102465036
2025-08-18 13:00:00,37829.0,36269.547,1559.453125,1559.453125,4.122374699304767
2025-08-18 14:00:00,39663.0,38909.25,753.75,753.75,1.900385749943272
2025-08-18 15:00:00,42041.0,41747.582,293.41796875,293.41796875,0.6979328958635618
2025-08-18 16:00:00,44881.0,44299.758,581.2421875,581.2421875,1.2950740569506025
2025-08-18 17:00:00,47651.0,47662.4,-11.3984375,11.3984375,0.023920667981784223
2025-08-18 18:00:00,50106.0,50401.414,-295.4140625,295.4140625,0.5895782191753483
2025-08-18 19:00:00,52099.0,50734.51,1364.48828125,1364.48828125,2.619029695867483
2025-08-18 20:00:00,53290.0,52789.766,500.234375,500.234375,0.9387021486207544
2025-08-18 21:00:00,53851.0,53523.01,327.98828125,327.98828125,0.6090662777849993
2025-08-18 22:00:00,53809.0,53356.047,452.953125,452.953125,0.8417794885613931
2025-08-18 23:00:00,53708.0,52762.65,945.3515625,945.3515625,1.7601689925150814
2025-08-19 00:00:00,53178.0,50426.504,2751.49609375,2751.49609375,5.174124814302907
2025-08-19 01:00:00,51566.0,48831.645,2734.35546875,2734.35546875,5.302632487976574
2025-08-19 02:00:00,49586.0,48265.355,1320.64453125,1320.64453125,2.663341530371476
2025-08-19 03:00:00,47310.0,47015.2,294.80078125,294.80078125,0.6231257265905729
2025-08-19 04:00:00,44357.0,42894.27,1462.73046875,1462.73046875,3.297631644948937
2025-08-19 05:00:00,41463.0,39350.32,2112.6796875,2112.6796875,5.095337258519645
2025-08-19 06:00:00,39207.0,37586.38,1620.62109375,1620.62109375,4.133499359170556
2025-08-19 07:00:00,37433.0,36275.348,1157.65234375,1157.65234375,3.0925983590682016
2025-08-19 08:00:00,36280.0,35344.727,935.2734375,935.2734375,2.5779311948732087
2025-08-19 09:00:00,35485.0,34475.42,1009.578125,1009.578125,2.8450841905030293
2025-08-19 10:00:00,35341.0,34326.027,1014.97265625,1014.97265625,2.8719409644605416
2025-08-19 11:00:00,35872.0,34500.336,1371.6640625,1371.6640625,3.823773590822926
2025-08-19 12:00:00,36988.0,35186.945,1801.0546875,1801.0546875,4.86929460230345
2025-08-19 13:00:00,38011.0,37227.91,783.08984375,783.08984375,2.060166382757623
2025-08-19 14:00:00,39516.0,40549.832,-1033.83203125,1033.83203125,2.6162365402621726
2025-08-19 15:00:00,41797.0,42598.484,-801.484375,801.484375,1.9175643586860303
2025-08-19 16:00:00,44441.0,44880.71,-439.7109375,439.7109375,0.9894262899124682
2025-08-19 17:00:00,47037.0,47458.56,-421.55859375,421.55859375,0.8962276372855411
2025-08-19 18:00:00,49527.0,49561.348,-34.34765625,34.34765625,0.06935137652189716
2025-08-19 19:00:00,51532.0,50803.7,728.30078125,728.30078125,1.4132981084568812
2025-08-19 20:00:00,52537.0,48869.387,3667.61328125,3667.61328125,6.981010109541846
2025-08-19 21:00:00,52960.0,49348.43,3611.5703125,3611.5703125,6.819430348376134
2025-08-19 22:00:00,52905.0,49408.133,3496.8671875,3496.8671875,6.609710211700218
2025-08-19 23:00:00,52337.0,47018.03,5318.96875,5318.96875,10.162922502245065
2025-08-20 00:00:00,50931.0,47549.97,3381.03125,3381.03125,6.638454477626593
2025-08-20 01:00:00,49222.0,47022.61,2199.390625,2199.390625,4.468308124415912
2025-08-20 02:00:00,47507.0,46230.926,1276.07421875,1276.07421875,2.6860761966657547
2025-08-20 03:00:00,45461.0,44751.418,709.58203125,709.58203125,1.560858826796595
2025-08-20 04:00:00,42641.0,41517.195,1123.8046875,1123.8046875,2.6355026558945616
2025-08-20 05:00:00,39880.0,38874.168,1005.83203125,1005.83203125,2.5221465176780344
2025-08-20 06:00:00,37750.0,37405.457,344.54296875,344.54296875,0.9126966059602649
2025-08-20 07:00:00,36178.0,35635.258,542.7421875,542.7421875,1.5001995342473327
2025-08-20 08:00:00,34978.0,34678.984,299.015625,299.015625,0.8548677025558923
2025-08-20 09:00:00,34229.0,34141.633,87.3671875,87.3671875,0.2552431782991031
2025-08-20 10:00:00,34003.0,33929.25,73.75,73.75,0.21689262712113636
2025-08-20 11:00:00,34518.0,33973.453,544.546875,544.546875,1.5775736572223187
2025-08-20 12:00:00,35898.0,35446.85,451.1484375,451.1484375,1.2567508983787397
2025-08-20 13:00:00,36942.0,36505.71,436.2890625,436.2890625,1.1810109428292999
2025-08-20 14:00:00,38601.0,38615.51,-14.51171875,14.51171875,0.03759415235356597
2025-08-20 15:00:00,40586.0,40686.312,-100.3125,100.3125,0.24716035085990243
2025-08-20 16:00:00,42981.0,43612.17,-631.171875,631.171875,1.4684904376352341
2025-08-20 17:00:00,45242.0,45832.11,-590.109375,590.109375,1.3043397175191196
2025-08-20 18:00:00,47258.0,47841.355,-583.35546875,583.35546875,1.2344057487621143
2025-08-20 19:00:00,49152.0,48521.47,630.53125,630.53125,1.2828191121419272
2025-08-20 20:00:00,50468.0,49378.137,1089.86328125,1089.86328125,2.1595135159903305
2025-08-20 21:00:00,51262.0,49674.37,1587.62890625,1587.62890625,3.097087328332878
2025-08-20 22:00:00,51384.0,49525.46,1858.5390625,1858.5390625,3.61696065409466
2025-08-20 23:00:00,51139.0,49565.152,1573.84765625,1573.84765625,3.0775878610258314
2025-08-21 00:00:00,50250.0,49230.297,1019.703125,1019.703125,2.0292599502487563
2025-08-21 01:00:00,48806.0,47562.195,1243.8046875,1243.8046875,2.5484667612588616
2025-08-21 02:00:00,47136.0,46539.824,596.17578125,596.17578125,1.2647992643626953
2025-08-21 03:00:00,44988.0,43941.957,1046.04296875,1046.04296875,2.3251599732150794
2025-08-21 04:00:00,42079.0,41123.99,955.01171875,955.01171875,2.2695684753677607
2025-08-21 05:00:00,39421.0,38841.562,579.4375,579.4375,1.4698701199868092
2025-08-21 06:00:00,37000.0,36419.805,580.1953125,580.1953125,1.568095439189189
2025-08-21 07:00:00,35407.0,35155.555,251.4453125,251.4453125,0.7101570663992995
2025-08-21 08:00:00,34387.0,34150.695,236.3046875,236.3046875,0.6871919257277459
2025-08-21 09:00:00,33546.0,33629.875,-83.875,83.875,0.25002980981339057
2025-08-21 10:00:00,33336.0,33105.465,230.53515625,230.53515625,0.6915501447384209
2025-08-21 11:00:00,33989.0,33219.53,769.46875,769.46875,2.2638758127629526
2025-08-21 12:00:00,35395.0,34777.97,617.03125,617.03125,1.7432723548523803
2025-08-21 13:00:00,36384.0,35857.5,526.5,526.5,1.4470646437994723
2025-08-21 14:00:00,37859.0,37997.434,-138.43359375,138.43359375,0.36565570604083575
2025-08-21 15:00:00,39763.0,39815.74,-52.73828125,52.73828125,0.13263154502929858
2025-08-21 16:00:00,42159.0,42232.426,-73.42578125,73.42578125,0.17416395372281127
2025-08-21 17:00:00,44362.0,43692.414,669.5859375,669.5859375,1.50936823745548
2025-08-21 18:00:00,46375.0,45108.457,1266.54296875,1266.54296875,2.7310899595687332
2025-08-21 19:00:00,48094.0,47291.234,802.765625,802.765625,1.6691596145049277
2025-08-21 20:00:00,49138.0,47547.336,1590.6640625,1590.6640625,3.237136355773536
2025-08-21 21:00:00,49729.0,48990.92,738.078125,738.078125,1.4842006173460154
2025-08-21 22:00:00,54745.0,48850.848,5894.15234375,5894.15234375,10.766558304411362
2025-08-21 23:00:00,54429.0,47768.637,6660.36328125,6660.36328125,12.236791565617594
2025-08-22 00:00:00,53701.0,47559.25,6141.75,6141.75,11.436937859630175
2025-08-22 01:00:00,52263.0,46716.883,5546.1171875,5546.1171875,10.61193805847349
2025-08-22 02:00:00,50279.0,44848.63,5430.37109375,5430.37109375,10.800475534020167
2025-08-22 03:00:00,48442.0,42499.516,5942.484375,5942.484375,12.267215174848273
2025-08-22 04:00:00,45845.0,39840.14,6004.859375,6004.859375,13.098177282146361
2025-08-22 05:00:00,43140.0,38396.83,4743.171875,4743.171875,10.994835129809921
2025-08-22 06:00:00,36012.0,35756.41,255.58984375,255.58984375,0.7097352097911808
2025-08-22 07:00:00,34416.0,34453.85,-37.8515625,37.8515625,0.10998245728730822
2025-08-22 08:00:00,33295.0,33348.266,-53.265625,53.265625,0.15998085298092807
2025-08-22 09:00:00,32525.0,32852.137,-327.13671875,327.13671875,1.0058008262874711
2025-08-22 10:00:00,32204.0,32497.688,-293.6875,293.6875,0.9119596944478947
2025-08-22 11:00:00,32755.0,32773.777,-18.77734375,18.77734375,0.05732664860326668
2025-08-22 12:00:00,34091.0,33804.16,286.83984375,286.83984375,0.8413946312809832
2025-08-22 13:00:00,35079.0,34817.246,261.75390625,261.75390625,0.7461840595512985
2025-08-22 14:00:00,36566.0,36263.31,302.69140625,302.69140625,0.8277946897391019
2025-08-22 15:00:00,38433.0,38779.14,-346.140625,346.140625,0.9006338953503499
2025-08-22 16:00:00,40660.0,41305.32,-645.3203125,645.3203125,1.5871134099852433
2025-08-22 17:00:00,42910.0,43107.457,-197.45703125,197.45703125,0.46016553542297833
2025-08-22 18:00:00,44961.0,45074.83,-113.828125,113.828125,0.2531708035853295
2025-08-22 19:00:00,46848.0,46404.76,443.23828125,443.23828125,0.9461199650998975
2025-08-22 20:00:00,48035.0,47633.312,401.6875,401.6875,0.8362392005829083
2025-08-22 21:00:00,48976.0,47576.97,1399.03125,1399.03125,2.8565649501796795
2025-08-22 22:00:00,49413.0,48576.934,836.06640625,836.06640625,1.6919968555845628
2025-08-22 23:00:00,48964.0,47996.273,967.7265625,967.7265625,1.9764042204476757
2025-08-23 00:00:00,47853.0,48131.953,-278.953125,278.953125,0.5829375901197418
2025-08-23 01:00:00,45899.0,47650.562,-1751.5625,1751.5625,3.816123444955228
2025-08-23 02:00:00,43820.0,45530.293,-1710.29296875,1710.29296875,3.9029962773847555
2025-08-23 03:00:00,41975.0,44070.242,-2095.2421875,2095.2421875,4.99164309112567
2025-08-23 04:00:00,39680.0,42075.473,-2395.47265625,2395.47265625,6.03697746030746
2025-08-23 05:00:00,37433.0,38679.223,-1246.22265625,1246.22265625,3.329208602703497
2025-08-23 06:00:00,35139.0,34206.25,932.75,932.75,2.654458009618942
2025-08-23 07:00:00,33575.0,32343.656,1231.34375,1231.34375,3.6674422933730453
2025-08-23 08:00:00,32445.0,32013.357,431.642578125,431.642578125,1.3303824260286639
2025-08-23 09:00:00,31624.0,31111.102,512.8984375,512.8984375,1.6218645253604855
2025-08-23 10:00:00,31204.0,30776.857,427.142578125,427.142578125,1.3688712284482758
2025-08-23 11:00:00,31221.0,30796.629,424.37109375,424.37109375,1.35924888296339
2025-08-23 12:00:00,31465.0,31692.94,-227.939453125,227.939453125,0.7244222250913713
2025-08-23 13:00:00,31850.0,32336.758,-486.7578125,486.7578125,1.5282819858712715
2025-08-23 14:00:00,33313.0,33396.01,-83.01171875,83.01171875,0.24918716041785488
2025-08-23 15:00:00,35241.0,35803.35,-562.3515625,562.3515625,1.595731002241707
2025-08-23 16:00:00,37226.0,37919.594,-693.59375,693.59375,1.8631970934293234
2025-08-23 17:00:00,39093.0,39327.617,-234.6171875,234.6171875,0.6001514017854859
2025-08-23 18:00:00,40700.0,40459.02,240.98046875,240.98046875,0.5920896038083538
2025-08-23 19:00:00,42170.0,43015.383,-845.3828125,845.3828125,2.0047019504387005
2025-08-23 20:00:00,43306.0,43875.44,-569.44140625,569.44140625,1.314924967094629
2025-08-23 21:00:00,44375.0,44620.895,-245.89453125,245.89453125,0.5541285211267606
2025-08-23 22:00:00,45017.0,44286.49,730.51171875,730.51171875,1.6227463374947242
2025-08-23 23:00:00,45031.0,44267.5,763.5,763.5,1.6954986564810908
2025-08-24 00:00:00,44111.0,44179.23,-68.23046875,68.23046875,0.15467903414114395
2025-08-24 01:00:00,42238.0,42708.426,-470.42578125,470.42578125,1.1137501331739192
2025-08-24 02:00:00,40434.0,40299.938,134.0625,134.0625,0.33155883662264435
2025-08-24 03:00:00,38789.0,37989.445,799.5546875,799.5546875,2.061292344479105
2025-08-24 04:00:00,36809.0,36440.15,368.8515625,368.8515625,1.0020689573202206
2025-08-24 05:00:00,34724.0,34292.223,431.77734375,431.77734375,1.2434550850996429
2025-08-24 06:00:00,32879.0,32264.967,614.033203125,614.033203125,1.8675543755132455
2025-08-24 07:00:00,31454.0,31020.93,433.0703125,433.0703125,1.3768370080116996
2025-08-24 08:00:00,30457.0,30003.107,453.892578125,453.892578125,1.4902734285221788
2025-08-24 09:00:00,29813.0,29348.352,464.6484375,464.6484375,1.558543043303257
2025-08-24 10:00:00,29373.0,29060.77,312.23046875,312.23046875,1.0629846074626357
2025-08-24 11:00:00,29291.0,28988.367,302.6328125,302.6328125,1.033193856474685
2025-08-24 12:00:00,29296.0,29081.746,214.25390625,214.25390625,0.7313418427430366
2025-08-24 13:00:00,29592.0,29545.336,46.6640625,46.6640625,0.15769147911597728
2025-08-24 14:00:00,30959.0,31075.92,-116.919921875,116.919921875,0.3776605248070028
2025-08-24 15:00:00,32785.0,32822.703,-37.703125,37.703125,0.1150011438157694
2025-08-24 16:00:00,34626.0,34431.42,194.578125,194.578125,0.5619422543753249
2025-08-24 17:00:00,36590.0,35556.684,1033.31640625,1033.31640625,2.824040465291063
2025-08-24 18:00:00,38475.0,36779.67,1695.328125,1695.328125,4.406310916179337
2025-08-24 19:00:00,40014.0,38388.156,1625.84375,1625.84375,4.063187259459189
2025-08-24 20:00:00,41241.0,38737.316,2503.68359375,2503.68359375,6.070860536238209
2025-08-24 21:00:00,42075.0,39498.48,2576.51953125,2576.51953125,6.123635249554367
2025-08-24 22:00:00,42654.0,40151.71,2502.2890625,2502.2890625,5.866481601959957
2025-08-24 23:00:00,42883.0,39503.562,3379.4375,3379.4375,7.880599538278572
2025-08-25 00:00:00,42241.0,40271.992,1969.0078125,1969.0078125,4.661366474515281
2025-08-25 01:00:00,40724.0,38808.527,1915.47265625,1915.47265625,4.703547432103919
2025-08-25 02:00:00,39450.0,37808.96,1641.0390625,1641.0390625,4.159794835234474
2025-08-25 03:00:00,37749.0,36130.95,1618.05078125,1618.05078125,4.286340780550478
2025-08-25 04:00:00,35492.0,34579.06,912.94140625,912.94140625,2.572245594077539
2025-08-25 05:00:00,33287.0,32584.682,702.318359375,702.318359375,2.109887822197855
2025-08-25 06:00:00,31718.0,31124.771,593.228515625,593.228515625,1.8703213179424933
2025-08-25 07:00:00,30525.0,30201.523,323.4765625,323.4765625,1.0597102784602785
2025-08-25 08:00:00,29767.0,29488.041,278.958984375,278.958984375,0.9371417488325999
2025-08-25 09:00:00,29420.0,29206.768,213.232421875,213.232421875,0.7247872939326988
2025-08-25 10:00:00,29541.0,28967.035,573.96484375,573.96484375,1.9429431764327547
2025-08-25 11:00:00,30404.0,29385.6,1018.400390625,1018.400390625,3.3495605532989083
2025-08-25 12:00:00,31934.0,29846.275,2087.724609375,2087.724609375,6.53762325225465
2025-08-25 13:00:00,32918.0,30277.395,2640.60546875,2640.60546875,8.021767630931405
2025-08-25 14:00:00,33593.0,31222.71,2370.2890625,2370.2890625,7.055901713154526
2025-08-25 15:00:00,34265.0,32095.846,2169.154296875,2169.154296875,6.330524724573179
2025-08-25 16:00:00,35022.0,33255.395,1766.60546875,1766.60546875,5.044273510222146
2025-08-25 17:00:00,35796.0,34598.684,1197.31640625,1197.31640625,3.3448329596882336
2025-08-25 18:00:00,36382.0,35702.426,679.57421875,679.57421875,1.867885819223792
2025-08-25 19:00:00,37043.0,36411.71,631.2890625,631.2890625,1.7042060915692576
2025-08-25 20:00:00,37513.0,35974.016,1538.984375,1538.984375,4.102536120811452
2025-08-25 21:00:00,37968.0,37103.668,864.33203125,864.33203125,2.27647500855984
2025-08-25 22:00:00,38159.0,37696.99,462.01171875,462.01171875,1.210754261773107
2025-08-25 23:00:00,38188.0,37563.33,624.671875,624.671875,1.6357805462448936
2025-08-26 00:00:00,37919.0,37004.355,914.64453125,914.64453125,2.412100876209816
2025-08-26 01:00:00,37144.0,36382.57,761.4296875,761.4296875,2.0499399297329313
2025-08-26 02:00:00,36565.0,36253.445,311.5546875,311.5546875,0.8520571242991931
2025-08-26 03:00:00,35312.0,35095.453,216.546875,216.546875,0.6132387715224287
2025-08-26 04:00:00,33469.0,33382.54,86.4609375,86.4609375,0.2583314036869939
2025-08-26 05:00:00,31698.0,31972.19,-274.189453125,274.189453125,0.8650055307117168
2025-08-26 06:00:00,30288.0,30695.32,-407.3203125,407.3203125,1.344824063985737
2025-08-26 07:00:00,29441.0,29683.475,-242.474609375,242.474609375,0.8235950184266838
2025-08-26 08:00:00,28919.0,29359.654,-440.654296875,440.654296875,1.5237535768007193
2025-08-26 09:00:00,28637.0,29097.693,-460.693359375,460.693359375,1.608734711649265
2025-08-26 10:00:00,28716.0,29212.084,-496.083984375,496.083984375,1.7275525295131635
2025-08-26 11:00:00,29488.0,29730.36,-242.359375,242.359375,0.8218915321486707
2025-08-26 12:00:00,31046.0,30668.14,377.859375,377.859375,1.2170951974489468
2025-08-26 13:00:00,31929.0,31430.004,498.99609375,498.99609375,1.5628303227473457
2025-08-26 14:00:00,32588.0,32108.377,479.623046875,479.623046875,1.4717780989167792
2025-08-26 15:00:00,33227.0,32491.83,735.169921875,735.169921875,2.2125678570891143
2025-08-26 16:00:00,34087.0,33298.92,788.078125,788.078125,2.3119609381875788
2025-08-26 17:00:00,34799.0,34107.78,691.21875,691.21875,1.9863178539613207
2025-08-26 18:00:00,35662.0,35008.215,653.78515625,653.78515625,1.8332823628792552
2025-08-26 19:00:00,36591.0,35950.633,640.3671875,640.3671875,1.7500674687764752
2025-08-26 20:00:00,37434.0,36696.31,737.69140625,737.69140625,1.9706454192712508
2025-08-26 21:00:00,38225.0,37056.04,1168.9609375,1168.9609375,3.0581057880967952
2025-08-26 22:00:00,38909.0,36928.703,1980.296875,1980.296875,5.089559934719474
2025-08-26 23:00:00,39135.0,36834.387,2300.61328125,2300.61328125,5.878659208509007
2025-08-27 00:00:00,38895.0,36602.906,2292.09375,2292.09375,5.893029309679908
2025-08-27 01:00:00,37947.0,35345.14,2601.859375,2601.859375,6.856561454133396
2025-08-27 02:00:00,37169.0,34737.633,2431.3671875,2431.3671875,6.541384453442385
2025-08-27 03:00:00,35901.0,33858.88,2042.12109375,2042.12109375,5.688201146903986
2025-08-27 04:00:00,33928.0,32517.777,1410.22265625,1410.22265625,4.156515728159632
2025-08-27 05:00:00,32046.0,30955.895,1090.10546875,1090.10546875,3.4016896609561256
2025-08-27 06:00:00,30667.0,29845.182,821.818359375,821.818359375,2.6798133478168715
2025-08-27 07:00:00,29818.0,29173.947,644.052734375,644.052734375,2.1599461210510427
2025-08-27 08:00:00,29202.0,28820.068,381.931640625,381.931640625,1.3078954887507706
2025-08-27 09:00:00,28925.0,28711.094,213.90625,213.90625,0.7395203111495247
2025-08-27 10:00:00,29062.0,28802.727,259.2734375,259.2734375,0.8921390045420136
2025-08-27 11:00:00,29926.0,29204.967,721.033203125,721.033203125,2.409387165424714
2025-08-27 12:00:00,31431.0,30299.365,1131.634765625,1131.634765625,3.600377861426617
2025-08-27 13:00:00,32427.0,30991.793,1435.20703125,1435.20703125,4.425963028494772
2025-08-27 14:00:00,33147.0,31774.69,1372.310546875,1372.310546875,4.140074657963013
2025-08-27 15:00:00,33842.0,32883.83,958.171875,958.171875,2.831309836889073
2025-08-27 16:00:00,34812.0,33691.8,1120.19921875,1120.19921875,3.217853667557164
2025-08-27 17:00:00,35861.0,34012.234,1848.765625,1848.765625,5.155365508491118
2025-08-27 18:00:00,36820.0,35256.145,1563.85546875,1563.85546875,4.247298937398153
2025-08-27 19:00:00,37733.0,35892.117,1840.8828125,1840.8828125,4.878707795563566
2025-08-27 20:00:00,38663.0,36578.695,2084.3046875,2084.3046875,5.390954368517704
2025-08-27 21:00:00,39208.0,37188.816,2019.18359375,2019.18359375,5.149927549862273
2025-08-27 22:00:00,39695.0,37616.68,2078.3203125,2078.3203125,5.235723170424487
2025-08-27 23:00:00,39673.0,37279.516,2393.484375,2393.484375,6.033030965644141
2025-08-28 00:00:00,39315.0,36687.477,2627.5234375,2627.5234375,6.683259411166222
2025-08-28 01:00:00,38578.0,36054.973,2523.02734375,2523.02734375,6.540067768546841
2025-08-28 02:00:00,38080.0,35554.957,2525.04296875,2525.04296875,6.630890149028361
2025-08-28 03:00:00,36876.0,34649.52,2226.48046875,2226.48046875,6.037749400016271
2025-08-28 04:00:00,34987.0,33105.438,1881.5625,1881.5625,5.377890359276303
2025-08-28 05:00:00,32992.0,31462.402,1529.59765625,1529.59765625,4.636268356722842
2025-08-28 06:00:00,31405.0,30327.627,1077.373046875,1077.373046875,3.430578082709759
2025-08-28 07:00:00,30386.0,29670.814,715.185546875,715.185546875,2.3536679618080694
2025-08-28 08:00:00,29669.0,29108.19,560.810546875,560.810546875,1.8902239606154572
2025-08-28 09:00:00,29262.0,28851.625,410.375,410.375,1.4024161027954345
2025-08-28 10:00:00,29373.0,29023.348,349.65234375,349.65234375,1.1903868986824635
2025-08-28 11:00:00,30232.0,29787.97,444.029296875,444.029296875,1.4687394048524742
2025-08-28 12:00:00,31887.0,30523.547,1363.453125,1363.453125,4.275890253081193
2025-08-28 13:00:00,32928.0,31335.617,1592.3828125,1592.3828125,4.835953633685617
2025-08-28 14:00:00,33677.0,32045.57,1631.4296875,1631.4296875,4.844343877126822
2025-08-28 15:00:00,34578.0,32577.354,2000.646484375,2000.646484375,5.78589416500376
2025-08-28 16:00:00,35566.0,33482.49,2083.51171875,2083.51171875,5.858155875695889
2025-08-28 17:00:00,36501.0,34904.895,1596.10546875,1596.10546875,4.372771893235802
2025-08-28 18:00:00,37551.0,35411.266,2139.734375,2139.734375,5.69820876940694
2025-08-28 19:00:00,38578.0,36426.668,2151.33203125,2151.33203125,5.576577404868059
2025-08-28 20:00:00,39334.0,36988.312,2345.6875,2345.6875,5.963511211674379
2025-08-28 21:00:00,40103.0,37488.375,2614.625,2614.625,6.519774081739521
2025-08-28 22:00:00,40641.0,38629.39,2011.609375,2011.609375,4.949704424103738
2025-08-28 23:00:00,40520.0,38061.5,2458.5,2458.5,6.067374136229023
2025-08-29 00:00:00,39772.0,38126.7,1645.30078125,1645.30078125,4.136831894926079
2025-08-29 01:00:00,38758.0,37371.766,1386.234375,1386.234375,3.576640629031426
2025-08-29 02:00:00,38053.0,36695.5,1357.5,1357.5,3.5673928468189104
2025-08-29 03:00:00,36682.0,35536.332,1145.66796875,1145.66796875,3.1232429222779565
2025-08-29 04:00:00,34814.0,33701.14,1112.859375,1112.859375,3.1965857844545296
2025-08-29 05:00:00,32872.0,32053.1,818.900390625,818.900390625,2.491179090487345
2025-08-29 06:00:00,31374.0,30576.65,797.349609375,797.349609375,2.5414343385446547
2025-08-29 07:00:00,30365.0,29914.266,450.734375,450.734375,1.4843878643174708
2025-08-29 08:00:00,29651.0,29570.44,80.560546875,80.560546875,0.27169588504603553
2025-08-29 09:00:00,29291.0,29085.135,205.865234375,205.865234375,0.7028276070294629
2025-08-29 10:00:00,29284.0,29053.08,230.919921875,230.919921875,0.7885532095171425
2025-08-29 11:00:00,30002.0,29643.371,358.62890625,358.62890625,1.1953499975001667
2025-08-29 12:00:00,31468.0,30843.025,624.974609375,624.974609375,1.9860639677609
2025-08-29 13:00:00,32434.0,31557.564,876.435546875,876.435546875,2.7022123292686686
2025-08-29 14:00:00,33300.0,32798.293,501.70703125,501.70703125,1.5066277214714714
2025-08-29 15:00:00,34128.0,33349.02,778.98046875,778.98046875,2.2825259867264416
2025-08-29 16:00:00,34988.0,34688.55,299.44921875,299.44921875,0.8558626350463016
2025-08-29 17:00:00,35867.0,35554.336,312.6640625,312.6640625,0.8717318496110632
2025-08-29 18:00:00,36746.0,36300.74,445.26171875,445.26171875,1.211728402411147
2025-08-29 19:00:00,37768.0,36651.227,1116.7734375,1116.7734375,2.9569303047553483
2025-08-29 20:00:00,38442.0,36834.176,1607.82421875,1607.82421875,4.18246766232246
2025-08-29 21:00:00,39006.0,37346.656,1659.34375,1659.34375,4.254073091319284
2025-08-29 22:00:00,39258.0,37457.24,1800.76171875,1800.76171875,4.586993017346782
2025-09-02 18:00:00,37053.0,33656.69,3396.30859375,3396.30859375,9.166082621515127
2025-09-02 19:00:00,38394.0,34677.824,3716.17578125,3716.17578125,9.67905344910663
2025-09-02 20:00:00,39383.0,35330.914,4052.0859375,4052.0859375,10.288921457227739
2025-09-02 21:00:00,40139.0,35692.086,4446.9140625,4446.9140625,11.078786373601734
2025-09-02 22:00:00,40418.0,36562.32,3855.6796875,3855.6796875,9.539511325399575
2025-09-02 23:00:00,40456.0,36539.457,3916.54296875,3916.54296875,9.680994089257466
2025-09-03 00:00:00,40021.0,36594.9,3426.1015625,3426.1015625,8.560759507508559
2025-09-03 01:00:00,38737.0,35273.52,3463.48046875,3463.48046875,8.941013678782559
2025-09-03 02:00:00,37771.0,34444.535,3326.46484375,3326.46484375,8.806928182335655
2025-09-03 03:00:00,36110.0,33187.676,2922.32421875,2922.32421875,8.092839154666297
2025-09-03 04:00:00,33920.0,31588.693,2331.306640625,2331.306640625,6.8729558980689855
2025-09-03 05:00:00,31807.0,29971.54,1835.4609375,1835.4609375,5.770619478416701
2025-09-03 06:00:00,30250.0,28756.986,1493.013671875,1493.013671875,4.935582386363636
2025-09-03 07:00:00,29191.0,28162.479,1028.521484375,1028.521484375,3.5234198361652562
2025-09-03 08:00:00,28505.0,27460.906,1044.09375,1044.09375,3.662844237853008
2025-09-03 09:00:00,28156.0,27263.807,892.193359375,892.193359375,3.1687503884607193
2025-09-03 10:00:00,28217.0,27233.164,983.8359375,983.8359375,3.4866780221143285
2025-09-03 11:00:00,28968.0,28171.695,796.3046875,796.3046875,2.7489115144297154
2025-09-03 12:00:00,30572.0,29670.436,901.564453125,901.564453125,2.948987482418553
2025-09-03 13:00:00,31530.0,30509.535,1020.46484375,1020.46484375,3.2364885624801776
2025-09-03 14:00:00,32271.0,31407.398,863.6015625,863.6015625,2.676091730965883
2025-09-03 15:00:00,33385.0,32532.967,852.033203125,852.033203125,2.5521437865059156
2025-09-03 16:00:00,34686.0,33818.97,867.03125,867.03125,2.499657642853024
2025-09-03 17:00:00,36161.0,35099.56,1061.44140625,1061.44140625,2.9353209431431653
2025-09-03 18:00:00,37809.0,36037.44,1771.55859375,1771.55859375,4.685547339919067
2025-09-03 19:00:00,39520.0,37694.043,1825.95703125,1825.95703125,4.620336617535425
2025-09-03 20:00:00,40851.0,38262.867,2588.1328125,2588.1328125,6.335543346552104
2025-09-03 21:00:00,41860.0,39202.15,2657.8515625,2657.8515625,6.349382614667941
2025-09-03 22:00:00,42642.0,39345.188,3296.8125,3296.8125,7.731373997467286
2025-09-03 23:00:00,42514.0,39254.105,3259.89453125,3259.89453125,7.6678142053205995
2025-09-04 00:00:00,41605.0,39040.977,2564.0234375,2564.0234375,6.162777160197091
2025-09-04 01:00:00,39990.0,35965.92,4024.078125,4024.078125,10.062710990247561
2025-09-04 02:00:00,38682.0,35501.992,3180.0078125,3180.0078125,8.220898124450649
2025-09-04 03:00:00,36909.0,34657.445,2251.5546875,2251.5546875,6.100286346148636
2025-09-04 04:00:00,34573.0,32706.957,1866.04296875,1866.04296875,5.397399614583635
2025-09-04 05:00:00,32325.0,30839.87,1485.130859375,1485.130859375,4.594372341453983
2025-09-04 06:00:00,30664.0,29611.977,1052.0234375,1052.0234375,3.430809540503522
2025-09-04 07:00:00,29430.0,28626.734,803.265625,803.265625,2.7294108902480465
2025-09-04 08:00:00,28627.0,28271.225,355.775390625,355.775390625,1.242796627746533
2025-09-04 09:00:00,28173.0,27875.242,297.7578125,297.7578125,1.0568906843431654
2025-09-04 10:00:00,28121.0,27797.625,323.375,323.375,1.1499413249884427
2025-09-04 11:00:00,28840.0,28443.873,396.126953125,396.126953125,1.3735331245665743
2025-09-04 12:00:00,30392.0,29423.783,968.216796875,968.216796875,3.18576203236049
2025-09-04 13:00:00,31216.0,30216.064,999.935546875,999.935546875,3.2032789174621987
2025-09-04 14:00:00,31904.0,30987.97,916.029296875,916.029296875,2.871205168239092
2025-09-04 15:00:00,32769.0,32018.412,750.587890625,750.587890625,2.290542557371296
2025-09-04 16:00:00,33803.0,32764.2,1038.80078125,1038.80078125,3.073102331893619
2025-09-04 17:00:00,35059.0,34080.5,978.5,978.5,2.791009441227645
2025-09-04 18:00:00,36533.0,35452.96,1080.0390625,1080.0390625,2.9563382763528865
2025-09-04 19:00:00,38009.0,36625.18,1383.8203125,1383.8203125,3.640770113657292
2025-09-04 20:00:00,39249.0,37398.895,1850.10546875,1850.10546875,4.71376460228286
2025-09-04 21:00:00,40391.0,38333.28,2057.71875,2057.71875,5.094498155529697
2025-09-04 22:00:00,41189.0,39063.965,2125.03515625,2125.03515625,5.1592297852582
2025-09-04 23:00:00,41132.0,38500.754,2631.24609375,2631.24609375,6.397077928984732
2025-09-05 00:00:00,40267.0,38552.664,1714.3359375,1714.3359375,4.257421554871234
2025-09-05 01:00:00,38954.0,37090.86,1863.140625,1863.140625,4.782925052626174
2025-09-05 02:00:00,38109.0,36237.96,1871.0390625,1871.0390625,4.909703908525545
2025-09-05 03:00:00,36606.0,35036.055,1569.9453125,1569.9453125,4.288764990711905
2025-09-05 04:00:00,34622.0,33143.57,1478.4296875,1478.4296875,4.27020301397955
2025-09-05 05:00:00,32610.0,31188.234,1421.765625,1421.765625,4.3599068537258505
2025-09-05 06:00:00,31058.0,30034.098,1023.90234375,1023.90234375,3.296742687069354
2025-09-05 07:00:00,30047.0,29070.543,976.45703125,976.45703125,3.249765471594502
2025-09-05 08:00:00,29347.0,28798.635,548.365234375,548.365234375,1.8685563579752615
2025-09-05 09:00:00,29050.0,28366.861,683.138671875,683.138671875,2.3515961166092945
2025-09-05 10:00:00,29113.0,28158.414,954.5859375,954.5859375,3.278899246041288
2025-09-05 11:00:00,29843.0,28486.191,1356.80859375,1356.80859375,4.546488602854941
2025-09-05 12:00:00,31381.0,29627.256,1753.744140625,1753.744140625,5.588554031499952
2025-09-05 13:00:00,32271.0,30302.121,1968.87890625,1968.87890625,6.101078077066097
2025-09-05 14:00:00,32799.0,30946.8,1852.19921875,1852.19921875,5.647121005975793
2025-09-05 15:00:00,33484.0,31312.19,2171.810546875,2171.810546875,6.486114403521085
2025-09-05 16:00:00,34044.0,32203.545,1840.455078125,1840.455078125,5.406107032443309
2025-09-05 17:00:00,34490.0,32898.01,1591.98828125,1591.98828125,4.615796698318353
2025-09-05 18:00:00,34762.0,33623.492,1138.5078125,1138.5078125,3.275150487601404
2025-09-05 19:00:00,34972.0,34578.91,393.08984375,393.08984375,1.1240130497254945
2025-09-05 20:00:00,34938.0,34967.625,-29.625,29.625,0.08479306199553495
2025-09-05 21:00:00,34763.0,35546.227,-783.2265625,783.2265625,2.2530465221643703
2025-09-05 22:00:00,34540.0,35097.867,-557.8671875,557.8671875,1.6151337217718589
2025-09-05 23:00:00,34136.0,35202.49,-1066.48828125,1066.48828125,3.124233305747598
2025-09-06 00:00:00,33437.0,34944.516,-1507.515625,1507.515625,4.508525361126895
2025-09-06 01:00:00,32735.0,34251.434,-1516.43359375,1516.43359375,4.632453318313731
2025-09-06 02:00:00,32481.0,33837.875,-1356.875,1356.875,4.177442196976694
2025-09-06 03:00:00,31682.0,32793.23,-1111.23046875,1111.23046875,3.5074505042295314
2025-09-06 04:00:00,30610.0,31496.031,-886.03125,886.03125,2.8945810192747468
2025-09-06 05:00:00,29381.0,29748.316,-367.31640625,367.31640625,1.2501834731629284
2025-09-06 06:00:00,28261.0,28721.977,-460.9765625,460.9765625,1.6311403081985774
2025-09-06 07:00:00,27542.0,28156.096,-614.095703125,614.095703125,2.229669969954978
2025-09-06 08:00:00,27066.0,27301.768,-235.767578125,235.767578125,0.8710839360267495
2025-09-06 09:00:00,26688.0,26891.69,-203.689453125,203.689453125,0.7632248693232914
2025-09-06 10:00:00,26587.0,26779.738,-192.73828125,192.73828125,0.7249342958964907
2025-09-06 11:00:00,26699.0,27374.98,-675.98046875,675.98046875,2.5318568813438707
2025-09-06 12:00:00,27093.0,28218.582,-1125.58203125,1125.58203125,4.154512350976266
2025-09-06 13:00:00,27548.0,28806.422,-1258.421875,1258.421875,4.568106123856541
2025-09-06 14:00:00,28323.0,29400.87,-1077.869140625,1077.869140625,3.8056319620979417
2025-09-06 15:00:00,29047.0,30121.516,-1074.515625,1074.515625,3.6992309877095746
2025-09-06 16:00:00,29656.0,30641.408,-985.408203125,985.408203125,3.3227953976429725
2025-09-06 17:00:00,30103.0,30907.018,-804.017578125,804.017578125,2.670888543085407
2025-09-06 18:00:00,30699.0,31315.873,-616.873046875,616.873046875,2.0094239124238573
2025-09-06 19:00:00,31363.0,31731.973,-368.97265625,368.97265625,1.1764584263303892
2025-09-06 20:00:00,32071.0,31823.85,247.150390625,247.150390625,0.7706351240217019
2025-09-06 21:00:00,32879.0,31695.537,1183.462890625,1183.462890625,3.599449163980048
2025-09-06 22:00:00,33582.0,31634.389,1947.611328125,1947.611328125,5.799569198156751
2025-09-06 23:00:00,33976.0,31394.229,2581.771484375,2581.771484375,7.598809407743702
2025-09-07 00:00:00,33739.0,31596.795,2142.205078125,2142.205078125,6.349343721286937
2025-09-07 01:00:00,32800.0,30594.41,2205.58984375,2205.58984375,6.7243592797256095
2025-09-07 02:00:00,32223.0,30347.557,1875.443359375,1875.443359375,5.820200972519629
2025-09-07 03:00:00,31214.0,29786.857,1427.142578125,1427.142578125,4.572123336083168
2025-09-07 04:00:00,30036.0,28677.814,1358.185546875,1358.185546875,4.521858925539353
2025-09-07 05:00:00,28762.0,27753.645,1008.35546875,1008.35546875,3.5058600540643905
2025-09-07 06:00:00,27538.0,26972.992,565.0078125,565.0078125,2.051738733749728
2025-09-07 07:00:00,26717.0,26326.918,390.08203125,390.08203125,1.4600517694726205
2025-09-07 08:00:00,26225.0,26154.172,70.828125,70.828125,0.27007864632983797
2025-09-07 09:00:00,25940.0,25767.201,172.798828125,172.798828125,0.6661481423477256
2025-09-07 10:00:00,25801.0,25736.42,64.580078125,64.580078125,0.2503006787527615
2025-09-07 11:00:00,25980.0,25731.766,248.234375,248.234375,0.9554825827559661
2025-09-07 12:00:00,26313.0,25977.914,335.0859375,335.0859375,1.273461549424239
2025-09-07 13:00:00,26635.0,26306.006,328.994140625,328.994140625,1.2351948211939179
2025-09-07 14:00:00,27533.0,27015.348,517.65234375,517.65234375,1.8801160198670686
2025-09-07 15:00:00,28442.0,27985.533,456.466796875,456.466796875,1.604904004201533
2025-09-07 16:00:00,29427.0,28827.176,599.82421875,599.82421875,2.0383464802732183
2025-09-07 17:00:00,30584.0,29441.184,1142.81640625,1142.81640625,3.736647940916819
2025-09-07 18:00:00,31855.0,29685.732,2169.267578125,2169.267578125,6.809818170224455
2025-09-07 19:00:00,33030.0,30192.436,2837.564453125,2837.564453125,8.59087027891311
2025-09-07 20:00:00,34376.0,31072.977,3303.0234375,3303.0234375,9.608515934081918
2025-09-07 21:00:00,35544.0,31529.227,4014.7734375,4014.7734375,11.295221239871708
2025-09-07 22:00:00,36433.0,32267.555,4165.4453125,4165.4453125,11.433165845524663
2025-09-07 23:00:00,36967.0,32681.012,4285.98828125,4285.98828125,11.594092788838694
2025-09-08 00:00:00,36665.0,33237.8,3427.19921875,3427.19921875,9.347331838947225
2025-09-08 01:00:00,35480.0,31716.09,3763.91015625,3763.91015625,10.608540462936865
2025-09-08 02:00:00,34879.0,31517.75,3361.25,3361.25,9.636887525445111
2025-09-08 03:00:00,33462.0,30746.195,2715.8046875,2715.8046875,8.116085970653279
2025-09-08 04:00:00,31568.0,29831.533,1736.466796875,1736.466796875,5.500718439163077
2025-09-08 05:00:00,29756.0,28533.244,1222.755859375,1222.755859375,4.109274967653582
2025-09-08 06:00:00,28424.0,27588.22,835.779296875,835.779296875,2.9404000030783846
2025-09-08 07:00:00,27571.0,27011.33,559.669921875,559.669921875,2.0299224615538067
2025-09-08 08:00:00,27076.0,26376.365,699.634765625,699.634765625,2.5839664855407003
2025-09-08 09:00:00,26916.0,26125.127,790.873046875,790.873046875,2.938300813178035
2025-09-08 10:00:00,27168.0,25980.11,1187.890625,1187.890625,4.3723889318315665
2025-09-08 11:00:00,28160.0,26522.92,1637.080078125,1637.080078125,5.813494595614347
2025-09-08 12:00:00,29802.0,27613.21,2188.7890625,2188.7890625,7.34443682470975
2025-09-08 13:00:00,30742.0,28400.992,2341.0078125,2341.0078125,7.615014678615576
2025-09-08 14:00:00,31377.0,28974.965,2402.03515625,2402.03515625,7.655400950537018
2025-09-08 15:00:00,32144.0,30028.771,2115.228515625,2115.228515625,6.580476964985689
2025-09-08 16:00:00,33166.0,30962.316,2203.68359375,2203.68359375,6.644405697853223
2025-09-08 17:00:00,34072.0,31821.281,2250.71875,2250.71875,6.6057723350551765
2025-09-08 18:00:00,35063.0,33139.39,1923.609375,1923.609375,5.486151712631549
2025-09-08 19:00:00,36166.0,33963.582,2202.41796875,2202.41796875,6.089747190040369
2025-09-08 20:00:00,36917.0,34858.156,2058.84375,2058.84375,5.576953029769483
2025-09-08 21:00:00,37546.0,35894.98,1651.01953125,1651.01953125,4.397324698369999
2025-09-08 22:00:00,38024.0,36059.777,1964.22265625,1964.22265625,5.165744414711761
2025-09-08 23:00:00,38057.0,36354.688,1702.3125,1702.3125,4.473060146622172
2025-09-09 00:00:00,37557.0,35830.45,1726.55078125,1726.55078125,4.5971477520835
2025-09-09 01:00:00,36714.0,35095.707,1618.29296875,1618.29296875,4.4078361626355065
2025-09-09 02:00:00,36211.0,34504.484,1706.515625,1706.515625,4.712699525006213
2025-09-09 03:00:00,34861.0,33634.4,1226.6015625,1226.6015625,3.5185495611141393
2025-09-09 04:00:00,32956.0,31333.135,1622.865234375,1622.865234375,4.924339223130842
2025-09-09 05:00:00,31163.0,29961.36,1201.640625,1201.640625,3.8559850624137604
2025-09-09 06:00:00,29890.0,28420.158,1469.841796875,1469.841796875,4.917503502425561
2025-09-09 07:00:00,28916.0,27888.967,1027.033203125,1027.033203125,3.551781723353852
2025-09-09 08:00:00,28317.0,27309.098,1007.90234375,1007.90234375,3.5593542527457007
2025-09-09 09:00:00,27988.0,27097.826,890.173828125,890.173828125,3.1805553384486207
2025-09-09 10:00:00,28032.0,27173.322,858.677734375,858.677734375,3.06320538803867
2025-09-09 11:00:00,28781.0,28086.44,694.560546875,694.560546875,2.4132606472151767
2025-09-09 12:00:00,30328.0,29169.412,1158.587890625,1158.587890625,3.820192200689132
2025-09-09 13:00:00,31284.0,30070.926,1213.07421875,1213.07421875,3.8776186509078125
2025-09-09 14:00:00,31905.0,30780.023,1124.9765625,1124.9765625,3.5260196285848617
2025-09-09 15:00:00,32597.0,31694.29,902.7109375,902.7109375,2.7693067997054945
2025-09-09 16:00:00,33459.0,32787.37,671.62890625,671.62890625,2.007319125646313
2025-09-09 17:00:00,34417.0,34126.48,290.51953125,290.51953125,0.8441163705436266
2025-09-09 18:00:00,35548.0,34849.12,698.87890625,698.87890625,1.96601470195229
2025-09-09 19:00:00,36889.0,36502.33,386.671875,386.671875,1.048203732820082
2025-09-09 20:00:00,38044.0,36988.047,1055.953125,1055.953125,2.7756101487751024
2025-09-09 21:00:00,39238.0,37913.707,1324.29296875,1324.29296875,3.375026680131505
2025-09-09 22:00:00,40218.0,38599.45,1618.55078125,1618.55078125,4.0244437347705
2025-09-09 23:00:00,40558.0,38304.13,2253.87109375,2253.87109375,5.557155416317372
2025-09-10 00:00:00,39973.0,38096.484,1876.515625,1876.515625,4.694457821529532
2025-09-10 01:00:00,38753.0,36305.246,2447.75390625,2447.75390625,6.316295270688721
2025-09-10 02:00:00,37922.0,36194.895,1727.10546875,1727.10546875,4.554362820394494
2025-09-10 03:00:00,36312.0,34848.117,1463.8828125,1463.8828125,4.031402325677462
2025-09-10 04:00:00,34264.0,32950.6,1313.3984375,1313.3984375,3.833173119017044
2025-09-10 05:00:00,32148.0,31048.27,1099.73046875,1099.73046875,3.420836346740077
2025-09-10 06:00:00,30602.0,30018.398,583.6015625,583.6015625,1.9070700035945365
2025-09-10 07:00:00,29632.0,28714.07,917.9296875,917.9296875,3.09776487412257
2025-09-10 08:00:00,28938.0,28317.404,620.595703125,620.595703125,2.1445701262181216
2025-09-10 09:00:00,28523.0,27796.984,726.015625,726.015625,2.5453690881043367
2025-09-10 10:00:00,28544.0,27738.875,805.125,805.125,2.8206453195067263
2025-09-10 11:00:00,29125.0,28347.342,777.658203125,777.658203125,2.670071083690987
2025-09-10 12:00:00,30688.0,29708.355,979.64453125,979.64453125,3.192272325501825
2025-09-10 13:00:00,31635.0,30660.469,974.53125,974.53125,3.0805476529160742
2025-09-10 14:00:00,32411.0,31419.783,991.216796875,991.216796875,3.0582727989725713
2025-09-10 15:00:00,33450.0,32338.361,1111.638671875,1111.638671875,3.3232845198056804
2025-09-10 16:00:00,34850.0,33459.04,1390.9609375,1390.9609375,3.991279591104734
2025-09-10 17:00:00,36358.0,34312.887,2045.11328125,2045.11328125,5.624933388112657
2025-09-10 18:00:00,38088.0,35543.773,2544.2265625,2544.2265625,6.679863900703634
2025-09-10 19:00:00,39620.0,36631.797,2988.203125,2988.203125,7.542158316506815
2025-09-10 20:00:00,40799.0,38102.52,2696.48046875,2696.48046875,6.609182746513395
2025-09-10 21:00:00,41722.0,38845.17,2876.828125,2876.828125,6.8952306337184215
2025-09-10 22:00:00,42406.0,39853.258,2552.7421875,2552.7421875,6.019766512993444
2025-09-10 23:00:00,42634.0,39599.586,3034.4140625,3034.4140625,7.117357185579584
2025-09-11 00:00:00,41936.0,39229.484,2706.515625,2706.515625,6.453919365223197
2025-09-11 01:00:00,40579.0,37426.38,3152.62109375,3152.62109375,7.7690950830478815
2025-09-11 02:00:00,39513.0,36888.01,2624.98828125,2624.98828125,6.643353532381748
2025-09-11 03:00:00,37835.0,35516.035,2318.96484375,2318.96484375,6.129152487775869
2025-09-11 04:00:00,35548.0,33833.855,1714.14453125,1714.14453125,4.822056181079104
2025-09-11 05:00:00,33415.0,31772.318,1642.681640625,1642.681640625,4.916000720110729
2025-09-11 06:00:00,31718.0,30303.373,1414.626953125,1414.626953125,4.460013093905669
2025-09-11 07:00:00,30544.0,29216.787,1327.212890625,1327.212890625,4.345249118075563
2025-09-11 08:00:00,29793.0,28536.918,1256.08203125,1256.08203125,4.21603071610781
2025-09-11 09:00:00,29297.0,28267.914,1029.0859375,1029.0859375,3.512598346247056
2025-09-11 10:00:00,29269.0,28171.992,1097.0078125,1097.0078125,3.748019448904985
2025-09-11 11:00:00,30004.0,28531.807,1472.193359375,1472.193359375,4.906656976986402
2025-09-11 12:00:00,31620.0,30026.533,1593.466796875,1593.466796875,5.039426935088551
2025-09-11 13:00:00,32541.0,31095.98,1445.01953125,1445.01953125,4.440611939553179
2025-09-11 14:00:00,33330.0,32531.803,798.197265625,798.197265625,2.3948312800030003
2025-09-11 15:00:00,34631.0,34193.61,437.390625,437.390625,1.263003161906962
2025-09-11 16:00:00,36586.0,35447.742,1138.2578125,1138.2578125,3.111184093642377
2025-09-11 17:00:00,38843.0,37704.12,1138.87890625,1138.87890625,2.932005525448601
2025-09-11 18:00:00,41121.0,39514.64,1606.359375,1606.359375,3.9064209892755524
2025-09-11 19:00:00,43350.0,41163.785,2186.21484375,2186.21484375,5.0431714965397925
2025-09-11 20:00:00,44907.0,42071.367,2835.6328125,2835.6328125,6.31445612599372
2025-09-11 21:00:00,46171.0,43175.39,2995.609375,2995.609375,6.488075577743606
2025-09-11 22:00:00,46866.0,43747.72,3118.28125,3118.28125,6.653610826612042
2025-09-11 23:00:00,46532.0,43472.582,3059.41796875,3059.41796875,6.574868840260466
2025-09-12 00:00:00,45424.0,42479.76,2944.23828125,2944.23828125,6.48167990764794
2025-09-12 01:00:00,43669.0,40154.81,3514.19140625,3514.19140625,8.047336568847467
2025-09-12 02:00:00,42106.0,39473.664,2632.3359375,2632.3359375,6.251688447014677
2025-09-12 03:00:00,40061.0,37824.777,2236.22265625,2236.22265625,5.582044023489179
2025-09-12 04:00:00,37625.0,36201.906,1423.09375,1423.09375,3.7823089700996673
2025-09-12 05:00:00,35200.0,34051.49,1148.51171875,1148.51171875,3.2628173828125004
2025-09-12 06:00:00,33353.0,31578.002,1774.998046875,1774.998046875,5.321854246619495
2025-09-12 07:00:00,32013.0,30335.613,1677.38671875,1677.38671875,5.239704865991941
2025-09-12 08:00:00,31070.0,29794.688,1275.3125,1275.3125,4.104642742195043
2025-09-12 09:00:00,30389.0,29152.207,1236.79296875,1236.79296875,4.069870574056402
2025-09-12 10:00:00,30264.0,29117.33,1146.669921875,1146.669921875,3.7888908335811524
2025-09-12 11:00:00,30894.0,29833.92,1060.080078125,1060.080078125,3.4313461452871103
2025-09-12 12:00:00,32330.0,31062.957,1267.04296875,1267.04296875,3.9190936243427155
2025-09-12 13:00:00,33239.0,32489.14,749.859375,749.859375,2.255962498871807
2025-09-12 14:00:00,34322.0,33831.26,490.73828125,490.73828125,1.4298067748091603
2025-09-12 15:00:00,36004.0,35091.246,912.75390625,912.75390625,2.535145834490612
2025-09-12 16:00:00,38274.0,37340.953,933.046875,933.046875,2.4378086298792914
2025-09-12 17:00:00,40644.0,39436.1,1207.8984375,1207.8984375,2.971898527457927
2025-09-12 18:00:00,43058.0,40474.426,2583.57421875,2583.57421875,6.000218818221933
2025-09-12 19:00:00,45065.0,42836.293,2228.70703125,2228.70703125,4.945538735715078
2025-09-12 20:00:00,46594.0,44347.664,2246.3359375,2246.3359375,4.821084125638494
2025-09-12 21:00:00,47450.0,45670.953,1779.046875,1779.046875,3.749308482613277
2025-09-12 22:00:00,47976.0,45652.07,2323.9296875,2323.9296875,4.843942153368351
2025-09-12 23:00:00,47825.0,45229.316,2595.68359375,2595.68359375,5.427461774699425
2025-09-13 00:00:00,46476.0,42725.7,3750.30078125,3750.30078125,8.069327784770634
2025-09-13 01:00:00,44274.0,40665.035,3608.96484375,3608.96484375,8.151431638772191
2025-09-13 02:00:00,42513.0,39900.82,2612.1796875,2612.1796875,6.144425675675675
2025-09-13 03:00:00,40617.0,38404.984,2212.015625,2212.015625,5.4460339882315285
2025-09-13 04:00:00,38690.0,36760.418,1929.58203125,1929.58203125,4.987288785861979
2025-09-13 05:00:00,38215.0,34719.414,3495.5859375,3495.5859375,9.147156712024074
2025-09-13 06:00:00,34560.0,31775.664,2784.3359375,2784.3359375,8.05652759693287
2025-09-13 07:00:00,33034.0,30668.484,2365.515625,2365.515625,7.160851319852274
2025-09-13 08:00:00,31878.0,29459.043,2418.95703125,2418.95703125,7.588170623157037
2025-09-13 09:00:00,31110.0,28595.242,2514.7578125,2514.7578125,8.083438805850209
2025-09-13 10:00:00,30584.0,28386.229,2197.771484375,2197.771484375,7.186017147446377
2025-09-13 11:00:00,30460.0,28538.287,1921.712890625,1921.712890625,6.30897206377216
2025-09-13 12:00:00,30630.0,29511.098,1118.90234375,1118.90234375,3.652962271465883
2025-09-13 13:00:00,30947.0,31095.059,-148.05859375,148.05859375,0.47842632161437293
2025-09-13 14:00:00,32484.0,32702.775,-218.775390625,218.775390625,0.6734866107160448
2025-09-13 15:00:00,34612.0,34792.945,-180.9453125,180.9453125,0.5227820192418815
2025-09-13 16:00:00,37162.0,37319.504,-157.50390625,157.50390625,0.423830542624186
2025-09-13 17:00:00,39736.0,39283.305,452.6953125,452.6953125,1.139257379957721
2025-09-13 18:00:00,41915.0,40803.086,1111.9140625,1111.9140625,2.65278316235238
2025-09-13 19:00:00,43640.0,42244.723,1395.27734375,1395.27734375,3.1972441424152156
2025-09-13 20:00:00,44752.0,43378.535,1373.46484375,1373.46484375,3.069058016960136
2025-09-13 21:00:00,45465.0,44703.793,761.20703125,761.20703125,1.674270386561091
2025-09-13 22:00:00,45617.0,44825.527,791.47265625,791.47265625,1.7350388150251004
2025-09-13 23:00:00,45147.0,44063.008,1083.9921875,1083.9921875,2.401028169092077
2025-09-14 00:00:00,43792.0,43016.332,775.66796875,775.66796875,1.7712549523885641
2025-09-14 01:00:00,42036.0,40901.688,1134.3125,1134.3125,2.6984311066704727
2025-09-14 02:00:00,40575.0,39657.176,917.82421875,917.82421875,2.262043669131238
2025-09-14 03:00:00,38728.0,38210.934,517.06640625,517.06640625,1.335122924628176
2025-09-14 04:00:00,36758.0,36960.125,-202.125,202.125,0.5498802981663856
2025-09-14 05:00:00,34880.0,35045.816,-165.81640625,165.81640625,0.4753910729644495
2025-09-14 06:00:00,32944.0,32655.74,288.259765625,288.259765625,0.8749992885654444
2025-09-14 07:00:00,31685.0,31392.828,292.171875,292.171875,0.9221141707432539
2025-09-14 08:00:00,30703.0,30196.018,506.982421875,506.982421875,1.6512471806500992
2025-09-14 09:00:00,29960.0,29450.45,509.55078125,509.55078125,1.7007702978971961
2025-09-14 10:00:00,29451.0,28856.562,594.4375,594.4375,2.0183949611218632
2025-09-14 11:00:00,29270.0,28885.766,384.234375,384.234375,1.312724205671336
2025-09-14 12:00:00,29433.0,29216.621,216.37890625,216.37890625,0.7351574975367784
2025-09-14 13:00:00,29743.0,29614.418,128.58203125,128.58203125,0.432310228457116
2025-09-14 14:00:00,31053.0,31663.426,-610.42578125,610.42578125,1.9657546171062377
2025-09-14 15:00:00,32995.0,33504.594,-509.59375,509.59375,1.5444574935596302
2025-09-14 16:00:00,35292.0,35483.0,-191.0,191.0,0.5411991386149836
2025-09-14 17:00:00,37570.0,37928.734,-358.734375,358.734375,0.9548426270960872
2025-09-14 18:00:00,39545.0,39289.74,255.26171875,255.26171875,0.6454968232393477
2025-09-14 19:00:00,40896.0,39284.312,1611.6875,1611.6875,3.9409416568857587
2025-09-14 20:00:00,41703.0,40273.773,1429.2265625,1429.2265625,3.4271552706040334
2025-09-14 21:00:00,42152.0,41207.56,944.44140625,944.44140625,2.240561316782122
2025-09-14 22:00:00,42231.0,40854.97,1376.03125,1376.03125,3.2583439890128103
2025-09-14 23:00:00,41867.0,40622.83,1244.171875,1244.171875,2.9717244488499297
2025-09-15 00:00:00,41156.0,41042.84,113.16015625,113.16015625,0.2749542138448829
2025-09-15 01:00:00,40057.0,39144.348,912.65234375,912.65234375,2.2783841619442295
2025-09-15 02:00:00,43804.0,38366.746,5437.25390625,5437.25390625,12.412688124942928
2025-09-15 03:00:00,42140.0,37118.035,5021.96484375,5021.96484375,11.91733470277646
2025-09-15 04:00:00,39986.0,35686.367,4299.6328125,4299.6328125,10.752845527184515
2025-09-15 05:00:00,37822.0,33520.28,4301.71875,4301.71875,11.37358878430543
2025-09-15 06:00:00,31152.0,31609.967,-457.966796875,457.966796875,1.4701039961318696
2025-09-15 07:00:00,30096.0,30535.203,-439.203125,439.203125,1.4593405269803297
2025-09-15 08:00:00,29346.0,29735.623,-389.623046875,389.623046875,1.327687067658284
2025-09-15 09:00:00,28907.0,29338.336,-431.3359375,431.3359375,1.4921504739336493
2025-09-15 10:00:00,29014.0,28857.008,156.9921875,156.9921875,0.5410911542703523
2025-09-15 11:00:00,29839.0,29405.145,433.85546875,433.85546875,1.4539879645765608
2025-09-15 12:00:00,31543.0,30208.207,1334.79296875,1334.79296875,4.231661442316837
2025-09-15 13:00:00,32614.0,31189.459,1424.541015625,1424.541015625,4.3678819391212365
2025-09-15 14:00:00,33642.0,33232.35,409.6484375,409.6484375,1.2176696911598597
2025-09-15 15:00:00,35161.0,34937.363,223.63671875,223.63671875,0.6360362866528256
2025-09-15 16:00:00,37346.0,37623.793,-277.79296875,277.79296875,0.7438359362448456
2025-09-15 17:00:00,39776.0,40118.086,-342.0859375,342.0859375,0.8600310174477072
2025-09-15 18:00:00,42161.0,42072.97,88.03125,88.03125,0.20879782263229052
2025-09-15 19:00:00,44217.0,43002.504,1214.49609375,1214.49609375,2.7466723064658387
2025-09-15 20:00:00,45570.0,44001.285,1568.71484375,1568.71484375,3.4424288868773316
2025-09-15 21:00:00,46364.0,44657.51,1706.48828125,1706.48828125,3.6806321310715213
2025-09-15 22:00:00,46717.0,44571.61,2145.390625,2145.390625,4.592312487959415
2025-09-15 23:00:00,46357.0,43837.047,2519.953125,2519.953125,5.435971104687534
2025-09-16 00:00:00,45172.0,41684.44,3487.55859375,3487.55859375,7.7206202819224306
2025-09-16 01:00:00,43454.0,40532.76,2921.23828125,2921.23828125,6.722599257260551
2025-09-16 02:00:00,42037.0,42486.49,-449.48828125,449.48828125,1.0692682190689153
2025-09-16 03:00:00,39866.0,40555.91,-689.91015625,689.91015625,1.730572809536949
2025-09-16 04:00:00,37352.0,38717.055,-1365.0546875,1365.0546875,3.6545691997751124
2025-09-16 05:00:00,34855.0,36954.68,-2099.6796875,2099.6796875,6.024041565055229
2025-09-16 06:00:00,32996.0,31619.064,1376.935546875,1376.935546875,4.173037782988847
2025-09-16 07:00:00,31568.0,30313.04,1254.9609375,1254.9609375,3.9754211147364416
2025-09-16 08:00:00,30623.0,29642.316,980.68359375,980.68359375,3.2024412818796333
2025-09-16 09:00:00,30038.0,29020.35,1017.650390625,1017.650390625,3.387876658316133
2025-09-16 10:00:00,29871.0,29109.588,761.412109375,761.412109375,2.549001069180811
2025-09-16 11:00:00,30518.0,29596.707,921.29296875,921.29296875,3.0188510674028444
2025-09-16 12:00:00,32048.0,31056.32,991.6796875,991.6796875,3.09435748720669
2025-09-16 13:00:00,32922.0,32461.727,460.2734375,460.2734375,1.398072527489217
2025-09-16 14:00:00,33824.0,33826.406,-2.40625,2.40625,0.007114031456953642
2025-09-16 15:00:00,35473.0,36249.89,-776.890625,776.890625,2.1900899980266684
2025-09-16 16:00:00,37799.0,38419.375,-620.375,620.375,1.6412471229397603
2025-09-16 17:00:00,40356.0,40313.88,42.12109375,42.12109375,0.10437380748835365
2025-09-16 18:00:00,42834.0,42353.188,480.8125,480.8125,1.122501984404912
2025-09-16 19:00:00,44951.0,43711.113,1239.88671875,1239.88671875,2.758307309626037
2025-09-16 20:00:00,46345.0,44958.418,1386.58203125,1386.58203125,2.9918697405329593
2025-09-16 21:00:00,46972.0,45853.703,1118.296875,1118.296875,2.380773386272673
2025-09-16 22:00:00,46938.0,46274.496,663.50390625,663.50390625,1.413575154991691
2025-09-16 23:00:00,46357.0,45527.96,829.0390625,829.0390625,1.7883794518627179
2025-09-17 00:00:00,45107.0,43632.863,1474.13671875,1474.13671875,3.268088586583014
2025-09-17 01:00:00,43315.0,41454.324,1860.67578125,1860.67578125,4.295684592519913
2025-09-17 02:00:00,41774.0,40887.004,886.99609375,886.99609375,2.123320950232202
2025-09-17 03:00:00,39610.0,39103.332,506.66796875,506.66796875,1.279141552007069
2025-09-17 04:00:00,36959.0,37122.88,-163.87890625,163.87890625,0.4434073060688872
2025-09-17 05:00:00,34395.0,34551.73,-156.73046875,156.73046875,0.45567806003779615
2025-09-17 06:00:00,32416.0,32459.135,-43.134765625,43.134765625,0.13306628092608588
2025-09-17 07:00:00,31120.0,30840.238,279.76171875,279.76171875,0.8989772453406171
2025-09-17 08:00:00,30042.0,29919.127,122.873046875,122.873046875,0.4090042170128487
2025-09-17 09:00:00,29464.0,29462.09,1.91015625,1.91015625,0.006483017411077926
2025-09-17 10:00:00,29368.0,29414.865,-46.865234375,46.865234375,0.15957925080019067
2025-09-17 11:00:00,30105.0,29751.066,353.93359375,353.93359375,1.1756638224547418
2025-09-17 12:00:00,31708.0,31189.129,518.87109375,518.87109375,1.6364043577330643
2025-09-17 13:00:00,32675.0,31964.547,710.453125,710.453125,2.1743018362662587
2025-09-17 14:00:00,33578.0,32890.09,687.91015625,687.91015625,2.0486930616772887
2025-09-17 15:00:00,34865.0,34510.97,354.03125,354.03125,1.0154345331994836
2025-09-17 16:00:00,36721.0,36157.613,563.38671875,563.38671875,1.534235774488712
2025-09-17 17:00:00,38397.0,37810.984,586.015625,586.015625,1.5262015912701514
2025-09-17 18:00:00,40437.0,39787.805,649.1953125,649.1953125,1.605448753616737
2025-09-17 19:00:00,42115.0,41449.375,665.625,665.625,1.5804938857889113
2025-09-17 20:00:00,43160.0,43424.55,-264.55078125,264.55078125,0.6129536173540315
2025-09-17 21:00:00,43746.0,43689.273,56.7265625,56.7265625,0.12967257006354865
2025-09-17 22:00:00,43844.0,43949.973,-105.97265625,105.97265625,0.24170389620016422
2025-09-17 23:00:00,43296.0,43065.316,230.68359375,230.68359375,0.5328057874861419
2025-09-18 00:00:00,42133.0,41946.703,186.296875,186.296875,0.44216380271995825
2025-09-18 01:00:00,40766.0,40593.375,172.625,172.625,0.4234533680027474
2025-09-18 02:00:00,39552.0,39462.5,89.5,89.5,0.22628438511326862
2025-09-18 03:00:00,37587.0,38090.305,-503.3046875,503.3046875,1.3390392622449252
2025-09-18 04:00:00,35277.0,36109.05,-832.05078125,832.05078125,2.358621144796893
2025-09-18 05:00:00,33086.0,33528.938,-442.9375,442.9375,1.338745995285015
2025-09-18 06:00:00,31341.0,31794.578,-453.578125,453.578125,1.4472356497878178
2025-09-18 07:00:00,30133.0,30803.828,-670.828125,670.828125,2.2262241562406664
2025-09-18 08:00:00,29324.0,29786.541,-462.541015625,462.541015625,1.5773462543479742
2025-09-18 09:00:00,28795.0,29147.393,-352.392578125,352.392578125,1.2237978056086125
2025-09-18 10:00:00,28708.0,28934.736,-226.736328125,226.736328125,0.789801895377595
2025-09-18 11:00:00,29434.0,29598.04,-164.0390625,164.0390625,0.5573114850173269
2025-09-18 12:00:00,31131.0,30848.508,282.4921875,282.4921875,0.9074304953262021
2025-09-18 13:00:00,32142.0,31394.686,747.314453125,747.314453125,2.3250402996857695
2025-09-18 14:00:00,32752.0,32558.824,193.17578125,193.17578125,0.5898136945835369
2025-09-18 15:00:00,33683.0,33475.777,207.22265625,207.22265625,0.6152143700086097
2025-09-18 16:00:00,35051.0,34889.914,161.0859375,161.0859375,0.4595758680208838
2025-09-18 17:00:00,36337.0,36414.81,-77.80859375,77.80859375,0.21413048339158433
2025-09-18 18:00:00,37737.0,37426.867,310.1328125,310.1328125,0.821826887404934
2025-09-18 19:00:00,38943.0,38993.58,-50.578125,50.578125,0.12987732069948385
2025-09-18 20:00:00,39577.0,39701.176,-124.17578125,124.17578125,0.3137574380321904
2025-09-18 21:00:00,39610.0,40793.93,-1183.9296875,1183.9296875,2.9889666435243623
2025-09-18 22:00:00,39505.0,40703.48,-1198.48046875,1198.48046875,3.0337437507910394
2025-09-18 23:00:00,39029.0,39478.332,-449.33203125,449.33203125,1.1512773354428758
2025-09-19 00:00:00,38330.0,39135.98,-805.98046875,805.98046875,2.10274059157318
2025-09-19 01:00:00,37401.0,37728.344,-327.34375,327.34375,0.8752272666506242
2025-09-19 02:00:00,36586.0,36958.746,-372.74609375,372.74609375,1.0188216633411689
2025-09-19 03:00:00,35056.0,35785.4,-729.3984375,729.3984375,2.0806664693633046
2025-09-19 04:00:00,33153.0,34140.742,-987.7421875,987.7421875,2.979344817965192
2025-09-19 05:00:00,31227.0,32263.086,-1036.0859375,1036.0859375,3.3179169869023606
2025-09-19 06:00:00,29751.0,30727.076,-976.076171875,976.076171875,3.2808180292259084
2025-09-19 07:00:00,28778.0,29795.834,-1017.833984375,1017.833984375,3.5368475376155395
2025-09-19 08:00:00,28127.0,28903.53,-776.529296875,776.529296875,2.7607967322323743
2025-09-19 09:00:00,27742.0,28542.525,-800.525390625,800.525390625,2.8856080694434434
2025-09-19 10:00:00,27765.0,28465.342,-700.341796875,700.341796875,2.5223907685035116
2025-09-19 11:00:00,28454.0,28793.65,-339.650390625,339.650390625,1.193682401859141
2025-09-19 12:00:00,29954.0,30099.598,-145.59765625,145.59765625,0.48607082943847235
2025-09-19 13:00:00,30926.0,30980.064,-54.064453125,54.064453125,0.17481877101791374
2025-09-19 14:00:00,31731.0,31406.992,324.0078125,324.0078125,1.0211081040622734
2025-09-19 15:00:00,32850.0,32807.98,42.01953125,42.01953125,0.12791333713850836
2025-09-19 16:00:00,34306.0,34416.01,-110.01171875,110.01171875,0.3206777786684545
2025-09-19 17:00:00,35841.0,36044.664,-203.6640625,203.6640625,0.5682432479562513
2025-09-19 18:00:00,37382.0,37425.59,-43.58984375,43.58984375,0.11660650513616179
2025-09-19 19:00:00,38911.0,38484.527,426.47265625,426.47265625,1.0960208070982498
2025-09-19 20:00:00,39962.0,39342.48,619.51953125,619.51953125,1.5502715861318253
2025-09-19 21:00:00,40741.0,39792.066,948.93359375,948.93359375,2.329185817112982
2025-09-19 22:00:00,41147.0,39801.047,1345.953125,1345.953125,3.2710844654531313
2025-09-19 23:00:00,40787.0,38311.035,2475.96484375,2475.96484375,6.070475503837007
2025-09-20 00:00:00,39387.0,37710.33,1676.671875,1676.671875,4.2569169395993605
2025-09-20 01:00:00,37807.0,36366.035,1440.96484375,1440.96484375,3.81137049686566
2025-09-20 02:00:00,36618.0,35561.605,1056.39453125,1056.39453125,2.884905050111967
2025-09-20 03:00:00,35195.0,34015.47,1179.53125,1179.53125,3.3514171047023726
2025-09-20 04:00:00,33606.0,32735.521,870.478515625,870.478515625,2.5902473237665893
2025-09-20 05:00:00,31845.0,30783.055,1061.9453125,1061.9453125,3.3347317082744543
2025-09-20 06:00:00,30361.0,29212.838,1148.162109375,1148.162109375,3.7817005677513915
2025-09-20 07:00:00,29154.0,28080.943,1073.056640625,1073.056640625,3.6806497929100637
2025-09-20 08:00:00,28388.0,27601.922,786.078125,786.078125,2.769050743271805
2025-09-20 09:00:00,27713.0,27165.525,547.474609375,547.474609375,1.9755154958864072
2025-09-20 10:00:00,27468.0,27107.73,360.26953125,360.26953125,1.311597244975972
2025-09-20 11:00:00,27621.0,27459.275,161.724609375,161.724609375,0.5855132304225046
2025-09-20 12:00:00,28120.0,28464.293,-344.29296875,344.29296875,1.224370443634424
2025-09-20 13:00:00,28656.0,28902.71,-246.7109375,246.7109375,0.8609398991485204
2025-09-20 14:00:00,29610.0,30322.016,-712.015625,712.015625,2.404645812225599
2025-09-20 15:00:00,30983.0,31049.068,-66.068359375,66.068359375,0.21324067835587257
2025-09-20 16:00:00,32637.0,32439.611,197.388671875,197.388671875,0.6048002937616815
2025-09-20 17:00:00,34299.0,34395.652,-96.65234375,96.65234375,0.28179347429954227
2025-09-20 18:00:00,35966.0,36110.066,-144.06640625,144.06640625,0.4005627710893622
2025-09-20 19:00:00,37501.0,36824.16,676.83984375,676.83984375,1.8048581204501213
2025-09-20 20:00:00,38650.0,38447.33,202.671875,202.671875,0.524377425614489
2025-09-20 21:00:00,39428.0,39099.676,328.32421875,328.32421875,0.8327184202850766
2025-09-20 22:00:00,39710.0,37924.54,1785.4609375,1785.4609375,4.496250157391085
2025-09-20 23:00:00,39458.0,37764.67,1693.328125,1693.328125,4.291469727304983
2025-09-21 00:00:00,38455.0,37187.89,1267.109375,1267.109375,3.295044532570537
2025-09-21 01:00:00,37179.0,36053.387,1125.61328125,1125.61328125,3.027551255413002
2025-09-21 02:00:00,36009.0,35008.145,1000.85546875,1000.85546875,2.7794592150573467
2025-09-21 03:00:00,34450.0,33922.844,527.15625,527.15625,1.5302068214804063
2025-09-21 04:00:00,32741.0,32365.205,375.794921875,375.794921875,1.147780830991723
2025-09-21 05:00:00,31060.0,30367.088,692.912109375,692.912109375,2.230882515695428
2025-09-21 06:00:00,29625.0,29007.82,617.1796875,617.1796875,2.0833069620253166
2025-09-21 07:00:00,28649.0,27881.05,767.94921875,767.94921875,2.680544587071102
2025-09-21 08:00:00,27931.0,27362.256,568.744140625,568.744140625,2.0362469679746518
2025-09-21 09:00:00,27387.0,26901.719,485.28125,485.28125,1.7719401540877058
2025-09-21 10:00:00,27126.0,26689.168,436.83203125,436.83203125,1.610381299306938
2025-09-21 11:00:00,27034.0,26780.611,253.388671875,253.388671875,0.9372962635015166
2025-09-21 12:00:00,27248.0,27164.004,83.99609375,83.99609375,0.30826517083822663
2025-09-21 13:00:00,27648.0,27458.63,189.369140625,189.369140625,0.6849288940429688
2025-09-21 14:00:00,28729.0,28295.01,433.990234375,433.990234375,1.5106346701068607
2025-09-21 15:00:00,30058.0,29622.025,435.974609375,435.974609375,1.4504445052066006
2025-09-21 16:00:00,31445.0,31158.695,286.3046875,286.3046875,0.9104935204325012
2025-09-21 17:00:00,32988.0,32318.02,669.98046875,669.98046875,2.0309823837456045
2025-09-21 18:00:00,34398.0,33840.844,557.15625,557.15625,1.6197344322344325
2025-09-21 19:00:00,35666.0,35661.96,4.0390625,4.0390625,0.011324685975438793
2025-09-21 20:00:00,36636.0,35892.07,743.9296875,743.9296875,2.030597465607599
2025-09-21 21:00:00,37348.0,37372.844,-24.84375,24.84375,0.0665196262182714
2025-09-21 22:00:00,38074.0,36992.32,1081.6796875,1081.6796875,2.8409930333035667
2025-09-21 23:00:00,38324.0,37169.574,1154.42578125,1154.42578125,3.012278940742094
2025-09-22 00:00:00,37951.0,36793.63,1157.37109375,1157.37109375,3.049645842665542
2025-09-22 01:00:00,37034.0,35887.2,1146.80078125,1146.80078125,3.096616031889615
2025-09-22 02:00:00,35969.0,35130.855,838.14453125,838.14453125,2.330185802357586
2025-09-22 03:00:00,34514.0,33439.04,1074.9609375,1074.9609375,3.1145649229298256
2025-09-22 04:00:00,32706.0,32285.25,420.75,420.75,1.286461199779857
2025-09-22 05:00:00,30759.0,30902.121,-143.12109375,143.12109375,0.4652982663610651
2025-09-22 06:00:00,29387.0,29650.406,-263.40625,263.40625,0.8963359648824311
2025-09-22 07:00:00,28437.0,28666.787,-229.787109375,229.787109375,0.8080567900094947
2025-09-22 08:00:00,27807.0,28258.08,-451.080078125,451.080078125,1.6221817460531522
2025-09-22 09:00:00,27537.0,27794.303,-257.302734375,257.302734375,0.9343891287177253
2025-09-22 10:00:00,27707.0,27687.426,19.57421875,19.57421875,0.0706471965568268
2025-09-22 11:00:00,28707.0,28226.285,480.71484375,480.71484375,1.6745561840317693
2025-09-22 12:00:00,30446.0,28996.512,1449.48828125,1449.48828125,4.760849639525717
2025-09-22 13:00:00,31621.0,29482.748,2138.251953125,2138.251953125,6.762126286724013
2025-09-22 14:00:00,32377.0,30567.441,1809.55859375,1809.55859375,5.589024905797325
2025-09-22 15:00:00,33495.0,31684.37,1810.630859375,1810.630859375,5.405675054112554
2025-09-22 16:00:00,34997.0,33462.117,1534.8828125,1534.8828125,4.385755386175958
2025-09-22 17:00:00,36679.0,35416.8,1262.19921875,1262.19921875,3.441204009787617
2025-09-22 18:00:00,38593.0,37085.164,1507.8359375,1507.8359375,3.907019245718135
2025-09-22 19:00:00,40607.0,39410.984,1196.015625,1196.015625,2.9453434752628858
2025-09-22 20:00:00,42225.0,40363.9,1861.1015625,1861.1015625,4.40758214920071
2025-09-22 21:00:00,43533.0,41609.844,1923.15625,1923.15625,4.417697493855236
2025-09-22 22:00:00,44327.0,41870.75,2456.25,2456.25,5.541205134568096
2025-09-22 23:00:00,44146.0,41403.508,2742.4921875,2742.4921875,6.212323171974811
2025-09-23 00:00:00,43082.0,40474.227,2607.7734375,2607.7734375,6.053046370874147
2025-09-23 01:00:00,41648.0,39539.375,2108.625,2108.625,5.062968209757972
2025-09-23 02:00:00,40398.0,38216.73,2181.26953125,2181.26953125,5.399449307515224
2025-09-23 03:00:00,38550.0,36848.64,1701.359375,1701.359375,4.4133835927367056
2025-09-23 04:00:00,36233.0,35278.098,954.90234375,954.90234375,2.635449296911655
2025-09-23 05:00:00,33974.0,33018.406,955.59375,955.59375,2.812720757049508
2025-09-23 06:00:00,32251.0,31050.969,1200.03125,1200.03125,3.7209117546742734
2025-09-23 07:00:00,31049.0,29408.342,1640.658203125,1640.658203125,5.28409353964701
2025-09-23 08:00:00,30264.0,29072.166,1191.833984375,1191.833984375,3.93812445273262
2025-09-23 09:00:00,29843.0,28731.87,1111.130859375,1111.130859375,3.7232545634654697
2025-09-23 10:00:00,29884.0,28699.729,1184.271484375,1184.271484375,3.9628948078403154
2025-09-23 11:00:00,30641.0,29195.84,1445.16015625,1445.16015625,4.716426214059593
2025-09-23 12:00:00,32244.0,30156.178,2087.822265625,2087.822265625,6.475072154897036
2025-09-23 13:00:00,33383.0,31021.414,2361.5859375,2361.5859375,7.0742172288290455
2025-09-23 14:00:00,33941.0,31886.05,2054.94921875,2054.94921875,6.05447458457323
2025-09-23 15:00:00,34524.0,32911.16,1612.83984375,1612.83984375,4.671648255561349
2025-09-23 16:00:00,35383.0,34111.92,1271.078125,1271.078125,3.592341307972755
2025-09-23 17:00:00,36322.0,35019.29,1302.7109375,1302.7109375,3.5865616912614944
2025-09-23 18:00:00,37229.0,36331.242,897.7578125,897.7578125,2.4114475610411237
2025-09-23 19:00:00,38052.0,37546.656,505.34375,505.34375,1.32803466309261
2025-09-23 20:00:00,38485.0,38753.1,-268.1015625,268.1015625,0.6966391126412889
2025-09-23 21:00:00,38849.0,39161.375,-312.375,312.375,0.8040747509588407
2025-09-23 22:00:00,39146.0,39393.66,-247.66015625,247.66015625,0.6326576310478721
2025-09-23 23:00:00,38976.0,39546.426,-570.42578125,570.42578125,1.4635308426980707
2025-09-24 00:00:00,38348.0,39107.508,-759.5078125,759.5078125,1.9805669461249609
2025-09-24 01:00:00,37562.0,38191.51,-629.51171875,629.51171875,1.6759270506096589
2025-09-24 02:00:00,36692.0,37273.754,-581.75390625,581.75390625,1.5855061219066828
2025-09-24 03:00:00,35283.0,36074.57,-791.5703125,791.5703125,2.2434892511974605
2025-09-24 04:00:00,33456.0,34266.754,-810.75390625,810.75390625,2.42334381351626
2025-09-24 05:00:00,31610.0,32670.639,-1060.638671875,1060.638671875,3.355389661104081
2025-09-24 06:00:00,30251.0,31170.4,-919.400390625,919.400390625,3.0392396635648407
2025-09-24 07:00:00,29379.0,30308.443,-929.443359375,929.443359375,3.1636317075972635
2025-09-24 08:00:00,28734.0,29677.94,-943.939453125,943.939453125,3.2850958903215703
2025-09-24 09:00:00,28478.0,29349.805,-871.8046875,871.8046875,3.0613269453613317
2025-09-24 10:00:00,28533.0,29541.594,-1008.59375,1008.59375,3.5348324746784425
2025-09-24 11:00:00,29317.0,29838.6,-521.599609375,521.599609375,1.779171161356892
2025-09-24 12:00:00,31008.0,30981.31,26.689453125,26.689453125,0.08607279774574303
2025-09-24 13:00:00,32015.0,31993.172,21.828125,21.828125,0.0681809308136811
2025-09-24 14:00:00,32558.0,32444.088,113.912109375,113.912109375,0.349874406827815
2025-09-24 15:00:00,33139.0,32918.746,220.25390625,220.25390625,0.6646365498355412
2025-09-24 16:00:00,33781.0,34003.305,-222.3046875,222.3046875,0.6580761004706788
2025-09-24 17:00:00,34392.0,35018.594,-626.59375,626.59375,1.821917160967667
2025-09-24 18:00:00,35000.0,36197.367,-1197.3671875,1197.3671875,3.4210491071428573
2025-09-24 19:00:00,35585.0,36905.16,-1320.16015625,1320.16015625,3.7098781965715895
2025-09-24 20:00:00,36029.0,37599.77,-1570.76953125,1570.76953125,4.359736687807044
2025-09-24 21:00:00,36582.0,37615.254,-1033.25390625,1033.25390625,2.8244871965720844
2025-09-24 22:00:00,37128.0,37653.688,-525.6875,525.6875,1.4158788515406162
2025-09-24 23:00:00,37313.0,36671.31,641.69140625,641.69140625,1.7197529178838475
2025-09-25 00:00:00,36716.0,36453.656,262.34375,262.34375,0.714521598213313
2025-09-25 01:00:00,35744.0,35364.395,379.60546875,379.60546875,1.06201171875
2025-09-25 02:00:00,34952.0,34782.656,169.34375,169.34375,0.4845037479972534
2025-09-25 03:00:00,33584.0,33840.13,-256.12890625,256.12890625,0.7626515788768462
2025-09-25 04:00:00,31777.0,32284.533,-507.533203125,507.533203125,1.5971715489977028
2025-09-25 05:00:00,30103.0,30722.1,-619.099609375,619.099609375,2.0566043562933927
2025-09-25 06:00:00,28684.0,29534.031,-850.03125,850.03125,2.9634334472179615
2025-09-25 07:00:00,27768.0,28672.787,-904.787109375,904.787109375,3.258380543701383
2025-09-25 08:00:00,27204.0,28242.078,-1038.078125,1038.078125,3.815902532715777
2025-09-25 09:00:00,26889.0,27784.756,-895.755859375,895.755859375,3.331309678214139
2025-09-25 10:00:00,26939.0,27850.498,-911.498046875,911.498046875,3.38356303825309
2025-09-25 11:00:00,27737.0,28526.846,-789.845703125,789.845703125,2.847624844521758
2025-09-25 12:00:00,29458.0,29965.914,-507.9140625,507.9140625,1.724197374227714
2025-09-25 13:00:00,30474.0,30822.227,-348.2265625,348.2265625,1.1427005398044234
2025-09-25 14:00:00,30971.0,31294.648,-323.6484375,323.6484375,1.0450048028801138
2025-09-25 15:00:00,31758.0,32652.615,-894.615234375,894.615234375,2.8169759883336485
2025-09-25 16:00:00,33037.0,33519.785,-482.78515625,482.78515625,1.461346842176953
2025-09-25 17:00:00,34454.0,34353.43,100.5703125,100.5703125,0.2918973486387647
2025-09-25 18:00:00,35879.0,35623.883,255.1171875,255.1171875,0.7110487680816077
2025-09-25 19:00:00,37227.0,36327.375,899.625,899.625,2.4165927955516158
2025-09-25 20:00:00,38279.0,36772.418,1506.58203125,1506.58203125,3.9357925527051383
2025-09-25 21:00:00,39217.0,36784.137,2432.86328125,2432.86328125,6.203593546803682
2025-09-25 22:00:00,39848.0,37762.594,2085.40625,2085.40625,5.23340255470789
2025-09-25 23:00:00,39776.0,36943.37,2832.62890625,2832.62890625,7.121452399059734
2025-09-26 00:00:00,38843.0,36604.66,2238.33984375,2238.33984375,5.762530813145226
2025-09-26 01:00:00,37382.0,35408.418,1973.58203125,1973.58203125,5.27949823778824
2025-09-26 02:00:00,36130.0,34158.09,1971.91015625,1971.91015625,5.457819419457515
2025-09-26 03:00:00,34392.0,33219.176,1172.82421875,1172.82421875,3.410165790736218
2025-09-26 04:00:00,32259.0,31133.549,1125.451171875,1125.451171875,3.4887974576862266
2025-09-26 05:00:00,30313.0,29668.064,644.935546875,644.935546875,2.127587328456438
2025-09-26 06:00:00,28740.0,28399.318,340.681640625,340.681640625,1.1853919298016702
2025-09-26 07:00:00,27680.0,27370.602,309.3984375,309.3984375,1.1177689216040463
2025-09-26 08:00:00,27004.0,26905.451,98.548828125,98.548828125,0.36494159430084433
2025-09-26 09:00:00,26625.0,26499.832,125.16796875,125.16796875,0.4701144366197183
2025-09-26 10:00:00,26662.0,26458.031,203.96875,203.96875,0.7650166904208237
2025-09-26 11:00:00,27382.0,27235.322,146.677734375,146.677734375,0.5356720998283544
2025-09-26 12:00:00,28919.0,28655.607,263.392578125,263.392578125,0.9107942118503406
2025-09-26 13:00:00,29861.0,29558.172,302.828125,302.828125,1.0141258665148523
2025-09-26 14:00:00,30686.0,30481.62,204.380859375,204.380859375,0.666039429625888
2025-09-26 15:00:00,31721.0,31650.617,70.3828125,70.3828125,0.2218808123955739
2025-09-26 16:00:00,33052.0,33160.69,-108.69140625,108.69140625,0.32884971030497395
2025-09-26 17:00:00,34442.0,34654.152,-212.15234375,212.15234375,0.6159698732651995
2025-09-26 18:00:00,36001.0,36208.074,-207.07421875,207.07421875,0.5751901856892864
2025-09-26 19:00:00,37598.0,37372.86,225.140625,225.140625,0.5988101095802968
2025-09-26 20:00:00,38961.0,38032.535,928.46484375,928.46484375,2.3830621486871486
2025-09-26 21:00:00,40106.0,38887.508,1218.4921875,1218.4921875,3.038179293621902
2025-09-26 22:00:00,40757.0,39524.36,1232.640625,1232.640625,3.0243654464263807
2025-09-26 23:00:00,40433.0,37802.824,2630.17578125,2630.17578125,6.505022583656913
2025-09-27 00:00:00,38839.0,36605.168,2233.83203125,2233.83203125,5.7515178847292665
2025-09-27 01:00:00,36762.0,35547.016,1214.984375,1214.984375,3.305000748055057
2025-09-27 02:00:00,35120.0,34268.68,851.3203125,851.3203125,2.4240327804669706
2025-09-27 03:00:00,33603.0,32501.525,1101.474609375,1101.474609375,3.2779055720471386
2025-09-27 04:00:00,32202.0,30891.518,1310.482421875,1310.482421875,4.069568417722501
2025-09-27 05:00:00,30429.0,28868.283,1560.716796875,1560.716796875,5.129043993805252
2025-09-27 06:00:00,28899.0,27782.69,1116.310546875,1116.310546875,3.8627999130592756
2025-09-27 07:00:00,27870.0,26795.379,1074.62109375,1074.62109375,3.855834566738429
2025-09-27 08:00:00,27177.0,26234.559,942.44140625,942.44140625,3.467790434006697
2025-09-27 09:00:00,26613.0,25752.377,860.623046875,860.623046875,3.2338445379138014
2025-09-27 10:00:00,26403.0,25624.139,778.861328125,778.861328125,2.949897087925615
2025-09-27 11:00:00,26453.0,25986.096,466.904296875,466.904296875,1.7650334437492914
2025-09-27 12:00:00,26900.0,26884.514,15.486328125,15.486328125,0.05756999302973977
2025-09-27 13:00:00,27223.0,27769.055,-546.0546875,546.0546875,2.005857868346619
2025-09-27 14:00:00,28170.0,29036.205,-866.205078125,866.205078125,3.0749204051295704
2025-09-27 15:00:00,29465.0,30606.422,-1141.421875,1141.421875,3.87382275581198
2025-09-27 16:00:00,31020.0,32177.445,-1157.4453125,1157.4453125,3.731287274339136
2025-09-27 17:00:00,32725.0,33288.92,-563.921875,563.921875,1.7232142857142856
2025-09-27 18:00:00,34513.0,34962.4,-449.3984375,449.3984375,1.3021135151971721
2025-09-27 19:00:00,36299.0,36862.605,-563.60546875,563.60546875,1.5526749187305435
2025-09-27 20:00:00,37917.0,37768.93,148.0703125,148.0703125,0.39051167682042354
2025-09-27 21:00:00,39154.0,39127.742,26.2578125,26.2578125,0.06706291183531696
2025-09-27 22:00:00,39917.0,39352.023,564.9765625,564.9765625,1.4153783162562317
2025-09-27 23:00:00,39875.0,37892.125,1982.875,1982.875,4.972727272727273
2025-09-28 00:00:00,38653.0,36542.65,2110.3515625,2110.3515625,5.459735499185057
2025-09-28 01:00:00,36765.0,34414.36,2350.640625,2350.640625,6.393691350469196
2025-09-28 02:00:00,35172.0,33631.285,1540.71484375,1540.71484375,4.380515306920278
2025-09-28 03:00:00,33517.0,32508.006,1008.994140625,1008.994140625,3.010395144628099
2025-09-28 04:00:00,31714.0,30473.463,1240.537109375,1240.537109375,3.91163873801791
2025-09-28 05:00:00,30003.0,28885.557,1117.443359375,1117.443359375,3.724438754041263
2025-09-28 06:00:00,28545.0,27748.584,796.416015625,796.416015625,2.7900368387633563
2025-09-28 07:00:00,27494.0,26682.564,811.435546875,811.435546875,2.951318639975995
2025-09-28 08:00:00,26704.0,26211.676,492.32421875,492.32421875,1.8436347316881367
2025-09-28 09:00:00,26223.0,25654.744,568.255859375,568.255859375,2.167013154006025
2025-09-28 10:00:00,25972.0,25550.113,421.88671875,421.88671875,1.6243905696519327
2025-09-28 11:00:00,26012.0,25529.443,482.556640625,482.556640625,1.8551308650815008
2025-09-28 12:00:00,26374.0,25605.354,768.646484375,768.646484375,2.9144099657806932
2025-09-28 13:00:00,26734.0,26114.508,619.4921875,619.4921875,2.317244660357597
2025-09-28 14:00:00,27782.0,27309.205,472.794921875,472.794921875,1.7018030446872074
2025-09-28 15:00:00,29258.0,29216.797,41.203125,41.203125,0.14082686786519924
2025-09-28 16:00:00,30983.0,30537.553,445.447265625,445.447265625,1.4377150877093892
2025-09-28 17:00:00,32963.0,32192.578,770.421875,770.421875,2.3372322755817128
2025-09-28 18:00:00,35082.0,33842.25,1239.75,1239.75,3.5338635197537194
2025-09-28 19:00:00,36994.0,35581.68,1412.3203125,1412.3203125,3.817701012326323
2025-09-28 20:00:00,38753.0,37354.62,1398.37890625,1398.37890625,3.608440394937166
2025-09-28 21:00:00,40017.0,38693.348,1323.65234375,1323.65234375,3.3077250762176074
2025-09-28 22:00:00,40781.0,39292.633,1488.3671875,1488.3671875,3.6496583887104292
2025-09-28 23:00:00,40936.0,38574.336,2361.6640625,2361.6640625,5.7691617708129765
2025-09-29 00:00:00,39661.0,37767.082,1893.91796875,1893.91796875,4.775265295252263
2025-09-29 01:00:00,38162.0,35812.332,2349.66796875,2349.66796875,6.157088121036634
2025-09-29 02:00:00,36666.0,34614.703,2051.296875,2051.296875,5.594547741777124
2025-09-29 03:00:00,34765.0,33432.52,1332.48046875,1332.48046875,3.8328217136487845
2025-09-29 04:00:00,32515.0,31688.195,826.8046875,826.8046875,2.542840804244195
2025-09-29 05:00:00,30538.0,29752.066,785.93359375,785.93359375,2.573624971347174
2025-09-29 06:00:00,28909.0,28394.592,514.408203125,514.408203125,1.779405040385347
2025-09-29 07:00:00,27884.0,27713.066,170.93359375,170.93359375,0.6130167614043897
2025-09-29 08:00:00,27212.0,27127.041,84.958984375,84.958984375,0.31221146690798174
2025-09-29 09:00:00,26853.0,26578.762,274.23828125,274.23828125,1.0212575177819982
2025-09-29 10:00:00,27018.0,26403.496,614.50390625,614.50390625,2.274424110778
2025-09-29 11:00:00,27765.0,26898.768,866.232421875,866.232421875,3.1198718598055106
2025-09-29 12:00:00,29502.0,28455.727,1046.2734375,1046.2734375,3.54644918141143
2025-09-29 13:00:00,30652.0,29273.256,1378.744140625,1378.744140625,4.498056050583974
2025-09-29 14:00:00,31464.0,30390.205,1073.794921875,1073.794921875,3.4127730799485128
2025-09-29 15:00:00,32612.0,32122.22,489.779296875,489.779296875,1.5018376575340366
2025-09-29 16:00:00,34296.0,33924.203,371.796875,371.796875,1.0840823273851177
2025-09-29 17:00:00,36016.0,35523.082,492.91796875,492.91796875,1.3686083095013326
2025-09-29 18:00:00,37696.0,38102.99,-406.98828125,406.98828125,1.0796590652854414
2025-09-29 19:00:00,39288.0,39231.37,56.62890625,56.62890625,0.14413792061189168
2025-09-29 20:00:00,40411.0,40858.188,-447.1875,447.1875,1.1065984509168296
2025-09-29 21:00:00,41278.0,41533.26,-255.26171875,255.26171875,0.618396527811425
2025-09-29 22:00:00,41465.0,40837.688,627.3125,627.3125,1.5128723019413963
2025-09-29 23:00:00,40868.0,39937.863,930.13671875,930.13671875,2.2759536036752475
2025-09-30 00:00:00,39637.0,39094.793,542.20703125,542.20703125,1.3679315570048187
2025-09-30 01:00:00,38381.0,37861.832,519.16796875,519.16796875,1.3526692080717022
2025-09-30 02:00:00,37137.0,36441.934,695.06640625,695.06640625,1.871627773514285
2025-09-30 03:00:00,35400.0,34668.35,731.6484375,731.6484375,2.066803495762712
2025-09-30 04:00:00,33147.0,32922.95,224.05078125,224.05078125,0.6759307969046973
2025-09-30 05:00:00,31028.0,30765.262,262.73828125,262.73828125,0.8467780109900735
2025-09-30 06:00:00,29518.0,29264.33,253.669921875,253.669921875,0.8593736766549225
2025-09-30 07:00:00,28529.0,28292.973,236.02734375,236.02734375,0.8273242796803254
2025-09-30 08:00:00,27855.0,27893.008,-38.0078125,38.0078125,0.1364487973433854
2025-09-30 09:00:00,27427.0,27674.244,-247.244140625,247.244140625,0.901462575655376
2025-09-30 10:00:00,27507.0,27691.787,-184.787109375,184.787109375,0.6717821259134038
2025-09-30 11:00:00,28379.0,28131.94,247.060546875,247.060546875,0.8705752382923994
2025-09-30 12:00:00,30029.0,29169.896,859.103515625,859.103515625,2.8609128363415364
2025-09-30 13:00:00,30999.0,30279.914,719.0859375,719.0859375,2.3197068857059904
2025-09-30 14:00:00,31531.0,31399.842,131.158203125,131.158203125,0.41596588476420027
2025-09-30 15:00:00,32282.0,32962.25,-680.25,680.25,2.1072114491047644
2025-09-30 16:00:00,33641.0,34536.035,-895.03515625,895.03515625,2.660548605124699
2025-09-30 17:00:00,35157.0,36377.566,-1220.56640625,1220.56640625,3.4717592691355916
2025-09-30 18:00:00,36766.0,37737.938,-971.9375,971.9375,2.6435769460914975
2025-09-30 19:00:00,38185.0,38755.543,-570.54296875,570.54296875,1.494154690978133
2025-09-30 20:00:00,39236.0,39243.39,-7.390625,7.390625,0.01883633652767866
2025-09-30 21:00:00,39934.0,39256.426,677.57421875,677.57421875,1.6967351598888167
2025-09-30 22:00:00,40229.0,39339.49,889.51171875,889.51171875,2.2111206312610308
2025-09-30 23:00:00,40009.0,38051.664,1957.3359375,1957.3359375,4.89223908995476
2025-10-01 00:00:00,39069.0,38082.535,986.46484375,986.46484375,2.524929851672682
2025-10-01 01:00:00,38078.0,36857.24,1220.76171875,1220.76171875,3.205950204186144
2025-10-01 02:00:00,36922.0,36491.832,430.16796875,430.16796875,1.1650722299712908
2025-10-01 03:00:00,35124.0,34925.125,198.875,198.875,0.5662082906274911
2025-10-01 04:00:00,33035.0,33083.74,-48.73828125,48.73828125,0.1475352845466929
2025-10-01 05:00:00,30993.0,30929.832,63.16796875,63.16796875,0.20381366356919303
2025-10-01 06:00:00,29442.0,29405.373,36.626953125,36.626953125,0.1244037535663338
2025-10-01 07:00:00,28422.0,28277.496,144.50390625,144.50390625,0.5084227227147984
2025-10-01 08:00:00,27775.0,27653.184,121.81640625,121.81640625,0.4385829207920793
2025-10-01 09:00:00,27418.0,27366.53,51.470703125,51.470703125,0.1877259578561529
2025-10-01 10:00:00,27473.0,27285.934,187.06640625,187.06640625,0.680910007097878
2025-10-01 11:00:00,28146.0,28001.297,144.703125,144.703125,0.5141161266254529
2025-10-01 12:00:00,29820.0,29468.107,351.892578125,351.892578125,1.18005559398055
2025-10-01 13:00:00,30810.0,30439.82,370.1796875,370.1796875,1.2014920074651088
2025-10-01 14:00:00,31387.0,31460.87,-73.869140625,73.869140625,0.2353494778889349
2025-10-01 15:00:00,32429.0,32825.51,-396.51171875,396.51171875,1.2227072026581147
2025-10-01 16:00:00,34002.0,34381.4,-379.3984375,379.3984375,1.1158121213458032
2025-10-01 17:00:00,35788.0,36269.65,-481.6484375,481.6484375,1.3458378157482955
2025-10-01 18:00:00,37700.0,37061.23,638.76953125,638.76953125,1.6943488892572947
2025-10-01 19:00:00,39601.0,38622.863,978.13671875,978.13671875,2.4699798458372264
2025-10-01 20:00:00,41017.0,39632.953,1384.046875,1384.046875,3.3743249750103614
2025-10-01 21:00:00,42040.0,39793.117,2246.8828125,2246.8828125,5.344630857516651
2025-10-01 22:00:00,42509.0,39755.793,2753.20703125,2753.20703125,6.4767626414406365
2025-10-01 23:00:00,42092.0,38504.61,3587.390625,3587.390625,8.522737396654946
2025-10-02 00:00:00,40871.0,37904.254,2966.74609375,2966.74609375,7.258804760710529
2025-10-02 01:00:00,39361.0,37217.35,2143.6484375,2143.6484375,5.446122907192398
2025-10-02 02:00:00,37903.0,36239.48,1663.51953125,1663.51953125,4.388886186449621
2025-10-02 03:00:00,36040.0,35278.75,761.25,761.25,2.112236403995561
2025-10-02 04:00:00,33819.0,32746.379,1072.62109375,1072.62109375,3.171652307135042
2025-10-02 05:00:00,31645.0,30635.21,1009.7890625,1009.7890625,3.1909908753357556
2025-10-02 06:00:00,30113.0,28850.184,1262.81640625,1262.81640625,4.193592157041809
2025-10-02 07:00:00,28992.0,27756.957,1235.04296875,1235.04296875,4.259944014728201
2025-10-02 08:00:00,28257.0,27141.314,1115.685546875,1115.685546875,3.9483510170046356
2025-10-02 09:00:00,27846.0,26902.254,943.74609375,943.74609375,3.389162155246714
2025-10-02 10:00:00,27840.0,27026.887,813.11328125,813.11328125,2.9206655217313218
2025-10-02 11:00:00,28653.0,27787.805,865.1953125,865.1953125,3.019562742121244
2025-10-02 12:00:00,30462.0,29326.994,1135.005859375,1135.005859375,3.7259728821974916
2025-10-02 13:00:00,31535.0,30187.848,1347.15234375,1347.15234375,4.271927521008403
2025-10-02 14:00:00,32077.0,31460.611,616.388671875,616.388671875,1.9215907718146958
2025-10-02 15:00:00,33144.0,32864.402,279.59765625,279.59765625,0.8435845288740043
2025-10-02 16:00:00,34862.0,35028.46,-166.4609375,166.4609375,0.47748533503528195
2025-10-02 17:00:00,36823.0,36842.414,-19.4140625,19.4140625,0.052722652961464306
2025-10-02 18:00:00,38907.0,38816.566,90.43359375,90.43359375,0.23243527835607988
2025-10-02 19:00:00,40975.0,40504.26,470.73828125,470.73828125,1.1488426632092739
2025-10-02 20:00:00,42503.0,41008.875,1494.125,1494.125,3.515340093640449
2025-10-02 21:00:00,43588.0,42499.883,1088.1171875,1088.1171875,2.4963686966596312
2025-10-02 22:00:00,44065.0,42317.344,1747.65625,1747.65625,3.966087030523091
2025-10-02 23:00:00,43589.0,40266.8,3322.19921875,3322.19921875,7.62164587109133
2025-10-03 00:00:00,42129.0,39207.66,2921.33984375,2921.33984375,6.93427293254053
2025-10-03 01:00:00,40598.0,38084.227,2513.7734375,2513.7734375,6.191865208877285
2025-10-03 02:00:00,39237.0,37581.066,1655.93359375,1655.93359375,4.2203369109513975
2025-10-03 03:00:00,37320.0,35860.43,1459.5703125,1459.5703125,3.9109601085209
2025-10-03 04:00:00,35022.0,33790.566,1231.43359375,1231.43359375,3.5161715314659356
2025-10-03 05:00:00,32825.0,31158.947,1666.052734375,1666.052734375,5.075560500761615
2025-10-03 06:00:00,31074.0,29677.654,1396.345703125,1396.345703125,4.493614285656819
2025-10-03 07:00:00,29929.0,28402.592,1526.408203125,1526.408203125,5.1000975746767345
2025-10-03 08:00:00,29104.0,27585.771,1518.228515625,1518.228515625,5.216563069079851
2025-10-03 09:00:00,28594.0,27117.338,1476.662109375,1476.662109375,5.164237635080786
2025-10-03 10:00:00,28565.0,27065.635,1499.365234375,1499.365234375,5.248959336163137
2025-10-03 11:00:00,29227.0,27816.205,1410.794921875,1410.794921875,4.827026112413179
2025-10-03 12:00:00,30772.0,29369.164,1402.8359375,1402.8359375,4.558806504289614
2025-10-03 13:00:00,31853.0,30596.857,1256.142578125,1256.142578125,3.9435612913226383
2025-10-03 14:00:00,32574.0,32172.65,401.349609375,401.349609375,1.232116440642844
2025-10-03 15:00:00,33871.0,33664.336,206.6640625,206.6640625,0.61015046057099
2025-10-03 16:00:00,35745.0,35339.914,405.0859375,405.0859375,1.1332660162260457
2025-10-03 17:00:00,37829.0,37024.34,804.66015625,804.66015625,2.127098670993153
2025-10-03 18:00:00,39830.0,39119.723,710.27734375,710.27734375,1.7832722665076577
2025-10-03 19:00:00,41672.0,40663.734,1008.265625,1008.265625,2.4195278004415433
2025-10-03 20:00:00,42932.0,42440.8,491.19921875,491.19921875,1.1441330912838907
2025-10-03 21:00:00,43815.0,43411.95,403.05078125,403.05078125,0.9198922315417095
2025-10-03 22:00:00,44196.0,43521.406,674.59375,674.59375,1.5263683365010408
2025-10-03 23:00:00,43541.0,41451.15,2089.8515625,2089.8515625,4.799732579637583
2025-10-04 00:00:00,41770.0,39708.977,2061.0234375,2061.0234375,4.934219385922911
2025-10-04 01:00:00,39908.0,38540.973,1367.02734375,1367.02734375,3.425446887215596
2025-10-04 02:00:00,38322.0,37506.332,815.66796875,815.66796875,2.1284587671572464
2025-10-04 03:00:00,36727.0,36496.14,230.859375,230.859375,0.6285821738775288
2025-10-04 04:00:00,34993.0,34386.99,606.01171875,606.01171875,1.7318084152544793
2025-10-04 05:00:00,33280.0,32134.219,1145.78125,1145.78125,3.4428523137019234
2025-10-04 06:00:00,31379.0,29678.908,1700.091796875,1700.091796875,5.417928540982823
2025-10-04 07:00:00,30091.0,28790.598,1300.40234375,1300.40234375,4.321565729786315
2025-10-04 08:00:00,29140.0,27711.941,1428.05859375,1428.05859375,4.900681515957447
2025-10-04 09:00:00,28448.0,27199.67,1248.330078125,1248.330078125,4.3881119169185885
2025-10-04 10:00:00,28087.0,27126.984,960.015625,960.015625,3.418006996119201
2025-10-04 11:00:00,28024.0,27637.625,386.375,386.375,1.3787289466171853
2025-10-04 12:00:00,28454.0,28431.951,22.048828125,22.048828125,0.07748937978843044
2025-10-04 13:00:00,28915.0,29393.979,-478.978515625,478.978515625,1.6565053281168942
2025-10-04 14:00:00,29943.0,30108.658,-165.658203125,165.658203125,0.5532451762515446
2025-10-04 15:00:00,31368.0,31778.354,-410.353515625,410.353515625,1.3081915188249171
2025-10-04 16:00:00,33164.0,34022.33,-858.328125,858.328125,2.588132085996864
2025-10-04 17:00:00,34907.0,35924.742,-1017.7421875,1017.7421875,2.9155819391526054
2025-10-04 18:00:00,36616.0,38015.74,-1399.73828125,1399.73828125,3.8227503857603233
2025-10-04 19:00:00,38098.0,39334.44,-1236.44140625,1236.44140625,3.24542339820988
2025-10-04 20:00:00,39378.0,40607.965,-1229.96484375,1229.96484375,3.123482258494591
2025-10-04 21:00:00,40220.0,41495.49,-1275.48828125,1275.48828125,3.171278670437593
2025-10-04 22:00:00,40559.0,40894.37,-335.37109375,335.37109375,0.8268721954436746
2025-10-04 23:00:00,40144.0,39254.723,889.27734375,889.27734375,2.2152185725139497
2025-10-05 00:00:00,38647.0,38318.4,328.6015625,328.6015625,0.8502640890625404
2025-10-05 01:00:00,37888.0,37364.94,523.05859375,523.05859375,1.3805389404296875
2025-10-05 02:00:00,36414.0,36567.574,-153.57421875,153.57421875,0.42174498475860933
2025-10-05 03:00:00,34954.0,34722.47,231.53125,231.53125,0.6623884247868628
2025-10-05 04:00:00,33320.0,33182.34,137.66015625,137.66015625,0.41314572704081637
2025-10-05 05:00:00,31638.0,31384.672,253.328125,253.328125,0.8007084044503445
2025-10-05 06:00:00,30253.0,29389.924,863.076171875,863.076171875,2.8528614414272964
2025-10-05 07:00:00,29157.0,28438.264,718.736328125,718.736328125,2.4650558292176834
2025-10-05 08:00:00,28543.0,27440.973,1102.02734375,1102.02734375,3.860937335774095
2025-10-05 09:00:00,28019.0,26778.29,1240.7109375,1240.7109375,4.428105705057282
2025-10-05 10:00:00,27742.0,26412.668,1329.33203125,1329.33203125,4.791767108535794
2025-10-05 11:00:00,27729.0,26306.584,1422.416015625,1422.416015625,5.129705418965703
2025-10-05 12:00:00,28073.0,26719.533,1353.466796875,1353.466796875,4.8212403265593275
2025-10-05 13:00:00,28397.0,27087.049,1309.951171875,1309.951171875,4.61299141414586
2025-10-05 14:00:00,29204.0,28732.729,471.271484375,471.271484375,1.6137223817798931
2025-10-05 15:00:00,30681.0,30302.287,378.712890625,378.712890625,1.2343564115413448
2025-10-05 16:00:00,32161.0,32130.475,30.525390625,30.525390625,0.09491430809054445
2025-10-05 17:00:00,33906.0,33368.863,537.13671875,537.13671875,1.5841937083407067
2025-10-05 18:00:00,35746.0,35065.71,680.2890625,680.2890625,1.903119404968388
2025-10-05 19:00:00,37525.0,36709.047,815.953125,815.953125,2.1744253830779483
2025-10-05 20:00:00,38859.0,37952.62,906.37890625,906.37890625,2.3324812945520983
2025-10-05 21:00:00,39835.0,39211.445,623.5546875,623.5546875,1.56534376176729
2025-10-05 22:00:00,40354.0,38877.016,1476.984375,1476.984375,3.660069323982753
2025-10-05 23:00:00,40164.0,37965.34,2198.66015625,2198.66015625,5.4742061454287425
2025-10-06 00:00:00,39052.0,36772.402,2279.59765625,2279.59765625,5.837339076743829
2025-10-06 01:00:00,38021.0,36095.277,1925.72265625,1925.72265625,5.064892181294548
2025-10-06 02:00:00,36641.0,34993.246,1647.75390625,1647.75390625,4.4970222053164495
2025-10-06 03:00:00,34888.0,34141.01,746.98828125,746.98828125,2.1411037641882595
2025-10-06 04:00:00,32844.0,32498.58,345.419921875,345.419921875,1.0516987025788576
2025-10-06 05:00:00,30981.0,30703.64,277.359375,277.359375,0.8952563668054614
2025-10-06 06:00:00,29271.0,29321.537,-50.537109375,50.537109375,0.17265248667623245
2025-10-06 07:00:00,28336.0,28272.834,63.166015625,63.166015625,0.2229178981684077
2025-10-06 08:00:00,27717.0,27652.54,64.4609375,64.4609375,0.23256823429664103
2025-10-06 09:00:00,27444.0,27406.664,37.3359375,37.3359375,0.13604408067337123
2025-10-06 10:00:00,27596.0,27318.854,277.146484375,277.146484375,1.004299479544137
2025-10-06 11:00:00,28450.0,27940.393,509.607421875,509.607421875,1.7912387412126536
2025-10-06 12:00:00,30038.0,28995.445,1042.5546875,1042.5546875,3.4707859627804782
2025-10-06 13:00:00,31167.0,29761.96,1405.0390625,1405.0390625,4.508098509641608
2025-10-06 14:00:00,31782.0,30609.914,1172.0859375,1172.0859375,3.687892321125165
2025-10-06 15:00:00,32888.0,32069.803,818.197265625,818.197265625,2.4878291949191196
2025-10-06 16:00:00,34195.0,33632.438,562.5625,562.5625,1.6451601111273577
2025-10-06 17:00:00,35573.0,34823.734,749.265625,749.265625,2.106276178562393
2025-10-06 18:00:00,36831.0,37019.582,-188.58203125,188.58203125,0.5120198508050283
2025-10-06 19:00:00,37947.0,37940.586,6.4140625,6.4140625,0.016902686641895273
2025-10-06 20:00:00,38654.0,37544.945,1109.0546875,1109.0546875,2.869184786826719
2025-10-06 21:00:00,39059.0,37952.926,1106.07421875,1106.07421875,2.8318037296141734
2025-10-06 22:00:00,39109.0,38123.44,985.55859375,985.55859375,2.520030156102176
2025-10-06 23:00:00,38871.0,37508.242,1362.7578125,1362.7578125,3.505847064649739
2025-10-07 00:00:00,37862.0,36427.06,1434.94140625,1434.94140625,3.7899250072632187
2025-10-07 01:00:00,36934.0,35955.848,978.15234375,978.15234375,2.6483791188335952
2025-10-07 02:00:00,35670.0,34854.055,815.9453125,815.9453125,2.2874833543594058
2025-10-07 03:00:00,34093.0,33995.71,97.2890625,97.2890625,0.28536374769014167
2025-10-07 04:00:00,32279.0,32028.766,250.234375,250.234375,0.7752234424858266
2025-10-07 05:00:00,30546.0,30398.28,147.720703125,147.720703125,0.48360080902573166
2025-10-07 06:00:00,29141.0,28899.998,241.001953125,241.001953125,0.8270201884801481
2025-10-07 07:00:00,28103.0,28146.86,-43.859375,43.859375,0.15606652314699498
2025-10-07 08:00:00,27531.0,27582.836,-51.8359375,51.8359375,0.1882820729359631
2025-10-07 09:00:00,27178.0,27254.916,-76.916015625,76.916015625,0.2830083730406947
2025-10-07 10:00:00,27281.0,27384.21,-103.2109375,103.2109375,0.3783253454785382
2025-10-07 11:00:00,28138.0,28057.117,80.8828125,80.8828125,0.2874504673395408
2025-10-07 12:00:00,29737.0,29358.357,378.642578125,378.642578125,1.2733045637589535
2025-10-07 13:00:00,30675.0,30190.77,484.23046875,484.23046875,1.578583435207824
2025-10-07 14:00:00,30929.0,30778.281,150.71875,150.71875,0.48730560315561444
2025-10-07 15:00:00,31260.0,31434.035,-174.03515625,174.03515625,0.5567343450095968
2025-10-07 16:00:00,31999.0,32499.447,-500.447265625,500.447265625,1.5639465784087
2025-10-07 17:00:00,32592.0,33397.242,-805.2421875,805.2421875,2.4706743602724597
2025-10-07 18:00:00,33365.0,33998.676,-633.67578125,633.67578125,1.899223081822269
2025-10-07 19:00:00,33901.0,34839.73,-938.73046875,938.73046875,2.769034744550308
2025-10-07 20:00:00,33915.0,35064.9,-1149.8984375,1149.8984375,3.390530554326994
2025-10-07 21:00:00,33915.0,35174.25,-1259.25,1259.25,3.7129588677576293
2025-10-07 22:00:00,33915.0,35147.08,-1232.078125,1232.078125,3.632841294412502
2025-10-07 23:00:00,33915.0,34904.766,-989.765625,989.765625,2.9183712958867756
2025-10-08 00:00:00,33915.0,34774.246,-859.24609375,859.24609375,2.5335282139171458
2025-10-08 01:00:00,33915.0,34220.152,-305.15234375,305.15234375,0.8997562840925843
2025-10-08 02:00:00,33915.0,33663.258,251.7421875,251.7421875,0.7422738832375055
2025-10-08 03:00:00,33915.0,32537.207,1377.79296875,1377.79296875,4.062488482235
2025-10-08 04:00:00,33915.0,30994.512,2920.48828125,2920.48828125,8.611199413976117
2025-10-08 05:00:00,33915.0,29481.71,4433.2890625,4433.2890625,13.071764890166593
2025-10-08 06:00:00,33915.0,28404.49,5510.509765625,5510.509765625,16.24800166777237
2025-10-08 07:00:00,33915.0,27633.879,6281.12109375,6281.12109375,18.52018603494029
2025-10-08 08:00:00,33915.0,26816.262,7098.73828125,7098.73828125,20.930969427244584
2025-10-08 09:00:00,33915.0,26576.521,7338.478515625,7338.478515625,21.637854977517325
2025-10-08 10:00:00,33915.0,26730.664,7184.3359375,7184.3359375,21.183358211705734
2025-10-08 11:00:00,33915.0,27642.068,6272.931640625,6272.931640625,18.496039040616246
2025-10-08 12:00:00,33915.0,29010.629,4904.37109375,4904.37109375,14.460772795960489
2025-10-08 13:00:00,33915.0,29765.56,4149.439453125,4149.439453125,12.234820737505528
2025-10-08 14:00:00,33915.0,30097.014,3817.986328125,3817.986328125,11.25751534166298
2025-10-08 15:00:00,33915.0,30417.014,3497.986328125,3497.986328125,10.313980032802593
2025-10-08 16:00:00,33915.0,31140.803,2774.197265625,2774.197265625,8.179853355816011
2025-10-08 17:00:00,33915.0,31449.383,2465.6171875,2465.6171875,7.269990232935279
2025-10-08 18:00:00,33915.0,32393.1,1521.900390625,1521.900390625,4.487396109759693
2025-10-08 19:00:00,33915.0,32579.486,1335.513671875,1335.513671875,3.9378259527495207
2025-10-08 20:00:00,33915.0,32892.84,1022.16015625,1022.16015625,3.0138881210378887
2025-10-08 21:00:00,33915.0,32875.46,1039.5390625,1039.5390625,3.0651306575261685
2025-10-08 22:00:00,33915.0,32955.83,959.171875,959.171875,2.8281641604010024
2025-10-08 23:00:00,33915.0,32712.93,1202.0703125,1202.0703125,3.544361823676839
2025-10-09 00:00:00,33915.0,33127.195,787.8046875,787.8046875,2.3228798098186645
2025-10-09 01:00:00,33915.0,33008.53,906.46875,906.46875,2.672766475011057
2025-10-09 02:00:00,33915.0,32846.773,1068.2265625,1068.2265625,3.1497171236915817
2025-10-09 03:00:00,33915.0,32823.324,1091.67578125,1091.67578125,3.218858266991007
2025-10-09 04:00:00,33915.0,32409.701,1505.298828125,1505.298828125,4.4384456085065604
2025-10-09 05:00:00,33915.0,31830.016,2084.984375,2084.984375,6.1476761757334515
2025-10-09 06:00:00,33915.0,31423.598,2491.40234375,2491.40234375,7.346018999705145
2025-10-09 07:00:00,33915.0,31168.773,2746.2265625,2746.2265625,8.097380399528232
2025-10-09 08:00:00,33915.0,31059.879,2855.12109375,2855.12109375,8.418461134453782
2025-10-09 09:00:00,33915.0,30980.889,2934.111328125,2934.111328125,8.651367619416188
2025-10-09 10:00:00,33915.0,30980.889,2934.111328125,2934.111328125,8.651367619416188
2025-10-09 11:00:00,33915.0,31202.967,2712.033203125,2712.033203125,7.99655964359428
2025-10-09 12:00:00,33915.0,31613.242,2301.7578125,2301.7578125,6.786843026684358
2025-10-09 13:00:00,33915.0,31922.139,1992.861328125,1992.861328125,5.876046964838567
2025-10-09 14:00:00,33915.0,32115.727,1799.2734375,1799.2734375,5.305243808049536
2025-10-09 15:00:00,33915.0,32507.912,1407.087890625,1407.087890625,4.148865960858028
2025-10-09 16:00:00,33915.0,32871.82,1043.1796875,1043.1796875,3.0758652145068557
2025-10-09 17:00:00,33915.0,33264.484,650.515625,650.515625,1.9180764411027569
2025-10-09 18:00:00,33915.0,34411.992,-496.9921875,496.9921875,1.4654052410437859
2025-10-09 19:00:00,33915.0,35008.0,-1093.0,1093.0,3.222762789326257
2025-10-09 20:00:00,33915.0,35284.188,-1369.1875,1369.1875,4.037114845938375
2025-10-09 21:00:00,33915.0,35456.96,-1541.9609375,1541.9609375,4.546545591920979
2025-10-09 22:00:00,33915.0,35649.57,-1734.5703125,1734.5703125,5.1144635485773255
2025-10-09 23:00:00,33915.0,34535.82,-620.8203125,620.8203125,1.830518391567153
2025-10-10 00:00:00,33915.0,34764.59,-849.58984375,849.58984375,2.5050562988353233
2025-10-10 01:00:00,33915.0,34401.316,-486.31640625,486.31640625,1.4339271892967713
2025-10-10 02:00:00,33915.0,34167.29,-252.2890625,252.2890625,0.7438863703376087
2025-10-10 03:00:00,33915.0,33813.168,101.83203125,101.83203125,0.3002566158042164
2025-10-10 04:00:00,33915.0,33190.77,724.23046875,724.23046875,2.1354281844316674
2025-10-10 05:00:00,33915.0,32363.754,1551.24609375,1551.24609375,4.573923319327731
2025-10-10 06:00:00,33915.0,31828.684,2086.31640625,2086.31640625,6.151603733598702
2025-10-10 07:00:00,33915.0,31583.086,2331.9140625,2331.9140625,6.875760172490049
2025-10-10 08:00:00,33915.0,31327.914,2587.0859375,2587.0859375,7.628146653398201
2025-10-10 09:00:00,33915.0,31188.252,2726.748046875,2726.748046875,8.039947064352058
2025-10-10 10:00:00,33915.0,31238.51,2676.490234375,2676.490234375,7.891759499852573
2025-10-10 11:00:00,33915.0,31257.02,2657.98046875,2657.98046875,7.837182570396579
2025-10-10 12:00:00,33915.0,31541.037,2373.962890625,2373.962890625,6.999743153840483
2025-10-10 13:00:00,33915.0,31858.201,2056.798828125,2056.798828125,6.064569742370632
2025-10-10 14:00:00,33915.0,32162.05,1752.94921875,1752.94921875,5.168654632905794
2025-10-10 15:00:00,33915.0,32792.176,1122.82421875,1122.82421875,3.3107009251068846
2025-10-10 16:00:00,33915.0,33397.38,517.62109375,517.62109375,1.5262305580126787
2025-10-10 17:00:00,33915.0,34402.805,-487.8046875,487.8046875,1.438315457762052
2025-10-10 18:00:00,33915.0,34687.742,-772.7421875,772.7421875,2.2784673079758218
2025-10-10 19:00:00,33915.0,35121.63,-1206.62890625,1206.62890625,3.557803055432699
2025-10-10 20:00:00,33915.0,35317.258,-1402.2578125,1402.2578125,4.134624244434616
2025-10-10 21:00:00,33915.0,35645.816,-1730.81640625,1730.81640625,5.103394976411617
2025-10-10 22:00:00,33915.0,35681.582,-1766.58203125,1766.58203125,5.208851632758367
2025-10-10 23:00:00,33915.0,34300.13,-385.12890625,385.12890625,1.1355710047176766
2025-10-11 00:00:00,33915.0,33632.44,282.55859375,282.55859375,0.8331375313283209
2025-10-11 01:00:00,33915.0,33090.418,824.58203125,824.58203125,2.4313195673006045
2025-10-11 02:00:00,33915.0,32763.557,1151.443359375,1151.443359375,3.3950858303847857
2025-10-11 03:00:00,33915.0,32494.936,1420.064453125,1420.064453125,4.187127976190476
2025-10-11 04:00:00,33915.0,31753.807,2161.193359375,2161.193359375,6.372382012015332
2025-10-11 05:00:00,33915.0,31253.889,2661.111328125,2661.111328125,7.846414059044671
2025-10-11 06:00:00,25015.0,30944.158,-5929.158203125,5929.158203125,23.702411365680593
2025-10-11 07:00:00,24481.0,30588.049,-6107.048828125,6107.048828125,24.946075847085496
2025-10-11 08:00:00,24875.0,30236.744,-5361.744140625,5361.744140625,21.55475031407035
2025-10-11 09:00:00,26368.0,30028.955,-3660.955078125,3660.955078125,13.884083275656097
2025-10-11 10:00:00,26268.0,29790.098,-3522.09765625,3522.09765625,13.408320603966803
2025-10-11 11:00:00,26431.0,29698.736,-3267.736328125,3267.736328125,12.363271643619235
2025-10-11 12:00:00,27006.0,29855.256,-2849.255859375,2849.255859375,10.550454933625861
2025-10-11 13:00:00,27574.0,29908.957,-2334.95703125,2334.95703125,8.467966313374918
2025-10-11 14:00:00,28278.0,30703.125,-2425.125,2425.125,8.576013155102908
2025-10-11 15:00:00,29237.0,31033.818,-1796.818359375,1796.818359375,6.145700172298799
2025-10-11 16:00:00,30349.0,31748.043,-1399.04296875,1399.04296875,4.609848656463146
2025-10-11 17:00:00,31592.0,31974.312,-382.3125,382.3125,1.2101560521651051
2025-10-11 18:00:00,32868.0,32374.123,493.876953125,493.876953125,1.502607256678228
2025-10-11 19:00:00,34188.0,33353.062,834.9375,834.9375,2.4421946296946295
2025-10-11 20:00:00,35384.0,33696.44,1687.55859375,1687.55859375,4.769270273993896
2025-10-11 21:00:00,36426.0,33676.324,2749.67578125,2749.67578125,7.5486624423488715
2025-10-11 22:00:00,37084.0,33478.707,3605.29296875,3605.29296875,9.721963565823536
2025-10-11 23:00:00,36951.0,32756.967,4194.033203125,4194.033203125,11.350256293808016
2025-10-12 00:00:00,35837.0,33260.973,2576.02734375,2576.02734375,7.188177982950582
2025-10-12 01:00:00,34823.0,33014.746,1808.25390625,1808.25390625,5.192699957642937
2025-10-12 02:00:00,33683.0,32941.48,741.51953125,741.51953125,2.201465223554909
2025-10-12 03:00:00,32451.0,32546.082,-95.08203125,95.08203125,0.29300185279344243
2025-10-12 04:00:00,31051.0,31899.943,-848.943359375,848.943359375,2.734029046971112
2025-10-12 05:00:00,29674.0,31210.947,-1536.947265625,1536.947265625,5.179440808873088
2025-10-12 06:00:00,33915.0,25879.13,8035.869140625,8035.869140625,23.694144598628924
2025-10-12 07:00:00,33915.0,24930.635,8984.365234375,8984.365234375,26.490830707282914
2025-10-12 08:00:00,33915.0,25164.69,8750.310546875,8750.310546875,25.800709263968745
2025-10-12 09:00:00,33915.0,26070.125,7844.875,7844.875,23.130989237800385
2025-10-12 10:00:00,33915.0,25724.504,8190.49609375,8190.49609375,24.150069567300605
2025-10-12 11:00:00,33915.0,25898.9,8016.099609375,8016.099609375,23.635853189960194
2025-10-12 12:00:00,33915.0,26143.807,7771.193359375,7771.193359375,22.91373539547398
2025-10-12 13:00:00,33915.0,26735.502,7179.498046875,7179.498046875,21.16909345975232
2025-10-12 14:00:00,33915.0,27497.793,6417.20703125,6417.20703125,18.92144193203597
2025-10-12 15:00:00,33915.0,29020.686,4894.314453125,4894.314453125,14.431120309966092
2025-10-12 16:00:00,33915.0,30044.48,3870.51953125,3870.51953125,11.412412004275394
2025-10-12 17:00:00,33915.0,31373.637,2541.36328125,2541.36328125,7.493331214064574
2025-10-12 18:00:00,33915.0,32761.379,1153.62109375,1153.62109375,3.4015069843726966
2025-10-12 19:00:00,33915.0,34463.33,-548.328125,548.328125,1.6167717086834736
2025-10-12 20:00:00,33915.0,35413.258,-1498.2578125,1498.2578125,4.417684837092732
2025-10-12 21:00:00,33915.0,36274.56,-2359.55859375,2359.55859375,6.957271395400265
2025-10-12 22:00:00,33915.0,36442.598,-2527.59765625,2527.59765625,7.452742610201976
2025-10-12 23:00:00,33915.0,35916.758,-2001.7578125,2001.7578125,5.902278674627746
2025-10-13 00:00:00,33915.0,37435.848,-3520.84765625,3520.84765625,10.38138775246941
2025-10-13 01:00:00,33915.0,35247.1,-1332.1015625,1332.1015625,3.9277651850213773
2025-10-13 02:00:00,33915.0,34294.02,-379.01953125,379.01953125,1.1175572202565238
2025-10-13 03:00:00,33915.0,33119.777,795.22265625,795.22265625,2.3447520455550643
2025-10-13 04:00:00,33915.0,32126.527,1788.47265625,1788.47265625,5.273397187822497
2025-10-13 05:00:00,33915.0,30263.016,3651.984375,3651.984375,10.768050641309156
2025-10-13 06:00:00,29339.0,32028.484,-2689.484375,2689.484375,9.166925849551792
2025-10-13 07:00:00,28342.0,31436.777,-3094.77734375,3094.77734375,10.919403513337098
2025-10-13 08:00:00,27712.0,31075.645,-3363.64453125,3363.64453125,12.137862771543013
2025-10-13 09:00:00,27298.0,31049.734,-3751.734375,3751.734375,13.743623617114805
2025-10-13 10:00:00,27342.0,31066.09,-3724.08984375,3724.08984375,13.620400277046302
2025-10-13 11:00:00,28144.0,31646.455,-3502.455078125,3502.455078125,12.44476647997797
2025-10-13 12:00:00,29668.0,32258.943,-2590.943359375,2590.943359375,8.733124441738575
2025-10-13 13:00:00,30831.0,32738.178,-1907.177734375,1907.177734375,6.185909423550971
2025-10-13 14:00:00,31355.0,32937.395,-1582.39453125,1582.39453125,5.046705569287195
2025-10-13 15:00:00,31923.0,32938.625,-1015.625,1015.625,3.1814835698399277
2025-10-13 16:00:00,32601.0,32983.406,-382.40625,382.40625,1.1729893254808135
2025-10-13 17:00:00,33181.0,33024.797,156.203125,156.203125,0.47076075163497183
2025-10-13 18:00:00,33752.0,32953.477,798.5234375,798.5234375,2.3658551715453897
2025-10-13 19:00:00,34246.0,33198.477,1047.5234375,1047.5234375,3.0588198256730714
2025-10-13 20:00:00,34562.0,33207.906,1354.09375,1354.09375,3.9178686129274927
2025-10-13 21:00:00,34692.0,33212.99,1479.01171875,1479.01171875,4.263264495416811
2025-10-13 22:00:00,34745.0,33239.844,1505.15625,1505.15625,4.332008202619082
2025-10-13 23:00:00,34652.0,33166.973,1485.02734375,1485.02734375,4.285545837902574
2025-10-14 00:00:00,34489.0,33121.086,1367.9140625,1367.9140625,3.9662328930963495
2025-10-14 01:00:00,34464.0,33086.125,1377.875,1377.875,3.998012418755803
2025-10-14 02:00:00,33729.0,33126.477,602.5234375,602.5234375,1.7863661463429097
2025-10-14 03:00:00,32533.0,33144.43,-611.4296875,611.4296875,1.8794137875388066
2025-10-14 04:00:00,30954.0,32703.596,-1749.595703125,1749.595703125,5.652244308086193
2025-10-14 05:00:00,29420.0,32249.695,-2829.6953125,2829.6953125,9.618270946634942
2025-10-14 06:00:00,28291.0,29061.273,-770.2734375,770.2734375,2.7226801367926194
2025-10-14 07:00:00,27571.0,28180.91,-609.91015625,609.91015625,2.212143760654311
2025-10-14 08:00:00,27064.0,27654.19,-590.189453125,590.189453125,2.180717754674106
2025-10-14 09:00:00,26853.0,27393.432,-540.431640625,540.431640625,2.0125559178676498
2025-10-14 10:00:00,27035.0,27426.174,-391.173828125,391.173828125,1.4469163237469946
2025-10-14 11:00:00,27939.0,28225.21,-286.2109375,286.2109375,1.0244136780128137
2025-10-14 12:00:00,29636.0,29301.426,334.57421875,334.57421875,1.1289452650492644
2025-10-14 13:00:00,30939.0,30089.932,849.068359375,849.068359375,2.7443303253983644
2025-10-14 14:00:00,31352.0,30670.848,681.15234375,681.15234375,2.172596146178872
2025-10-14 15:00:00,32009.0,31086.7,922.30078125,922.30078125,2.8813795534068545
2025-10-14 16:00:00,32908.0,31755.943,1152.056640625,1152.056640625,3.5008406485505046
2025-10-14 17:00:00,33817.0,32701.934,1115.06640625,1115.06640625,3.2973546034538845
2025-10-14 18:00:00,34830.0,33162.188,1667.8125,1667.8125,4.78843669250646
2025-10-14 19:00:00,35991.0,34001.504,1989.49609375,1989.49609375,5.527759978188992
2025-10-14 20:00:00,36822.0,34234.375,2587.625,2587.625,7.0273885177339634
2025-10-14 21:00:00,37529.0,34582.727,2946.2734375,2946.2734375,7.850657991153508
2025-10-14 22:00:00,37919.0,34651.914,3267.0859375,3267.0859375,8.615960171681742
2025-10-14 23:00:00,37727.0,34053.535,3673.46484375,3673.46484375,9.736965154266175
2025-10-15 00:00:00,36968.0,34473.984,2494.015625,2494.015625,6.746417509738152
2025-10-15 01:00:00,36303.0,34063.07,2239.9296875,2239.9296875,6.170095274495221
2025-10-15 02:00:00,35292.0,33511.37,1780.62890625,1780.62890625,5.045417959452568
2025-10-15 03:00:00,33903.0,32667.16,1235.83984375,1235.83984375,3.6452226757219126
2025-10-15 04:00:00,32019.0,31150.602,868.3984375,868.3984375,2.712134787157625
2025-10-15 05:00:00,30168.0,29770.137,397.86328125,397.86328125,1.3188255146181385
2025-10-15 06:00:00,28809.0,28827.965,-18.96484375,18.96484375,0.06582958016592037
2025-10-15 07:00:00,27875.0,28056.203,-181.203125,181.203125,0.6500560538116592
2025-10-15 08:00:00,27250.0,27769.117,-519.1171875,519.1171875,1.9050172018348626
2025-10-15 09:00:00,26947.0,27591.777,-644.77734375,644.77734375,2.392761137603444
2025-10-15 10:00:00,27120.0,27629.424,-509.423828125,509.423828125,1.8784064458886431
2025-10-15 11:00:00,28003.0,28302.738,-299.73828125,299.73828125,1.0703791781237724
2025-10-15 12:00:00,29633.0,29487.21,145.7890625,145.7890625,0.491982122971012
2025-10-15 13:00:00,30892.0,30501.986,390.013671875,390.013671875,1.2625070305418877
2025-10-15 14:00:00,31224.0,31216.916,7.083984375,7.083984375,0.022687626104919294
2025-10-15 15:00:00,31884.0,32394.727,-510.7265625,510.7265625,1.6018271311629657
2025-10-15 16:00:00,32840.0,33338.41,-498.41015625,498.41015625,1.5176923150121802
2025-10-15 17:00:00,33985.0,33834.26,150.73828125,150.73828125,0.44354356701485953
2025-10-15 18:00:00,35362.0,34604.457,757.54296875,757.54296875,2.142251481109666
2025-10-15 19:00:00,36746.0,36273.22,472.78125,472.78125,1.2866196320687966
2025-10-15 20:00:00,37984.0,36730.547,1253.453125,1253.453125,3.2999503080244312
2025-10-15 21:00:00,38952.0,37706.76,1245.23828125,1245.23828125,3.196853258497638
2025-10-15 22:00:00,39469.0,37220.684,2248.31640625,2248.31640625,5.696410869923231
2025-10-15 23:00:00,39159.0,36277.027,2881.97265625,2881.97265625,7.359668674506499
2025-10-16 00:00:00,38008.0,36565.85,1442.1484375,1442.1484375,3.7943286610713534
2025-10-16 01:00:00,37000.0,35834.938,1165.0625,1165.0625,3.1488175675675674
2025-10-16 02:00:00,35657.0,35556.246,100.75390625,100.75390625,0.2825641704293687
2025-10-16 03:00:00,34163.0,33911.438,251.5625,251.5625,0.7363595117524807
2025-10-16 04:00:00,32316.0,32251.111,64.888671875,64.888671875,0.2007942563281347
2025-10-16 05:00:00,30534.0,30643.188,-109.1875,109.1875,0.35759317482151043
2025-10-16 06:00:00,29156.0,29376.545,-220.544921875,220.544921875,0.756430655353958
2025-10-16 07:00:00,28127.0,28364.613,-237.61328125,237.61328125,0.8447871484694421
2025-10-16 08:00:00,27485.0,28002.018,-517.017578125,517.017578125,1.881089969528834
2025-10-16 09:00:00,27157.0,27689.633,-532.6328125,532.6328125,1.9613094690135142
2025-10-16 10:00:00,27208.0,27857.246,-649.24609375,649.24609375,2.386232335158777
2025-10-16 11:00:00,27837.0,28411.92,-574.919921875,574.919921875,2.0653084810683624
2025-10-16 12:00:00,29330.0,29463.57,-133.5703125,133.5703125,0.45540508864643714
2025-10-16 13:00:00,30678.0,30323.691,354.30859375,354.30859375,1.1549272890996805
2025-10-16 14:00:00,31127.0,31031.227,95.7734375,95.7734375,0.30768605230186014
2025-10-16 15:00:00,32004.0,31942.453,61.546875,61.546875,0.19230994563179604
2025-10-16 16:00:00,33062.0,32844.016,217.984375,217.984375,0.6593199897162906
2025-10-16 17:00:00,34237.0,34607.22,-370.21875,370.21875,1.0813410929695944
2025-10-16 18:00:00,35534.0,35781.46,-247.4609375,247.4609375,0.6964060829065121
2025-10-16 19:00:00,36819.0,36318.145,500.85546875,500.85546875,1.3603179574404518
2025-10-16 20:00:00,37966.0,37439.867,526.1328125,526.1328125,1.3857999591739978
2025-10-16 21:00:00,38626.0,37735.453,890.546875,890.546875,2.3055632863874074
2025-10-16 22:00:00,38830.0,37788.508,1041.4921875,1041.4921875,2.6821843613185683
2025-10-16 23:00:00,38231.0,36865.52,1365.48046875,1365.48046875,3.5716577352148784
2025-10-17 00:00:00,37028.0,37132.797,-104.796875,104.796875,0.28302061953116564
2025-10-17 01:00:00,36270.0,36280.6,-10.6015625,10.6015625,0.02922956299972429
2025-10-17 02:00:00,35089.0,34811.023,277.9765625,277.9765625,0.7922042876685002
2025-10-17 03:00:00,33831.0,33604.55,226.44921875,226.44921875,0.6693541980727735
2025-10-17 04:00:00,32158.0,31991.164,166.8359375,166.8359375,0.5188007261023695
2025-10-17 05:00:00,30392.0,30293.553,98.447265625,98.447265625,0.3239249329593314
2025-10-17 06:00:00,29006.0,29121.39,-115.390625,115.390625,0.397816400055161
2025-10-17 07:00:00,28092.0,28448.951,-356.951171875,356.951171875,1.270650618948455
2025-10-17 08:00:00,27467.0,27668.941,-201.94140625,201.94140625,0.7352146439363599
2025-10-17 09:00:00,27199.0,27555.373,-356.373046875,356.373046875,1.31024319598147
2025-10-17 10:00:00,27184.0,27728.738,-544.73828125,544.73828125,2.0038930299072986
2025-10-17 11:00:00,27799.0,28098.818,-299.818359375,299.818359375,1.0785221028634124
2025-10-17 12:00:00,29275.0,29104.742,170.2578125,170.2578125,0.5815809137489325
2025-10-17 13:00:00,30429.0,30156.502,272.498046875,272.498046875,0.895520874412567
2025-10-17 14:00:00,30966.0,30818.605,147.39453125,147.39453125,0.47598828150229283
2025-10-17 15:00:00,31718.0,31873.094,-155.09375,155.09375,0.48897707926098744
2025-10-17 16:00:00,32961.0,32554.611,406.388671875,406.388671875,1.2329379323291163
2025-10-17 17:00:00,34165.0,34041.43,123.5703125,123.5703125,0.361686850578077
2025-10-17 18:00:00,35455.0,35193.22,261.78125,261.78125,0.7383479057960796
2025-10-17 19:00:00,37046.0,36402.383,643.6171875,643.6171875,1.737345968525617
2025-10-17 20:00:00,38147.0,37270.082,876.91796875,876.91796875,2.2987861922300574
2025-10-17 21:00:00,38852.0,37475.85,1376.1484375,1376.1484375,3.542027276588078
2025-10-17 22:00:00,39187.0,37549.348,1637.65234375,1637.65234375,4.179070466608825
2025-10-17 23:00:00,38597.0,36222.766,2374.234375,2374.234375,6.151344340233697
2025-10-18 00:00:00,37256.0,35298.277,1957.72265625,1957.72265625,5.254784883642903
2025-10-18 01:00:00,36179.0,34571.527,1607.47265625,1607.47265625,4.443109694159595
2025-10-18 02:00:00,34892.0,34009.62,882.37890625,882.37890625,2.5288860089705376
2025-10-18 03:00:00,33596.0,32879.67,716.328125,716.328125,2.1321827747350874
2025-10-18 04:00:00,32177.0,31237.273,939.7265625,939.7265625,2.9204915389874757
2025-10-18 05:00:00,30589.0,29287.062,1301.9375,1301.9375,4.256227728922162
2025-10-18 06:00:00,29240.0,27116.992,2123.0078125,2123.0078125,7.2606286337209305
2025-10-18 07:00:00,28163.0,26190.63,1972.369140625,1972.369140625,7.003405676330647
2025-10-18 08:00:00,27529.0,25694.15,1834.849609375,1834.849609375,6.665151692306296
2025-10-18 09:00:00,27165.0,25894.344,1270.65625,1270.65625,4.677549236149457
2025-10-18 10:00:00,27003.0,25844.002,1158.998046875,1158.998046875,4.292108457856535
2025-10-18 11:00:00,27181.0,25930.613,1250.38671875,1250.38671875,4.600223386740738
2025-10-18 12:00:00,27756.0,27039.395,716.60546875,716.60546875,2.58180382169621
2025-10-18 13:00:00,28417.0,27841.332,575.66796875,575.66796875,2.0257872708238027
2025-10-18 14:00:00,29178.0,28391.746,786.25390625,786.25390625,2.6946806026801013
2025-10-18 15:00:00,30339.0,29166.883,1172.1171875,1172.1171875,3.8634008619268925
2025-10-18 16:00:00,31127.0,30457.973,669.02734375,669.02734375,2.1493473310951905
2025-10-18 17:00:00,31601.0,31212.588,388.412109375,388.412109375,1.2291133488655424
2025-10-18 18:00:00,32039.0,32149.121,-110.12109375,110.12109375,0.3437095219888261
2025-10-18 19:00:00,32199.0,32961.035,-762.03515625,762.03515625,2.366642306438088
2025-10-18 20:00:00,32317.0,33720.527,-1403.52734375,1403.52734375,4.343000104434198
2025-10-18 21:00:00,32493.0,34158.81,-1665.80859375,1665.80859375,5.126669109500508
2025-10-18 22:00:00,32691.0,34340.883,-1649.8828125,1649.8828125,5.046902243736808
2025-10-18 23:00:00,32562.0,33823.688,-1261.6875,1261.6875,3.874723604201216
2025-10-19 00:00:00,32158.0,33719.39,-1561.390625,1561.390625,4.855372302381989
2025-10-19 01:00:00,31819.0,32748.076,-929.076171875,929.076171875,2.9198786004431314
2025-10-19 02:00:00,31056.0,31934.01,-878.009765625,878.009765625,2.8271823983288256
2025-10-19 03:00:00,30151.0,31039.084,-888.083984375,888.083984375,2.945454493632052
2025-10-19 04:00:00,28985.0,29870.697,-885.697265625,885.697265625,3.055709041314473
2025-10-19 05:00:00,27807.0,28589.457,-782.45703125,782.45703125,2.8138851053691516
2025-10-19 06:00:00,26715.0,27882.832,-1167.83203125,1167.83203125,4.371446869736103
2025-10-19 07:00:00,25987.0,27177.998,-1190.998046875,1190.998046875,4.583053245372686
2025-10-19 08:00:00,25512.0,26737.443,-1225.443359375,1225.443359375,4.803399809403418
2025-10-19 09:00:00,25224.0,26587.027,-1363.02734375,1363.02734375,5.4036922920631145
2025-10-19 10:00:00,25160.0,26502.273,-1342.2734375,1342.2734375,5.334950069554849
2025-10-19 11:00:00,25298.0,26694.693,-1396.693359375,1396.693359375,5.520963551960629
2025-10-19 12:00:00,25787.0,26837.088,-1050.087890625,1050.087890625,4.072159966746811
2025-10-19 13:00:00,26443.0,27109.424,-666.423828125,666.423828125,2.5202277658548575
2025-10-19 14:00:00,27005.0,27638.242,-633.2421875,633.2421875,2.3449071931123866
2025-10-19 15:00:00,27334.0,28489.266,-1155.265625,1155.265625,4.226478470037316
2025-10-19 16:00:00,27565.0,28809.803,-1244.802734375,1244.802734375,4.515881496009432
2025-10-19 17:00:00,27951.0,29128.469,-1177.46875,1177.46875,4.212617616543237
2025-10-19 18:00:00,28349.0,29394.291,-1045.291015625,1045.291015625,3.6872235903382835
2025-10-19 19:00:00,28657.0,29472.043,-815.04296875,815.04296875,2.844132214642147
2025-10-19 20:00:00,28968.0,29440.49,-472.490234375,472.490234375,1.6310764787869372
2025-10-19 21:00:00,29441.0,29608.896,-167.896484375,167.896484375,0.5702811873747495
2025-10-19 22:00:00,29943.0,29655.236,287.763671875,287.763671875,0.9610382121864877
2025-10-19 23:00:00,30310.0,29833.637,476.36328125,476.36328125,1.5716373515341473
2025-10-20 00:00:00,30243.0,30964.822,-721.822265625,721.822265625,2.3867416116952684
2025-10-20 01:00:00,30530.0,30795.324,-265.32421875,265.32421875,0.8690606575499509
2025-10-20 02:00:00,30063.0,30306.861,-243.861328125,243.861328125,0.8111676417024248
2025-10-20 03:00:00,29159.0,29817.002,-658.001953125,658.001953125,2.2565998598202954
2025-10-20 04:00:00,27982.0,29081.383,-1099.3828125,1099.3828125,3.9288929043670926
2025-10-20 05:00:00,26782.0,28316.049,-1534.048828125,1534.048828125,5.727909895172131
2025-10-20 06:00:00,26038.0,27328.605,-1290.60546875,1290.60546875,4.9566228925032645
2025-10-20 07:00:00,25629.0,26417.965,-788.96484375,788.96484375,3.078406663350111
2025-10-20 08:00:00,25392.0,25914.502,-522.501953125,522.501953125,2.05774241148787
2025-10-20 09:00:00,25434.0,25628.453,-194.453125,194.453125,0.764540084139341
2025-10-20 10:00:00,25846.0,25628.453,217.546875,217.546875,0.8417042288942196
2025-10-20 11:00:00,26804.0,26198.053,605.947265625,605.947265625,2.2606598478771827
2025-10-20 12:00:00,28630.0,27749.16,880.83984375,880.83984375,3.076632356793573
2025-10-20 13:00:00,29997.0,28678.725,1318.275390625,1318.275390625,4.394690771160449
2025-10-20 14:00:00,30365.0,29023.805,1341.1953125,1341.1953125,4.416911946319776
2025-10-20 15:00:00,30580.0,29166.1,1413.900390625,1413.900390625,4.623611480134074
2025-10-20 16:00:00,30971.0,29629.115,1341.884765625,1341.884765625,4.332713718074974
2025-10-20 17:00:00,31399.0,30111.898,1287.1015625,1287.1015625,4.099180109239148
2025-10-20 18:00:00,31870.0,30224.64,1645.359375,1645.359375,5.162721603388767
2025-10-20 19:00:00,32424.0,30353.979,2070.021484375,2070.021484375,6.384226142286578
2025-10-20 20:00:00,32955.0,30652.146,2302.853515625,2302.853515625,6.98787290433925
2025-10-20 21:00:00,33416.0,30682.559,2733.44140625,2733.44140625,8.180037725191525
2025-10-20 22:00:00,33799.0,30794.021,3004.978515625,3004.978515625,8.890732020547945
2025-10-20 23:00:00,33951.0,30803.035,3147.96484375,3147.96484375,9.272082836293482
2025-10-21 00:00:00,33796.0,30748.586,3047.4140625,3047.4140625,9.017085047046988
2025-10-21 01:00:00,33642.0,30645.916,2996.083984375,2996.083984375,8.905784389676596
2025-10-21 02:00:00,32738.0,30525.191,2212.80859375,2212.80859375,6.759144094782821
2025-10-21 03:00:00,31521.0,29602.762,1918.23828125,1918.23828125,6.085588278449288
2025-10-21 04:00:00,30015.0,28552.656,1462.34375,1462.34375,4.8720431450941195
2025-10-21 05:00:00,28508.0,27668.322,839.677734375,839.677734375,2.9454108824715868
2025-10-21 06:00:00,27496.0,26675.39,820.609375,820.609375,2.9844681953738723
2025-10-21 07:00:00,26838.0,25988.328,849.671875,849.671875,3.1659284410164688
2025-10-21 08:00:00,26522.0,25727.143,794.857421875,794.857421875,2.996973915522962
2025-10-21 09:00:00,26413.0,25861.518,551.482421875,551.482421875,2.0879204250747736
2025-10-21 10:00:00,26625.0,26222.172,402.828125,402.828125,1.5129694835680751
2025-10-21 11:00:00,27609.0,27189.732,419.267578125,419.267578125,1.518590235521026
2025-10-21 12:00:00,29439.0,28566.59,872.41015625,872.41015625,2.9634503762016373
2025-10-21 13:00:00,30732.0,29605.207,1126.79296875,1126.79296875,3.666513629929715
2025-10-21 14:00:00,30981.0,29874.588,1106.412109375,1106.412109375,3.5712601574352023
2025-10-21 15:00:00,30977.0,29869.723,1107.27734375,1107.27734375,3.574514458307777
2025-10-21 16:00:00,31048.0,30218.957,829.04296875,829.04296875,2.6701976576591084
2025-10-21 17:00:00,31236.0,30504.81,731.189453125,731.189453125,2.3408549530189524
2025-10-21 18:00:00,31496.0,30772.72,723.279296875,723.279296875,2.296416360410846
2025-10-21 19:00:00,31764.0,31038.42,725.580078125,725.580078125,2.2842843411566554
2025-10-21 20:00:00,31912.0,31410.648,501.3515625,501.3515625,1.5710440038230133
2025-10-21 21:00:00,31913.0,31816.785,96.21484375,96.21484375,0.3014910655532228
2025-10-21 22:00:00,32176.0,31796.705,379.294921875,379.294921875,1.1788131584876926
2025-10-21 23:00:00,32217.0,31958.56,258.439453125,258.439453125,0.8021834842629668
2025-10-22 00:00:00,32045.0,32039.348,5.65234375,5.65234375,0.017638769698860978
2025-10-22 01:00:00,32071.0,32370.809,-299.80859375,299.80859375,0.9348277064949643
2025-10-22 02:00:00,31480.0,31525.127,-45.126953125,45.126953125,0.14335118527636595
2025-10-22 03:00:00,30472.0,30841.508,-369.5078125,369.5078125,1.2126142442242058
2025-10-22 04:00:00,29235.0,29635.566,-400.56640625,400.56640625,1.370160445527621
2025-10-22 05:00:00,28019.0,28248.715,-229.71484375,229.71484375,0.8198538268674828
2025-10-22 06:00:00,27225.0,27138.324,86.67578125,86.67578125,0.3183683425160698
2025-10-22 07:00:00,26799.0,26545.264,253.736328125,253.736328125,0.9468126725810665
2025-10-22 08:00:00,26462.0,26212.021,249.978515625,249.978515625,0.9446697741100445
2025-10-22 09:00:00,26407.0,26321.055,85.9453125,85.9453125,0.32546412882947706
2025-10-22 10:00:00,26766.0,26538.037,227.962890625,227.962890625,0.8516883009228124
2025-10-22 11:00:00,27735.0,27313.31,421.689453125,421.689453125,1.520423483414458
2025-10-22 12:00:00,29664.0,29035.723,628.27734375,628.27734375,2.1179791793082523
2025-10-22 13:00:00,30970.0,29859.62,1110.380859375,1110.380859375,3.5853434271068774
2025-10-22 14:00:00,31070.0,30165.703,904.296875,904.296875,2.910514563887995
2025-10-22 15:00:00,30915.0,30059.32,855.6796875,855.6796875,2.767846312469675
2025-10-22 16:00:00,30894.0,30082.336,811.6640625,811.6640625,2.627254685375801
2025-10-22 17:00:00,30963.0,30396.31,566.689453125,566.689453125,1.8302149440461195
2025-10-22 18:00:00,30955.0,30759.488,195.51171875,195.51171875,0.6315998021321273
2025-10-22 19:00:00,31403.0,31024.365,378.634765625,378.634765625,1.2057280056841704
2025-10-22 20:00:00,31849.0,31689.262,159.73828125,159.73828125,0.5015488123645954
2025-10-22 21:00:00,32191.0,31547.926,643.07421875,643.07421875,1.9976832616259204
2025-10-22 22:00:00,32528.0,31167.932,1360.068359375,1360.068359375,4.181223436347147
2025-10-22 23:00:00,32562.0,31073.564,1488.435546875,1488.435546875,4.571081465742276
2025-10-23 00:00:00,32342.0,31402.094,939.90625,939.90625,2.9061475789994433
2025-10-23 01:00:00,32345.0,31289.125,1055.875,1055.875,3.264414901839542
2025-10-23 02:00:00,31582.0,30756.938,825.0625,825.0625,2.6124453802799064
2025-10-23 03:00:00,30695.0,30051.967,643.033203125,643.033203125,2.094911885079003
2025-10-23 04:00:00,29437.0,28961.58,475.419921875,475.419921875,1.615042028314706
2025-10-23 05:00:00,28150.0,27846.383,303.6171875,303.6171875,1.07856904973357
2025-10-23 06:00:00,27270.0,26991.45,278.55078125,278.55078125,1.0214550100843418
2025-10-23 07:00:00,26729.0,26573.986,155.013671875,155.013671875,0.5799456465823637
2025-10-23 08:00:00,26577.0,26264.455,312.544921875,312.544921875,1.175997749463822
2025-10-23 09:00:00,26436.0,26114.645,321.35546875,321.35546875,1.2155979299061885
2025-10-23 10:00:00,26750.0,26265.35,484.650390625,484.650390625,1.8117771612149534
2025-10-23 11:00:00,27748.0,27109.426,638.57421875,638.57421875,2.3013342177814615
2025-10-23 12:00:00,29655.0,28829.842,825.158203125,825.158203125,2.7825263973191703
2025-10-23 13:00:00,31011.0,29856.99,1154.009765625,1154.009765625,3.7212916888362195
2025-10-23 14:00:00,31279.0,30133.361,1145.638671875,1145.638671875,3.662644815611113
2025-10-23 15:00:00,31127.0,30100.941,1026.05859375,1026.05859375,3.2963619807562563
2025-10-23 16:00:00,31202.0,30194.93,1007.0703125,1007.0703125,3.22758256682264
2025-10-23 17:00:00,31377.0,30485.22,891.779296875,891.779296875,2.8421432797112534
2025-10-23 18:00:00,31475.0,30485.22,989.779296875,989.779296875,3.1446522537728354
2025-10-23 19:00:00,31886.0,30756.97,1129.029296875,1129.029296875,3.5408307623251583
2025-10-23 20:00:00,32196.0,31351.803,844.197265625,844.197265625,2.6220563598738975
2025-10-23 21:00:00,32430.0,31593.842,836.158203125,836.158203125,2.578347835723096
2025-10-23 22:00:00,32524.0,31682.63,841.369140625,841.369140625,2.5869177857120897
2025-10-23 23:00:00,32346.0,31628.674,717.326171875,717.326171875,2.2176657759073763
2025-10-24 00:00:00,32255.0,31822.457,432.54296875,432.54296875,1.3410105991319174
2025-10-24 01:00:00,32425.0,31882.77,542.23046875,542.23046875,1.6722605050115653
2025-10-24 02:00:00,31769.0,31208.605,560.39453125,560.39453125,1.763966543643174
2025-10-24 03:00:00,30759.0,30634.406,124.59375,124.59375,0.40506437140349166
2025-10-24 04:00:00,29630.0,29118.75,511.25,511.25,1.7254471819102262
2025-10-24 05:00:00,28344.0,28125.014,218.986328125,218.986328125,0.7726020608418007
2025-10-24 06:00:00,27493.0,27017.074,475.92578125,475.92578125,1.7310798430509584
2025-10-24 07:00:00,26912.0,26544.434,367.56640625,367.56640625,1.3658085844604637
2025-10-24 08:00:00,26513.0,26272.492,240.5078125,240.5078125,0.9071316429676007
2025-10-24 09:00:00,26305.0,26196.627,108.373046875,108.373046875,0.4119864925869607
2025-10-24 10:00:00,26575.0,26255.07,319.9296875,319.9296875,1.2038746472248354
2025-10-24 11:00:00,27392.0,27028.174,363.826171875,363.826171875,1.3282205456885223
2025-10-24 12:00:00,29022.0,28719.29,302.7109375,302.7109375,1.043039547584591
2025-10-24 13:00:00,30390.0,29815.984,574.015625,574.015625,1.8888306186245474
2025-10-24 14:00:00,30880.0,30075.188,804.8125,804.8125,2.6062580958549226
2025-10-24 15:00:00,31035.0,30175.484,859.515625,859.515625,2.7695041888190755
2025-10-24 16:00:00,31234.0,30299.379,934.62109375,934.62109375,2.9923195676186207
2025-10-24 17:00:00,31338.0,30544.564,793.435546875,793.435546875,2.5318640209170975
2025-10-24 18:00:00,31301.0,30595.967,705.033203125,705.033203125,2.252430283776876
2025-10-24 19:00:00,31187.0,30910.639,276.361328125,276.361328125,0.8861427137108411
2025-10-24 20:00:00,31083.0,31101.135,-18.134765625,18.134765625,0.058343035180001925
2025-10-24 21:00:00,31004.0,31157.6,-153.599609375,153.599609375,0.49541868589536836
2025-10-24 22:00:00,31036.0,31291.566,-255.56640625,255.56640625,0.8234514958435366
2025-10-24 23:00:00,30927.0,31186.533,-259.533203125,259.533203125,0.8391800146312283
2025-10-25 00:00:00,30997.0,30394.588,602.412109375,602.412109375,1.9434529450430689
2025-10-25 01:00:00,30959.0,30530.006,428.994140625,428.994140625,1.3856847463580866
2025-10-25 02:00:00,30399.0,30209.076,189.923828125,189.923828125,0.6247699862659957
2025-10-25 03:00:00,29685.0,29435.336,249.6640625,249.6640625,0.8410445090112852
2025-10-25 04:00:00,28768.0,28504.648,263.3515625,263.3515625,0.9154322945634038
2025-10-25 05:00:00,27743.0,27452.67,290.330078125,290.330078125,1.0464984973687057
2025-10-25 06:00:00,26944.0,26605.432,338.568359375,338.568359375,1.2565630915046022
2025-10-25 07:00:00,26351.0,26187.273,163.7265625,163.7265625,0.6213295984972107
2025-10-25 08:00:00,26077.0,25827.26,249.740234375,249.740234375,0.9577030884495916
2025-10-25 09:00:00,25857.0,25410.508,446.4921875,446.4921875,1.7267749062149513
2025-10-25 10:00:00,25869.0,25484.375,384.625,384.625,1.4868181993892302
2025-10-25 11:00:00,26213.0,25773.771,439.228515625,439.228515625,1.6756133049441118
2025-10-25 12:00:00,26868.0,26802.088,65.912109375,65.912109375,0.24531825731353282
2025-10-25 13:00:00,27717.0,27882.41,-165.41015625,165.41015625,0.5967823222210196
2025-10-25 14:00:00,28496.0,28261.512,234.48828125,234.48828125,0.8228813912478945
2025-10-25 15:00:00,29146.0,28696.865,449.134765625,449.134765625,1.5409825211864407
2025-10-25 16:00:00,29561.0,28920.74,640.259765625,640.259765625,2.1658934597104293
2025-10-25 17:00:00,29701.0,28995.121,705.87890625,705.87890625,2.3766166332783407
2025-10-25 18:00:00,29723.0,28988.285,734.71484375,734.71484375,2.471873107526158
2025-10-25 19:00:00,29634.0,28977.828,656.171875,656.171875,2.214253475737329
2025-10-25 20:00:00,29651.0,28904.043,746.95703125,746.95703125,2.5191630341303837
2025-10-25 21:00:00,29742.0,28916.297,825.703125,825.703125,2.776219235424652
2025-10-25 22:00:00,29845.0,28949.72,895.279296875,895.279296875,2.9997630989277937
2025-10-25 23:00:00,29925.0,28924.209,1000.791015625,1000.791015625,3.3443308792815376
2025-10-26 00:00:00,30100.0,29310.514,789.486328125,789.486328125,2.6228781665282392
2025-10-26 01:00:00,30135.0,29198.38,936.619140625,936.619140625,3.1080774535423927
2025-10-26 02:00:00,29601.0,28904.008,696.9921875,696.9921875,2.354623788047701
2025-10-26 03:00:00,28953.0,28492.701,460.298828125,460.298828125,1.5898139333575103
2025-10-26 04:00:00,28039.0,27382.795,656.205078125,656.205078125,2.340329819626235
2025-10-26 05:00:00,27125.0,26474.805,650.1953125,650.1953125,2.3970334101382487
2025-10-26 06:00:00,26425.0,25776.39,648.609375,648.609375,2.4545293282876064
2025-10-26 07:00:00,25895.0,25372.256,522.744140625,522.744140625,2.0187068570187297
2025-10-26 08:00:00,25603.0,24819.51,783.490234375,783.490234375,3.0601501166855445
2025-10-26 09:00:00,25477.0,24660.467,816.533203125,816.533203125,3.2049817605094786
2025-10-26 10:00:00,25486.0,24613.729,872.271484375,872.271484375,3.4225515356470217
2025-10-26 11:00:00,25662.0,24812.588,849.412109375,849.412109375,3.3099996468513755
2025-10-26 12:00:00,26070.0,25225.11,844.890625,844.890625,3.2408539509014194
2025-10-26 13:00:00,26955.0,25952.076,1002.923828125,1002.923828125,3.720733919959191
2025-10-26 14:00:00,27621.0,26567.496,1053.50390625,1053.50390625,3.814141074725752
2025-10-26 15:00:00,28299.0,27144.596,1154.404296875,1154.404296875,4.079311272041415
2025-10-26 16:00:00,28735.0,27621.713,1113.287109375,1113.287109375,3.874324375761267
2025-10-26 17:00:00,29090.0,27854.672,1235.328125,1235.328125,4.246573135097972
2025-10-26 18:00:00,29387.0,27972.578,1414.421875,1414.421875,4.813086994249158
2025-10-26 19:00:00,29690.0,28050.186,1639.814453125,1639.814453125,5.523120421438195
2025-10-26 20:00:00,29718.0,28052.465,1665.53515625,1665.53515625,5.604465832996837
2025-10-26 21:00:00,29835.0,28289.627,1545.373046875,1545.373046875,5.179732015669516
2025-10-26 22:00:00,30042.0,28391.275,1650.724609375,1650.724609375,5.494722752729512
2025-10-26 23:00:00,30305.0,28741.666,1563.333984375,1563.333984375,5.158666835093219
2025-10-27 00:00:00,30712.0,29608.207,1103.79296875,1103.79296875,3.594012010777546
2025-10-27 01:00:00,30837.0,29623.473,1213.52734375,1213.52734375,3.9352963769173397
2025-10-27 02:00:00,30328.0,29124.27,1203.73046875,1203.73046875,3.9690400578673173
2025-10-27 03:00:00,29400.0,28607.682,792.318359375,792.318359375,2.694960406037415
2025-10-27 04:00:00,28261.0,27800.56,460.439453125,460.439453125,1.6292397761048794
2025-10-27 05:00:00,27155.0,26816.414,338.5859375,338.5859375,1.2468640673909042
2025-10-27 06:00:00,26356.0,26296.078,59.921875,59.921875,0.22735572545151012
2025-10-27 07:00:00,25912.0,25507.33,404.669921875,404.669921875,1.5617085592582587
2025-10-27 08:00:00,25735.0,25182.154,552.845703125,552.845703125,2.148224997571401
2025-10-27 09:00:00,25715.0,25202.438,512.5625,512.5625,1.9932432432432434
2025-10-27 10:00:00,26084.0,25306.646,777.353515625,777.353515625,2.9801928984243213
2025-10-27 11:00:00,27136.0,25996.828,1139.171875,1139.171875,4.198009562942217
2025-10-27 12:00:00,29018.0,27502.395,1515.60546875,1515.60546875,5.222983902233096
2025-10-27 13:00:00,30489.0,28647.7,1841.30078125,1841.30078125,6.039229824690872
2025-10-27 14:00:00,30940.0,29134.492,1805.5078125,1805.5078125,5.835513291855204
2025-10-27 15:00:00,31219.0,29480.9,1738.099609375,1738.099609375,5.567441652118902
2025-10-27 16:00:00,31538.0,29736.91,1801.08984375,1801.08984375,5.710856248810958
2025-10-27 17:00:00,31720.0,30018.215,1701.78515625,1701.78515625,5.3650225606872635
2025-10-27 18:00:00,31800.0,30232.637,1567.36328125,1567.36328125,4.928815349842767
2025-10-27 19:00:00,31872.0,30443.123,1428.876953125,1428.876953125,4.483173171200427
2025-10-27 20:00:00,31816.0,30429.465,1386.53515625,1386.53515625,4.357980752608751
2025-10-27 21:00:00,31798.0,30547.342,1250.658203125,1250.658203125,3.933134798179131
2025-10-27 22:00:00,31838.0,30846.715,991.28515625,991.28515625,3.1135283505559395
2025-10-27 23:00:00,31903.0,30976.617,926.3828125,926.3828125,2.9037482760241984
2025-10-28 00:00:00,32118.0,30764.34,1353.66015625,1353.66015625,4.214646479388505
2025-10-28 01:00:00,32029.0,30763.98,1265.01953125,1265.01953125,3.949606704080677
2025-10-28 02:00:00,31458.0,30401.35,1056.650390625,1056.650390625,3.3589242501907304
2025-10-28 03:00:00,30568.0,29724.129,843.87109375,843.87109375,2.7606356115872805
2025-10-28 04:00:00,29289.0,28625.598,663.40234375,663.40234375,2.265022171292977
2025-10-28 05:00:00,28014.0,27636.95,377.05078125,377.05078125,1.3459369645534376
2025-10-28 06:00:00,27213.0,26925.506,287.494140625,287.494140625,1.0564588271230662
2025-10-28 07:00:00,26692.0,26042.795,649.205078125,649.205078125,2.4322084449460513
2025-10-28 08:00:00,26401.0,26055.691,345.30859375,345.30859375,1.307937554448695
2025-10-28 09:00:00,26324.0,26042.795,281.205078125,281.205078125,1.068246004121714
2025-10-28 10:00:00,26677.0,26109.924,567.076171875,567.076171875,2.1257119311579262
2025-10-28 11:00:00,27593.0,27049.148,543.8515625,543.8515625,1.970976561084333
2025-10-28 12:00:00,29505.0,28619.701,885.298828125,885.298828125,3.000504416624301
2025-10-28 13:00:00,30999.0,29789.361,1209.638671875,1209.638671875,3.902186108826091
2025-10-28 14:00:00,31349.0,30208.416,1140.583984375,1140.583984375,3.6383424810201284
2025-10-28 15:00:00,31587.0,30492.53,1094.470703125,1094.470703125,3.4649403334441384
2025-10-28 16:00:00,31761.0,30659.32,1101.6796875,1101.6796875,3.4686555445357516
2025-10-28 17:00:00,31912.0,31007.93,904.0703125,904.0703125,2.8330105054524943
2025-10-28 18:00:00,31877.0,30992.623,884.376953125,884.376953125,2.7743418550208614
2025-10-28 19:00:00,31868.0,30997.62,870.380859375,870.380859375,2.73120641199636
2025-10-28 20:00:00,31660.0,31010.357,649.642578125,649.642578125,2.051934864576753
2025-10-28 21:00:00,31548.0,30962.662,585.337890625,585.337890625,1.8553882674812985
2025-10-28 22:00:00,31552.0,31016.459,535.541015625,535.541015625,1.697328269602561
2025-10-28 23:00:00,31692.0,31051.564,640.435546875,640.435546875,2.020811393648239
2025-10-29 00:00:00,32051.0,31361.361,689.638671875,689.638671875,2.151691591136002
2025-10-29 01:00:00,32321.0,31341.883,979.1171875,979.1171875,3.0293530135206215
2025-10-29 02:00:00,31895.0,30825.195,1069.8046875,1069.8046875,3.3541454381564506
2025-10-29 03:00:00,31107.0,30034.87,1072.130859375,1072.130859375,3.446590347429839
2025-10-29 04:00:00,30026.0,28860.57,1165.4296875,1165.4296875,3.881401743488976
2025-10-29 05:00:00,28951.0,27657.799,1293.201171875,1293.201171875,4.466861841991641
2025-10-29 06:00:00,28281.0,26822.688,1458.3125,1458.3125,5.15650967080372
2025-10-29 07:00:00,27904.0,26457.186,1446.814453125,1446.814453125,5.18497152066012
2025-10-29 08:00:00,27690.0,26408.555,1281.4453125,1281.4453125,4.6278270585048755
2025-10-29 09:00:00,27745.0,26192.346,1552.654296875,1552.654296875,5.596158936294828
2025-10-29 10:00:00,28150.0,26445.129,1704.87109375,1704.87109375,6.056380439609236
2025-10-29 11:00:00,29287.0,27149.754,2137.24609375,2137.24609375,7.2975931087171775
2025-10-29 12:00:00,31252.0,29081.357,2170.642578125,2170.642578125,6.945611730849226
2025-10-29 13:00:00,32822.0,30335.941,2486.05859375,2486.05859375,7.574366564347085
2025-10-29 14:00:00,33030.0,30690.99,2339.009765625,2339.009765625,7.081470680063578
2025-10-29 15:00:00,32976.0,30749.3,2226.69921875,2226.69921875,6.752484287815381
2025-10-29 16:00:00,32872.0,30951.58,1920.419921875,1920.419921875,5.842114632133731
2025-10-29 17:00:00,32628.0,30860.846,1767.154296875,1767.154296875,5.416066865498958
2025-10-29 18:00:00,32392.0,30839.293,1552.70703125,1552.70703125,4.793489229593726
2025-10-29 19:00:00,32221.0,30845.064,1375.935546875,1375.935546875,4.270306777800192
2025-10-29 20:00:00,31880.0,30718.031,1161.96875,1161.96875,3.6448204203262233
2025-10-29 21:00:00,31650.0,30643.215,1006.78515625,1006.78515625,3.1809957543443916
2025-10-29 22:00:00,31642.0,30644.754,997.24609375,997.24609375,3.1516531627267557
2025-10-29 23:00:00,31810.0,30706.852,1103.1484375,1103.1484375,3.467929699779943
2025-10-30 00:00:00,32165.0,31217.979,947.021484375,947.021484375,2.9442607939530547
2025-10-30 01:00:00,32478.0,31250.518,1227.482421875,1227.482421875,3.7794273719902702
2025-10-30 02:00:00,32204.0,30972.564,1231.435546875,1231.435546875,3.8238589829679546
2025-10-30 03:00:00,31447.0,30471.742,975.2578125,975.2578125,3.101274565141349
2025-10-30 04:00:00,30297.0,29632.225,664.775390625,664.775390625,2.1941954339538565
2025-10-30 05:00:00,29185.0,28531.791,653.208984375,653.208984375,2.238166813003255
2025-10-30 06:00:00,28530.0,27513.723,1016.27734375,1016.27734375,3.562135800035051
2025-10-30 07:00:00,28156.0,27282.271,873.728515625,873.728515625,3.1031698949602218
2025-10-30 08:00:00,28117.0,27256.443,860.556640625,860.556640625,3.0606275229398587
2025-10-30 09:00:00,28256.0,27731.447,524.552734375,524.552734375,1.8564295525729049
2025-10-30 10:00:00,28831.0,28149.709,681.291015625,681.291015625,2.3630502432277756
2025-10-30 11:00:00,29995.0,28882.688,1112.3125,1112.3125,3.708326387731289
2025-10-30 12:00:00,32152.0,30652.234,1499.765625,1499.765625,4.664610677407315
2025-10-30 13:00:00,33538.0,31832.082,1705.91796875,1705.91796875,5.08652265713519
2025-10-30 14:00:00,33654.0,31924.064,1729.935546875,1729.935546875,5.140356411942117
2025-10-30 15:00:00,33044.0,31763.357,1280.642578125,1280.642578125,3.8755676616783683
2025-10-30 16:00:00,32496.0,31592.63,903.369140625,903.369140625,2.7799395021694977
2025-10-30 17:00:00,31746.0,31092.174,653.826171875,653.826171875,2.059554500960751
2025-10-30 18:00:00,31199.0,30879.16,319.83984375,319.83984375,1.0251605620372448
2025-10-30 19:00:00,30823.0,30824.92,-1.919921875,1.919921875,0.006228861158874866
2025-10-30 20:00:00,30505.0,30690.025,-185.025390625,185.025390625,0.6065411920177021
2025-10-30 21:00:00,30359.0,30502.855,-143.85546875,143.85546875,0.4738478498962416
2025-10-30 22:00:00,30373.0,30463.572,-90.572265625,90.572265625,0.2981999329173937
2025-10-30 23:00:00,30439.0,30735.117,-296.1171875,296.1171875,0.972821667926016
2025-10-31 00:00:00,30986.0,31068.496,-82.49609375,82.49609375,0.2662366673659072
2025-10-31 01:00:00,31576.0,31264.426,311.57421875,311.57421875,0.9867437887952876
2025-10-31 02:00:00,31408.0,31088.13,319.869140625,319.869140625,1.018432057517193
2025-10-31 03:00:00,30876.0,30431.973,444.02734375,444.02734375,1.4380986648205725
2025-10-31 04:00:00,29939.0,29437.443,501.556640625,501.556640625,1.6752618344801093
2025-10-31 05:00:00,28909.0,28447.822,461.177734375,461.177734375,1.595273909076758
2025-10-31 06:00:00,28299.0,27724.217,574.783203125,574.783203125,2.0311078240397187
2025-10-31 07:00:00,27966.0,27505.443,460.556640625,460.556640625,1.6468448853071587
2025-10-31 08:00:00,27907.0,27292.193,614.806640625,614.806640625,2.2030552930268392
2025-10-31 09:00:00,28035.0,27607.865,427.134765625,427.134765625,1.5235768347601213
2025-10-31 10:00:00,28579.0,28019.39,559.609375,559.609375,1.958113912313237
2025-10-31 11:00:00,29669.0,29070.97,598.029296875,598.029296875,2.0156705547035627
2025-10-31 12:00:00,31661.0,30590.057,1070.943359375,1070.943359375,3.38253169317141
2025-10-31 13:00:00,33145.0,31808.29,1336.7109375,1336.7109375,4.032918803741137
2025-10-31 14:00:00,33369.0,31765.502,1603.498046875,1603.498046875,4.80535241354251
2025-10-31 15:00:00,32809.0,31238.758,1570.2421875,1570.2421875,4.786010507787497
2025-10-31 16:00:00,32271.0,30982.53,1288.470703125,1288.470703125,3.9926581237798646
2025-10-31 17:00:00,31791.0,30555.566,1235.43359375,1235.43359375,3.8861111438771982
2025-10-31 18:00:00,31444.0,30097.234,1346.765625,1346.765625,4.283060758809311
2025-10-31 19:00:00,31182.0,29760.068,1421.931640625,1421.931640625,4.560104036383169
2025-10-31 20:00:00,30926.0,29476.395,1449.60546875,1449.60546875,4.687335797548988
2025-10-31 21:00:00,30782.0,29471.088,1310.912109375,1310.912109375,4.2586969962153205
2025-10-31 22:00:00,30776.0,29539.08,1236.919921875,1236.919921875,4.019105542874318
2025-10-31 23:00:00,30461.0,29592.133,868.8671875,868.8671875,2.852392198220676
2025-11-01 00:00:00,30245.0,29499.86,745.140625,745.140625,2.4636820135559594
2025-11-01 01:00:00,30134.0,29867.133,266.8671875,266.8671875,0.8856016044999004
2025-11-01 02:00:00,29928.0,29785.72,142.279296875,142.279296875,0.47540529562616946
2025-11-01 03:00:00,29643.0,29342.992,300.0078125,300.0078125,1.0120696707485748
2025-11-01 04:00:00,29051.0,28722.213,328.787109375,328.787109375,1.1317583194210181
2025-11-01 05:00:00,28227.0,27482.9,744.099609375,744.099609375,2.636127145552131
2025-11-01 06:00:00,27640.0,26825.057,814.943359375,814.943359375,2.9484202582308248
2025-11-01 07:00:00,27304.0,26800.625,503.375,503.375,1.8435943451508938
2025-11-01 08:00:00,27132.0,26658.602,473.3984375,473.3984375,1.7447974255491672
2025-11-01 09:00:00,27108.0,26297.902,810.09765625,810.09765625,2.988408057584477
2025-11-01 10:00:00,27271.0,26786.955,484.044921875,484.044921875,1.7749437933152434
2025-11-01 11:00:00,27705.0,27949.564,-244.564453125,244.564453125,0.8827448226854359
2025-11-01 12:00:00,28473.0,28907.227,-434.2265625,434.2265625,1.5250467548203561
2025-11-01 13:00:00,29386.0,30040.463,-654.462890625,654.462890625,2.2271247894405497
2025-11-01 14:00:00,30098.0,30460.508,-362.5078125,362.5078125,1.2044249202604824
2025-11-01 15:00:00,30407.0,29921.914,485.0859375,485.0859375,1.5953100848488837
2025-11-01 16:00:00,30374.0,29801.139,572.861328125,572.861328125,1.88602531153289
2025-11-01 17:00:00,30208.0,29617.74,590.259765625,590.259765625,1.953984923281912
2025-11-01 18:00:00,29780.0,29193.914,586.0859375,586.0859375,1.9680521742780388
2025-11-01 19:00:00,29558.0,29091.766,466.234375,466.234375,1.5773542695716896
2025-11-01 20:00:00,29278.0,28819.28,458.720703125,458.720703125,1.5667760882744723
2025-11-01 21:00:00,29124.0,28690.387,433.61328125,433.61328125,1.4888520850501306
2025-11-01 22:00:00,29244.0,28763.848,480.15234375,480.15234375,1.6418832709273696
2025-11-01 23:00:00,29610.0,28769.955,840.044921875,840.044921875,2.8370311444613305
2025-11-02 00:00:00,30280.0,29129.805,1150.1953125,1150.1953125,3.7985314151254954
2025-11-02 01:00:00,30719.0,29146.04,1572.9609375,1572.9609375,5.120482234122205
2025-11-02 02:00:00,30428.0,29180.125,1247.875,1247.875,4.101074668068884
2025-11-02 03:00:00,30006.0,28782.184,1223.81640625,1223.81640625,4.078572306372059
2025-11-02 04:00:00,29444.0,28069.297,1374.703125,1374.703125,4.668873539600598
2025-11-02 05:00:00,28989.0,27851.56,1137.439453125,1137.439453125,3.923693308237607
2025-11-02 06:00:00,28922.0,26677.127,2244.873046875,2244.873046875,7.761818155297005
2025-11-02 07:00:00,28235.0,26823.06,1411.939453125,1411.939453125,5.000670986807155
2025-11-02 08:00:00,28279.0,26517.004,1761.99609375,1761.99609375,6.230758137663991
2025-11-02 09:00:00,28546.0,26560.648,1985.3515625,1985.3515625,6.954920347859595
2025-11-02 10:00:00,28324.0,27014.627,1309.373046875,1309.373046875,4.622839453731817
2025-11-02 11:00:00,28753.0,27487.201,1265.798828125,1265.798828125,4.40231916017459
2025-11-02 12:00:00,29265.0,28139.629,1125.37109375,1125.37109375,3.8454505168289765
2025-11-02 13:00:00,30216.0,28964.01,1251.990234375,1251.990234375,4.143467812996426
2025-11-02 14:00:00,30954.0,28711.379,2242.62109375,2242.62109375,7.245012256089682
2025-11-02 15:00:00,30707.0,28564.38,2142.619140625,2142.619140625,6.977624452486404
2025-11-02 16:00:00,30069.0,28543.451,1525.548828125,1525.548828125,5.073493724849513
2025-11-02 17:00:00,29923.0,28473.87,1449.130859375,1449.130859375,4.842866221217792
2025-11-02 18:00:00,29780.0,28377.238,1402.76171875,1402.76171875,4.710415442411014
2025-11-02 19:00:00,29262.0,28309.656,952.34375,952.34375,3.2545408721208395
2025-11-02 20:00:00,29155.0,28148.436,1006.564453125,1006.564453125,3.4524591086434575
2025-11-02 21:00:00,29141.0,27987.004,1153.99609375,1153.99609375,3.960042873442916
2025-11-02 22:00:00,29564.0,28112.639,1451.361328125,1451.361328125,4.90921840118049
2025-11-02 23:00:00,29838.0,28412.95,1425.05078125,1425.05078125,4.77595945187345
2025-11-03 00:00:00,31208.0,29836.635,1371.365234375,1371.365234375,4.3942746551365035
2025-11-03 01:00:00,31610.0,30106.645,1503.35546875,1503.35546875,4.755948967889908
2025-11-03 02:00:00,30904.0,29821.32,1082.6796875,1082.6796875,3.5033642489645356
2025-11-03 03:00:00,30675.0,29619.123,1055.876953125,1055.876953125,3.4421416564792175
2025-11-03 04:00:00,29874.0,28777.99,1096.009765625,1096.009765625,3.668774739321818
2025-11-03 05:00:00,28872.0,28234.88,637.119140625,637.119140625,2.20670248207606
2025-11-03 06:00:00,28071.0,27708.922,362.078125,362.078125,1.2898654305154786
2025-11-03 07:00:00,27515.0,27188.924,326.076171875,326.076171875,1.18508512402326
2025-11-03 08:00:00,27288.0,27116.35,171.650390625,171.650390625,0.6290325074208444
2025-11-03 09:00:00,27273.0,27246.957,26.04296875,26.04296875,0.09548993051736149
2025-11-03 10:00:00,27503.0,27409.795,93.205078125,93.205078125,0.33889058693597063
2025-11-03 11:00:00,28129.0,28333.732,-204.732421875,204.732421875,0.727833985833126
2025-11-03 12:00:00,29489.0,29497.92,-8.919921875,8.919921875,0.030248302333073348
2025-11-03 13:00:00,31629.0,30476.404,1152.595703125,1152.595703125,3.6441104781213443
2025-11-03 14:00:00,32415.0,31130.344,1284.65625,1284.65625,3.9631536325775105
2025-11-03 15:00:00,32073.0,31150.078,922.921875,922.921875,2.8775664109999064
2025-11-03 16:00:00,31599.0,30843.633,755.3671875,755.3671875,2.390478140131017
2025-11-03 17:00:00,31365.0,30818.232,546.767578125,546.767578125,1.7432411226685798
2025-11-03 18:00:00,31223.0,30611.781,611.21875,611.21875,1.9575913589341192
2025-11-03 19:00:00,31202.0,30375.947,826.052734375,826.052734375,2.6474352104833025
2025-11-03 20:00:00,31283.0,30324.723,958.27734375,958.27734375,3.063252705143369
2025-11-03 21:00:00,31305.0,30297.312,1007.6875,1007.6875,3.2189346749720493
2025-11-03 22:00:00,31364.0,30316.938,1047.0625,1047.0625,3.338421438592017
2025-11-03 23:00:00,31629.0,30664.578,964.421875,964.421875,3.0491696702393374
2025-11-04 00:00:00,32112.0,31127.695,984.3046875,984.3046875,3.0652238649103136
2025-11-04 01:00:00,32371.0,31410.205,960.794921875,960.794921875,2.9680730341200454
2025-11-04 02:00:00,31918.0,30892.744,1025.255859375,1025.255859375,3.2121557095526034
2025-11-04 03:00:00,31397.0,30673.984,723.015625,723.015625,2.302817546262382
2025-11-04 04:00:00,30587.0,29863.564,723.435546875,723.435546875,2.365173266011704
2025-11-04 05:00:00,29512.0,28489.568,1022.431640625,1022.431640625,3.4644606960727837
2025-11-04 06:00:00,28445.0,27571.81,873.189453125,873.189453125,3.069746715152048
2025-11-04 07:00:00,27800.0,27108.47,691.529296875,691.529296875,2.4875154563848922
2025-11-04 08:00:00,27511.0,27101.55,409.44921875,409.44921875,1.4883109256297482
2025-11-04 09:00:00,27425.0,27116.309,308.69140625,308.69140625,1.1255839790337283
2025-11-04 10:00:00,27515.0,27227.115,287.884765625,287.884765625,1.0462829933672542
2025-11-04 11:00:00,27967.0,27867.889,99.111328125,99.111328125,0.3543866990560303
2025-11-04 12:00:00,29156.0,28966.572,189.427734375,189.427734375,0.649704123936754
2025-11-04 13:00:00,31104.0,30519.38,584.619140625,584.619140625,1.8795625663097992
2025-11-04 14:00:00,31833.0,31252.367,580.6328125,580.6328125,1.823996520905978
2025-11-04 15:00:00,31742.0,31197.047,544.953125,544.953125,1.7168203799382522
2025-11-04 16:00:00,31593.0,30886.357,706.642578125,706.642578125,2.2367061631532303
2025-11-04 17:00:00,31484.0,30729.805,754.1953125,754.1953125,2.395487588934062
2025-11-04 18:00:00,31288.0,30929.47,358.529296875,358.529296875,1.145900335192406
2025-11-04 19:00:00,31376.0,31108.098,267.90234375,267.90234375,0.8538447977753697
2025-11-04 20:00:00,31553.0,31227.436,325.564453125,325.564453125,1.0318018987893385
2025-11-04 21:00:00,31587.0,31184.94,402.060546875,402.060546875,1.2728671506474183
2025-11-04 22:00:00,31643.0,30927.826,715.173828125,715.173828125,2.2601328196599564
2025-11-04 23:00:00,31825.0,30944.553,880.447265625,880.447265625,2.7665271504320503
2025-11-05 00:00:00,32142.0,31541.467,600.533203125,600.533203125,1.8683753441758446
2025-11-05 01:00:00,32318.0,31557.2,760.80078125,760.80078125,2.3541084883037318
2025-11-05 02:00:00,31864.0,31273.969,590.03125,590.03125,1.8517174554356013
2025-11-05 03:00:00,31187.0,30758.992,428.0078125,428.0078125,1.372391741751371
2025-11-05 04:00:00,30316.0,29757.934,558.06640625,558.06640625,1.8408312648436471
2025-11-05 05:00:00,28991.0,28790.994,200.005859375,200.005859375,0.6898894807871409
2025-11-05 06:00:00,27942.0,27827.572,114.427734375,114.427734375,0.4095187687889199
2025-11-05 07:00:00,27186.0,27248.652,-62.65234375,62.65234375,0.23045811722945636
2025-11-05 08:00:00,26871.0,26970.59,-99.58984375,99.58984375,0.3706220228126977
2025-11-05 09:00:00,26656.0,27023.979,-367.978515625,367.978515625,1.3804716222426472
2025-11-05 10:00:00,26757.0,27165.23,-408.23046875,408.23046875,1.5256959627387225
2025-11-05 11:00:00,27213.0,27822.613,-609.61328125,609.61328125,2.2401546365707565
2025-11-05 12:00:00,28360.0,28862.754,-502.75390625,502.75390625,1.7727570742242595
2025-11-05 13:00:00,30396.0,30420.22,-24.220703125,24.220703125,0.07968385025990263
2025-11-05 14:00:00,31305.0,30988.299,316.701171875,316.701171875,1.0116632227279987
2025-11-05 15:00:00,31286.0,31039.54,246.4609375,246.4609375,0.7877674918493895
2025-11-05 16:00:00,31152.0,30823.752,328.248046875,328.248046875,1.0536981473902158
2025-11-05 17:00:00,31278.0,30731.965,546.03515625,546.03515625,1.7457483095146746
2025-11-05 18:00:00,31312.0,30608.826,703.173828125,703.173828125,2.245700779653168
2025-11-05 19:00:00,31390.0,30652.582,737.41796875,737.41796875,2.34921302564511
2025-11-05 20:00:00,31581.0,30687.42,893.580078125,893.580078125,2.8294863307843325
2025-11-05 21:00:00,31635.0,30707.615,927.384765625,927.384765625,2.931514985380117
2025-11-05 22:00:00,31732.0,30785.17,946.830078125,946.830078125,2.983833600545191
2025-11-05 23:00:00,31816.0,30940.748,875.251953125,875.251953125,2.750980491340835
2025-11-06 00:00:00,32166.0,31421.023,744.9765625,744.9765625,2.3160373142448547
2025-11-06 01:00:00,32247.0,31417.39,829.609375,829.609375,2.5726714888206654
2025-11-06 02:00:00,31738.0,31193.383,544.6171875,544.6171875,1.715978283130632
2025-11-06 03:00:00,31224.0,30723.928,500.072265625,500.072265625,1.601563751040866
2025-11-06 04:00:00,30364.0,29751.312,612.6875,612.6875,2.0178089184560664
2025-11-06 05:00:00,29156.0,28463.424,692.576171875,692.576171875,2.3754155984188503
2025-11-06 06:00:00,28086.0,27605.957,480.04296875,480.04296875,1.7091895205796483
2025-11-06 07:00:00,27467.0,26949.102,517.8984375,517.8984375,1.8855296810718316
2025-11-06 08:00:00,27220.0,26798.266,421.734375,421.734375,1.5493547942689199
2025-11-06 09:00:00,27194.0,26672.168,521.83203125,521.83203125,1.9189234068176804
2025-11-06 10:00:00,27246.0,26837.988,408.01171875,408.01171875,1.4975105290684871
2025-11-06 11:00:00,27717.0,27322.373,394.626953125,394.626953125,1.423772244921889
2025-11-06 12:00:00,28930.0,28336.42,593.580078125,593.580078125,2.051780429052886
2025-11-06 13:00:00,30881.0,29869.19,1011.810546875,1011.810546875,3.2764824548265925
2025-11-06 14:00:00,31801.0,30643.916,1157.083984375,1157.083984375,3.6385144629885855
2025-11-06 15:00:00,31837.0,30625.145,1211.85546875,1211.85546875,3.8064373802493954
2025-11-06 16:00:00,31807.0,30592.205,1214.794921875,1214.794921875,3.8192690976043013
2025-11-06 17:00:00,31680.0,30692.703,987.296875,987.296875,3.116467408459596
2025-11-06 18:00:00,31702.0,30668.463,1033.537109375,1033.537109375,3.2601637416409064
2025-11-06 19:00:00,31847.0,30730.934,1116.06640625,1116.06640625,3.504463234370584
2025-11-06 20:00:00,32162.0,30980.266,1181.734375,1181.734375,3.6743186835395814
2025-11-06 21:00:00,32201.0,30782.531,1418.46875,1418.46875,4.405045650756188
2025-11-06 22:00:00,32211.0,30798.98,1412.01953125,1412.01953125,4.38365630141877
2025-11-06 23:00:00,32290.0,30793.863,1496.13671875,1496.13671875,4.633436725766491
2025-11-07 00:00:00,32756.0,31234.012,1521.98828125,1521.98828125,4.6464412054280135
2025-11-07 01:00:00,32767.0,31317.615,1449.384765625,1449.384765625,4.423306270409253
2025-11-07 02:00:00,32345.0,31122.227,1222.7734375,1222.7734375,3.7804094527747716
2025-11-07 03:00:00,31694.0,30516.527,1177.47265625,1177.47265625,3.7151279619170823
2025-11-07 04:00:00,30776.0,29720.045,1055.955078125,1055.955078125,3.4310991620905904
2025-11-07 05:00:00,29500.0,28421.836,1078.1640625,1078.1640625,3.6547934322033897
2025-11-07 06:00:00,28424.0,27593.541,830.458984375,830.458984375,2.9216823261152545
2025-11-07 07:00:00,27711.0,26885.543,825.45703125,825.45703125,2.978806362996644
2025-11-07 08:00:00,27249.0,26793.168,455.83203125,455.83203125,1.672839484935227
2025-11-07 09:00:00,27064.0,26783.992,280.0078125,280.0078125,1.0346135549068873
2025-11-07 10:00:00,26935.0,27000.838,-65.837890625,65.837890625,0.244432487933915
2025-11-07 11:00:00,27307.0,27604.088,-297.087890625,297.087890625,1.0879550687552642
2025-11-07 12:00:00,28412.0,28552.098,-140.09765625,140.09765625,0.49309325725045755
2025-11-07 13:00:00,30168.0,29897.723,270.27734375,270.27734375,0.8959073977393265
2025-11-07 14:00:00,31120.0,30729.125,390.875,390.875,1.2560250642673523
2025-11-07 15:00:00,31239.0,30724.455,514.544921875,514.544921875,1.647123537485195
2025-11-07 16:00:00,31280.0,30834.26,445.740234375,445.740234375,1.4250007492806904
2025-11-07 17:00:00,31514.0,30621.56,892.439453125,892.439453125,2.831882506584375
2025-11-07 18:00:00,31698.0,30558.764,1139.236328125,1139.236328125,3.5940322043188844
2025-11-07 19:00:00,31867.0,30757.383,1109.6171875,1109.6171875,3.4820258810054288
2025-11-07 20:00:00,32162.0,30839.934,1322.06640625,1322.06640625,4.110647367234624
2025-11-07 21:00:00,32171.0,30812.287,1358.712890625,1358.712890625,4.22340894167107
2025-11-07 22:00:00,32154.0,30849.578,1304.421875,1304.421875,4.056795033277353
2025-11-07 23:00:00,32113.0,30941.797,1171.203125,1171.203125,3.647130834864385
2025-11-08 00:00:00,32053.0,30554.564,1498.435546875,1498.435546875,4.674868333307335
2025-11-08 01:00:00,31788.0,30486.588,1301.412109375,1301.412109375,4.094035829165094
2025-11-08 02:00:00,31146.0,30268.166,877.833984375,877.833984375,2.818448546763629
2025-11-08 03:00:00,30593.0,29892.033,700.966796875,700.966796875,2.291265311917759
2025-11-08 04:00:00,29905.0,28827.477,1077.5234375,1077.5234375,3.603154781809062
2025-11-08 05:00:00,29105.0,27846.576,1258.423828125,1258.423828125,4.323737598780278
2025-11-08 06:00:00,28263.0,26833.145,1429.85546875,1429.85546875,5.0591072028800905
2025-11-08 07:00:00,27670.0,26302.318,1367.681640625,1367.681640625,4.942832094777738
2025-11-08 08:00:00,27180.0,26031.092,1148.908203125,1148.908203125,4.227035331585725
2025-11-08 09:00:00,26972.0,26004.393,967.607421875,967.607421875,3.5874515122163726
2025-11-08 10:00:00,26932.0,25946.877,985.123046875,985.123046875,3.6578161550386157
2025-11-08 11:00:00,27192.0,26285.379,906.62109375,906.62109375,3.334146417144748
2025-11-08 12:00:00,27690.0,26901.615,788.384765625,788.384765625,2.8471822521668475
2025-11-08 13:00:00,28553.0,28192.432,360.568359375,360.568359375,1.262803766241726
2025-11-08 14:00:00,29292.0,28917.914,374.0859375,374.0859375,1.2770925081933635
2025-11-08 15:00:00,29983.0,29184.072,798.927734375,798.927734375,2.6646023892705863
2025-11-08 16:00:00,30340.0,29347.793,992.20703125,992.20703125,3.270293445121951
2025-11-08 17:00:00,30488.0,29386.71,1101.2890625,1101.2890625,3.612205006887956
2025-11-08 18:00:00,30691.0,29399.436,1291.564453125,1291.564453125,4.208284034814767
2025-11-08 19:00:00,30722.0,29573.057,1148.943359375,1148.943359375,3.7398065209784517
2025-11-08 20:00:00,30700.0,29793.047,906.953125,906.953125,2.954244706840391
2025-11-08 21:00:00,30698.0,29456.01,1241.990234375,1241.990234375,4.045834368281321
2025-11-08 22:00:00,30769.0,29581.916,1187.083984375,1187.083984375,3.858051884607885
2025-11-08 23:00:00,30923.0,29882.693,1040.306640625,1040.306640625,3.3641840721307763
2025-11-09 00:00:00,31376.0,30311.57,1064.4296875,1064.4296875,3.3924964542962774
2025-11-09 01:00:00,31546.0,30218.629,1327.37109375,1327.37109375,4.207731863786217
2025-11-09 02:00:00,31161.0,29872.213,1288.787109375,1288.787109375,4.135897786897083
2025-11-09 03:00:00,30780.0,29573.914,1206.0859375,1206.0859375,3.9184078541260563
2025-11-09 04:00:00,30400.0,29341.018,1058.982421875,1058.982421875,3.4834948087993425
2025-11-09 05:00:00,29730.0,28204.176,1525.82421875,1525.82421875,5.132271169693912
2025-11-09 06:00:00,29019.0,27641.37,1377.630859375,1377.630859375,4.74734091241945
2025-11-09 07:00:00,28470.0,27223.682,1246.318359375,1246.318359375,4.377654932824025
2025-11-09 08:00:00,28131.0,27175.965,955.03515625,955.03515625,3.3949562982119366
2025-11-09 09:00:00,28038.0,27072.43,965.5703125,965.5703125,3.4437916844996077
2025-11-09 10:00:00,28132.0,27004.69,1127.310546875,1127.310546875,4.0072179257607
2025-11-09 11:00:00,28386.0,27611.295,774.705078125,774.705078125,2.7291801526280564
2025-11-09 12:00:00,28820.0,28146.633,673.3671875,673.3671875,2.336457971894518
2025-11-09 13:00:00,29630.0,29154.062,475.9375,475.9375,1.6062689841376983
2025-11-09 14:00:00,30467.0,30106.094,360.90625,360.90625,1.184580857977484
2025-11-09 15:00:00,31348.0,30819.62,528.380859375,528.380859375,1.6855329187667474
2025-11-09 16:00:00,31688.0,30625.662,1062.337890625,1062.337890625,3.352492712146554
2025-11-09 17:00:00,31759.0,30642.99,1116.009765625,1116.009765625,3.513995294640889
2025-11-09 18:00:00,31527.0,30257.79,1269.2109375,1269.2109375,4.025790393948045
2025-11-09 19:00:00,31390.0,30333.795,1056.205078125,1056.205078125,3.3647820265211856
2025-11-09 20:00:00,31145.0,30124.82,1020.1796875,1020.1796875,3.2755809519987156
2025-11-09 21:00:00,31011.0,30493.736,517.263671875,517.263671875,1.6680006187320628
2025-11-09 22:00:00,31210.0,30585.312,624.6875,624.6875,2.0015619993591796
2025-11-09 23:00:00,31987.0,30915.566,1071.43359375,1071.43359375,3.3495907517116326
2025-11-10 00:00:00,33434.0,32060.297,1373.703125,1373.703125,4.108701097684992
2025-11-10 01:00:00,34084.0,32336.393,1747.607421875,1747.607421875,5.12735424796092
2025-11-10 02:00:00,34036.0,32552.674,1483.326171875,1483.326171875,4.358109565974263
2025-11-10 03:00:00,33868.0,32424.107,1443.892578125,1443.892578125,4.263294490743474
2025-11-10 04:00:00,33394.0,31875.303,1518.697265625,1518.697265625,4.547814773986345
2025-11-10 05:00:00,32642.0,31467.719,1174.28125,1174.28125,3.597454965994731
2025-11-10 06:00:00,31953.0,30402.793,1550.20703125,1550.20703125,4.85152264654336
2025-11-10 07:00:00,31503.0,29842.186,1660.814453125,1660.814453125,5.2719247472462945
2025-11-10 08:00:00,31365.0,29869.777,1495.22265625,1495.22265625,4.7671693169137574
2025-11-10 09:00:00,31425.0,29648.283,1776.716796875,1776.716796875,5.653832289180589
2025-11-10 10:00:00,31694.0,29960.504,1733.49609375,1733.49609375,5.469477168391493
2025-11-10 11:00:00,32324.0,30451.473,1872.52734375,1872.52734375,5.792993886121767
2025-11-10 12:00:00,33698.0,31339.258,2358.7421875,2358.7421875,6.999650387263339
2025-11-10 13:00:00,35862.0,32822.055,3039.9453125,3039.9453125,8.476786884445932
2025-11-10 14:00:00,36935.0,33403.17,3531.828125,3531.828125,9.562280018952213
2025-11-10 15:00:00,36564.0,33759.562,2804.4375,2804.4375,7.669941745979653
2025-11-10 16:00:00,35830.0,33690.344,2139.65625,2139.65625,5.971689226904829
2025-11-10 17:00:00,35287.0,33399.18,1887.8203125,1887.8203125,5.349903115878369
2025-11-10 18:00:00,34703.0,32715.898,1987.1015625,1987.1015625,5.726022426015042
2025-11-10 19:00:00,34092.0,32468.643,1623.357421875,1623.357421875,4.761696063225976
2025-11-10 20:00:00,33626.0,32286.715,1339.28515625,1339.28515625,3.9828857320228392
2025-11-10 21:00:00,33167.0,32204.242,962.7578125,962.7578125,2.902758200922604
2025-11-10 22:00:00,33177.0,32953.03,223.96875,223.96875,0.6750723392711818
2025-11-10 23:00:00,33766.0,33829.777,-63.77734375,63.77734375,0.1888803641236747
2025-11-11 00:00:00,35031.0,33805.45,1225.55078125,1225.55078125,3.498475011418458
2025-11-11 01:00:00,35741.0,34372.86,1368.140625,1368.140625,3.8279304580174025
2025-11-11 02:00:00,35622.0,34277.484,1344.515625,1344.515625,3.7743967913087415
2025-11-11 03:00:00,35384.0,34090.703,1293.296875,1293.296875,3.655032995139046
2025-11-11 04:00:00,34642.0,33600.875,1041.125,1041.125,3.0053836383580625
2025-11-11 05:00:00,33582.0,32333.168,1248.83203125,1248.83203125,3.7187541875111667
2025-11-11 06:00:00,32642.0,31872.75,769.25,769.25,2.356626432203909
2025-11-11 07:00:00,31938.0,31238.379,699.62109375,699.62109375,2.1905601282171707
2025-11-11 08:00:00,31565.0,30866.549,698.451171875,698.451171875,2.2127393374782196
2025-11-11 09:00:00,31490.0,30841.428,648.572265625,648.572265625,2.0596134189425213
2025-11-11 10:00:00,31533.0,30586.453,946.546875,946.546875,3.0017660070402434
2025-11-11 11:00:00,31983.0,30924.926,1058.07421875,1058.07421875,3.308239435794016
2025-11-11 12:00:00,33108.0,32174.762,933.23828125,933.23828125,2.818769727105231
2025-11-11 13:00:00,34951.0,34057.184,893.81640625,893.81640625,2.5573414387285056
2025-11-11 14:00:00,35599.0,34433.895,1165.10546875,1165.10546875,3.2728601049186774
2025-11-11 15:00:00,35085.0,33976.223,1108.77734375,1108.77734375,3.1602603498646147
2025-11-11 16:00:00,34232.0,33517.44,714.55859375,714.55859375,2.0873994909733584
2025-11-11 17:00:00,33452.0,33171.188,280.8125,280.8125,0.8394490613416239
2025-11-11 18:00:00,32540.0,32484.246,55.75390625,55.75390625,0.1713396012599877
2025-11-11 19:00:00,32054.0,32225.479,-171.478515625,171.478515625,0.5349676034972235
2025-11-11 20:00:00,31740.0,31997.9,-257.900390625,257.900390625,0.8125406131852552
2025-11-11 21:00:00,31416.0,31715.951,-299.951171875,299.951171875,0.9547720011299974
2025-11-11 22:00:00,31288.0,31803.54,-515.5390625,515.5390625,1.6477213708130913
2025-11-11 23:00:00,31540.0,32197.408,-657.408203125,657.408203125,2.084363358037413
2025-11-12 00:00:00,32380.0,33159.67,-779.671875,779.671875,2.407881022235948
2025-11-12 01:00:00,32744.0,33639.582,-895.58203125,895.58203125,2.735102709656731
2025-11-12 02:00:00,32365.0,33509.867,-1144.8671875,1144.8671875,3.537361926463772
2025-11-12 03:00:00,31896.0,33453.31,-1557.30859375,1557.30859375,4.882457341829697
2025-11-12 04:00:00,31144.0,32536.809,-1392.80859375,1392.80859375,4.4721570567364495
2025-11-12 05:00:00,30108.0,31537.043,-1429.04296875,1429.04296875,4.746389560083699
2025-11-12 06:00:00,29213.0,30340.447,-1127.447265625,1127.447265625,3.8594025455276757
2025-11-12 07:00:00,28641.0,29889.486,-1248.486328125,1248.486328125,4.359087769718236
2025-11-12 08:00:00,28449.0,29662.168,-1213.16796875,1213.16796875,4.264360676122184
2025-11-12 09:00:00,28385.0,29711.848,-1326.84765625,1326.84765625,4.67446769860842
2025-11-12 10:00:00,28507.0,29742.14,-1235.140625,1235.140625,4.3327625670887855
2025-11-12 11:00:00,29117.0,30475.451,-1358.451171875,1358.451171875,4.665491540594841
2025-11-12 12:00:00,30489.0,31544.846,-1055.845703125,1055.845703125,3.463038155154318
2025-11-12 13:00:00,32583.0,32645.045,-62.044921875,62.044921875,0.19042114561274284
2025-11-12 14:00:00,33436.0,33141.24,294.76171875,294.76171875,0.8815699208936476
2025-11-12 15:00:00,32915.0,33082.277,-167.27734375,167.27734375,0.5082100675983594
2025-11-12 16:00:00,32176.0,32255.604,-79.603515625,79.603515625,0.24740028476193435
2025-11-12 17:00:00,31835.0,31883.795,-48.794921875,48.794921875,0.1532744522538087
2025-11-12 18:00:00,31396.0,31326.17,69.830078125,69.830078125,0.2224171172283093
2025-11-12 19:00:00,31211.0,31175.84,35.16015625,35.16015625,0.11265309105763993
2025-11-12 20:00:00,31269.0,30998.283,270.716796875,270.716796875,0.8657673634430266
2025-11-12 21:00:00,31314.0,30749.105,564.89453125,564.89453125,1.8039679735900875
2025-11-12 22:00:00,31430.0,30432.33,997.669921875,997.669921875,3.1742600123289852
2025-11-12 23:00:00,31643.0,30639.78,1003.220703125,1003.220703125,3.1704348611857283
2025-11-13 00:00:00,32260.0,31403.33,856.669921875,856.669921875,2.655517426766894
2025-11-13 01:00:00,32510.0,31535.945,974.0546875,974.0546875,2.9961694478621963
2025-11-13 02:00:00,32139.0,31369.232,769.767578125,769.767578125,2.3951198796633375
2025-11-13 03:00:00,31766.0,31099.164,666.8359375,666.8359375,2.099212798274885
2025-11-13 04:00:00,30881.0,30308.4,572.599609375,572.599609375,1.854213300654124
2025-11-13 05:00:00,29795.0,29206.402,588.59765625,588.59765625,1.9754913785870112
2025-11-13 06:00:00,28834.0,28167.527,666.47265625,666.47265625,2.3114124167649304
2025-11-13 07:00:00,28273.0,27645.857,627.142578125,627.142578125,2.218167785961872
2025-11-13 08:00:00,27945.0,27346.527,598.47265625,598.47265625,2.141609075863303
2025-11-13 09:00:00,27891.0,27300.451,590.548828125,590.548828125,2.117345481069162
2025-11-13 10:00:00,27950.0,27498.113,451.88671875,451.88671875,1.61676822450805
2025-11-13 11:00:00,28398.0,28041.098,356.90234375,356.90234375,1.256786899605606
2025-11-13 12:00:00,29598.0,29187.7,410.30078125,410.30078125,1.3862449532062977
2025-11-13 13:00:00,31541.0,30884.92,656.080078125,656.080078125,2.0800864846548937
2025-11-13 14:00:00,32503.0,31834.879,668.12109375,668.12109375,2.055567466849214
2025-11-13 15:00:00,32252.0,31521.137,730.86328125,730.86328125,2.266102199088429
2025-11-13 16:00:00,31837.0,31059.031,777.96875,777.96875,2.443599428338097
2025-11-13 17:00:00,31735.0,30880.244,854.755859375,854.755859375,2.6934169194107453
2025-11-13 18:00:00,31662.0,30675.768,986.232421875,986.232421875,3.1148772088781507
2025-11-13 19:00:00,31708.0,31096.19,611.810546875,611.810546875,1.9295147813643245
2025-11-13 20:00:00,31901.0,31235.932,665.068359375,665.068359375,2.0847884372746934
2025-11-13 21:00:00,31951.0,31203.715,747.28515625,747.28515625,2.338847473475009
2025-11-13 22:00:00,31998.0,30693.156,1304.84375,1304.84375,4.077891586974186
2025-11-13 23:00:00,32171.0,30741.086,1429.9140625,1429.9140625,4.44472991980355
2025-11-14 00:00:00,32543.0,31392.55,1150.44921875,1150.44921875,3.5351664528470024
2025-11-14 01:00:00,32674.0,31511.676,1162.32421875,1162.32421875,3.5573367777131666
2025-11-14 02:00:00,32311.0,31396.865,914.134765625,914.134765625,2.8291750971031537
2025-11-14 03:00:00,31801.0,31176.299,624.701171875,624.701171875,1.9644073201314425
2025-11-14 04:00:00,30979.0,29989.643,989.357421875,989.357421875,3.193638987297847
2025-11-14 05:00:00,29726.0,29138.225,587.775390625,587.775390625,1.9773107401769494
2025-11-14 06:00:00,28557.0,28141.645,415.35546875,415.35546875,1.454478652344434
2025-11-14 07:00:00,27763.0,27470.662,292.337890625,292.337890625,1.0529765897957712
2025-11-14 08:00:00,27225.0,27072.58,152.419921875,152.419921875,0.5598527892561983
2025-11-14 09:00:00,26937.0,27069.066,-132.06640625,132.06640625,0.4902788218806846
2025-11-14 10:00:00,26926.0,27069.066,-143.06640625,143.06640625,0.5313318214736686
2025-11-14 11:00:00,27253.0,27337.654,-84.654296875,84.654296875,0.3106237730708546
2025-11-14 12:00:00,28248.0,28602.86,-354.859375,354.859375,1.2562283170489945
2025-11-14 13:00:00,30053.0,30126.61,-73.609375,73.609375,0.24493187036235983
2025-11-14 14:00:00,30977.0,30952.701,24.298828125,24.298828125,0.07844151507570134
2025-11-14 15:00:00,31232.0,30911.75,320.25,320.25,1.025390625
2025-11-14 16:00:00,31418.0,30703.287,714.712890625,714.712890625,2.27485164754281
2025-11-14 17:00:00,31722.0,30950.254,771.74609375,771.74609375,2.4328418565979444
2025-11-14 18:00:00,31948.0,31271.457,676.54296875,676.54296875,2.117637938994616
2025-11-14 19:00:00,32188.0,31676.104,511.896484375,511.896484375,1.5903333055020503
2025-11-14 20:00:00,32676.0,31732.855,943.14453125,943.14453125,2.8863524643469214
2025-11-14 21:00:00,32849.0,31999.447,849.552734375,849.552734375,2.5862362153338
2025-11-14 22:00:00,32862.0,31476.453,1385.546875,1385.546875,4.216258520479581
2025-11-14 23:00:00,32840.0,31024.84,1815.16015625,1815.16015625,5.5272842760353225
2025-11-15 00:00:00,32874.0,30812.168,2061.83203125,2061.83203125,6.271923195382369
2025-11-15 01:00:00,32627.0,30801.912,1825.087890625,1825.087890625,5.593796213642076
2025-11-15 02:00:00,31907.0,30641.838,1265.162109375,1265.162109375,3.965155324458583
2025-11-15 03:00:00,31313.0,30328.402,984.59765625,984.59765625,3.1443734431386323
2025-11-15 04:00:00,30599.0,29307.906,1291.09375,1291.09375,4.21939850975522
2025-11-15 05:00:00,29662.0,28276.346,1385.654296875,1385.654296875,4.671479660424112
2025-11-15 06:00:00,28626.0,27155.842,1470.158203125,1470.158203125,5.1357444390588975
2025-11-15 07:00:00,27733.0,26470.22,1262.779296875,1262.779296875,4.553345461634154
2025-11-15 08:00:00,27097.0,26040.521,1056.478515625,1056.478515625,3.8988763170277148
2025-11-15 09:00:00,26636.0,25749.63,886.369140625,886.369140625,3.3277111451606847
2025-11-15 10:00:00,26433.0,25712.547,720.453125,720.453125,2.7255821321832556
2025-11-15 11:00:00,26491.0,26020.07,470.9296875,470.9296875,1.777696906496546
2025-11-15 12:00:00,26884.0,26626.52,257.48046875,257.48046875,0.9577461268784406
2025-11-15 13:00:00,27581.0,27977.045,-396.044921875,396.044921875,1.435933874315652
2025-11-15 14:00:00,28158.0,28638.223,-480.22265625,480.22265625,1.7054572634775198
2025-11-15 15:00:00,29023.0,29016.428,6.572265625,6.572265625,0.022645025066326707
2025-11-15 16:00:00,29562.0,29363.742,198.2578125,198.2578125,0.6706508778161152
2025-11-15 17:00:00,30179.0,30154.43,24.5703125,24.5703125,0.08141526392524603
2025-11-15 18:00:00,30629.0,30483.32,145.6796875,145.6796875,0.4756266528453426
2025-11-15 19:00:00,31135.0,30666.893,468.107421875,468.107421875,1.5034765436807451
2025-11-15 20:00:00,31644.0,30742.873,901.126953125,901.126953125,2.8477024179149284
2025-11-15 21:00:00,31930.0,30728.883,1201.1171875,1201.1171875,3.761719973379267
2025-11-15 22:00:00,32171.0,30492.98,1678.01953125,1678.01953125,5.2159383645208415
2025-11-15 23:00:00,32222.0,29973.842,2248.158203125,2248.158203125,6.9770908172211525
2025-11-16 00:00:00,32205.0,30743.54,1461.4609375,1461.4609375,4.537993906225742
2025-11-16 01:00:00,31833.0,30408.926,1424.07421875,1424.07421875,4.47357842097823
2025-11-16 02:00:00,31033.0,30019.562,1013.4375,1013.4375,3.26567686011665
2025-11-16 03:00:00,30454.0,29503.572,950.427734375,950.427734375,3.120863382068037
2025-11-16 04:00:00,29735.0,29007.12,727.880859375,727.880859375,2.4478925823944846
2025-11-16 05:00:00,28774.0,28209.088,564.912109375,564.912109375,1.9632727788107318
2025-11-16 06:00:00,27833.0,27226.455,606.544921875,606.544921875,2.179229410681565
2025-11-16 07:00:00,27040.0,26626.537,413.462890625,413.462890625,1.529078737518491
2025-11-16 08:00:00,26531.0,26285.463,245.537109375,245.537109375,0.9254725015076702
2025-11-16 09:00:00,26277.0,25935.334,341.666015625,341.666015625,1.300247424078091
2025-11-16 10:00:00,26208.0,26107.375,100.625,100.625,0.38394764957264954
2025-11-16 11:00:00,26365.0,26081.852,283.1484375,283.1484375,1.0739557652190403
2025-11-16 12:00:00,26706.0,26245.787,460.212890625,460.212890625,1.7232565364524826
2025-11-16 13:00:00,27360.0,26789.307,570.693359375,570.693359375,2.0858675415752925
2025-11-16 14:00:00,27977.0,27328.791,648.208984375,648.208984375,2.316935283893913
2025-11-16 15:00:00,28628.0,27898.836,729.1640625,729.1640625,2.5470310971775887
2025-11-16 16:00:00,28887.0,28337.56,549.439453125,549.439453125,1.90203016278949
2025-11-16 17:00:00,29161.0,28666.762,494.23828125,494.23828125,1.694860537190083
2025-11-16 18:00:00,29512.0,28844.11,667.890625,667.890625,2.2631154276226617
2025-11-16 19:00:00,29900.0,29270.354,629.646484375,629.646484375,2.1058410848662206
2025-11-16 20:00:00,30212.0,29673.574,538.42578125,538.42578125,1.782158682808156
2025-11-16 21:00:00,30460.0,29693.854,766.146484375,766.146484375,2.5152543807452394
2025-11-16 22:00:00,30682.0,29836.201,845.798828125,845.798828125,2.7566613262662147
2025-11-16 23:00:00,31069.0,29865.12,1203.880859375,1203.880859375,3.8748619504168142
2025-11-17 00:00:00,31784.0,31361.305,422.6953125,422.6953125,1.3298996743644602
2025-11-17 01:00:00,31884.0,31213.81,670.189453125,670.189453125,2.10196165200414
2025-11-17 02:00:00,31582.0,30683.812,898.1875,898.1875,2.84398549806852
2025-11-17 03:00:00,31011.0,30195.771,815.228515625,815.228515625,2.6288365922575863
2025-11-17 04:00:00,30276.0,29754.922,521.078125,521.078125,1.7210930274805125
2025-11-17 05:00:00,29161.0,28954.37,206.630859375,206.630859375,0.7085863289153321
2025-11-17 06:00:00,28127.0,28228.072,-101.072265625,101.072265625,0.3593425023109468
2025-11-17 07:00:00,27426.0,27805.941,-379.94140625,379.94140625,1.3853329185809087
2025-11-17 08:00:00,27058.0,27650.145,-592.14453125,592.14453125,2.1884268284795625
2025-11-17 09:00:00,26932.0,27325.684,-393.68359375,393.68359375,1.4617688762438734
2025-11-17 10:00:00,26972.0,27431.22,-459.220703125,459.220703125,1.7025830606740324
2025-11-17 11:00:00,27409.0,28123.895,-714.89453125,714.89453125,2.608247405049436
2025-11-17 12:00:00,28561.0,28916.918,-355.91796875,355.91796875,1.2461677418507755
2025-11-17 13:00:00,30614.0,29406.145,1207.85546875,1207.85546875,3.945434992977069
2025-11-17 14:00:00,31792.0,29961.445,1830.5546875,1830.5546875,5.7579098122169095
2025-11-17 15:00:00,32152.0,30348.547,1803.453125,1803.453125,5.60914756469271
2025-11-17 16:00:00,32413.0,30473.463,1939.537109375,1939.537109375,5.983824728889643
2025-11-17 17:00:00,32637.0,30597.15,2039.849609375,2039.849609375,6.2501137033887915
2025-11-17 18:00:00,32689.0,31151.117,1537.8828125,1537.8828125,4.704588125975099
2025-11-17 19:00:00,32949.0,31843.734,1105.265625,1105.265625,3.3544739597559867
2025-11-17 20:00:00,33336.0,31972.91,1363.08984375,1363.08984375,4.088942415856732
2025-11-17 21:00:00,33391.0,32128.533,1262.466796875,1262.466796875,3.780859503683627
2025-11-17 22:00:00,33504.0,32002.957,1501.04296875,1501.04296875,4.480190331751432
2025-11-17 23:00:00,33518.0,31599.67,1918.330078125,1918.330078125,5.723283245196611
2025-11-18 00:00:00,33900.0,31760.316,2139.68359375,2139.68359375,6.311751014011799
2025-11-18 01:00:00,33908.0,31917.398,1990.6015625,1990.6015625,5.8705956190279585
2025-11-18 02:00:00,33240.0,31570.38,1669.619140625,1669.619140625,5.022921602361612
2025-11-18 03:00:00,32615.0,31236.992,1378.0078125,1378.0078125,4.225073777403035
2025-11-18 04:00:00,31742.0,30317.727,1424.2734375,1424.2734375,4.487031181084998
2025-11-18 05:00:00,30451.0,29299.34,1151.66015625,1151.66015625,3.782010956126235
2025-11-18 06:00:00,29225.0,28624.107,600.892578125,600.892578125,2.0560909431137726
2025-11-18 07:00:00,28251.0,28049.617,201.3828125,201.3828125,0.7128342802024707
2025-11-18 08:00:00,27622.0,27811.762,-189.76171875,189.76171875,0.6869948546448482
2025-11-18 09:00:00,27433.0,27782.715,-349.71484375,349.71484375,1.2747962080341195
2025-11-18 10:00:00,27489.0,27809.764,-320.763671875,320.763671875,1.166880104314453
2025-11-18 11:00:00,27717.0,28030.486,-313.486328125,313.486328125,1.1310254649673486
2025-11-18 12:00:00,28801.0,28828.426,-27.42578125,27.42578125,0.09522510069094824
2025-11-18 13:00:00,30605.0,30172.715,432.28515625,432.28515625,1.4124657939879104
2025-11-18 14:00:00,31609.0,31187.01,421.990234375,421.990234375,1.335031903492676
2025-11-18 15:00:00,31722.0,31361.623,360.376953125,360.376953125,1.1360473902181452
2025-11-18 16:00:00,31804.0,31478.129,325.87109375,325.87109375,1.0246229837441831
2025-11-18 17:00:00,31902.0,31636.512,265.48828125,265.48828125,0.832199489843897
2025-11-18 18:00:00,32125.0,31553.922,571.078125,571.078125,1.7776750972762645
2025-11-18 19:00:00,32457.0,31768.574,688.42578125,688.42578125,2.12103947145454
2025-11-18 20:00:00,32698.0,32199.26,498.740234375,498.740234375,1.5252927835800356
2025-11-18 21:00:00,32773.0,32126.826,646.173828125,646.173828125,1.9716651759832788
2025-11-18 22:00:00,32834.0,32170.465,663.53515625,663.53515625,2.020878224553816
2025-11-18 23:00:00,32842.0,32160.504,681.49609375,681.49609375,2.0750748850557215
2025-11-19 00:00:00,33179.0,32491.66,687.33984375,687.33984375,2.0716110905994753
2025-11-19 01:00:00,33125.0,32473.195,651.8046875,651.8046875,1.9677122641509435
2025-11-19 02:00:00,32530.0,32342.852,187.1484375,187.1484375,0.575310290501076
2025-11-19 03:00:00,31929.0,31657.705,271.294921875,271.294921875,0.8496818624917786
2025-11-19 04:00:00,31173.0,31328.002,-155.001953125,155.001953125,0.4972314282391813
2025-11-19 05:00:00,29983.0,29729.307,253.693359375,253.693359375,0.8461240015175265
2025-11-19 06:00:00,28832.0,28791.193,40.806640625,40.806640625,0.14153246609669812
2025-11-19 07:00:00,28027.0,28004.428,22.572265625,22.572265625,0.08053757314375423
2025-11-19 08:00:00,27475.0,27517.332,-42.33203125,42.33203125,0.1540747270245678
2025-11-19 09:00:00,27211.0,27406.023,-195.0234375,195.0234375,0.7167080868031311
2025-11-19 10:00:00,27267.0,27277.342,-10.341796875,10.341796875,0.037927886731213556
2025-11-19 11:00:00,27714.0,27451.498,262.501953125,262.501953125,0.947181760572274
2025-11-19 12:00:00,28905.0,28546.107,358.892578125,358.892578125,1.2416280163466529
2025-11-19 13:00:00,30845.0,29974.746,870.25390625,870.25390625,2.8213775530880207
2025-11-19 14:00:00,31947.0,30895.352,1051.6484375,1051.6484375,3.2918534995461233
2025-11-19 15:00:00,32197.0,31097.33,1099.669921875,1099.669921875,3.415442189877939
2025-11-19 16:00:00,32235.0,31089.535,1145.46484375,1145.46484375,3.553481755079882
2025-11-19 17:00:00,32445.0,31030.535,1414.46484375,1414.46484375,4.3595772653721685
2025-11-19 18:00:00,32313.0,31159.725,1153.275390625,1153.275390625,3.569075575232879
2025-11-19 19:00:00,32294.0,31326.572,967.427734375,967.427734375,2.9956887792624016
2025-11-19 20:00:00,32470.0,31420.281,1049.71875,1049.71875,3.232888050508161
2025-11-19 21:00:00,32546.0,31462.719,1083.28125,1083.28125,3.328462022982855
2025-11-19 22:00:00,32493.0,31517.854,975.146484375,975.146484375,3.0010971113008957
2025-11-19 23:00:00,32634.0,31568.002,1065.998046875,1065.998046875,3.2665258530213888
2025-11-20 00:00:00,33247.0,32445.67,801.330078125,801.330078125,2.410232737164255
2025-11-20 01:00:00,33336.0,32243.95,1092.05078125,1092.05078125,3.2758902725281978
2025-11-20 02:00:00,32814.0,31805.986,1008.013671875,1008.013671875,3.071901236895837
2025-11-20 03:00:00,32360.0,31213.943,1146.056640625,1146.056640625,3.541584179928925
2025-11-20 04:00:00,31435.0,30383.783,1051.216796875,1051.216796875,3.3440966975505013
2025-11-20 05:00:00,30244.0,29488.932,755.068359375,755.068359375,2.496588941194948
2025-11-20 06:00:00,29020.0,28200.303,819.697265625,819.697265625,2.8245942991902138
2025-11-20 07:00:00,28109.0,27558.86,550.140625,550.140625,1.9571689672346935
2025-11-20 08:00:00,27669.0,26946.098,722.90234375,722.90234375,2.6126796911706243
2025-11-20 09:00:00,27400.0,26864.93,535.0703125,535.0703125,1.952811359489051
2025-11-20 10:00:00,27388.0,26888.094,499.90625,499.90625,1.825274755367314
2025-11-20 11:00:00,27761.0,27351.7,409.30078125,409.30078125,1.4743733339937322
2025-11-20 12:00:00,28799.0,28451.479,347.521484375,347.521484375,1.2067137205284906
2025-11-20 13:00:00,30612.0,29884.777,727.22265625,727.22265625,2.375613015320789
2025-11-20 14:00:00,31797.0,31226.113,570.88671875,570.88671875,1.7954106322923546
2025-11-20 15:00:00,32121.0,31178.266,942.734375,942.734375,2.9349471529528968
2025-11-20 16:00:00,32404.0,31137.354,1266.646484375,1266.646484375,3.908920146818294
2025-11-20 17:00:00,32588.0,31296.686,1291.314453125,1291.314453125,3.962545885371916
2025-11-20 18:00:00,32570.0,31240.424,1329.576171875,1329.576171875,4.0822111509824985
2025-11-20 19:00:00,32467.0,31165.887,1301.11328125,1301.11328125,4.0074946291619185
2025-11-20 20:00:00,32497.0,31432.297,1064.703125,1064.703125,3.2763120441886944
2025-11-20 21:00:00,32254.0,31436.104,817.896484375,817.896484375,2.5357986121876355
2025-11-20 22:00:00,32171.0,31512.744,658.255859375,658.255859375,2.04611563014827
2025-11-20 23:00:00,32364.0,31525.309,838.69140625,838.69140625,2.591433093097269
2025-11-21 00:00:00,33012.0,32344.258,667.7421875,667.7421875,2.0227256376469165
2025-11-21 01:00:00,33006.0,32425.07,580.9296875,580.9296875,1.7600729791553051
2025-11-21 02:00:00,32650.0,31692.533,957.466796875,957.466796875,2.9325169888973965
2025-11-21 03:00:00,32239.0,31406.559,832.44140625,832.44140625,2.582094377151897
2025-11-21 04:00:00,31494.0,30509.521,984.478515625,984.478515625,3.125924035133677
2025-11-21 05:00:00,30331.0,29460.738,870.26171875,870.26171875,2.869215386073654
2025-11-21 06:00:00,29190.0,28382.582,807.41796875,807.41796875,2.766077316718054
2025-11-21 07:00:00,28411.0,27448.904,962.095703125,962.095703125,3.3863493123262116
2025-11-21 08:00:00,27928.0,26974.94,953.060546875,953.060546875,3.4125628289709256
2025-11-21 09:00:00,27646.0,26762.633,883.3671875,883.3671875,3.1952802846704764
2025-11-21 10:00:00,27616.0,26749.525,866.474609375,866.474609375,3.1375818705641656
2025-11-21 11:00:00,27950.0,26943.473,1006.52734375,1006.52734375,3.6011711762075134
2025-11-21 12:00:00,28911.0,28088.945,822.0546875,822.0546875,2.843397625471274
2025-11-21 13:00:00,30569.0,29586.818,982.181640625,982.181640625,3.212998922519546
2025-11-21 14:00:00,31723.0,30583.941,1139.05859375,1139.05859375,3.5906395793273016
2025-11-21 15:00:00,32187.0,31015.291,1171.708984375,1171.708984375,3.6403174709510053
2025-11-21 16:00:00,32342.0,31205.678,1136.322265625,1136.322265625,3.5134570083018986
2025-11-21 17:00:00,32567.0,31273.754,1293.24609375,1293.24609375,3.9710323141523625
2025-11-21 18:00:00,32589.0,31350.463,1238.537109375,1238.537109375,3.8004759562275616
2025-11-21 19:00:00,32570.0,31402.543,1167.45703125,1167.45703125,3.584455115904207
2025-11-21 20:00:00,32609.0,31312.152,1296.84765625,1296.84765625,3.9769623608512985
2025-11-21 21:00:00,32423.0,31173.074,1249.92578125,1249.92578125,3.855059005181507
2025-11-21 22:00:00,32320.0,31127.861,1192.138671875,1192.138671875,3.6885478709003716
2025-11-21 23:00:00,32299.0,31241.922,1057.078125,1057.078125,3.272789018235859
2025-11-22 00:00:00,32650.0,31064.191,1585.80859375,1585.80859375,4.856994161562021
2025-11-22 01:00:00,32538.0,31014.201,1523.798828125,1523.798828125,4.683136112007499
2025-11-22 02:00:00,31959.0,30736.94,1222.060546875,1222.060546875,3.8238385020651458
2025-11-22 03:00:00,31349.0,30509.422,839.578125,839.578125,2.678165571469584
2025-11-22 04:00:00,30759.0,29745.611,1013.388671875,1013.388671875,3.2946086409668713
2025-11-22 05:00:00,29886.0,28909.56,976.439453125,976.439453125,3.267213588720471
2025-11-22 06:00:00,28943.0,27849.186,1093.814453125,1093.814453125,3.7792020631067964
2025-11-22 07:00:00,28299.0,27089.125,1209.875,1209.875,4.275327750097176
2025-11-22 08:00:00,27743.0,26678.967,1064.033203125,1064.033203125,3.8353213535846877
2025-11-22 09:00:00,27461.0,26442.094,1018.90625,1018.90625,3.7103756236116676
2025-11-22 10:00:00,27409.0,26487.49,921.509765625,921.509765625,3.362069997537305
2025-11-22 11:00:00,27620.0,26701.182,918.818359375,918.818359375,3.326641416998552
2025-11-22 12:00:00,28115.0,27252.412,862.587890625,862.587890625,3.068070036012805
2025-11-22 13:00:00,28937.0,28327.453,609.546875,609.546875,2.1064618827107164
2025-11-22 14:00:00,29788.0,29314.729,473.271484375,473.271484375,1.5887991284241978
2025-11-22 15:00:00,30409.0,29503.941,905.05859375,905.05859375,2.97628528971686
2025-11-22 16:00:00,30524.0,29611.473,912.52734375,912.52734375,2.989540505012449
2025-11-22 17:00:00,30586.0,29848.865,737.134765625,737.134765625,2.410039775142222
2025-11-22 18:00:00,30428.0,29930.055,497.9453125,497.9453125,1.6364707259760747
2025-11-22 19:00:00,30233.0,29950.846,282.154296875,282.154296875,0.9332659573148546
2025-11-22 20:00:00,30040.0,29911.117,128.8828125,128.8828125,0.4290373252330226
2025-11-22 21:00:00,29867.0,29744.402,122.59765625,122.59765625,0.4104786428164864
2025-11-22 22:00:00,29836.0,29747.965,88.03515625,88.03515625,0.2950635348237029
2025-11-22 23:00:00,30048.0,29833.457,214.54296875,214.54296875,0.7140008278421193
2025-11-23 00:00:00,30824.0,30438.678,385.322265625,385.322265625,1.2500722347034778
2025-11-23 01:00:00,30976.0,30463.334,512.666015625,512.666015625,1.6550426640786418
2025-11-23 02:00:00,30642.0,30208.225,433.775390625,433.775390625,1.4156236232132369
2025-11-23 03:00:00,30253.0,29766.848,486.15234375,486.15234375,1.60695581843123
2025-11-23 04:00:00,29875.0,29194.502,680.498046875,680.498046875,2.277817730125523
2025-11-23 05:00:00,29197.0,28540.268,656.732421875,656.732421875,2.249314730537384
2025-11-23 06:00:00,28467.0,27332.57,1134.4296875,1134.4296875,3.985069334668212
2025-11-23 07:00:00,27906.0,26665.785,1240.21484375,1240.21484375,4.444258739160038
2025-11-23 08:00:00,27490.0,26674.566,815.43359375,815.43359375,2.966291719716261
2025-11-23 09:00:00,27408.0,26306.268,1101.732421875,1101.732421875,4.019747598785027
2025-11-23 10:00:00,27464.0,26387.44,1076.560546875,1076.560546875,3.9198971266931255
2025-11-23 11:00:00,27659.0,26610.607,1048.392578125,1048.392578125,3.7904211219675332
2025-11-23 12:00:00,28184.0,26806.58,1377.419921875,1377.419921875,4.887240710598212
2025-11-23 13:00:00,28833.0,27584.906,1248.09375,1248.09375,4.328698886692331
2025-11-23 14:00:00,29654.0,28246.201,1407.798828125,1407.798828125,4.747416295019222
2025-11-23 15:00:00,30337.0,28821.42,1515.580078125,1515.580078125,4.995813950374131
2025-11-23 16:00:00,30374.0,28446.35,1927.650390625,1927.650390625,6.346383059936129
2025-11-23 17:00:00,30096.0,28447.273,1648.7265625,1648.7265625,5.478224888689527
2025-11-23 18:00:00,29841.0,28599.982,1241.017578125,1241.017578125,4.158766724054154
2025-11-23 19:00:00,29673.0,28642.557,1030.443359375,1030.443359375,3.472663227091969
2025-11-23 20:00:00,29434.0,28744.113,689.88671875,689.88671875,2.34384289851872
2025-11-23 21:00:00,29262.0,28497.268,764.732421875,764.732421875,2.6133976552354587
2025-11-23 22:00:00,29271.0,28565.176,705.82421875,705.82421875,2.411343031498753
2025-11-23 23:00:00,29913.0,28852.746,1060.25390625,1060.25390625,3.5444586174907227
2025-11-24 00:00:00,31139.0,30253.56,885.439453125,885.439453125,2.8435063846783777
2025-11-24 01:00:00,31363.0,30462.49,900.509765625,900.509765625,2.871248814287536
2025-11-24 02:00:00,31128.0,30254.828,873.171875,873.171875,2.8051011147519915
2025-11-24 03:00:00,30714.0,29880.447,833.552734375,833.552734375,2.713917869294133
2025-11-24 04:00:00,29979.0,29649.438,329.5625,329.5625,1.0993111844958139
2025-11-24 05:00:00,28999.0,28700.771,298.228515625,298.228515625,1.028409654212214
2025-11-24 06:00:00,28111.0,28023.902,87.09765625,87.09765625,0.3098347844260254
2025-11-24 07:00:00,27504.0,27383.299,120.701171875,120.701171875,0.43884951961532864
2025-11-24 08:00:00,27129.0,27092.818,36.181640625,36.181640625,0.13336886956762137
2025-11-24 09:00:00,26955.0,27103.441,-148.44140625,148.44140625,0.5507008208124652
2025-11-24 10:00:00,27002.0,27031.771,-29.771484375,29.771484375,0.11025658978964521
2025-11-24 11:00:00,27417.0,27644.031,-227.03125,227.03125,0.8280674399095451
2025-11-24 12:00:00,28410.0,28781.092,-371.091796875,371.091796875,1.30620132655755
2025-11-24 13:00:00,30155.0,29625.05,529.94921875,529.94921875,1.7574174059028354
2025-11-24 14:00:00,31429.0,30482.512,946.48828125,946.48828125,3.011512556078781
2025-11-24 15:00:00,32010.0,31045.963,964.037109375,964.037109375,3.01167481841612
2025-11-24 16:00:00,32330.0,31060.162,1269.837890625,1269.837890625,3.9277386038509126
2025-11-24 17:00:00,32506.0,31003.465,1502.53515625,1502.53515625,4.622331742601366
2025-11-24 18:00:00,32549.0,30783.03,1765.970703125,1765.970703125,5.425575910550248
2025-11-24 19:00:00,32475.0,30738.5,1736.5,1736.5,5.347190146266359
2025-11-24 20:00:00,32386.0,30646.52,1739.48046875,1739.48046875,5.371087719230531
2025-11-24 21:00:00,32222.0,30583.834,1638.166015625,1638.166015625,5.083998558826268
2025-11-24 22:00:00,31991.0,30590.203,1400.796875,1400.796875,4.37872174986715
2025-11-24 23:00:00,32135.0,31107.596,1027.404296875,1027.404296875,3.1971504492764895
2025-11-25 00:00:00,32690.0,31233.15,1456.849609375,1456.849609375,4.456560444707862
2025-11-25 01:00:00,32703.0,31321.71,1381.2890625,1381.2890625,4.223738074488579
2025-11-25 02:00:00,32239.0,31235.725,1003.275390625,1003.275390625,3.1119928987406555
2025-11-25 03:00:00,31717.0,30790.729,926.271484375,926.271484375,2.920425905271621
2025-11-25 04:00:00,30904.0,30083.758,820.2421875,820.2421875,2.6541618803391147
2025-11-25 05:00:00,29823.0,29078.146,744.853515625,744.853515625,2.4975807786775306
2025-11-25 06:00:00,28786.0,28100.02,685.98046875,685.98046875,2.383035047418884
2025-11-25 07:00:00,28023.0,27523.188,499.8125,499.8125,1.7835795596474326
2025-11-25 08:00:00,27577.0,27133.209,443.791015625,443.791015625,1.609279528683323
2025-11-25 09:00:00,27440.0,26954.67,485.330078125,485.330078125,1.768695619989067
2025-11-25 10:00:00,27457.0,27083.373,373.626953125,373.626953125,1.3607712172669995
2025-11-25 11:00:00,27887.0,27338.766,548.234375,548.234375,1.965913777028723
2025-11-25 12:00:00,28943.0,28159.178,783.822265625,783.822265625,2.708158330598072
2025-11-25 13:00:00,30739.0,29682.092,1056.908203125,1056.908203125,3.438329819203618
2025-11-25 14:00:00,31888.0,30771.195,1116.8046875,1116.8046875,3.502272602546413
2025-11-25 15:00:00,32204.0,31400.16,803.83984375,803.83984375,2.4960869573655446
2025-11-25 16:00:00,32337.0,31432.682,904.318359375,904.318359375,2.7965437714537527
2025-11-25 17:00:00,32451.0,31543.338,907.662109375,907.662109375,2.7970235412622104
2025-11-25 18:00:00,32460.0,31511.547,948.453125,948.453125,2.9219135089340726
2025-11-25 19:00:00,32401.0,31508.465,892.53515625,892.53515625,2.75465311641616
2025-11-25 20:00:00,32485.0,31423.865,1061.134765625,1061.134765625,3.2665376808527014
2025-11-25 21:00:00,32528.0,31413.18,1114.8203125,1114.8203125,3.4272636267215937
2025-11-25 22:00:00,32426.0,31576.613,849.38671875,849.38671875,2.619461909424536
2025-11-25 23:00:00,32792.0,31649.154,1142.845703125,1142.845703125,3.485135713359966
2025-11-26 00:00:00,33700.0,31988.082,1711.91796875,1711.91796875,5.0798752781899115
2025-11-26 01:00:00,34022.0,32162.373,1859.626953125,1859.626953125,5.465954244679913
2025-11-26 02:00:00,33707.0,32122.143,1584.857421875,1584.857421875,4.701864366081229
2025-11-26 03:00:00,33524.0,31918.525,1605.474609375,1605.474609375,4.789030573246033
2025-11-26 04:00:00,32871.0,31108.709,1762.291015625,1762.291015625,5.3612333534878776
2025-11-26 05:00:00,31988.0,29954.04,2033.9609375,2033.9609375,6.358512371826936
2025-11-26 06:00:00,31069.0,28962.04,2106.9609375,2106.9609375,6.781553759374296
2025-11-26 07:00:00,30424.0,28321.713,2102.287109375,2102.287109375,6.909962889084276
2025-11-26 08:00:00,30081.0,27909.916,2171.083984375,2171.083984375,7.217459474003523
2025-11-26 09:00:00,29951.0,27906.709,2044.291015625,2044.291015625,6.825451623067677
2025-11-26 10:00:00,30085.0,28487.73,1597.26953125,1597.26953125,5.30918906847266
2025-11-26 11:00:00,30732.0,29189.988,1542.01171875,1542.01171875,5.017609393303397
2025-11-26 12:00:00,31882.0,30226.875,1655.125,1655.125,5.191408945486482
2025-11-26 13:00:00,33525.0,32024.832,1500.16796875,1500.16796875,4.474773956002983
2025-11-26 14:00:00,34766.0,32911.152,1854.84765625,1854.84765625,5.3352345862336765
2025-11-26 15:00:00,34996.0,33181.934,1814.06640625,1814.06640625,5.183639290918962
2025-11-26 16:00:00,34768.0,32467.904,2300.095703125,2300.095703125,6.615553679029568
2025-11-26 17:00:00,34393.0,32547.727,1845.2734375,1845.2734375,5.365258737243043
2025-11-26 18:00:00,33993.0,32250.018,1742.982421875,1742.982421875,5.127474544391492
2025-11-26 19:00:00,33510.0,32031.04,1478.9609375,1478.9609375,4.413491308564608
2025-11-26 20:00:00,33160.0,32015.137,1144.86328125,1144.86328125,3.4525430677020505
2025-11-26 21:00:00,32863.0,32103.053,759.947265625,759.947265625,2.3124707592885616
2025-11-26 22:00:00,32771.0,32142.766,628.234375,628.234375,1.917043651399103
2025-11-26 23:00:00,33152.0,32252.135,899.865234375,899.865234375,2.7143618314882967
2025-11-27 00:00:00,34090.0,33457.434,632.56640625,632.56640625,1.855577607069522
2025-11-27 01:00:00,34331.0,33524.043,806.95703125,806.95703125,2.350520029273834
2025-11-27 02:00:00,34172.0,33146.227,1025.7734375,1025.7734375,3.001795146611261
2025-11-27 03:00:00,33812.0,33090.223,721.77734375,721.77734375,2.1346780543889743
2025-11-27 04:00:00,33231.0,32324.932,906.068359375,906.068359375,2.726575665417833
2025-11-27 05:00:00,32461.0,31628.52,832.48046875,832.48046875,2.564555832383476
2025-11-27 06:00:00,31519.0,30657.04,861.9609375,861.9609375,2.734734406231162
2025-11-27 07:00:00,30845.0,30162.375,682.625,682.625,2.213081536715837
2025-11-27 08:00:00,30278.0,30032.39,245.609375,245.609375,0.8111809729836845
2025-11-27 09:00:00,30053.0,30159.633,-106.6328125,106.6328125,0.35481586696835593
2025-11-27 10:00:00,30036.0,30164.65,-128.650390625,128.650390625,0.4283206506359036
2025-11-27 11:00:00,30281.0,30931.328,-650.328125,650.328125,2.147644149796902
2025-11-27 12:00:00,30818.0,31651.078,-833.078125,833.078125,2.703219303653709
2025-11-27 13:00:00,31602.0,33014.438,-1412.4375,1412.4375,4.469456047085627
2025-11-27 14:00:00,32508.0,34040.938,-1532.9375,1532.9375,4.71557001353513
2025-11-27 15:00:00,33099.0,34219.34,-1120.33984375,1120.33984375,3.384814779147406
2025-11-27 16:00:00,33138.0,33942.215,-804.21484375,804.21484375,2.4268659658096445
2025-11-27 17:00:00,32835.0,33518.168,-683.16796875,683.16796875,2.0806090109639106
2025-11-27 18:00:00,32145.0,33313.207,-1168.20703125,1168.20703125,3.634179596360242
2025-11-27 19:00:00,30871.0,32710.559,-1839.55859375,1839.55859375,5.958856511774805
2025-11-27 20:00:00,29717.0,32395.03,-2678.029296875,2678.029296875,9.011775404229901
2025-11-27 21:00:00,28967.0,32015.31,-3048.310546875,3048.310546875,10.523390571598716
2025-11-27 22:00:00,28737.0,32424.775,-3687.775390625,3687.775390625,12.832847515833246
2025-11-27 23:00:00,28963.0,32909.992,-3946.9921875,3946.9921875,13.627704959776265
2025-11-28 00:00:00,29987.0,33536.684,-3549.68359375,3549.68359375,11.837408189382066
2025-11-28 01:00:00,30520.0,33542.324,-3022.32421875,3022.32421875,9.902766116480995
2025-11-28 02:00:00,30879.0,33558.234,-2679.234375,2679.234375,8.676558097736326
2025-11-28 03:00:00,31114.0,33343.402,-2229.40234375,2229.40234375,7.165270758340298
2025-11-28 04:00:00,31157.0,32963.207,-1806.20703125,1806.20703125,5.79711471338704
2025-11-28 05:00:00,30933.0,31875.537,-942.537109375,942.537109375,3.047027800003233
2025-11-28 06:00:00,30534.0,30921.787,-387.787109375,387.787109375,1.2700173884030916
2025-11-28 07:00:00,30237.0,30829.18,-592.1796875,592.1796875,1.958460454079439
2025-11-28 08:00:00,30133.0,30573.244,-440.244140625,440.244140625,1.461003353881127
2025-11-28 09:00:00,30240.0,30513.695,-273.6953125,273.6953125,0.9050770916005291
2025-11-28 10:00:00,30530.0,30553.938,-23.9375,23.9375,0.07840648542417294
2025-11-28 11:00:00,30979.0,30699.375,279.625,279.625,0.9026275864295167
2025-11-28 12:00:00,31759.0,31234.76,524.240234375,524.240234375,1.6506824345067541
2025-11-28 13:00:00,32727.0,32538.766,188.234375,188.234375,0.5751653833226388
2025-11-28 14:00:00,33550.0,33131.48,418.51953125,418.51953125,1.2474501676602086
2025-11-28 15:00:00,33849.0,33384.598,464.40234375,464.40234375,1.3719824625542851
2025-11-28 16:00:00,33819.0,33473.492,345.5078125,345.5078125,1.0216381693722463
2025-11-28 17:00:00,33721.0,33089.305,631.6953125,631.6953125,1.8732994647252452
2025-11-28 18:00:00,33409.0,32805.184,603.81640625,603.81640625,1.8073465420994343
2025-11-28 19:00:00,32933.0,31954.092,978.908203125,978.908203125,2.9724234145841555
2025-11-28 20:00:00,32728.0,31431.172,1296.828125,1296.828125,3.9624423276704963
2025-11-28 21:00:00,32581.0,30773.975,1807.025390625,1807.025390625,5.546255150624598
2025-11-28 22:00:00,32699.0,30597.492,2101.5078125,2101.5078125,6.426825935043885
2025-11-28 23:00:00,33089.0,30521.006,2567.994140625,2567.994140625,7.760869596013781
2025-11-29 00:00:00,33885.0,30512.396,3372.603515625,3372.603515625,9.953086957724656
2025-11-29 01:00:00,33892.0,30268.447,3623.552734375,3623.552734375,10.69146917967367
2025-11-29 02:00:00,33614.0,30403.352,3210.6484375,3210.6484375,9.551521501457726
2025-11-29 03:00:00,33345.0,30748.467,2596.533203125,2596.533203125,7.7868742034038085
2025-11-29 04:00:00,32852.0,30567.89,2284.109375,2284.109375,6.952725480944844
2025-11-29 05:00:00,32126.0,29670.033,2455.966796875,2455.966796875,7.644794860471269
2025-11-29 06:00:00,31321.0,28994.758,2326.2421875,2326.2421875,7.427100627374605
2025-11-29 07:00:00,30662.0,28733.78,1928.220703125,1928.220703125,6.288633171759833
2025-11-29 08:00:00,30259.0,28571.48,1687.51953125,1687.51953125,5.576917714564262
2025-11-29 09:00:00,29990.0,28280.762,1709.23828125,1709.23828125,5.699360724408136
2025-11-29 10:00:00,29947.0,28147.424,1799.576171875,1799.576171875,6.009203499098407
2025-11-29 11:00:00,30042.0,28427.346,1614.654296875,1614.654296875,5.374656470524599
2025-11-29 12:00:00,30523.0,28989.611,1533.388671875,1533.388671875,5.023715466615339
2025-11-29 13:00:00,31232.0,29750.004,1481.99609375,1481.99609375,4.745120689517162
2025-11-29 14:00:00,32083.0,30983.924,1099.076171875,1099.076171875,3.4257275562603247
2025-11-29 15:00:00,32866.0,31133.725,1732.275390625,1732.275390625,5.270721689968356
2025-11-29 16:00:00,33569.0,31283.836,2285.1640625,2285.1640625,6.807364123149334
2025-11-29 17:00:00,33990.0,31202.418,2787.58203125,2787.58203125,8.201182792733157
2025-11-29 18:00:00,34072.0,31162.023,2909.9765625,2909.9765625,8.540668474113641
2025-11-29 19:00:00,33776.0,31652.732,2123.267578125,2123.267578125,6.286320399470038
2025-11-29 20:00:00,33508.0,31395.082,2112.91796875,2112.91796875,6.305711975498389
2025-11-29 21:00:00,33416.0,31316.715,2099.28515625,2099.28515625,6.282275425694278
2025-11-29 22:00:00,33642.0,31600.475,2041.525390625,2041.525390625,6.0683829457969205
2025-11-29 23:00:00,34268.0,32075.338,2192.662109375,2192.662109375,6.3985704137241735
2025-11-30 00:00:00,35380.0,32869.86,2510.140625,2510.140625,7.094801088185415
2025-11-30 01:00:00,35605.0,33026.105,2578.89453125,2578.89453125,7.243068477039742
2025-11-30 02:00:00,35475.0,33174.625,2300.375,2300.375,6.484496124031009
2025-11-30 03:00:00,35403.0,33393.13,2009.87109375,2009.87109375,5.677120847809507
2025-11-30 04:00:00,35054.0,32833.914,2220.0859375,2220.0859375,6.333331253209335
2025-11-30 05:00:00,34409.0,32603.383,1805.6171875,1805.6171875,5.24751427678805
2025-11-30 06:00:00,33765.0,32179.23,1585.76953125,1585.76953125,4.696489060417592
2025-11-30 07:00:00,33316.0,32187.19,1128.810546875,1128.810546875,3.3881935012456474
2025-11-30 08:00:00,33063.0,32134.195,928.8046875,928.8046875,2.8091966473096814
2025-11-30 09:00:00,33104.0,31929.75,1174.25,1174.25,3.547154422426293
2025-11-30 10:00:00,33121.0,32009.248,1111.751953125,1111.751953125,3.3566376411491197
2025-11-30 11:00:00,33431.0,31793.602,1637.3984375,1637.3984375,4.89784462774072
2025-11-30 12:00:00,33992.0,31841.84,2150.16015625,2150.16015625,6.325488809867028
2025-11-30 13:00:00,34765.0,32959.586,1805.4140625,1805.4140625,5.1931944843952245
2025-11-30 14:00:00,35594.0,34196.125,1397.875,1397.875,3.9272770691689614
2025-11-30 15:00:00,36111.0,33911.363,2199.63671875,2199.63671875,6.0913204252166935
2025-11-30 16:00:00,36156.0,33911.14,2244.859375,2244.859375,6.208815618431243
2025-11-30 17:00:00,35733.0,33640.14,2092.859375,2092.859375,5.856937214899393
2025-11-30 18:00:00,35277.0,33279.777,1997.22265625,1997.22265625,5.661543374578337
2025-11-30 19:00:00,34962.0,32690.326,2271.673828125,2271.673828125,6.497551135876094
2025-11-30 20:00:00,34756.0,32641.412,2114.587890625,2114.587890625,6.084094517853032
2025-11-30 21:00:00,34679.0,32747.43,1931.5703125,1931.5703125,5.569855856570259
2025-11-30 22:00:00,35072.0,32811.848,2260.15234375,2260.15234375,6.44432123560105
2025-11-30 23:00:00,36179.0,33170.89,3008.109375,3008.109375,8.31451774510075
2025-12-01 00:00:00,37742.0,35114.188,2627.8125,2627.8125,6.9625682263791
2025-12-01 01:00:00,38147.0,35126.38,3020.62109375,3020.62109375,7.918371284111464
2025-12-01 02:00:00,37971.0,35416.26,2554.73828125,2554.73828125,6.728130102578284
2025-12-01 03:00:00,37671.0,35121.996,2549.00390625,2549.00390625,6.766488562156566
2025-12-01 04:00:00,36900.0,34358.434,2541.56640625,2541.56640625,6.8877138380758804
2025-12-01 05:00:00,35698.0,33521.95,2176.05078125,2176.05078125,6.095721836657516
2025-12-01 06:00:00,34655.0,32691.56,1963.439453125,1963.439453125,5.665674370581446
2025-12-01 07:00:00,33979.0,32719.078,1259.921875,1259.921875,3.707942773477736
2025-12-01 08:00:00,33686.0,32202.275,1483.724609375,1483.724609375,4.4045734411179716
2025-12-01 09:00:00,33515.0,32273.238,1241.76171875,1241.76171875,3.705092402655527
2025-12-01 10:00:00,33545.0,32294.281,1250.71875,1250.71875,3.7284803994634075
2025-12-01 11:00:00,34061.0,33039.445,1021.5546875,1021.5546875,2.999191707524735
2025-12-01 12:00:00,35323.0,33724.64,1598.359375,1598.359375,4.5249819522690595
2025-12-01 13:00:00,37260.0,35073.137,2186.86328125,2186.86328125,5.8691982856951155
2025-12-01 14:00:00,38631.0,36511.344,2119.65625,2119.65625,5.486930832750899
2025-12-01 15:00:00,38987.0,36988.613,1998.38671875,1998.38671875,5.125777101982712
2025-12-01 16:00:00,39216.0,36944.63,2271.37109375,2271.37109375,5.791949953462872
2025-12-01 17:00:00,39253.0,36772.723,2480.27734375,2480.27734375,6.318694988281151
2025-12-01 18:00:00,39071.0,36610.625,2460.375,2460.375,6.297189731514423
2025-12-01 19:00:00,38688.0,36113.73,2574.26953125,2574.26953125,6.6539224856544665
2025-12-01 20:00:00,38396.0,35818.164,2577.8359375,2577.8359375,6.713813776174601
2025-12-01 21:00:00,38137.0,35725.43,2411.5703125,2411.5703125,6.323439999213362
2025-12-01 22:00:00,37962.0,36518.156,1443.84375,1443.84375,3.8033922079974714
2025-12-01 23:00:00,38321.0,36708.125,1612.875,1612.875,4.208854153075337
2025-12-02 00:00:00,39423.0,36849.992,2573.0078125,2573.0078125,6.526666698374045
2025-12-02 01:00:00,39709.0,36923.293,2785.70703125,2785.70703125,7.015303914100078
2025-12-02 02:00:00,39432.0,37155.977,2276.0234375,2276.0234375,5.7720212961554065
2025-12-02 03:00:00,38971.0,36863.94,2107.05859375,2107.05859375,5.406734735444305
2025-12-02 04:00:00,38162.0,36199.496,1962.50390625,1962.50390625,5.14256041677585
2025-12-02 05:00:00,37048.0,34969.098,2078.90234375,2078.90234375,5.611375361018139
2025-12-02 06:00:00,36042.0,33913.742,2128.2578125,2128.2578125,5.904938162421619
2025-12-02 07:00:00,35447.0,33728.844,1718.15625,1718.15625,4.847113295906564
2025-12-02 08:00:00,35217.0,33458.68,1758.3203125,1758.3203125,4.992816856915693
2025-12-02 09:00:00,35185.0,33426.523,1758.4765625,1758.4765625,4.99780179764104
2025-12-02 10:00:00,35364.0,33559.145,1804.85546875,1804.85546875,5.1036519306356745
2025-12-02 11:00:00,36034.0,33979.15,2054.8515625,2054.8515625,5.702535279180774
2025-12-02 12:00:00,37352.0,34816.527,2535.47265625,2535.47265625,6.788050589660527
2025-12-02 13:00:00,39330.0,36785.633,2544.3671875,2544.3671875,6.469278381642512
2025-12-02 14:00:00,40341.0,37366.926,2974.07421875,2974.07421875,7.372336379241961
2025-12-02 15:00:00,39899.0,37242.83,2656.171875,2656.171875,6.657239216521717
2025-12-02 16:00:00,38812.0,36847.39,1964.609375,1964.609375,5.061860700298877
2025-12-02 17:00:00,37923.0,36610.406,1312.59375,1312.59375,3.461207578514358
2025-12-02 18:00:00,37105.0,36491.023,613.9765625,613.9765625,1.654700343619458
2025-12-02 19:00:00,36319.0,36226.047,92.953125,92.953125,0.2559352542746221
2025-12-02 20:00:00,35529.0,36008.32,-479.3203125,479.3203125,1.3490959849700244
2025-12-02 21:00:00,34843.0,35848.566,-1005.56640625,1005.56640625,2.8859926132939187
2025-12-02 22:00:00,34682.0,35964.01,-1282.01171875,1282.01171875,3.696475747505911
2025-12-02 23:00:00,35309.0,36258.17,-949.171875,949.171875,2.6881867937353086
2025-12-03 00:00:00,36890.0,36898.92,-8.921875,8.921875,0.024185077256709136
2025-12-03 01:00:00,37548.0,36833.113,714.88671875,714.88671875,1.9039275560615747
2025-12-03 02:00:00,37605.0,36933.375,671.625,671.625,1.7859992022337456
2025-12-03 03:00:00,37334.0,36389.51,944.48828125,944.48828125,2.529834149166979
2025-12-03 04:00:00,36708.0,35733.508,974.4921875,974.4921875,2.6547133799171845
2025-12-03 05:00:00,35486.0,34784.906,701.09375,701.09375,1.9756911176238516
2025-12-03 06:00:00,34528.0,33833.223,694.77734375,694.77734375,2.0122142717504636
2025-12-03 07:00:00,33867.0,33415.65,451.3515625,451.3515625,1.3327178743319454
2025-12-03 08:00:00,33517.0,33295.45,221.55078125,221.55078125,0.6610101776710327
2025-12-03 09:00:00,33292.0,33324.742,-32.7421875,32.7421875,0.09834851465817614
2025-12-03 10:00:00,33375.0,33373.793,1.20703125,1.20703125,0.003616573033707865
2025-12-03 11:00:00,34159.0,33786.57,372.4296875,372.4296875,1.0902827585702157
2025-12-03 12:00:00,35522.0,34719.426,802.57421875,802.57421875,2.259372272816846
2025-12-03 13:00:00,37596.0,36099.973,1496.02734375,1496.02734375,3.979219448212576
2025-12-03 14:00:00,38642.0,37185.44,1456.55859375,1456.55859375,3.7693664762434658
2025-12-03 15:00:00,38483.0,36940.477,1542.5234375,1542.5234375,4.00832429254476
2025-12-03 16:00:00,37975.0,36148.145,1826.85546875,1826.85546875,4.810679312047399
2025-12-03 17:00:00,37349.0,35997.895,1351.10546875,1351.10546875,3.617514441484377
2025-12-03 18:00:00,36597.0,35354.98,1242.01953125,1242.01953125,3.3937741652321227
2025-12-03 19:00:00,36055.0,35012.55,1042.44921875,1042.44921875,2.8912750485369574
2025-12-03 20:00:00,35906.0,34555.516,1350.484375,1350.484375,3.761166309251936
2025-12-03 21:00:00,35829.0,33948.332,1880.66796875,1880.66796875,5.249010490803539
2025-12-03 22:00:00,36005.0,34316.31,1688.69140625,1688.69140625,4.6901580509651435
2025-12-03 23:00:00,36760.0,34829.56,1930.44140625,1930.44140625,5.251472813520131
2025-12-04 00:00:00,38038.0,35428.844,2609.15625,2609.15625,6.859341316578159
2025-12-04 01:00:00,38491.0,36096.957,2394.04296875,2394.04296875,6.219747392247538
2025-12-04 02:00:00,38279.0,36313.04,1965.9609375,1965.9609375,5.1358732921445185
2025-12-04 03:00:00,38063.0,36451.055,1611.9453125,1611.9453125,4.234940263510496
2025-12-04 04:00:00,37403.0,36021.617,1381.3828125,1381.3828125,3.6932406825655697
2025-12-04 05:00:00,36342.0,35042.25,1299.75,1299.75,3.5764404820868414
2025-12-04 06:00:00,35289.0,34088.434,1200.56640625,1200.56640625,3.402098121936014
2025-12-04 07:00:00,34784.0,33495.758,1288.2421875,1288.2421875,3.703548147136614
2025-12-04 08:00:00,34529.0,33346.61,1182.390625,1182.390625,3.4243407715253844
2025-12-04 09:00:00,34531.0,33524.535,1006.46484375,1006.46484375,2.9146704229532885
2025-12-04 10:00:00,34859.0,33459.58,1399.421875,1399.421875,4.014520998881207
2025-12-04 11:00:00,35374.0,34219.8,1154.19921875,1154.19921875,3.262846211200317
2025-12-04 12:00:00,36603.0,35063.652,1539.34765625,1539.34765625,4.205523198235117
2025-12-04 13:00:00,38671.0,36853.3,1817.69921875,1817.69921875,4.700419484238835
2025-12-04 14:00:00,39973.0,37433.855,2539.14453125,2539.14453125,6.352149028719385
2025-12-04 15:00:00,40048.0,37796.82,2251.1796875,2251.1796875,5.621203774220935
2025-12-04 16:00:00,39735.0,37937.08,1797.921875,1797.921875,4.524781364036744
2025-12-04 17:00:00,39277.0,37140.766,2136.234375,2136.234375,5.438893945566107
2025-12-04 18:00:00,38755.0,36061.184,2693.81640625,2693.81640625,6.950887385498645
2025-12-04 19:00:00,38197.0,35654.465,2542.53515625,2542.53515625,6.656373946252324
2025-12-04 20:00:00,37711.0,35095.797,2615.203125,2615.203125,6.934854883190581
2025-12-04 21:00:00,37214.0,34877.625,2336.375,2336.375,6.2782151878325365
2025-12-04 22:00:00,37007.0,35440.06,1566.94140625,1566.94140625,4.23417571337855
2025-12-04 23:00:00,37627.0,35760.984,1866.015625,1866.015625,4.959246352353363
2025-12-05 00:00:00,38969.0,36330.938,2638.0625,2638.0625,6.769643819446227
2025-12-05 01:00:00,39469.0,36706.22,2762.78125,2762.78125,6.999876485342928
2025-12-05 02:00:00,39409.0,36606.07,2802.9296875,2802.9296875,7.1124100776472385
2025-12-05 03:00:00,39282.0,36687.066,2594.93359375,2594.93359375,6.605910070133904
2025-12-05 04:00:00,38599.0,36301.07,2297.9296875,2297.9296875,5.9533399505168525
2025-12-05 05:00:00,37446.0,35062.293,2383.70703125,2383.70703125,6.365718718287668
2025-12-05 06:00:00,36358.0,34317.707,2040.29296875,2040.29296875,5.611675473760934
2025-12-05 07:00:00,35606.0,33753.242,1852.7578125,1852.7578125,5.20349888361512
2025-12-05 08:00:00,35227.0,33506.855,1720.14453125,1720.14453125,4.88302873151276
2025-12-05 09:00:00,35077.0,33304.273,1772.7265625,1772.7265625,5.053814643498589
2025-12-05 10:00:00,35094.0,33509.348,1584.65234375,1584.65234375,4.515450913973899
2025-12-05 11:00:00,35510.0,34157.777,1352.22265625,1352.22265625,3.808005227400732
2025-12-05 12:00:00,36613.0,34676.355,1936.64453125,1936.64453125,5.289499716630705
2025-12-05 13:00:00,38482.0,35987.527,2494.47265625,2494.47265625,6.482180386284497
2025-12-05 14:00:00,39595.0,37156.035,2438.96484375,2438.96484375,6.1597798806667505
2025-12-05 15:00:00,39366.0,37097.285,2268.71484375,2268.71484375,5.763132763679317
2025-12-05 16:00:00,38558.0,36624.996,1933.00390625,1933.00390625,5.013236957959437
2025-12-05 17:00:00,37674.0,35687.652,1986.34765625,1986.34765625,5.2724628556829645
2025-12-05 18:00:00,36661.0,35247.516,1413.484375,1413.484375,3.855553244592346
2025-12-05 19:00:00,35842.0,34689.406,1152.59375,1152.59375,3.21576293175604
2025-12-05 20:00:00,35228.0,34486.598,741.40234375,741.40234375,2.104582558618145
2025-12-05 21:00:00,34745.0,34316.8,428.19921875,428.19921875,1.232405292128364
2025-12-05 22:00:00,34614.0,34467.64,146.359375,146.359375,0.4228328855376437
2025-12-05 23:00:00,35066.0,35129.25,-63.25,63.25,0.1803741515998403
2025-12-06 00:00:00,36140.0,35153.766,986.234375,986.234375,2.728927434975097
2025-12-06 01:00:00,36350.0,35701.96,648.0390625,648.0390625,1.7827759628610729
2025-12-06 02:00:00,36207.0,35641.3,565.69921875,565.69921875,1.562402902063137
2025-12-06 03:00:00,36058.0,35605.89,452.109375,452.109375,1.2538393005713018
2025-12-06 04:00:00,35595.0,35083.348,511.65234375,511.65234375,1.4374275705857564
2025-12-06 05:00:00,34759.0,34099.66,659.33984375,659.33984375,1.896889564573204
2025-12-06 06:00:00,33923.0,33057.69,865.30859375,865.30859375,2.5508020922383046
2025-12-06 07:00:00,33309.0,32689.594,619.40625,619.40625,1.8595762406556786
2025-12-06 08:00:00,32999.0,32698.98,300.01953125,300.01953125,0.9091776455347133
2025-12-06 09:00:00,32948.0,32399.969,548.03125,548.03125,1.6633217494233337
2025-12-06 10:00:00,33120.0,32335.264,784.736328125,784.736328125,2.3693729713919085
2025-12-06 11:00:00,33622.0,32368.209,1253.791015625,1253.791015625,3.7290792208226757
2025-12-06 12:00:00,34331.0,33230.656,1100.34375,1100.34375,3.2051025312399872
2025-12-06 13:00:00,35273.0,34379.945,893.0546875,893.0546875,2.531836496753891
2025-12-06 14:00:00,36093.0,35598.715,494.28515625,494.28515625,1.3694765086027763
2025-12-06 15:00:00,36473.0,34855.574,1617.42578125,1617.42578125,4.4345838873961565
2025-12-06 16:00:00,36362.0,34593.72,1768.28125,1768.28125,4.862992272152247
2025-12-06 17:00:00,36055.0,33847.516,2207.484375,2207.484375,6.122547150187214
2025-12-06 18:00:00,35449.0,33080.41,2368.58984375,2368.58984375,6.6816831046009755
2025-12-06 19:00:00,34808.0,32756.352,2051.6484375,2051.6484375,5.894186501666283
2025-12-06 20:00:00,34212.0,32486.205,1725.794921875,1725.794921875,5.04441401226178
2025-12-06 21:00:00,33808.0,31978.463,1829.537109375,1829.537109375,5.411550844104945
2025-12-06 22:00:00,33797.0,31908.117,1888.8828125,1888.8828125,5.588906744681481
2025-12-06 23:00:00,34225.0,32247.775,1977.224609375,1977.224609375,5.777135454711468
2025-12-07 00:00:00,35184.0,33201.594,1982.40625,1982.40625,5.634397027057753
2025-12-07 01:00:00,35351.0,33153.703,2197.296875,2197.296875,6.215656912109982
2025-12-07 02:00:00,35131.0,33169.0,1962.0,1962.0,5.584811135464405
2025-12-07 03:00:00,34905.0,33402.78,1502.21875,1502.21875,4.303735138232345
2025-12-07 04:00:00,34423.0,32827.816,1595.18359375,1595.18359375,4.634063253493304
2025-12-07 05:00:00,33658.0,31865.334,1792.666015625,1792.666015625,5.326121622274051
2025-12-07 06:00:00,32841.0,31245.824,1595.17578125,1595.17578125,4.857269209981426
2025-12-07 07:00:00,32138.0,31055.012,1082.98828125,1082.98828125,3.3698060901425104
2025-12-07 08:00:00,31640.0,30677.064,962.935546875,962.935546875,3.0434119686314793
2025-12-07 09:00:00,31311.0,30588.121,722.87890625,722.87890625,2.308705906071349
2025-12-07 10:00:00,31314.0,30754.85,559.150390625,559.150390625,1.7856242914511082
2025-12-07 11:00:00,31451.0,31384.725,66.275390625,66.275390625,0.2107258612603733
2025-12-07 12:00:00,31906.0,31760.246,145.75390625,145.75390625,0.4568228742242838
2025-12-07 13:00:00,32757.0,32864.4,-107.3984375,107.3984375,0.32786408248618615
2025-12-07 14:00:00,33732.0,33825.957,-93.95703125,93.95703125,0.2785397582414325
2025-12-07 15:00:00,34526.0,34108.965,417.03515625,417.03515625,1.2078872624978276
2025-12-07 16:00:00,35095.0,34138.656,956.34375,956.34375,2.7250142470437386
2025-12-07 17:00:00,35270.0,34021.586,1248.4140625,1248.4140625,3.5395918982137795
2025-12-07 18:00:00,35198.0,33655.35,1542.6484375,1542.6484375,4.3827729913631455
2025-12-07 19:00:00,35207.0,33199.273,2007.7265625,2007.7265625,5.702634596813134
2025-12-07 20:00:00,35013.0,33050.445,1962.5546875,1962.5546875,5.605217169337103
2025-12-07 21:00:00,34836.0,32562.258,2273.7421875,2273.7421875,6.526989859627971
2025-12-07 22:00:00,34956.0,32648.324,2307.67578125,2307.67578125,6.601658602958005
2025-12-07 23:00:00,35630.0,33057.668,2572.33203125,2572.33203125,7.219567867667696
2025-12-08 00:00:00,36979.0,35234.285,1744.71484375,1744.71484375,4.718123377457476
2025-12-08 01:00:00,37376.0,35354.156,2021.84375,2021.84375,5.409470649614726
2025-12-08 02:00:00,37281.0,35204.242,2076.7578125,2076.7578125,5.570552862047692
2025-12-08 03:00:00,36997.0,34872.55,2124.44921875,2124.44921875,5.742220230694381
2025-12-08 04:00:00,36386.0,34215.65,2170.3515625,2170.3515625,5.964798445830814
2025-12-08 05:00:00,35391.0,33608.95,1782.05078125,1782.05078125,5.035321921533723
2025-12-08 06:00:00,34419.0,32421.13,1997.869140625,1997.869140625,5.804553126543479
2025-12-08 07:00:00,33860.0,32352.8,1507.19921875,1507.19921875,4.451267627731837
2025-12-08 08:00:00,33628.0,32045.71,1582.2890625,1582.2890625,4.7052725779112645
2025-12-08 09:00:00,33609.0,31914.36,1694.640625,1694.640625,5.042222693326193
2025-12-08 10:00:00,33772.0,32050.72,1721.279296875,1721.279296875,5.096764470197205
2025-12-08 11:00:00,34417.0,32484.762,1932.23828125,1932.23828125,5.614197289856756
2025-12-08 12:00:00,35866.0,33086.66,2779.33984375,2779.33984375,7.749232821474377
2025-12-08 13:00:00,38119.0,34538.348,3580.65234375,3580.65234375,9.393353298223984
2025-12-08 14:00:00,39458.0,35643.48,3814.51953125,3814.51953125,9.667290615971412
2025-12-08 15:00:00,39453.0,35725.18,3727.8203125,3727.8203125,9.448762609940943
2025-12-08 16:00:00,38936.0,36451.746,2484.25390625,2484.25390625,6.380352132345387
2025-12-08 17:00:00,38126.0,36261.34,1864.66015625,1864.66015625,4.890783602397314
2025-12-08 18:00:00,37101.0,35999.266,1101.734375,1101.734375,2.9695543920649037
2025-12-08 19:00:00,36127.0,35793.438,333.5625,333.5625,0.9233052841365185
2025-12-08 20:00:00,35317.0,35271.668,45.33203125,45.33203125,0.1283575367386811
2025-12-08 21:00:00,34695.0,34711.7,-16.69921875,16.69921875,0.0481314850843061
2025-12-08 22:00:00,34387.0,35267.21,-880.2109375,880.2109375,2.5597200613603976
2025-12-08 23:00:00,35067.0,35837.207,-770.20703125,770.20703125,2.1963870055893007
2025-12-09 00:00:00,36507.0,35924.785,582.21484375,582.21484375,1.594803308269647
2025-12-09 01:00:00,37239.0,36184.33,1054.671875,1054.671875,2.8321702381911438
2025-12-09 02:00:00,37275.0,36056.215,1218.78515625,1218.78515625,3.2697120221327967
2025-12-09 03:00:00,37137.0,35920.258,1216.7421875,1216.7421875,3.2763610078897054
2025-12-09 04:00:00,36612.0,35060.348,1551.65234375,1551.65234375,4.238097737763575
2025-12-09 05:00:00,35359.0,34122.04,1236.9609375,1236.9609375,3.498291630136599
2025-12-09 06:00:00,34222.0,32876.66,1345.33984375,1345.33984375,3.931213382473263
2025-12-09 07:00:00,33514.0,32415.775,1098.224609375,1098.224609375,3.2769129598824374
2025-12-09 08:00:00,33164.0,32449.889,714.111328125,714.111328125,2.1532726092298877
2025-12-09 09:00:00,33079.0,32555.752,523.248046875,523.248046875,1.5818133766891382
2025-12-09 10:00:00,33173.0,32601.822,571.177734375,571.177734375,1.7218151339191512
2025-12-09 11:00:00,33668.0,33088.2,579.80078125,579.80078125,1.722112335897588
2025-12-09 12:00:00,34957.0,34300.434,656.56640625,656.56640625,1.8782115348857167
2025-12-09 13:00:00,37067.0,35769.6,1297.3984375,1297.3984375,3.500144164620822
2025-12-09 14:00:00,38218.0,36727.332,1490.66796875,1490.66796875,3.900434268538385
2025-12-09 15:00:00,37584.0,36372.957,1211.04296875,1211.04296875,3.2222301211951896
2025-12-09 16:00:00,36458.0,35514.15,943.8515625,943.8515625,2.588873669702123
2025-12-09 17:00:00,35530.0,35007.168,522.83203125,522.83203125,1.4715227448634955
2025-12-09 18:00:00,34744.0,34454.812,289.1875,289.1875,0.8323379576329726
2025-12-09 19:00:00,34112.0,33953.285,158.71484375,158.71484375,0.4652756911057692
2025-12-09 20:00:00,33673.0,33503.195,169.8046875,169.8046875,0.5042754952038726
2025-12-09 21:00:00,33315.0,32794.402,520.59765625,520.59765625,1.5626524275851719
2025-12-09 22:00:00,33311.0,32603.111,707.888671875,707.888671875,2.1250898258082915
2025-12-09 23:00:00,33898.0,33479.438,418.5625,418.5625,1.2347704879343915
2025-12-10 00:00:00,35252.0,34066.24,1185.76171875,1185.76171875,3.363672185266084
2025-12-10 01:00:00,35715.0,34570.195,1144.8046875,1144.8046875,3.2053890172196557
2025-12-10 02:00:00,35468.0,34556.434,911.56640625,911.56640625,2.5701094120051877
2025-12-10 03:00:00,35160.0,34524.953,635.046875,635.046875,1.8061628981797497
2025-12-10 04:00:00,34442.0,34100.504,341.49609375,341.49609375,0.9915106374484641
2025-12-10 05:00:00,33176.0,33388.734,-212.734375,212.734375,0.6412297293224017
2025-12-10 06:00:00,32044.0,32366.75,-322.75,322.75,1.0072088378479591
2025-12-10 07:00:00,31399.0,31951.484,-552.484375,552.484375,1.7595604159368134
2025-12-10 08:00:00,31093.0,31721.727,-628.7265625,628.7265625,2.0220839497636125
2025-12-10 09:00:00,31023.0,31766.031,-743.03125,743.03125,2.395097991812526
2025-12-10 10:00:00,31238.0,31810.232,-572.232421875,572.232421875,1.8318471793168576
2025-12-10 11:00:00,31825.0,32161.102,-336.1015625,336.1015625,1.0560928908091123
2025-12-10 12:00:00,33136.0,33030.695,105.3046875,105.3046875,0.3177954113351038
2025-12-10 13:00:00,35325.0,34828.77,496.23046875,496.23046875,1.4047571656050954
2025-12-10 14:00:00,36590.0,35684.44,905.55859375,905.55859375,2.4748800047827273
2025-12-10 15:00:00,36447.0,35536.793,910.20703125,910.20703125,2.4973441744176474
2025-12-10 16:00:00,35839.0,34736.31,1102.69140625,1102.69140625,3.076791780602137
2025-12-10 17:00:00,35346.0,34246.516,1099.484375,1099.484375,3.110633098511854
2025-12-10 18:00:00,34769.0,33688.105,1080.89453125,1080.89453125,3.10878809068423
2025-12-10 19:00:00,34103.0,33152.33,950.671875,950.671875,2.7876488138873414
2025-12-10 20:00:00,33695.0,32770.77,924.23046875,924.23046875,2.742930609140822
2025-12-10 21:00:00,33308.0,32576.67,731.330078125,731.330078125,2.195658935165726
2025-12-10 22:00:00,33276.0,32970.22,305.78125,305.78125,0.9189242997956485
2025-12-10 23:00:00,33914.0,33419.36,494.640625,494.640625,1.4585145515126496
2025-12-11 00:00:00,35387.0,34623.477,763.5234375,763.5234375,2.1576382216633228
2025-12-11 01:00:00,36101.0,34815.68,1285.3203125,1285.3203125,3.5603454544195454
2025-12-11 02:00:00,36187.0,34628.6,1558.3984375,1558.3984375,4.3065145977837345
2025-12-11 03:00:00,36148.0,34622.16,1525.83984375,1525.83984375,4.221090637794623
2025-12-11 04:00:00,35542.0,33705.72,1836.28125,1836.28125,5.166510747847617
2025-12-11 05:00:00,34534.0,32664.791,1869.208984375,1869.208984375,5.412662837710662
2025-12-11 06:00:00,33503.0,31799.475,1703.525390625,1703.525390625,5.084695073948602
2025-12-11 07:00:00,32911.0,31351.438,1559.5625,1559.5625,4.738727173285528
2025-12-11 08:00:00,32648.0,31136.803,1511.197265625,1511.197265625,4.628759083634526
2025-12-11 09:00:00,32587.0,31237.635,1349.365234375,1349.365234375,4.1408084032743115
2025-12-11 10:00:00,32844.0,31358.941,1485.05859375,1485.05859375,4.521552167062477
2025-12-11 11:00:00,33420.0,31660.441,1759.55859375,1759.55859375,5.264986815529623
2025-12-11 12:00:00,34771.0,32449.441,2321.55859375,2321.55859375,6.67670930876305
2025-12-11 13:00:00,36850.0,34410.9,2439.1015625,2439.1015625,6.6190001696065135
2025-12-11 14:00:00,38075.0,35000.453,3074.546875,3074.546875,8.07497537754432
2025-12-11 15:00:00,37789.0,34838.777,2950.22265625,2950.22265625,7.8070937475191196
2025-12-11 16:00:00,36772.0,34234.47,2537.53125,2537.53125,6.900715897965844
2025-12-11 17:00:00,35949.0,33484.91,2464.08984375,2464.08984375,6.854404416673621
2025-12-11 18:00:00,35185.0,32782.1,2402.8984375,2402.8984375,6.8293262398749475
2025-12-11 19:00:00,34426.0,32550.145,1875.85546875,1875.85546875,5.448949830796491
2025-12-11 20:00:00,34080.0,32113.1,1966.900390625,1966.900390625,5.771421333993545
2025-12-11 21:00:00,33605.0,32119.475,1485.525390625,1485.525390625,4.420548699970243
2025-12-11 22:00:00,33523.0,32274.979,1248.021484375,1248.021484375,3.7228812587626408
2025-12-11 23:00:00,33898.0,32794.957,1103.04296875,1103.04296875,3.254006043866895
2025-12-12 00:00:00,34949.0,34187.145,761.85546875,761.85546875,2.1799063456751266
2025-12-12 01:00:00,35362.0,34599.656,762.34375,762.34375,2.1558275832814884
2025-12-12 02:00:00,35278.0,34754.38,523.62109375,523.62109375,1.484270916009978
2025-12-12 03:00:00,35221.0,34849.85,371.1484375,371.1484375,1.0537703003889725
2025-12-12 04:00:00,34531.0,34250.574,280.42578125,280.42578125,0.8120986396281602
2025-12-12 05:00:00,33471.0,33066.016,404.984375,404.984375,1.2099560066923607
2025-12-12 06:00:00,32476.0,32449.262,26.73828125,26.73828125,0.08233243395122551
2025-12-12 07:00:00,31852.0,32099.377,-247.376953125,247.376953125,0.7766449614623886
2025-12-12 08:00:00,31620.0,32040.008,-420.0078125,420.0078125,1.3282979522454144
2025-12-12 09:00:00,31578.0,32035.684,-457.68359375,457.68359375,1.4493748614541768
2025-12-12 10:00:00,31830.0,32114.803,-284.802734375,284.802734375,0.8947619678762173
2025-12-12 11:00:00,32487.0,32715.234,-228.234375,228.234375,0.7025406316372703
2025-12-12 12:00:00,33908.0,33323.63,584.37109375,584.37109375,1.7234018336380794
2025-12-12 13:00:00,35963.0,34909.004,1053.99609375,1053.99609375,2.930779116731085
2025-12-12 14:00:00,37287.0,36148.492,1138.5078125,1138.5078125,3.053363940515461
2025-12-12 15:00:00,37167.0,35910.938,1256.0625,1256.0625,3.379510049237226
2025-12-12 16:00:00,36726.0,35165.17,1560.828125,1560.828125,4.249926822959211
2025-12-12 17:00:00,36064.0,34965.152,1098.84765625,1098.84765625,3.0469378223436117
2025-12-12 18:00:00,35435.0,34634.336,800.6640625,800.6640625,2.2595288909270494
2025-12-12 19:00:00,34817.0,33547.125,1269.875,1269.875,3.647284372576615
2025-12-12 20:00:00,34426.0,33431.824,994.17578125,994.17578125,2.887863188433161
2025-12-12 21:00:00,34188.0,33353.555,834.4453125,834.4453125,2.4407549798174797
2025-12-12 22:00:00,34200.0,33629.363,570.63671875,570.63671875,1.668528417397661
2025-12-12 23:00:00,34691.0,33830.12,860.87890625,860.87890625,2.4815626711539016
2025-12-13 00:00:00,35704.0,33358.48,2345.51953125,2345.51953125,6.5693466593378895
2025-12-13 01:00:00,36008.0,33862.645,2145.35546875,2145.35546875,5.957996747250611
2025-12-13 02:00:00,35892.0,33849.066,2042.93359375,2042.93359375,5.691891211829934
2025-12-13 03:00:00,35791.0,33908.0,1883.0,1883.0,5.261099159006454
2025-12-13 04:00:00,35494.0,33189.434,2304.56640625,2304.56640625,6.492833735983547
2025-12-13 05:00:00,34880.0,32231.94,2648.060546875,2648.060546875,7.591916705490252
2025-12-13 06:00:00,34013.0,31595.617,2417.3828125,2417.3828125,7.1072319774791985
2025-12-13 07:00:00,33391.0,31526.453,1864.546875,1864.546875,5.5839803390135065
2025-12-13 08:00:00,33037.0,31369.936,1667.064453125,1667.064453125,5.046052768486848
2025-12-13 09:00:00,32881.0,31414.953,1466.046875,1466.046875,4.458644429913932
2025-12-13 10:00:00,32990.0,31517.008,1472.9921875,1472.9921875,4.46496570930585
2025-12-13 11:00:00,33360.0,31756.727,1603.2734375,1603.2734375,4.80597553207434
2025-12-13 12:00:00,33944.0,32299.215,1644.78515625,1644.78515625,4.8455843632158855
2025-12-13 13:00:00,34846.0,33900.63,945.37109375,945.37109375,2.7129974566664754
2025-12-13 14:00:00,35840.0,35027.98,812.01953125,812.01953125,2.265679495675223
2025-12-13 15:00:00,36456.0,35108.195,1347.8046875,1347.8046875,3.697072326914637
2025-12-13 16:00:00,36618.0,34513.7,2104.30078125,2104.30078125,5.74662947525807
2025-12-13 17:00:00,36528.0,34174.93,2353.0703125,2353.0703125,6.441826304478757
2025-12-13 18:00:00,36189.0,33640.16,2548.83984375,2548.83984375,7.043134222415651
2025-12-13 19:00:00,35671.0,33253.5,2417.5,2417.5,6.777213983347817
2025-12-13 20:00:00,35279.0,33174.164,2104.8359375,2104.8359375,5.966257369823408
2025-12-13 21:00:00,35217.0,33368.125,1848.875,1848.875,5.249950308089843
2025-12-13 22:00:00,35724.0,33367.504,2356.49609375,2356.49609375,6.596394843102677
2025-12-13 23:00:00,36549.0,33939.242,2609.7578125,2609.7578125,7.140435613833483
2025-12-14 00:00:00,37833.0,35141.004,2691.99609375,2691.99609375,7.115470868686067
2025-12-14 01:00:00,38230.0,35545.8,2684.19921875,2684.19921875,7.021185505493069
2025-12-14 02:00:00,38290.0,35825.445,2464.5546875,2464.5546875,6.436549196918255
2025-12-14 03:00:00,38230.0,35936.664,2293.3359375,2293.3359375,5.998786130002616
2025-12-14 04:00:00,37971.0,35561.344,2409.65625,2409.65625,6.34604369123805
2025-12-14 05:00:00,37388.0,35565.99,1822.01171875,1822.01171875,4.8732526980582005
2025-12-14 06:00:00,36846.0,35463.14,1382.859375,1382.859375,3.753078692395375
2025-12-14 07:00:00,36490.0,34637.56,1852.44140625,1852.44140625,5.0765727767881605
2025-12-14 08:00:00,36282.0,34244.082,2037.91796875,2037.91796875,5.616884319359462
2025-12-14 09:00:00,36263.0,34219.703,2043.296875,2043.296875,5.634660328709704
2025-12-14 10:00:00,36429.0,33914.047,2514.953125,2514.953125,6.903711672019545
2025-12-14 11:00:00,36898.0,34348.145,2549.85546875,2549.85546875,6.9105519777494715
2025-12-14 12:00:00,37531.0,34438.047,3092.953125,3092.953125,8.241062388425568
2025-12-14 13:00:00,38426.0,35510.56,2915.44140625,2915.44140625,7.587158190417946
2025-12-14 14:00:00,39420.0,36181.44,3238.55859375,3238.55859375,8.215521546803654
2025-12-14 15:00:00,39869.0,36596.31,3272.69140625,3272.69140625,8.208611719004741
2025-12-14 16:00:00,39506.0,36428.746,3077.25390625,3077.25390625,7.789333028527312
2025-12-14 17:00:00,38791.0,35673.773,3117.2265625,3117.2265625,8.035953088345234
2025-12-14 18:00:00,38087.0,35614.836,2472.1640625,2472.1640625,6.490834306981384
2025-12-14 19:00:00,37341.0,35294.844,2046.15625,2046.15625,5.479650384296082
2025-12-14 20:00:00,36643.0,34736.832,1906.16796875,1906.16796875,5.201997567748274
2025-12-14 21:00:00,36178.0,34760.816,1417.18359375,1417.18359375,3.9172524566034608
2025-12-14 22:00:00,36272.0,34895.23,1376.76953125,1376.76953125,3.7956813278837673
2025-12-14 23:00:00,37263.0,35251.6,2011.3984375,2011.3984375,5.397843537825725
2025-12-15 00:00:00,39288.0,37046.375,2241.625,2241.625,5.705622581958868
2025-12-15 01:00:00,40062.0,36900.02,3161.98046875,3161.98046875,7.892717459812292
2025-12-15 02:00:00,40248.0,36924.086,3323.9140625,3323.9140625,8.258581948171338
2025-12-15 03:00:00,40123.0,37008.48,3114.51953125,3114.51953125,7.762429357849612
2025-12-15 04:00:00,39560.0,37210.164,2349.8359375,2349.8359375,5.939929063447927
2025-12-15 05:00:00,38521.0,36321.652,2199.34765625,2199.34765625,5.709477054723398
2025-12-15 06:00:00,37560.0,35610.38,1949.62109375,1949.62109375,5.190684488152289
2025-12-15 07:00:00,37000.0,35280.81,1719.19140625,1719.19140625,4.6464632601351346
2025-12-15 08:00:00,36763.0,35078.84,1684.16015625,1684.16015625,4.581128189347986
2025-12-15 09:00:00,36743.0,35056.215,1686.78515625,1686.78515625,4.590766013254225
2025-12-15 10:00:00,36982.0,35052.105,1929.89453125,1929.89453125,5.218469880617597
2025-12-15 11:00:00,37589.0,35661.28,1927.71875,1927.71875,5.12841190241826
2025-12-15 12:00:00,38872.0,36633.918,2238.08203125,2238.08203125,5.757568510110105
2025-12-15 13:00:00,40829.0,37651.54,3177.4609375,3177.4609375,7.782362873202871
2025-12-15 14:00:00,42011.0,38868.715,3142.28515625,3142.28515625,7.47967236259551
2025-12-15 15:00:00,41569.0,38675.1,2893.8984375,2893.8984375,6.961674414828358
2025-12-15 16:00:00,40524.0,38245.754,2278.24609375,2278.24609375,5.621967460640608
2025-12-15 17:00:00,39413.0,36842.777,2570.22265625,2570.22265625,6.5212560735036655
2025-12-15 18:00:00,38403.0,36407.977,1995.0234375,1995.0234375,5.194967678306382
2025-12-15 19:00:00,37535.0,35570.934,1964.06640625,1964.06640625,5.2326266318103105
2025-12-15 20:00:00,37455.0,34933.746,2521.25390625,2521.25390625,6.731421455746895
2025-12-15 21:00:00,37455.0,34743.523,2711.4765625,2711.4765625,7.239291316246161
2025-12-15 22:00:00,37455.0,34830.227,2624.7734375,2624.7734375,7.007805199572821
2025-12-15 23:00:00,37455.0,36261.48,1193.51953125,1193.51953125,3.186542601121346
2025-12-16 00:00:00,37455.0,36503.336,951.6640625,951.6640625,2.54081981711387
2025-12-16 01:00:00,37455.0,37107.188,347.8125,347.8125,0.9286143372046456
2025-12-16 02:00:00,37455.0,37546.734,-91.734375,91.734375,0.2449189026832199
2025-12-16 03:00:00,37455.0,37649.734,-194.734375,194.734375,0.5199155653450808
2025-12-16 04:00:00,37455.0,37169.21,285.7890625,285.7890625,0.7630197904151649
2025-12-16 05:00:00,37455.0,35917.1,1537.8984375,1537.8984375,4.10598968762515
2025-12-16 06:00:00,37455.0,35045.35,2409.6484375,2409.6484375,6.433449305833667
2025-12-16 07:00:00,37455.0,34717.516,2737.484375,2737.484375,7.308728807902817
2025-12-16 08:00:00,37455.0,34390.57,3064.4296875,3064.4296875,8.181630456547857
2025-12-16 09:00:00,37455.0,34320.598,3134.40234375,3134.40234375,8.368448388065678
2025-12-16 10:00:00,37455.0,34650.305,2804.6953125,2804.6953125,7.488173307969563
2025-12-16 11:00:00,37455.0,34880.875,2574.125,2574.125,6.872580429849153
2025-12-16 12:00:00,37455.0,35501.285,1953.71484375,1953.71484375,5.216165648778534
2025-12-16 13:00:00,37455.0,37102.684,352.31640625,352.31640625,0.9406391836870911
2025-12-16 14:00:00,37455.0,38152.383,-697.3828125,697.3828125,1.861921806167401
2025-12-16 15:00:00,37455.0,37231.254,223.74609375,223.74609375,0.5973730977172607
2025-12-16 16:00:00,37455.0,36466.355,988.64453125,988.64453125,2.639552880122814
2025-12-16 17:00:00,37455.0,35926.71,1528.2890625,1528.2890625,4.0803339006808175
2025-12-16 18:00:00,37455.0,35012.793,2442.20703125,2442.20703125,6.5203765351755445
2025-12-16 19:00:00,37455.0,34531.996,2923.00390625,2923.00390625,7.804041933653718
2025-12-16 20:00:00,37455.0,34464.848,2990.15234375,2990.15234375,7.98331956681351
2025-12-16 21:00:00,37455.0,34436.66,3018.33984375,3018.33984375,8.05857654185022
2025-12-16 22:00:00,37455.0,34552.242,2902.7578125,2902.7578125,7.749987484981978
2025-12-16 23:00:00,37455.0,34659.14,2795.859375,2795.859375,7.464582498998798
2025-12-17 00:00:00,37455.0,34747.586,2707.4140625,2707.4140625,7.228444967294085
2025-12-17 01:00:00,37455.0,34659.375,2795.625,2795.625,7.463956748097718
2025-12-17 02:00:00,37455.0,35113.207,2341.79296875,2341.79296875,6.252283990788947
2025-12-17 03:00:00,37455.0,35337.49,2117.51171875,2117.51171875,5.653482095180884
2025-12-17 04:00:00,37455.0,34720.164,2734.8359375,2734.8359375,7.301657822720598
2025-12-17 05:00:00,37455.0,34637.555,2817.4453125,2817.4453125,7.522214156988386
2025-12-17 06:00:00,37455.0,34265.25,3189.75,3189.75,8.516219463356027
2025-12-17 07:00:00,37455.0,34318.64,3136.359375,3136.359375,8.373673408089708
2025-12-17 08:00:00,37455.0,34242.387,3212.61328125,3212.61328125,8.577261463756509
2025-12-17 09:00:00,37455.0,34216.57,3238.4296875,3238.4296875,8.646187925510612
2025-12-17 10:00:00,37455.0,34370.78,3084.21875,3084.21875,8.234464690962488
2025-12-17 11:00:00,37455.0,34347.883,3107.1171875,3107.1171875,8.295600553998131
2025-12-17 12:00:00,37455.0,34595.793,2859.20703125,2859.20703125,7.633712538379389
2025-12-17 13:00:00,37455.0,34862.89,2592.109375,2592.109375,6.920596382325457
2025-12-17 14:00:00,37455.0,35445.387,2009.61328125,2009.61328125,5.365407238686424
2025-12-17 15:00:00,37455.0,34689.03,2765.96875,2765.96875,7.384778400747563
2025-12-17 16:00:00,37455.0,34408.21,3046.7890625,3046.7890625,8.134532272059806
2025-12-17 17:00:00,37455.0,34164.613,3290.38671875,3290.38671875,8.784906471098651
2025-12-17 18:00:00,37455.0,34390.457,3064.54296875,3064.54296875,8.181932902816714
2025-12-17 19:00:00,37455.0,34437.742,3017.2578125,3017.2578125,8.055687658523562
2025-12-17 20:00:00,37455.0,34456.098,2998.90234375,2998.90234375,8.00668093378721
2025-12-17 21:00:00,37455.0,34456.098,2998.90234375,2998.90234375,8.00668093378721
2025-12-17 22:00:00,37455.0,34445.242,3009.7578125,3009.7578125,8.03566362968896
2025-12-17 23:00:00,37455.0,34278.96,3176.0390625,3176.0390625,8.479613035642771
2025-12-18 00:00:00,37455.0,34455.0,3000.0,3000.0,8.009611533840609
2025-12-18 01:00:00,37455.0,34458.125,2996.875,2996.875,8.001268188492858
2025-12-18 02:00:00,37455.0,34437.594,3017.40625,3017.40625,8.056083967427579
2025-12-18 03:00:00,37455.0,34431.523,3023.4765625,3023.4765625,8.072290915765585
2025-12-18 04:00:00,37455.0,34257.918,3197.08203125,3197.08203125,8.535795037378186
2025-12-18 05:00:00,37455.0,34007.008,3447.9921875,3447.9921875,9.20569266453077
2025-12-18 06:00:00,37455.0,33759.336,3695.6640625,3695.6640625,9.866944500066747
2025-12-18 07:00:00,37455.0,33592.016,3862.984375,3862.984375,10.313668068348685
2025-12-18 08:00:00,37455.0,33725.64,3729.359375,3729.359375,9.956906621278867
2025-12-18 09:00:00,37455.0,33706.72,3748.28125,3748.28125,10.007425577359498
2025-12-18 10:00:00,37455.0,33720.89,3734.109375,3734.109375,9.96958850620745
2025-12-18 11:00:00,37455.0,33671.434,3783.56640625,3783.56640625,10.101632375517287
2025-12-18 12:00:00,37455.0,34070.887,3384.11328125,3384.11328125,9.035144256441061
2025-12-18 13:00:00,37455.0,34301.66,3153.33984375,3153.33984375,8.419009060873048
2025-12-18 14:00:00,37455.0,34628.645,2826.35546875,2826.35546875,7.54600312041116
2025-12-18 15:00:00,37455.0,34946.58,2508.421875,2508.421875,6.697161593912695
2025-12-18 16:00:00,37455.0,34789.156,2665.84375,2665.84375,7.117457615805634
2025-12-18 17:00:00,37455.0,34645.22,2809.78125,2809.78125,7.501752102523028
2025-12-18 18:00:00,37455.0,34486.293,2968.70703125,2968.70703125,7.926063359364571
2025-12-18 19:00:00,37455.0,35106.24,2348.76171875,2348.76171875,6.270889650914431
2025-12-18 20:00:00,37455.0,35410.42,2044.578125,2044.578125,5.458758843946069
2025-12-18 21:00:00,37455.0,35519.074,1935.92578125,1935.92578125,5.1686711553864635
2025-12-18 22:00:00,37455.0,35519.074,1935.92578125,1935.92578125,5.1686711553864635
2025-12-18 23:00:00,37455.0,35527.086,1927.9140625,1927.9140625,5.147280903751168
2025-12-19 00:00:00,37455.0,35577.17,1877.828125,1877.828125,5.013557936190095
2025-12-19 01:00:00,37455.0,35583.895,1871.10546875,1871.10546875,4.995609314510746
2025-12-19 02:00:00,37455.0,35797.566,1657.43359375,1657.43359375,4.425133076358296
2025-12-19 03:00:00,37455.0,36097.266,1357.734375,1357.734375,3.6249749699639566
2025-12-19 04:00:00,37455.0,36088.24,1366.76171875,1366.76171875,3.6490768088372714
2025-12-19 05:00:00,37455.0,35793.137,1661.86328125,1661.86328125,4.436959768388733
2025-12-19 06:00:00,37455.0,35353.47,2101.53125,2101.53125,5.610816312908824
2025-12-19 07:00:00,37455.0,35300.66,2154.33984375,2154.33984375,5.751808420104125
2025-12-19 08:00:00,37455.0,35565.875,1889.125,1889.125,5.043719129622214
2025-12-19 09:00:00,37455.0,35677.547,1777.453125,1777.453125,4.745569683620345
2025-12-19 10:00:00,37455.0,35520.97,1934.03125,1934.03125,5.16361300226939
2025-12-19 11:00:00,37455.0,35758.684,1696.31640625,1696.31640625,4.528945150847684
2025-12-19 12:00:00,37455.0,35890.17,1564.828125,1564.828125,4.177888466159391
2025-12-19 13:00:00,37455.0,36511.918,943.08203125,943.08203125,2.5179069049526097
2025-12-19 14:00:00,37455.0,36462.363,992.63671875,992.63671875,2.6502115038045653
2025-12-19 15:00:00,37455.0,35981.664,1473.3359375,1473.3359375,3.933616172740622
2025-12-19 16:00:00,37455.0,35892.402,1562.59765625,1562.59765625,4.171933403417434
2025-12-19 17:00:00,37455.0,35438.26,2016.73828125,2016.73828125,5.384430066079295
2025-12-19 18:00:00,37455.0,34971.152,2483.84765625,2483.84765625,6.631551611934321
2025-12-19 19:00:00,37455.0,34631.92,2823.078125,2823.078125,7.537253036977706
2025-12-19 20:00:00,37455.0,34642.973,2812.02734375,2812.02734375,7.507748881991723
2025-12-19 21:00:00,37455.0,34448.773,3006.2265625,3006.2265625,8.026235649446003
2025-12-19 22:00:00,37455.0,34702.59,2752.41015625,2752.41015625,7.34857871112001
2025-12-19 23:00:00,37455.0,35034.285,2420.71484375,2420.71484375,6.462995177546389
2025-12-20 00:00:00,37455.0,33939.496,3515.50390625,3515.50390625,9.385940211587238
2025-12-20 01:00:00,37455.0,33878.637,3576.36328125,3576.36328125,9.548426862234681
2025-12-20 02:00:00,37455.0,33876.008,3578.9921875,3578.9921875,9.555445701508477
2025-12-20 03:00:00,37455.0,33974.668,3480.33203125,3480.33203125,9.292035859698304
2025-12-20 04:00:00,37455.0,33859.26,3595.73828125,3595.73828125,9.600155603390736
2025-12-20 05:00:00,37455.0,33572.1,3882.8984375,3882.8984375,10.366836036577226
2025-12-20 06:00:00,37455.0,33290.453,4164.546875,4164.546875,11.118800894406622
2025-12-20 07:00:00,37455.0,33205.516,4249.484375,4249.484375,11.345573020958485
2025-12-20 08:00:00,37455.0,32981.168,4473.83203125,4473.83203125,11.944552212655186
2025-12-20 09:00:00,37455.0,32935.24,4519.76171875,4519.76171875,12.067178530903751
2025-12-20 10:00:00,37455.0,32751.21,4703.7890625,4703.7890625,12.558507709251101
2025-12-20 11:00:00,37455.0,32871.17,4583.828125,4583.828125,12.238227539714323
2025-12-20 12:00:00,37455.0,33114.27,4340.73046875,4340.73046875,11.589188275931118
2025-12-20 13:00:00,37455.0,33252.164,4202.8359375,4202.8359375,11.221027733279936
2025-12-20 14:00:00,37455.0,33223.77,4231.23046875,4231.23046875,11.296837454945935
2025-12-20 15:00:00,37455.0,33283.105,4171.89453125,4171.89453125,11.13841818515552
2025-12-20 16:00:00,37455.0,33301.133,4153.8671875,4153.8671875,11.090287511680684
2025-12-20 17:00:00,37455.0,33174.81,4280.19140625,4280.19140625,11.427556818181818
2025-12-20 18:00:00,37455.0,33134.55,4320.44921875,4320.44921875,11.535039964624216
2025-12-20 19:00:00,37455.0,33124.57,4330.4296875,4330.4296875,11.561686523828595
2025-12-20 20:00:00,37455.0,33110.18,4344.8203125,4344.8203125,11.600107629154985
2025-12-20 21:00:00,37455.0,33072.28,4382.71875,4382.71875,11.701291549859832
2025-12-20 22:00:00,37455.0,33313.18,4141.8203125,4141.8203125,11.058123915365105
2025-12-20 23:00:00,37455.0,33526.08,3928.921875,3928.921875,10.489712655186223
2025-12-21 00:00:00,37455.0,34075.523,3379.4765625,3379.4765625,9.022764817781338
2025-12-21 01:00:00,37455.0,34132.484,3322.515625,3322.515625,8.870686490455212
2025-12-21 02:00:00,37455.0,34364.67,3090.328125,3090.328125,8.25077593111734
2025-12-21 03:00:00,37455.0,34311.24,3143.76171875,3143.76171875,8.393436707382191
2025-12-21 04:00:00,37455.0,34178.4,3276.6015625,3276.6015625,8.748101888933386
2025-12-21 05:00:00,37455.0,33911.285,3543.71484375,3543.71484375,9.461259761714057
2025-12-21 06:00:00,37455.0,33780.094,3674.90625,3674.90625,9.811523828594314
2025-12-21 07:00:00,37455.0,33793.16,3661.83984375,3661.83984375,9.77663821585903
2025-12-21 08:00:00,37455.0,33767.625,3687.375,3687.375,9.844813776531838
2025-12-21 09:00:00,37455.0,33632.707,3822.29296875,3822.29296875,10.205027282739287
2025-12-21 10:00:00,37455.0,33726.703,3728.296875,3728.296875,9.954069883860633
2025-12-21 11:00:00,37455.0,33596.297,3858.703125,3858.703125,10.302237685222266
2025-12-21 12:00:00,37455.0,33802.12,3652.87890625,3652.87890625,9.752713673074357
2025-12-21 13:00:00,37455.0,34163.367,3291.6328125,3291.6328125,8.788233380056067
2025-12-21 14:00:00,37455.0,34438.668,3016.33203125,3016.33203125,8.053215942464291
2025-12-21 15:00:00,37455.0,33855.074,3599.92578125,3599.92578125,9.611335686156721
2025-12-21 16:00:00,37455.0,33482.39,3972.609375,3972.609375,10.606352623147778
2025-12-21 17:00:00,37455.0,33310.844,4144.15625,4144.15625,11.06436056601255
2025-12-21 18:00:00,37455.0,33185.625,4269.375,4269.375,11.398678414096915
2025-12-21 19:00:00,37455.0,33125.4,4329.6015625,4329.6015625,11.55947553731144
2025-12-21 20:00:00,37455.0,33058.46,4396.5390625,4396.5390625,11.738189994660258
2025-12-21 21:00:00,37455.0,33073.715,4381.28515625,4381.28515625,11.697464040181552
2025-12-21 22:00:00,37455.0,33194.92,4260.078125,4260.078125,11.373856961687357
2025-12-21 23:00:00,37455.0,33288.535,4166.46484375,4166.46484375,11.123921622613803
2025-12-22 00:00:00,37455.0,34679.805,2775.1953125,2775.1953125,7.409412127886797
2025-12-22 01:00:00,37455.0,34712.11,2742.890625,2742.890625,7.323162795354425
2025-12-22 02:00:00,37455.0,35153.156,2301.84375,2301.84375,6.145624749699639
2025-12-22 03:00:00,37455.0,35108.715,2346.28515625,2346.28515625,6.264277549726338
2025-12-22 04:00:00,37455.0,34946.918,2508.08203125,2508.08203125,6.696254255106128
2025-12-22 05:00:00,37455.0,34546.94,2908.05859375,2908.05859375,7.7641398845281
2025-12-22 06:00:00,37455.0,34116.863,3338.13671875,3338.13671875,8.912392788012282
2025-12-22 07:00:00,30854.0,34002.387,-3148.38671875,3148.38671875,10.204144418065729
2025-12-22 08:00:00,30854.0,34008.918,-3154.91796875,3154.91796875,10.225312662053543
2025-12-22 09:00:00,30854.0,34077.652,-3223.65234375,3223.65234375,10.448085641245868
2025-12-22 10:00:00,30854.0,33859.004,-3005.00390625,3005.00390625,9.739430564108382
2025-12-22 11:00:00,30854.0,34362.227,-3508.2265625,3508.2265625,11.3704108462436
2025-12-22 12:00:00,30854.0,34742.258,-3888.2578125,3888.2578125,12.602119052634992
2025-12-22 13:00:00,30854.0,35104.633,-4250.6328125,4250.6328125,13.776602101834445
2025-12-22 14:00:00,30854.0,35248.51,-4394.51171875,4394.51171875,14.24292383078369
2025-12-22 15:00:00,30854.0,35614.105,-4760.10546875,4760.10546875,15.42783907678097
2025-12-22 16:00:00,30854.0,35500.45,-4646.44921875,4646.44921875,15.059471118007389
2025-12-22 17:00:00,30854.0,35483.75,-4629.75,4629.75,15.005347766902185
2025-12-22 18:00:00,30854.0,35415.484,-4561.484375,4561.484375,14.784094039670705
2025-12-22 19:00:00,30854.0,35475.44,-4621.44140625,4621.44140625,14.978419025896155
2025-12-22 20:00:00,30854.0,35436.28,-4582.28125,4582.28125,14.851498185000326
2025-12-22 21:00:00,30854.0,35464.086,-4610.0859375,4610.0859375,14.941615147144615
2025-12-22 22:00:00,30854.0,35450.82,-4596.8203125,4596.8203125,14.898620316652622
2025-12-22 23:00:00,30854.0,35467.617,-4613.6171875,4613.6171875,14.953060178583003
2025-12-23 00:00:00,30854.0,35114.375,-4260.375,4260.375,13.808177221754066
2025-12-23 01:00:00,30854.0,35133.715,-4279.71484375,4279.71484375,13.870859025572049
2025-12-23 02:00:00,30854.0,34975.914,-4121.9140625,4121.9140625,13.359415513385622
2025-12-23 03:00:00,30854.0,34906.98,-4052.98046875,4052.98046875,13.135996852109939
2025-12-23 04:00:00,30854.0,34622.56,-3768.55859375,3768.55859375,12.214165403999482
2025-12-23 05:00:00,30854.0,34352.23,-3498.23046875,3498.23046875,11.338012798178518
2025-12-23 06:00:00,30854.0,34059.867,-3205.8671875,3205.8671875,10.390442689764697
2025-12-23 07:00:00,29203.0,30093.492,-890.4921875,890.4921875,3.049317493065781
2025-12-23 08:00:00,28694.0,30174.941,-1480.94140625,1480.94140625,5.16115357304663
2025-12-23 09:00:00,28501.0,30183.783,-1682.783203125,1682.783203125,5.9042952988491635
2025-12-23 10:00:00,28418.0,30193.91,-1775.91015625,1775.91015625,6.24924398708565
2025-12-23 11:00:00,28763.0,30217.803,-1454.802734375,1454.802734375,5.0578963751173385
2025-12-23 12:00:00,29656.0,30311.912,-655.912109375,655.912109375,2.211734925057324
2025-12-23 13:00:00,31041.0,30464.877,576.123046875,576.123046875,1.8560067229631778
2025-12-23 14:00:00,32380.0,30609.893,1770.107421875,1770.107421875,5.466668998996294
2025-12-23 15:00:00,32767.0,30735.352,2031.6484375,2031.6484375,6.200288209173864
2025-12-23 16:00:00,32730.0,30766.717,1963.283203125,1963.283203125,5.998421030018332
2025-12-23 17:00:00,32658.0,30735.049,1922.951171875,1922.951171875,5.888147381575724
2025-12-23 18:00:00,32506.0,30749.66,1756.33984375,1756.33984375,5.403125096136098
2025-12-23 19:00:00,32249.0,30716.207,1532.79296875,1532.79296875,4.752993794381221
2025-12-23 20:00:00,32145.0,30777.854,1367.146484375,1367.146484375,4.253061080650179
2025-12-23 21:00:00,32083.0,30872.67,1210.330078125,1210.330078125,3.77249658113331
2025-12-23 22:00:00,32126.0,30848.268,1277.732421875,1277.732421875,3.97725338316317
2025-12-23 23:00:00,32264.0,30795.086,1468.9140625,1468.9140625,4.552795879308207
2025-12-24 00:00:00,32842.0,30656.457,2185.54296875,2185.54296875,6.654719471256318
2025-12-24 01:00:00,32868.0,30627.42,2240.580078125,2240.580078125,6.81690421724778
2025-12-24 02:00:00,32564.0,30625.64,1938.359375,1938.359375,5.95246092310527
2025-12-24 03:00:00,32222.0,30591.775,1630.224609375,1630.224609375,5.059352645319968
2025-12-24 04:00:00,31638.0,30424.053,1213.947265625,1213.947265625,3.8369911676623047
2025-12-24 05:00:00,30681.0,30187.408,493.591796875,493.591796875,1.608786535233532
2025-12-24 06:00:00,29749.0,30054.531,-305.53125,305.53125,1.0270303203469024
2025-12-24 07:00:00,28709.0,28846.186,-137.185546875,137.185546875,0.47784857318262564
2025-12-24 08:00:00,28131.0,28677.879,-546.87890625,546.87890625,1.9440436040311402
2025-12-24 09:00:00,27771.0,28507.18,-736.1796875,736.1796875,2.6508936930611067
2025-12-24 10:00:00,27629.0,28328.562,-699.5625,699.5625,2.5319863187230807
2025-12-24 11:00:00,27728.0,28619.375,-891.375,891.375,3.2147107616849393
2025-12-24 12:00:00,28339.0,29329.607,-990.607421875,990.607421875,3.4955623764952892
2025-12-24 13:00:00,29265.0,30277.635,-1012.634765625,1012.634765625,3.4602247245002564
2025-12-24 14:00:00,30195.0,31278.982,-1083.982421875,1083.982421875,3.5899401287464814
2025-12-24 15:00:00,30874.0,31540.162,-666.162109375,666.162109375,2.1576799552212216
2025-12-24 16:00:00,31367.0,31643.178,-276.177734375,276.177734375,0.8804722618516275
2025-12-24 17:00:00,31541.0,31507.576,33.423828125,33.423828125,0.10596946236644368
2025-12-24 18:00:00,31581.0,31450.482,130.517578125,130.517578125,0.4132788009404389
2025-12-24 19:00:00,31361.0,31282.14,78.859375,78.859375,0.2514568253563343
2025-12-24 20:00:00,31165.0,31293.727,-128.7265625,128.7265625,0.41304849189796244
2025-12-24 21:00:00,31029.0,31406.535,-377.53515625,377.53515625,1.2167171234973735
2025-12-24 22:00:00,30941.0,31312.76,-371.759765625,371.759765625,1.2015117986652015
2025-12-24 23:00:00,30925.0,31305.51,-380.509765625,380.509765625,1.230427698059822
2025-12-25 00:00:00,31347.0,32043.455,-696.455078125,696.455078125,2.221759907247902
2025-12-25 01:00:00,31268.0,31975.455,-707.455078125,707.455078125,2.262553019460791
2025-12-25 02:00:00,30733.0,31758.334,-1025.333984375,1025.333984375,3.336263899960954
2025-12-25 03:00:00,30319.0,31571.924,-1252.923828125,1252.923828125,4.1324708206899965
2025-12-25 04:00:00,29951.0,30922.379,-971.37890625,971.37890625,3.2432269581983904
2025-12-25 05:00:00,29279.0,30083.254,-804.25390625,804.25390625,2.7468626191126746
2025-12-25 06:00:00,28539.0,29363.352,-824.3515625,824.3515625,2.888508926381443
2025-12-25 07:00:00,27761.0,28587.549,-826.548828125,826.548828125,2.97737411521559
2025-12-25 08:00:00,27291.0,28292.94,-1001.939453125,1001.939453125,3.6713182115899015
2025-12-25 09:00:00,26992.0,27852.59,-860.58984375,860.58984375,3.188314477437759
2025-12-25 10:00:00,26837.0,27716.396,-879.396484375,879.396484375,3.2768062166970973
2025-12-25 11:00:00,26882.0,27800.785,-918.78515625,918.78515625,3.4178452356595495
2025-12-25 12:00:00,27146.0,28361.484,-1215.484375,1215.484375,4.47758187209902
2025-12-25 13:00:00,27675.0,29099.39,-1424.390625,1424.390625,5.146849593495935
2025-12-25 14:00:00,28537.0,30034.352,-1497.3515625,1497.3515625,5.24705316781722
2025-12-25 15:00:00,29257.0,30513.215,-1256.21484375,1256.21484375,4.29372404467307
2025-12-25 16:00:00,29639.0,30792.887,-1153.88671875,1153.88671875,3.8931364713721788
2025-12-25 17:00:00,29668.0,30900.64,-1232.640625,1232.640625,4.154781667116084
2025-12-25 18:00:00,29834.0,30905.84,-1071.83984375,1071.83984375,3.59267896946437
2025-12-25 19:00:00,29890.0,31148.186,-1258.185546875,1258.185546875,4.209386239126799
2025-12-25 20:00:00,29863.0,31079.037,-1216.037109375,1216.037109375,4.07205273875699
2025-12-25 21:00:00,29781.0,31003.701,-1222.701171875,1222.701171875,4.105641757748229
2025-12-25 22:00:00,29803.0,30876.363,-1073.36328125,1073.36328125,3.6015276356407075
2025-12-25 23:00:00,29884.0,30506.467,-622.466796875,622.466796875,2.0829433706163836
2025-12-26 00:00:00,30358.0,31308.898,-950.8984375,950.8984375,3.132282882600962
2025-12-26 01:00:00,30403.0,31285.719,-882.71875,882.71875,2.9033935795809622
2025-12-26 02:00:00,29972.0,30644.254,-672.25390625,672.25390625,2.2429397646136393
2025-12-26 03:00:00,29682.0,30383.53,-701.529296875,701.529296875,2.3634839191260695
2025-12-26 04:00:00,29285.0,29967.793,-682.79296875,682.79296875,2.3315450529281203
2025-12-26 05:00:00,28618.0,29155.91,-537.91015625,537.91015625,1.879621763400657
2025-12-26 06:00:00,27732.0,28468.55,-736.55078125,736.55078125,2.655959834306938
2025-12-26 07:00:00,26900.0,27779.3,-879.30078125,879.30078125,3.2687761384758365
2025-12-26 08:00:00,26334.0,27538.701,-1204.701171875,1204.701171875,4.574698761581985
2025-12-26 09:00:00,26094.0,27311.656,-1217.65625,1217.65625,4.666422357630107
2025-12-26 10:00:00,26040.0,27205.773,-1165.7734375,1165.7734375,4.476856518817204
2025-12-26 11:00:00,26334.0,27338.969,-1004.96875,1004.96875,3.8162404116351487
2025-12-26 12:00:00,27033.0,27553.496,-520.49609375,520.49609375,1.925410031258092
2025-12-26 13:00:00,27869.0,28035.652,-166.65234375,166.65234375,0.597984655890057
2025-12-26 14:00:00,28846.0,28735.074,110.92578125,110.92578125,0.38454475923871595
2025-12-26 15:00:00,29469.0,29368.139,100.861328125,100.861328125,0.3422624728528284
2025-12-26 16:00:00,29857.0,29499.89,357.109375,357.109375,1.196065830458519
2025-12-26 17:00:00,30130.0,29470.299,659.701171875,659.701171875,2.1895160035678725
2025-12-26 18:00:00,30328.0,29476.537,851.462890625,851.462890625,2.8075141474050382
2025-12-26 19:00:00,30473.0,29708.178,764.822265625,764.822265625,2.509835807518131
2025-12-26 20:00:00,30710.0,29826.402,883.59765625,883.59765625,2.8772310525887335
2025-12-26 21:00:00,30853.0,29865.752,987.248046875,987.248046875,3.1998445754869866
2025-12-26 22:00:00,30972.0,29554.406,1417.59375,1417.59375,4.577017144517629
2025-12-26 23:00:00,31076.0,29792.068,1283.931640625,1283.931640625,4.131585920404814
2025-12-27 00:00:00,31429.0,29368.463,2060.537109375,2060.537109375,6.556165036669954
2025-12-27 01:00:00,31540.0,29407.193,2132.806640625,2132.806640625,6.762227776236525
2025-12-27 02:00:00,31087.0,29294.51,1792.490234375,1792.490234375,5.7660444377874995
2025-12-27 03:00:00,30606.0,29048.047,1557.953125,1557.953125,5.090351973469255
2025-12-27 04:00:00,30000.0,28444.854,1555.146484375,1555.146484375,5.183821614583333
2025-12-27 05:00:00,29275.0,27862.06,1412.939453125,1412.939453125,4.826437073014517
2025-12-27 06:00:00,28442.0,27243.955,1198.044921875,1198.044921875,4.212238667727305
2025-12-27 07:00:00,27662.0,26809.129,852.87109375,852.87109375,3.0831866594967825
2025-12-27 08:00:00,27179.0,26674.115,504.884765625,504.884765625,1.8576281895029252
2025-12-27 09:00:00,26940.0,26279.86,660.140625,660.140625,2.4504106347438754
2025-12-27 10:00:00,26879.0,26194.504,684.49609375,684.49609375,2.5465831829681167
2025-12-27 11:00:00,26937.0,26549.139,387.861328125,387.861328125,1.439883164884731
2025-12-27 12:00:00,27361.0,26653.793,707.20703125,707.20703125,2.584726549650963
2025-12-27 13:00:00,28138.0,27187.18,950.8203125,950.8203125,3.3791325342952594
2025-12-27 14:00:00,28857.0,27809.883,1047.1171875,1047.1171875,3.6286418806528746
2025-12-27 15:00:00,29513.0,28316.932,1196.068359375,1196.068359375,4.052683086690611
2025-12-27 16:00:00,29893.0,28480.697,1412.302734375,1412.302734375,4.724526592764192
2025-12-27 17:00:00,29975.0,28790.562,1184.4375,1184.4375,3.9514178482068387
2025-12-27 18:00:00,30057.0,28929.092,1127.908203125,1127.908203125,3.752564138553415
2025-12-27 19:00:00,30112.0,29281.594,830.40625,830.40625,2.757725325451647
2025-12-27 20:00:00,30154.0,29377.65,776.349609375,776.349609375,2.5746156708065264
2025-12-27 21:00:00,30193.0,29522.857,670.142578125,670.142578125,2.21952961986222
2025-12-27 22:00:00,30410.0,29320.281,1089.71875,1089.71875,3.5834223939493586
2025-12-27 23:00:00,30715.0,29213.021,1501.978515625,1501.978515625,4.89004888694449
2025-12-28 00:00:00,31619.0,30215.07,1403.9296875,1403.9296875,4.440145758879154
2025-12-28 01:00:00,31814.0,30298.703,1515.296875,1515.296875,4.762987599798831
2025-12-28 02:00:00,31512.0,30135.625,1376.375,1376.375,4.367780528052805
2025-12-28 03:00:00,31109.0,29961.725,1147.275390625,1147.275390625,3.6879211502298372
2025-12-28 04:00:00,30593.0,29323.201,1269.798828125,1269.798828125,4.150618860932239
2025-12-28 05:00:00,29887.0,28341.885,1545.115234375,1545.115234375,5.169857243533978
2025-12-28 06:00:00,28900.0,27628.764,1271.236328125,1271.236328125,4.398741619809689
2025-12-28 07:00:00,28101.0,27287.268,813.732421875,813.732421875,2.895741866392655
2025-12-28 08:00:00,27690.0,27072.973,617.02734375,617.02734375,2.228339991874323
2025-12-28 09:00:00,27388.0,26902.137,485.86328125,485.86328125,1.7740005887615014
2025-12-28 10:00:00,27270.0,26842.385,427.615234375,427.615234375,1.5680793339750643
2025-12-28 11:00:00,27397.0,26863.96,533.0390625,533.0390625,1.9456110614300834
2025-12-28 12:00:00,27820.0,27049.943,770.056640625,770.056640625,2.7679965514917324
2025-12-28 13:00:00,28391.0,27493.873,897.126953125,897.126953125,3.1598990987460813
2025-12-28 14:00:00,29188.0,28023.727,1164.2734375,1164.2734375,3.988877064204468
2025-12-28 15:00:00,30095.0,29179.193,915.806640625,915.806640625,3.0430524692639973
2025-12-28 16:00:00,31114.0,29944.516,1169.484375,1169.484375,3.758707896766729
2025-12-28 17:00:00,31789.0,30855.125,933.875,933.875,2.937730032401145
2025-12-28 18:00:00,32384.0,30954.629,1429.37109375,1429.37109375,4.4138188418663535
2025-12-28 19:00:00,32879.0,31599.281,1279.71875,1279.71875,3.892207031844034
2025-12-28 20:00:00,33160.0,32148.814,1011.185546875,1011.185546875,3.0494135912997584
2025-12-28 21:00:00,33432.0,32462.99,969.009765625,969.009765625,2.898449885214764
2025-12-28 22:00:00,33755.0,33306.125,448.875,448.875,1.3298029921493113
2025-12-28 23:00:00,34470.0,33637.22,832.78125,832.78125,2.4159595300261096
2025-12-29 00:00:00,35881.0,34559.85,1321.1484375,1321.1484375,3.682027918675622
2025-12-29 01:00:00,36532.0,34549.742,1982.2578125,1982.2578125,5.426086205244717
2025-12-29 02:00:00,36540.0,34595.86,1944.140625,1944.140625,5.320581896551724
2025-12-29 03:00:00,36504.0,34610.71,1893.2890625,1893.2890625,5.186524935623494
2025-12-29 04:00:00,36311.0,33886.945,2424.0546875,2424.0546875,6.6758136308556635
2025-12-29 05:00:00,35802.0,33483.195,2318.8046875,2318.8046875,6.476746236243786
2025-12-29 06:00:00,35310.0,31757.709,3552.291015625,3552.291015625,10.060297410436137
2025-12-29 07:00:00,35031.0,31595.67,3435.330078125,3435.330078125,9.806542999414804
2025-12-29 08:00:00,34941.0,31454.05,3486.94921875,3486.94921875,9.979534697776252
2025-12-29 09:00:00,34970.0,31401.41,3568.58984375,3568.58984375,10.204717883185587
2025-12-29 10:00:00,35318.0,31495.303,3822.697265625,3822.697265625,10.823651581700549
2025-12-29 11:00:00,36017.0,31682.545,4334.455078125,4334.455078125,12.034470050601104
2025-12-29 12:00:00,37241.0,32352.66,4888.33984375,4888.33984375,13.126231421685777
2025-12-29 13:00:00,38950.0,33566.164,5383.8359375,5383.8359375,13.822428594351733
2025-12-29 14:00:00,40445.0,35140.285,5304.71484375,5304.71484375,13.115873022005193
2025-12-29 15:00:00,40664.0,35841.047,4822.953125,4822.953125,11.860498536789297
2025-12-29 16:00:00,40250.0,35763.066,4486.93359375,4486.93359375,11.147661102484472
2025-12-29 17:00:00,39609.0,35541.676,4067.32421875,4067.32421875,10.268686961927845
2025-12-29 18:00:00,38718.0,35454.984,3263.015625,3263.015625,8.427645087556176
2025-12-29 19:00:00,37817.0,35229.58,2587.421875,2587.421875,6.84195434592908
2025-12-29 20:00:00,37179.0,35249.453,1929.546875,1929.546875,5.1898837381317415
2025-12-29 21:00:00,36633.0,35033.91,1599.08984375,1599.08984375,4.365162131821036
2025-12-29 22:00:00,36416.0,35212.566,1203.43359375,1203.43359375,3.3046836383732425
2025-12-29 23:00:00,36908.0,35437.855,1470.14453125,1470.14453125,3.9832679398775337
2025-12-30 00:00:00,38400.0,35892.508,2507.4921875,2507.4921875,6.529927571614583
2025-12-30 01:00:00,39085.0,36323.64,2761.359375,2761.359375,7.065010553920942
2025-12-30 02:00:00,39013.0,36342.797,2670.203125,2670.203125,6.844393215082152
2025-12-30 03:00:00,38781.0,36379.402,2401.59765625,2401.59765625,6.192717197209974
2025-12-30 04:00:00,38237.0,35990.9,2246.1015625,2246.1015625,5.8741573933624505
2025-12-30 05:00:00,37309.0,35467.918,1841.08203125,1841.08203125,4.934686084456833
2025-12-30 06:00:00,36490.0,34901.36,1588.640625,1588.640625,4.353632844614963
2025-12-30 07:00:00,35915.0,34231.027,1683.97265625,1683.97265625,4.688772535848532
2025-12-30 08:00:00,35662.0,34167.383,1494.6171875,1494.6171875,4.191063842465369
2025-12-30 09:00:00,35541.0,34195.395,1345.60546875,1345.60546875,3.786065301342112
2025-12-30 10:00:00,35725.0,34447.57,1277.4296875,1277.4296875,3.5757304058782364
2025-12-30 11:00:00,36265.0,34792.34,1472.66015625,1472.66015625,4.060830432234938
2025-12-30 12:00:00,37302.0,35814.33,1487.671875,1487.671875,3.988182604149911
2025-12-30 13:00:00,38796.0,37343.574,1452.42578125,1452.42578125,3.7437513693422
2025-12-30 14:00:00,39970.0,38051.49,1918.51171875,1918.51171875,4.7998792062797095
2025-12-30 15:00:00,39808.0,37575.277,2232.72265625,2232.72265625,5.608728537605506
2025-12-30 16:00:00,38527.0,37460.78,1066.21875,1066.21875,2.7674585355724557
2025-12-30 17:00:00,37264.0,36667.613,596.38671875,596.38671875,1.6004366647434523
2025-12-30 18:00:00,36127.0,35492.535,634.46484375,634.46484375,1.7562068362997205
2025-12-30 19:00:00,35026.0,34710.113,315.88671875,315.88671875,0.9018635263804031
2025-12-30 20:00:00,34130.0,34251.55,-121.55078125,121.55078125,0.3561405837972458
2025-12-30 21:00:00,33483.0,33831.266,-348.265625,348.265625,1.0401267060896575
2025-12-30 22:00:00,33249.0,33939.06,-690.05859375,690.05859375,2.075426610574754
2025-12-30 23:00:00,33678.0,34762.77,-1084.76953125,1084.76953125,3.2210034184037055
2025-12-31 00:00:00,35120.0,35647.793,-527.79296875,527.79296875,1.5028273597665147
2025-12-31 01:00:00,35922.0,36178.63,-256.62890625,256.62890625,0.7144059524803742
2025-12-31 02:00:00,35923.0,36164.035,-241.03515625,241.03515625,0.6709772464716199
2025-12-31 03:00:00,35812.0,35989.023,-177.0234375,177.0234375,0.4943131841282252
2025-12-31 04:00:00,35266.0,35595.91,-329.91015625,329.91015625,0.935490716979527
2025-12-31 05:00:00,34271.0,34743.727,-472.7265625,472.7265625,1.3793777902599866
2025-12-31 06:00:00,33541.0,33863.836,-322.8359375,322.8359375,0.962511366685549
2025-12-31 07:00:00,32991.0,33403.66,-412.66015625,412.66015625,1.250826456457822
2025-12-31 08:00:00,32743.0,33587.875,-844.875,844.875,2.5803225116818864
2025-12-31 09:00:00,32723.0,33265.86,-542.859375,542.859375,1.6589535647709561
2025-12-31 10:00:00,32875.0,33561.88,-686.87890625,686.87890625,2.089365494296578
2025-12-31 11:00:00,33201.0,33775.16,-574.16015625,574.16015625,1.7293459722598719
2025-12-31 12:00:00,34105.0,34645.234,-540.234375,540.234375,1.5840327664565315
2025-12-31 13:00:00,35494.0,35745.32,-251.3203125,251.3203125,0.7080642150786048
2025-12-31 14:00:00,36730.0,36738.805,-8.8046875,8.8046875,0.02397137898175878
2025-12-31 15:00:00,36714.0,36299.625,414.375,414.375,1.12865664324236
2025-12-31 16:00:00,35647.0,35215.645,431.35546875,431.35546875,1.2100750939770528
2025-12-31 17:00:00,34586.0,34303.617,282.3828125,282.3828125,0.8164656580697393
2025-12-31 18:00:00,33678.0,33573.31,104.69140625,104.69140625,0.31085992710374727
2025-12-31 19:00:00,32891.0,32617.557,273.443359375,273.443359375,0.8313622552521968
2025-12-31 20:00:00,32281.0,32210.432,70.568359375,70.568359375,0.21860648485177037
2025-12-31 21:00:00,31630.0,31851.53,-221.529296875,221.529296875,0.7003771636895352
2025-12-31 22:00:00,31328.0,31947.932,-619.931640625,619.931640625,1.9788420602176966
2025-12-31 23:00:00,31522.0,32163.16,-641.16015625,641.16015625,2.034008490102151
